16:37:55 INFO  : Launching XSCT server: xsct.bat -n  -interactive H:\test\two\fpga_arm\vitis\temp_xsdb_launch_script.tcl
16:37:55 INFO  : Registering command handlers for Vitis TCF services
16:37:55 INFO  : Platform repository initialization has completed.
16:37:57 INFO  : XSCT server has started successfully.
16:37:57 INFO  : Successfully done setting XSCT server connection channel  
16:37:57 INFO  : plnx-install-location is set to ''
16:37:57 INFO  : Successfully done setting workspace for the tool. 
16:37:57 INFO  : Successfully done query RDI_DATADIR 
16:52:26 INFO  : Result from executing command 'getProjects': zc706_md
16:52:26 INFO  : Result from executing command 'getPlatforms': 
16:52:26 WARN  : An unexpected exception occurred in the module 'platform project logging'
16:52:27 INFO  : Platform 'zc706_md' is added to custom repositories.
16:52:38 INFO  : Platform 'zc706_md' is added to custom repositories.
16:54:56 INFO  : Result from executing command 'getProjects': zc706_md
16:54:56 INFO  : Result from executing command 'getPlatforms': zc706_md|H:/test/two/fpga_arm/vitis/zc706_md/export/zc706_md/zc706_md.xpfm
16:55:07 INFO  : Checking for BSP changes to sync application flags for project 'zc706_md_hdmi'...
16:55:07 INFO  : Updating application flags with new BSP settings...
16:55:07 INFO  : Successfully updated application flags for project zc706_md_hdmi.
16:55:48 INFO  : Connected to target on host '127.0.0.1' and port '3121'.
16:55:48 INFO  : Jtag cable 'Digilent JTAG-SMT2 210251A1B7E2' is selected.
16:55:48 INFO  : 'jtag frequency' command is executed.
16:55:49 INFO  : Context for 'APU' is selected.
16:55:49 INFO  : System reset is completed.
16:55:52 INFO  : 'after 3000' command is executed.
16:55:52 INFO  : 'targets -set -filter {jtag_cable_name =~ "Digilent JTAG-SMT2 210251A1B7E2" && level==0 && jtag_device_ctx=="jsn-JTAG-SMT2-210251A1B7E2-23731093-0"}' command is executed.
16:56:01 INFO  : Device configured successfully with "H:/test/two/fpga_arm/fpga_arm.runs/impl_1/design_1_wrapper.bit"
16:56:01 INFO  : Context for 'APU' is selected.
16:56:01 INFO  : Hardware design and registers information is loaded from 'H:/test/two/fpga_arm/vitis/zc706_md/export/zc706_md/hw/design_1_wrapper.xsa'.
16:56:01 INFO  : 'configparams force-mem-access 1' command is executed.
16:56:01 INFO  : Context for 'APU' is selected.
16:56:01 INFO  : Sourcing of 'H:/test/two/fpga_arm/vitis/zc706_md_hdmi/_ide/psinit/ps7_init.tcl' is done.
16:56:01 INFO  : 'ps7_init' command is executed.
16:56:01 INFO  : 'ps7_post_config' command is executed.
16:56:01 INFO  : Context for processor 'ps7_cortexa9_0' is selected.
16:56:02 INFO  : The application 'H:/test/two/fpga_arm/vitis/zc706_md_hdmi/Debug/zc706_md_hdmi.elf' is downloaded to processor 'ps7_cortexa9_0'.
16:56:02 INFO  : 'configparams force-mem-access 0' command is executed.
16:56:02 INFO  : ----------------XSDB Script----------------
connect -url tcp:127.0.0.1:3121
targets -set -nocase -filter {name =~"APU*"}
rst -system
after 3000
targets -set -filter {jtag_cable_name =~ "Digilent JTAG-SMT2 210251A1B7E2" && level==0 && jtag_device_ctx=="jsn-JTAG-SMT2-210251A1B7E2-23731093-0"}
fpga -file H:/test/two/fpga_arm/fpga_arm.runs/impl_1/design_1_wrapper.bit
targets -set -nocase -filter {name =~"APU*"}
loadhw -hw H:/test/two/fpga_arm/vitis/zc706_md/export/zc706_md/hw/design_1_wrapper.xsa -mem-ranges [list {0x40000000 0xbfffffff}] -regs
configparams force-mem-access 1
targets -set -nocase -filter {name =~"APU*"}
source H:/test/two/fpga_arm/vitis/zc706_md_hdmi/_ide/psinit/ps7_init.tcl
ps7_init
ps7_post_config
targets -set -nocase -filter {name =~ "*A9*#0"}
dow H:/test/two/fpga_arm/vitis/zc706_md_hdmi/Debug/zc706_md_hdmi.elf
configparams force-mem-access 0
----------------End of Script----------------

16:56:03 INFO  : Context for processor 'ps7_cortexa9_0' is selected.
16:56:03 INFO  : 'con' command is executed.
16:56:03 INFO  : ----------------XSDB Script (After Launch)----------------
targets -set -nocase -filter {name =~ "*A9*#0"}
con
----------------End of Script----------------

16:56:03 INFO  : Launch script is exported to file 'H:\test\two\fpga_arm\vitis\zc706_md_hdmi_system\_ide\scripts\systemdebugger_zc706_md_hdmi_system_standalone.tcl'
16:56:31 INFO  : Disconnected from the channel tcfchan#3.
16:56:37 INFO  : Connected to target on host '127.0.0.1' and port '3121'.
16:56:37 INFO  : Jtag cable 'Digilent JTAG-SMT2 210251A1B7E2' is selected.
16:56:37 INFO  : 'jtag frequency' command is executed.
16:56:37 INFO  : Context for 'APU' is selected.
16:56:37 INFO  : System reset is completed.
16:56:40 INFO  : 'after 3000' command is executed.
16:56:40 INFO  : 'targets -set -filter {jtag_cable_name =~ "Digilent JTAG-SMT2 210251A1B7E2" && level==0 && jtag_device_ctx=="jsn-JTAG-SMT2-210251A1B7E2-23731093-0"}' command is executed.
16:56:48 INFO  : Device configured successfully with "H:/test/two/fpga_arm/fpga_arm.runs/impl_1/design_1_wrapper.bit"
16:56:48 INFO  : Context for 'APU' is selected.
16:56:48 INFO  : Hardware design and registers information is loaded from 'H:/test/two/fpga_arm/vitis/zc706_md/export/zc706_md/hw/design_1_wrapper.xsa'.
16:56:48 INFO  : 'configparams force-mem-access 1' command is executed.
16:56:48 INFO  : Context for 'APU' is selected.
16:56:48 INFO  : Sourcing of 'H:/test/two/fpga_arm/vitis/zc706_md_hdmi/_ide/psinit/ps7_init.tcl' is done.
16:56:49 INFO  : 'ps7_init' command is executed.
16:56:49 INFO  : 'ps7_post_config' command is executed.
16:56:49 INFO  : Context for processor 'ps7_cortexa9_0' is selected.
16:56:50 INFO  : The application 'H:/test/two/fpga_arm/vitis/zc706_md_hdmi/Debug/zc706_md_hdmi.elf' is downloaded to processor 'ps7_cortexa9_0'.
16:56:50 INFO  : 'configparams force-mem-access 0' command is executed.
16:56:50 INFO  : ----------------XSDB Script----------------
connect -url tcp:127.0.0.1:3121
targets -set -nocase -filter {name =~"APU*"}
rst -system
after 3000
targets -set -filter {jtag_cable_name =~ "Digilent JTAG-SMT2 210251A1B7E2" && level==0 && jtag_device_ctx=="jsn-JTAG-SMT2-210251A1B7E2-23731093-0"}
fpga -file H:/test/two/fpga_arm/fpga_arm.runs/impl_1/design_1_wrapper.bit
targets -set -nocase -filter {name =~"APU*"}
loadhw -hw H:/test/two/fpga_arm/vitis/zc706_md/export/zc706_md/hw/design_1_wrapper.xsa -mem-ranges [list {0x40000000 0xbfffffff}] -regs
configparams force-mem-access 1
targets -set -nocase -filter {name =~"APU*"}
source H:/test/two/fpga_arm/vitis/zc706_md_hdmi/_ide/psinit/ps7_init.tcl
ps7_init
ps7_post_config
targets -set -nocase -filter {name =~ "*A9*#0"}
dow H:/test/two/fpga_arm/vitis/zc706_md_hdmi/Debug/zc706_md_hdmi.elf
configparams force-mem-access 0
----------------End of Script----------------

16:56:50 INFO  : Context for processor 'ps7_cortexa9_0' is selected.
16:56:50 INFO  : 'con' command is executed.
16:56:50 INFO  : ----------------XSDB Script (After Launch)----------------
targets -set -nocase -filter {name =~ "*A9*#0"}
con
----------------End of Script----------------

16:56:50 INFO  : Launch script is exported to file 'H:\test\two\fpga_arm\vitis\zc706_md_hdmi_system\_ide\scripts\systemdebugger_zc706_md_hdmi_system_standalone.tcl'
16:58:07 INFO  : Disconnected from the channel tcfchan#4.
16:58:07 INFO  : Connected to target on host '127.0.0.1' and port '3121'.
16:58:07 INFO  : Jtag cable 'Digilent JTAG-SMT2 210251A1B7E2' is selected.
16:58:07 INFO  : 'jtag frequency' command is executed.
16:58:07 INFO  : Context for 'APU' is selected.
16:58:07 INFO  : System reset is completed.
16:58:10 INFO  : 'after 3000' command is executed.
16:58:11 INFO  : 'targets -set -filter {jtag_cable_name =~ "Digilent JTAG-SMT2 210251A1B7E2" && level==0 && jtag_device_ctx=="jsn-JTAG-SMT2-210251A1B7E2-23731093-0"}' command is executed.
16:58:18 INFO  : Device configured successfully with "H:/test/two/fpga_arm/fpga_arm.runs/impl_1/design_1_wrapper.bit"
16:58:18 INFO  : Context for 'APU' is selected.
16:58:18 INFO  : Hardware design and registers information is loaded from 'H:/test/two/fpga_arm/vitis/zc706_md/export/zc706_md/hw/design_1_wrapper.xsa'.
16:58:18 INFO  : 'configparams force-mem-access 1' command is executed.
16:58:19 INFO  : Context for 'APU' is selected.
16:58:19 INFO  : Sourcing of 'H:/test/two/fpga_arm/vitis/zc706_md_hdmi/_ide/psinit/ps7_init.tcl' is done.
16:58:19 INFO  : 'ps7_init' command is executed.
16:58:19 INFO  : 'ps7_post_config' command is executed.
16:58:19 INFO  : Context for processor 'ps7_cortexa9_0' is selected.
16:58:20 INFO  : The application 'H:/test/two/fpga_arm/vitis/zc706_md_hdmi/Debug/zc706_md_hdmi.elf' is downloaded to processor 'ps7_cortexa9_0'.
16:58:20 INFO  : 'configparams force-mem-access 0' command is executed.
16:58:20 INFO  : ----------------XSDB Script----------------
connect -url tcp:127.0.0.1:3121
targets -set -nocase -filter {name =~"APU*"}
rst -system
after 3000
targets -set -filter {jtag_cable_name =~ "Digilent JTAG-SMT2 210251A1B7E2" && level==0 && jtag_device_ctx=="jsn-JTAG-SMT2-210251A1B7E2-23731093-0"}
fpga -file H:/test/two/fpga_arm/fpga_arm.runs/impl_1/design_1_wrapper.bit
targets -set -nocase -filter {name =~"APU*"}
loadhw -hw H:/test/two/fpga_arm/vitis/zc706_md/export/zc706_md/hw/design_1_wrapper.xsa -mem-ranges [list {0x40000000 0xbfffffff}] -regs
configparams force-mem-access 1
targets -set -nocase -filter {name =~"APU*"}
source H:/test/two/fpga_arm/vitis/zc706_md_hdmi/_ide/psinit/ps7_init.tcl
ps7_init
ps7_post_config
targets -set -nocase -filter {name =~ "*A9*#0"}
dow H:/test/two/fpga_arm/vitis/zc706_md_hdmi/Debug/zc706_md_hdmi.elf
configparams force-mem-access 0
----------------End of Script----------------

16:58:20 INFO  : Context for processor 'ps7_cortexa9_0' is selected.
16:58:20 INFO  : 'con' command is executed.
16:58:20 INFO  : ----------------XSDB Script (After Launch)----------------
targets -set -nocase -filter {name =~ "*A9*#0"}
con
----------------End of Script----------------

16:58:20 INFO  : Launch script is exported to file 'H:\test\two\fpga_arm\vitis\zc706_md_hdmi_system\_ide\scripts\systemdebugger_zc706_md_hdmi_system_standalone.tcl'
16:58:40 INFO  : Disconnected from the channel tcfchan#5.
16:58:40 INFO  : Connected to target on host '127.0.0.1' and port '3121'.
16:58:40 INFO  : Jtag cable 'Digilent JTAG-SMT2 210251A1B7E2' is selected.
16:58:40 INFO  : 'jtag frequency' command is executed.
16:58:40 INFO  : Context for 'APU' is selected.
16:58:40 INFO  : System reset is completed.
16:58:43 INFO  : 'after 3000' command is executed.
16:58:43 INFO  : 'targets -set -filter {jtag_cable_name =~ "Digilent JTAG-SMT2 210251A1B7E2" && level==0 && jtag_device_ctx=="jsn-JTAG-SMT2-210251A1B7E2-23731093-0"}' command is executed.
16:58:51 INFO  : Device configured successfully with "H:/test/two/fpga_arm/fpga_arm.runs/impl_1/design_1_wrapper.bit"
16:58:51 INFO  : Context for 'APU' is selected.
16:58:51 INFO  : Hardware design and registers information is loaded from 'H:/test/two/fpga_arm/vitis/zc706_md/export/zc706_md/hw/design_1_wrapper.xsa'.
16:58:51 INFO  : 'configparams force-mem-access 1' command is executed.
16:58:51 INFO  : Context for 'APU' is selected.
16:58:51 INFO  : Sourcing of 'H:/test/two/fpga_arm/vitis/zc706_md_hdmi/_ide/psinit/ps7_init.tcl' is done.
16:58:52 INFO  : 'ps7_init' command is executed.
16:58:53 INFO  : 'ps7_post_config' command is executed.
16:58:53 INFO  : Context for processor 'ps7_cortexa9_0' is selected.
16:58:54 INFO  : The application 'H:/test/two/fpga_arm/vitis/zc706_md_hdmi/Debug/zc706_md_hdmi.elf' is downloaded to processor 'ps7_cortexa9_0'.
16:58:54 INFO  : 'configparams force-mem-access 0' command is executed.
16:58:54 INFO  : ----------------XSDB Script----------------
connect -url tcp:127.0.0.1:3121
targets -set -nocase -filter {name =~"APU*"}
rst -system
after 3000
targets -set -filter {jtag_cable_name =~ "Digilent JTAG-SMT2 210251A1B7E2" && level==0 && jtag_device_ctx=="jsn-JTAG-SMT2-210251A1B7E2-23731093-0"}
fpga -file H:/test/two/fpga_arm/fpga_arm.runs/impl_1/design_1_wrapper.bit
targets -set -nocase -filter {name =~"APU*"}
loadhw -hw H:/test/two/fpga_arm/vitis/zc706_md/export/zc706_md/hw/design_1_wrapper.xsa -mem-ranges [list {0x40000000 0xbfffffff}] -regs
configparams force-mem-access 1
targets -set -nocase -filter {name =~"APU*"}
source H:/test/two/fpga_arm/vitis/zc706_md_hdmi/_ide/psinit/ps7_init.tcl
ps7_init
ps7_post_config
targets -set -nocase -filter {name =~ "*A9*#0"}
dow H:/test/two/fpga_arm/vitis/zc706_md_hdmi/Debug/zc706_md_hdmi.elf
configparams force-mem-access 0
----------------End of Script----------------

16:58:54 INFO  : Context for processor 'ps7_cortexa9_0' is selected.
16:58:54 INFO  : 'con' command is executed.
16:58:54 INFO  : ----------------XSDB Script (After Launch)----------------
targets -set -nocase -filter {name =~ "*A9*#0"}
con
----------------End of Script----------------

16:58:54 INFO  : Launch script is exported to file 'H:\test\two\fpga_arm\vitis\zc706_md_hdmi_system\_ide\scripts\systemdebugger_zc706_md_hdmi_system_standalone.tcl'
16:59:24 INFO  : Disconnected from the channel tcfchan#6.
16:59:24 INFO  : Connected to target on host '127.0.0.1' and port '3121'.
16:59:25 INFO  : Jtag cable 'Digilent JTAG-SMT2 210251A1B7E2' is selected.
16:59:25 INFO  : 'jtag frequency' command is executed.
16:59:25 INFO  : Context for 'APU' is selected.
16:59:25 INFO  : System reset is completed.
16:59:28 INFO  : 'after 3000' command is executed.
16:59:28 INFO  : 'targets -set -filter {jtag_cable_name =~ "Digilent JTAG-SMT2 210251A1B7E2" && level==0 && jtag_device_ctx=="jsn-JTAG-SMT2-210251A1B7E2-23731093-0"}' command is executed.
16:59:36 INFO  : Device configured successfully with "H:/test/two/fpga_arm/fpga_arm.runs/impl_1/design_1_wrapper.bit"
16:59:36 INFO  : Context for 'APU' is selected.
16:59:36 INFO  : Hardware design and registers information is loaded from 'H:/test/two/fpga_arm/vitis/zc706_md/export/zc706_md/hw/design_1_wrapper.xsa'.
16:59:37 INFO  : 'configparams force-mem-access 1' command is executed.
16:59:37 INFO  : Context for 'APU' is selected.
16:59:37 INFO  : Sourcing of 'H:/test/two/fpga_arm/vitis/zc706_md_hdmi/_ide/psinit/ps7_init.tcl' is done.
16:59:37 INFO  : 'ps7_init' command is executed.
16:59:37 INFO  : 'ps7_post_config' command is executed.
16:59:37 INFO  : Context for processor 'ps7_cortexa9_0' is selected.
16:59:38 INFO  : The application 'H:/test/two/fpga_arm/vitis/zc706_md_hdmi/Debug/zc706_md_hdmi.elf' is downloaded to processor 'ps7_cortexa9_0'.
16:59:38 INFO  : 'configparams force-mem-access 0' command is executed.
16:59:38 INFO  : ----------------XSDB Script----------------
connect -url tcp:127.0.0.1:3121
targets -set -nocase -filter {name =~"APU*"}
rst -system
after 3000
targets -set -filter {jtag_cable_name =~ "Digilent JTAG-SMT2 210251A1B7E2" && level==0 && jtag_device_ctx=="jsn-JTAG-SMT2-210251A1B7E2-23731093-0"}
fpga -file H:/test/two/fpga_arm/fpga_arm.runs/impl_1/design_1_wrapper.bit
targets -set -nocase -filter {name =~"APU*"}
loadhw -hw H:/test/two/fpga_arm/vitis/zc706_md/export/zc706_md/hw/design_1_wrapper.xsa -mem-ranges [list {0x40000000 0xbfffffff}] -regs
configparams force-mem-access 1
targets -set -nocase -filter {name =~"APU*"}
source H:/test/two/fpga_arm/vitis/zc706_md_hdmi/_ide/psinit/ps7_init.tcl
ps7_init
ps7_post_config
targets -set -nocase -filter {name =~ "*A9*#0"}
dow H:/test/two/fpga_arm/vitis/zc706_md_hdmi/Debug/zc706_md_hdmi.elf
configparams force-mem-access 0
----------------End of Script----------------

16:59:38 INFO  : Context for processor 'ps7_cortexa9_0' is selected.
16:59:38 INFO  : 'con' command is executed.
16:59:38 INFO  : ----------------XSDB Script (After Launch)----------------
targets -set -nocase -filter {name =~ "*A9*#0"}
con
----------------End of Script----------------

16:59:38 INFO  : Launch script is exported to file 'H:\test\two\fpga_arm\vitis\zc706_md_hdmi_system\_ide\scripts\systemdebugger_zc706_md_hdmi_system_standalone.tcl'
16:59:58 INFO  : Disconnected from the channel tcfchan#7.
16:59:59 INFO  : Connected to target on host '127.0.0.1' and port '3121'.
16:59:59 INFO  : Jtag cable 'Digilent JTAG-SMT2 210251A1B7E2' is selected.
16:59:59 INFO  : 'jtag frequency' command is executed.
16:59:59 INFO  : Context for 'APU' is selected.
16:59:59 INFO  : System reset is completed.
17:00:02 INFO  : 'after 3000' command is executed.
17:00:02 INFO  : 'targets -set -filter {jtag_cable_name =~ "Digilent JTAG-SMT2 210251A1B7E2" && level==0 && jtag_device_ctx=="jsn-JTAG-SMT2-210251A1B7E2-23731093-0"}' command is executed.
17:00:10 INFO  : Device configured successfully with "H:/test/two/fpga_arm/fpga_arm.runs/impl_1/design_1_wrapper.bit"
17:00:10 INFO  : Context for 'APU' is selected.
17:00:10 INFO  : Hardware design and registers information is loaded from 'H:/test/two/fpga_arm/vitis/zc706_md/export/zc706_md/hw/design_1_wrapper.xsa'.
17:00:10 INFO  : 'configparams force-mem-access 1' command is executed.
17:00:10 INFO  : Context for 'APU' is selected.
17:00:10 INFO  : Sourcing of 'H:/test/two/fpga_arm/vitis/zc706_md_hdmi/_ide/psinit/ps7_init.tcl' is done.
17:00:11 INFO  : 'ps7_init' command is executed.
17:00:11 INFO  : 'ps7_post_config' command is executed.
17:00:11 INFO  : Context for processor 'ps7_cortexa9_0' is selected.
17:00:12 INFO  : The application 'H:/test/two/fpga_arm/vitis/zc706_md_hdmi/Debug/zc706_md_hdmi.elf' is downloaded to processor 'ps7_cortexa9_0'.
17:00:12 INFO  : 'configparams force-mem-access 0' command is executed.
17:00:12 INFO  : ----------------XSDB Script----------------
connect -url tcp:127.0.0.1:3121
targets -set -nocase -filter {name =~"APU*"}
rst -system
after 3000
targets -set -filter {jtag_cable_name =~ "Digilent JTAG-SMT2 210251A1B7E2" && level==0 && jtag_device_ctx=="jsn-JTAG-SMT2-210251A1B7E2-23731093-0"}
fpga -file H:/test/two/fpga_arm/fpga_arm.runs/impl_1/design_1_wrapper.bit
targets -set -nocase -filter {name =~"APU*"}
loadhw -hw H:/test/two/fpga_arm/vitis/zc706_md/export/zc706_md/hw/design_1_wrapper.xsa -mem-ranges [list {0x40000000 0xbfffffff}] -regs
configparams force-mem-access 1
targets -set -nocase -filter {name =~"APU*"}
source H:/test/two/fpga_arm/vitis/zc706_md_hdmi/_ide/psinit/ps7_init.tcl
ps7_init
ps7_post_config
targets -set -nocase -filter {name =~ "*A9*#0"}
dow H:/test/two/fpga_arm/vitis/zc706_md_hdmi/Debug/zc706_md_hdmi.elf
configparams force-mem-access 0
----------------End of Script----------------

17:00:12 INFO  : Context for processor 'ps7_cortexa9_0' is selected.
17:00:12 INFO  : 'con' command is executed.
17:00:12 INFO  : ----------------XSDB Script (After Launch)----------------
targets -set -nocase -filter {name =~ "*A9*#0"}
con
----------------End of Script----------------

17:00:12 INFO  : Launch script is exported to file 'H:\test\two\fpga_arm\vitis\zc706_md_hdmi_system\_ide\scripts\systemdebugger_zc706_md_hdmi_system_standalone.tcl'
17:01:57 INFO  : Disconnected from the channel tcfchan#8.
17:03:45 INFO  : Checking for BSP changes to sync application flags for project 'zc706_md_hdmi'...
17:03:52 INFO  : Checking for BSP changes to sync application flags for project 'zc706_md_hdmi'...
17:03:59 INFO  : Connected to target on host '127.0.0.1' and port '3121'.
17:04:00 INFO  : Jtag cable 'Digilent JTAG-SMT2 210251A1B7E2' is selected.
17:04:00 INFO  : 'jtag frequency' command is executed.
17:04:00 INFO  : Context for 'APU' is selected.
17:04:00 INFO  : System reset is completed.
17:04:03 INFO  : 'after 3000' command is executed.
17:04:03 INFO  : 'targets -set -filter {jtag_cable_name =~ "Digilent JTAG-SMT2 210251A1B7E2" && level==0 && jtag_device_ctx=="jsn-JTAG-SMT2-210251A1B7E2-23731093-0"}' command is executed.
17:04:11 INFO  : Device configured successfully with "H:/test/two/fpga_arm/fpga_arm.runs/impl_1/design_1_wrapper.bit"
17:04:11 INFO  : Context for 'APU' is selected.
17:04:11 INFO  : Hardware design and registers information is loaded from 'H:/test/two/fpga_arm/vitis/zc706_md/export/zc706_md/hw/design_1_wrapper.xsa'.
17:04:11 INFO  : 'configparams force-mem-access 1' command is executed.
17:04:11 INFO  : Context for 'APU' is selected.
17:04:11 INFO  : Sourcing of 'H:/test/two/fpga_arm/vitis/zc706_md_hdmi/_ide/psinit/ps7_init.tcl' is done.
17:04:12 INFO  : 'ps7_init' command is executed.
17:04:12 INFO  : 'ps7_post_config' command is executed.
17:04:12 INFO  : Context for processor 'ps7_cortexa9_0' is selected.
17:04:12 INFO  : The application 'H:/test/two/fpga_arm/vitis/zc706_md_hdmi/Debug/zc706_md_hdmi.elf' is downloaded to processor 'ps7_cortexa9_0'.
17:04:13 INFO  : 'configparams force-mem-access 0' command is executed.
17:04:13 INFO  : ----------------XSDB Script----------------
connect -url tcp:127.0.0.1:3121
targets -set -nocase -filter {name =~"APU*"}
rst -system
after 3000
targets -set -filter {jtag_cable_name =~ "Digilent JTAG-SMT2 210251A1B7E2" && level==0 && jtag_device_ctx=="jsn-JTAG-SMT2-210251A1B7E2-23731093-0"}
fpga -file H:/test/two/fpga_arm/fpga_arm.runs/impl_1/design_1_wrapper.bit
targets -set -nocase -filter {name =~"APU*"}
loadhw -hw H:/test/two/fpga_arm/vitis/zc706_md/export/zc706_md/hw/design_1_wrapper.xsa -mem-ranges [list {0x40000000 0xbfffffff}] -regs
configparams force-mem-access 1
targets -set -nocase -filter {name =~"APU*"}
source H:/test/two/fpga_arm/vitis/zc706_md_hdmi/_ide/psinit/ps7_init.tcl
ps7_init
ps7_post_config
targets -set -nocase -filter {name =~ "*A9*#0"}
dow H:/test/two/fpga_arm/vitis/zc706_md_hdmi/Debug/zc706_md_hdmi.elf
configparams force-mem-access 0
----------------End of Script----------------

17:04:13 INFO  : Context for processor 'ps7_cortexa9_0' is selected.
17:04:13 INFO  : 'con' command is executed.
17:04:13 INFO  : ----------------XSDB Script (After Launch)----------------
targets -set -nocase -filter {name =~ "*A9*#0"}
con
----------------End of Script----------------

17:04:13 INFO  : Launch script is exported to file 'H:\test\two\fpga_arm\vitis\zc706_md_hdmi_system\_ide\scripts\systemdebugger_zc706_md_hdmi_system_standalone.tcl'
17:05:00 INFO  : Disconnected from the channel tcfchan#9.
17:05:01 INFO  : Connected to target on host '127.0.0.1' and port '3121'.
17:05:01 INFO  : Jtag cable 'Digilent JTAG-SMT2 210251A1B7E2' is selected.
17:05:01 INFO  : 'jtag frequency' command is executed.
17:05:01 INFO  : Context for 'APU' is selected.
17:05:01 INFO  : System reset is completed.
17:05:04 INFO  : 'after 3000' command is executed.
17:05:04 INFO  : 'targets -set -filter {jtag_cable_name =~ "Digilent JTAG-SMT2 210251A1B7E2" && level==0 && jtag_device_ctx=="jsn-JTAG-SMT2-210251A1B7E2-23731093-0"}' command is executed.
17:05:12 INFO  : Device configured successfully with "H:/test/two/fpga_arm/fpga_arm.runs/impl_1/design_1_wrapper.bit"
17:05:12 INFO  : Context for 'APU' is selected.
17:05:12 INFO  : Hardware design and registers information is loaded from 'H:/test/two/fpga_arm/vitis/zc706_md/export/zc706_md/hw/design_1_wrapper.xsa'.
17:05:12 INFO  : 'configparams force-mem-access 1' command is executed.
17:05:12 INFO  : Context for 'APU' is selected.
17:05:12 INFO  : Sourcing of 'H:/test/two/fpga_arm/vitis/zc706_md_hdmi/_ide/psinit/ps7_init.tcl' is done.
17:05:13 INFO  : 'ps7_init' command is executed.
17:05:13 INFO  : 'ps7_post_config' command is executed.
17:05:13 INFO  : Context for processor 'ps7_cortexa9_0' is selected.
17:05:13 INFO  : The application 'H:/test/two/fpga_arm/vitis/zc706_md_hdmi/Debug/zc706_md_hdmi.elf' is downloaded to processor 'ps7_cortexa9_0'.
17:05:14 INFO  : 'configparams force-mem-access 0' command is executed.
17:05:14 INFO  : ----------------XSDB Script----------------
connect -url tcp:127.0.0.1:3121
targets -set -nocase -filter {name =~"APU*"}
rst -system
after 3000
targets -set -filter {jtag_cable_name =~ "Digilent JTAG-SMT2 210251A1B7E2" && level==0 && jtag_device_ctx=="jsn-JTAG-SMT2-210251A1B7E2-23731093-0"}
fpga -file H:/test/two/fpga_arm/fpga_arm.runs/impl_1/design_1_wrapper.bit
targets -set -nocase -filter {name =~"APU*"}
loadhw -hw H:/test/two/fpga_arm/vitis/zc706_md/export/zc706_md/hw/design_1_wrapper.xsa -mem-ranges [list {0x40000000 0xbfffffff}] -regs
configparams force-mem-access 1
targets -set -nocase -filter {name =~"APU*"}
source H:/test/two/fpga_arm/vitis/zc706_md_hdmi/_ide/psinit/ps7_init.tcl
ps7_init
ps7_post_config
targets -set -nocase -filter {name =~ "*A9*#0"}
dow H:/test/two/fpga_arm/vitis/zc706_md_hdmi/Debug/zc706_md_hdmi.elf
configparams force-mem-access 0
----------------End of Script----------------

17:05:14 INFO  : Context for processor 'ps7_cortexa9_0' is selected.
17:05:14 INFO  : 'con' command is executed.
17:05:14 INFO  : ----------------XSDB Script (After Launch)----------------
targets -set -nocase -filter {name =~ "*A9*#0"}
con
----------------End of Script----------------

17:05:14 INFO  : Launch script is exported to file 'H:\test\two\fpga_arm\vitis\zc706_md_hdmi_system\_ide\scripts\systemdebugger_zc706_md_hdmi_system_standalone.tcl'
17:06:16 INFO  : Disconnected from the channel tcfchan#10.
17:06:16 INFO  : Connected to target on host '127.0.0.1' and port '3121'.
17:06:17 INFO  : Jtag cable 'Digilent JTAG-SMT2 210251A1B7E2' is selected.
17:06:17 INFO  : 'jtag frequency' command is executed.
17:06:17 INFO  : Context for 'APU' is selected.
17:06:17 INFO  : System reset is completed.
17:06:20 INFO  : 'after 3000' command is executed.
17:06:20 INFO  : 'targets -set -filter {jtag_cable_name =~ "Digilent JTAG-SMT2 210251A1B7E2" && level==0 && jtag_device_ctx=="jsn-JTAG-SMT2-210251A1B7E2-23731093-0"}' command is executed.
17:06:28 INFO  : Device configured successfully with "H:/test/two/fpga_arm/fpga_arm.runs/impl_1/design_1_wrapper.bit"
17:06:28 INFO  : Context for 'APU' is selected.
17:06:28 INFO  : Hardware design and registers information is loaded from 'H:/test/two/fpga_arm/vitis/zc706_md/export/zc706_md/hw/design_1_wrapper.xsa'.
17:06:28 INFO  : 'configparams force-mem-access 1' command is executed.
17:06:28 INFO  : Context for 'APU' is selected.
17:06:28 INFO  : Sourcing of 'H:/test/two/fpga_arm/vitis/zc706_md_hdmi/_ide/psinit/ps7_init.tcl' is done.
17:06:29 INFO  : 'ps7_init' command is executed.
17:06:29 INFO  : 'ps7_post_config' command is executed.
17:06:29 INFO  : Context for processor 'ps7_cortexa9_0' is selected.
17:06:30 INFO  : The application 'H:/test/two/fpga_arm/vitis/zc706_md_hdmi/Debug/zc706_md_hdmi.elf' is downloaded to processor 'ps7_cortexa9_0'.
17:06:30 INFO  : 'configparams force-mem-access 0' command is executed.
17:06:30 INFO  : ----------------XSDB Script----------------
connect -url tcp:127.0.0.1:3121
targets -set -nocase -filter {name =~"APU*"}
rst -system
after 3000
targets -set -filter {jtag_cable_name =~ "Digilent JTAG-SMT2 210251A1B7E2" && level==0 && jtag_device_ctx=="jsn-JTAG-SMT2-210251A1B7E2-23731093-0"}
fpga -file H:/test/two/fpga_arm/fpga_arm.runs/impl_1/design_1_wrapper.bit
targets -set -nocase -filter {name =~"APU*"}
loadhw -hw H:/test/two/fpga_arm/vitis/zc706_md/export/zc706_md/hw/design_1_wrapper.xsa -mem-ranges [list {0x40000000 0xbfffffff}] -regs
configparams force-mem-access 1
targets -set -nocase -filter {name =~"APU*"}
source H:/test/two/fpga_arm/vitis/zc706_md_hdmi/_ide/psinit/ps7_init.tcl
ps7_init
ps7_post_config
targets -set -nocase -filter {name =~ "*A9*#0"}
dow H:/test/two/fpga_arm/vitis/zc706_md_hdmi/Debug/zc706_md_hdmi.elf
configparams force-mem-access 0
----------------End of Script----------------

17:06:30 INFO  : Context for processor 'ps7_cortexa9_0' is selected.
17:06:30 INFO  : 'con' command is executed.
17:06:30 INFO  : ----------------XSDB Script (After Launch)----------------
targets -set -nocase -filter {name =~ "*A9*#0"}
con
----------------End of Script----------------

17:06:30 INFO  : Launch script is exported to file 'H:\test\two\fpga_arm\vitis\zc706_md_hdmi_system\_ide\scripts\systemdebugger_zc706_md_hdmi_system_standalone.tcl'
17:07:45 INFO  : Checking for BSP changes to sync application flags for project 'zc706_md_hdmi'...
17:08:09 INFO  : Checking for BSP changes to sync application flags for project 'zc706_md_hdmi'...
17:08:10 INFO  : Disconnected from the channel tcfchan#11.
17:08:10 INFO  : Connected to target on host '127.0.0.1' and port '3121'.
17:08:11 INFO  : Jtag cable 'Digilent JTAG-SMT2 210251A1B7E2' is selected.
17:08:11 INFO  : 'jtag frequency' command is executed.
17:08:11 INFO  : Context for 'APU' is selected.
17:08:11 INFO  : System reset is completed.
17:08:14 INFO  : 'after 3000' command is executed.
17:08:14 INFO  : 'targets -set -filter {jtag_cable_name =~ "Digilent JTAG-SMT2 210251A1B7E2" && level==0 && jtag_device_ctx=="jsn-JTAG-SMT2-210251A1B7E2-23731093-0"}' command is executed.
17:08:22 INFO  : Device configured successfully with "H:/test/two/fpga_arm/fpga_arm.runs/impl_1/design_1_wrapper.bit"
17:08:22 INFO  : Context for 'APU' is selected.
17:08:22 INFO  : Hardware design and registers information is loaded from 'H:/test/two/fpga_arm/vitis/zc706_md/export/zc706_md/hw/design_1_wrapper.xsa'.
17:08:22 INFO  : 'configparams force-mem-access 1' command is executed.
17:08:22 INFO  : Context for 'APU' is selected.
17:08:22 INFO  : Sourcing of 'H:/test/two/fpga_arm/vitis/zc706_md_hdmi/_ide/psinit/ps7_init.tcl' is done.
17:08:23 INFO  : 'ps7_init' command is executed.
17:08:23 INFO  : 'ps7_post_config' command is executed.
17:08:23 INFO  : Context for processor 'ps7_cortexa9_0' is selected.
17:08:24 INFO  : The application 'H:/test/two/fpga_arm/vitis/zc706_md_hdmi/Debug/zc706_md_hdmi.elf' is downloaded to processor 'ps7_cortexa9_0'.
17:08:24 INFO  : 'configparams force-mem-access 0' command is executed.
17:08:24 INFO  : ----------------XSDB Script----------------
connect -url tcp:127.0.0.1:3121
targets -set -nocase -filter {name =~"APU*"}
rst -system
after 3000
targets -set -filter {jtag_cable_name =~ "Digilent JTAG-SMT2 210251A1B7E2" && level==0 && jtag_device_ctx=="jsn-JTAG-SMT2-210251A1B7E2-23731093-0"}
fpga -file H:/test/two/fpga_arm/fpga_arm.runs/impl_1/design_1_wrapper.bit
targets -set -nocase -filter {name =~"APU*"}
loadhw -hw H:/test/two/fpga_arm/vitis/zc706_md/export/zc706_md/hw/design_1_wrapper.xsa -mem-ranges [list {0x40000000 0xbfffffff}] -regs
configparams force-mem-access 1
targets -set -nocase -filter {name =~"APU*"}
source H:/test/two/fpga_arm/vitis/zc706_md_hdmi/_ide/psinit/ps7_init.tcl
ps7_init
ps7_post_config
targets -set -nocase -filter {name =~ "*A9*#0"}
dow H:/test/two/fpga_arm/vitis/zc706_md_hdmi/Debug/zc706_md_hdmi.elf
configparams force-mem-access 0
----------------End of Script----------------

17:08:24 INFO  : Context for processor 'ps7_cortexa9_0' is selected.
17:08:24 INFO  : 'con' command is executed.
17:08:24 INFO  : ----------------XSDB Script (After Launch)----------------
targets -set -nocase -filter {name =~ "*A9*#0"}
con
----------------End of Script----------------

17:08:24 INFO  : Launch script is exported to file 'H:\test\two\fpga_arm\vitis\zc706_md_hdmi_system\_ide\scripts\systemdebugger_zc706_md_hdmi_system_standalone.tcl'
17:31:17 INFO  : Hardware specification for platform project 'zc706_md' is updated.
17:32:13 INFO  : Result from executing command 'removePlatformRepo': 
17:33:10 INFO  : Result from executing command 'getProjects': zc706_md
17:33:10 INFO  : Result from executing command 'getPlatforms': 
17:33:17 INFO  : Checking for BSP changes to sync application flags for project 'zc706_md_hdmi'...
17:33:27 INFO  : The hardware specification used by project 'zc706_md_hdmi' is out of sync with the platform. Resource files extracted from the hardware specification will be updated.
17:33:27 INFO  : The file 'H:\test\two\fpga_arm\vitis\zc706_md_hdmi\_ide\bitstream\design_1_wrapper.bit' stored in project is removed.
17:33:28 INFO  : The updated bitstream files are copied from platform to folder 'H:\test\two\fpga_arm\vitis\zc706_md_hdmi\_ide\bitstream' in project 'zc706_md_hdmi'.
17:33:28 INFO  : The file 'H:\test\two\fpga_arm\vitis\zc706_md_hdmi\_ide\psinit\ps7_init.tcl' stored in project is removed.
17:33:33 INFO  : The updated ps init files are copied from platform to folder 'H:\test\two\fpga_arm\vitis\zc706_md_hdmi\_ide\psinit' in project 'zc706_md_hdmi'.
17:33:46 INFO  : Disconnected from the channel tcfchan#12.
17:33:46 INFO  : Connected to target on host '127.0.0.1' and port '3121'.
17:33:46 INFO  : Jtag cable 'Digilent JTAG-SMT2 210251A1B7E2' is selected.
17:33:46 INFO  : 'jtag frequency' command is executed.
17:33:46 INFO  : Context for 'APU' is selected.
17:33:46 INFO  : System reset is completed.
17:33:49 INFO  : 'after 3000' command is executed.
17:33:49 INFO  : 'targets -set -filter {jtag_cable_name =~ "Digilent JTAG-SMT2 210251A1B7E2" && level==0 && jtag_device_ctx=="jsn-JTAG-SMT2-210251A1B7E2-23731093-0"}' command is executed.
17:33:57 INFO  : Device configured successfully with "H:/test/two/fpga_arm/fpga_arm.runs/impl_1/design_1_wrapper.bit"
17:33:57 INFO  : Context for 'APU' is selected.
17:33:57 INFO  : Hardware design and registers information is loaded from 'H:/test/two/fpga_arm/vitis/zc706_md/export/zc706_md/hw/design_1_wrapper.xsa'.
17:33:57 INFO  : 'configparams force-mem-access 1' command is executed.
17:33:57 INFO  : Context for 'APU' is selected.
17:33:57 INFO  : Sourcing of 'H:/test/two/fpga_arm/vitis/zc706_md_hdmi/_ide/psinit/ps7_init.tcl' is done.
17:33:58 INFO  : 'ps7_init' command is executed.
17:33:58 INFO  : 'ps7_post_config' command is executed.
17:33:58 INFO  : Context for processor 'ps7_cortexa9_0' is selected.
17:33:58 INFO  : The application 'H:/test/two/fpga_arm/vitis/zc706_md_hdmi/Debug/zc706_md_hdmi.elf' is downloaded to processor 'ps7_cortexa9_0'.
17:33:59 INFO  : 'configparams force-mem-access 0' command is executed.
17:33:59 INFO  : ----------------XSDB Script----------------
connect -url tcp:127.0.0.1:3121
targets -set -nocase -filter {name =~"APU*"}
rst -system
after 3000
targets -set -filter {jtag_cable_name =~ "Digilent JTAG-SMT2 210251A1B7E2" && level==0 && jtag_device_ctx=="jsn-JTAG-SMT2-210251A1B7E2-23731093-0"}
fpga -file H:/test/two/fpga_arm/fpga_arm.runs/impl_1/design_1_wrapper.bit
targets -set -nocase -filter {name =~"APU*"}
loadhw -hw H:/test/two/fpga_arm/vitis/zc706_md/export/zc706_md/hw/design_1_wrapper.xsa -mem-ranges [list {0x40000000 0xbfffffff}] -regs
configparams force-mem-access 1
targets -set -nocase -filter {name =~"APU*"}
source H:/test/two/fpga_arm/vitis/zc706_md_hdmi/_ide/psinit/ps7_init.tcl
ps7_init
ps7_post_config
targets -set -nocase -filter {name =~ "*A9*#0"}
dow H:/test/two/fpga_arm/vitis/zc706_md_hdmi/Debug/zc706_md_hdmi.elf
configparams force-mem-access 0
----------------End of Script----------------

17:33:59 INFO  : Context for processor 'ps7_cortexa9_0' is selected.
17:33:59 INFO  : 'con' command is executed.
17:33:59 INFO  : ----------------XSDB Script (After Launch)----------------
targets -set -nocase -filter {name =~ "*A9*#0"}
con
----------------End of Script----------------

17:33:59 INFO  : Launch script is exported to file 'H:\test\two\fpga_arm\vitis\zc706_md_hdmi_system\_ide\scripts\systemdebugger_zc706_md_hdmi_system_standalone.tcl'
17:34:40 INFO  : Disconnected from the channel tcfchan#16.
17:34:40 INFO  : Connected to target on host '127.0.0.1' and port '3121'.
17:34:41 INFO  : Jtag cable 'Digilent JTAG-SMT2 210251A1B7E2' is selected.
17:34:41 INFO  : 'jtag frequency' command is executed.
17:34:41 INFO  : Context for 'APU' is selected.
17:34:41 INFO  : System reset is completed.
17:34:44 INFO  : 'after 3000' command is executed.
17:34:44 INFO  : 'targets -set -filter {jtag_cable_name =~ "Digilent JTAG-SMT2 210251A1B7E2" && level==0 && jtag_device_ctx=="jsn-JTAG-SMT2-210251A1B7E2-23731093-0"}' command is executed.
17:34:52 INFO  : Device configured successfully with "H:/test/two/fpga_arm/fpga_arm.runs/impl_1/design_1_wrapper.bit"
17:34:52 INFO  : Context for 'APU' is selected.
17:34:52 INFO  : Hardware design and registers information is loaded from 'H:/test/two/fpga_arm/vitis/zc706_md/export/zc706_md/hw/design_1_wrapper.xsa'.
17:34:52 INFO  : 'configparams force-mem-access 1' command is executed.
17:34:52 INFO  : Context for 'APU' is selected.
17:34:52 INFO  : Sourcing of 'H:/test/two/fpga_arm/vitis/zc706_md_hdmi/_ide/psinit/ps7_init.tcl' is done.
17:34:53 INFO  : 'ps7_init' command is executed.
17:34:53 INFO  : 'ps7_post_config' command is executed.
17:34:53 INFO  : Context for processor 'ps7_cortexa9_0' is selected.
17:34:54 INFO  : The application 'H:/test/two/fpga_arm/vitis/zc706_md_hdmi/Debug/zc706_md_hdmi.elf' is downloaded to processor 'ps7_cortexa9_0'.
17:34:54 INFO  : 'configparams force-mem-access 0' command is executed.
17:34:54 INFO  : ----------------XSDB Script----------------
connect -url tcp:127.0.0.1:3121
targets -set -nocase -filter {name =~"APU*"}
rst -system
after 3000
targets -set -filter {jtag_cable_name =~ "Digilent JTAG-SMT2 210251A1B7E2" && level==0 && jtag_device_ctx=="jsn-JTAG-SMT2-210251A1B7E2-23731093-0"}
fpga -file H:/test/two/fpga_arm/fpga_arm.runs/impl_1/design_1_wrapper.bit
targets -set -nocase -filter {name =~"APU*"}
loadhw -hw H:/test/two/fpga_arm/vitis/zc706_md/export/zc706_md/hw/design_1_wrapper.xsa -mem-ranges [list {0x40000000 0xbfffffff}] -regs
configparams force-mem-access 1
targets -set -nocase -filter {name =~"APU*"}
source H:/test/two/fpga_arm/vitis/zc706_md_hdmi/_ide/psinit/ps7_init.tcl
ps7_init
ps7_post_config
targets -set -nocase -filter {name =~ "*A9*#0"}
dow H:/test/two/fpga_arm/vitis/zc706_md_hdmi/Debug/zc706_md_hdmi.elf
configparams force-mem-access 0
----------------End of Script----------------

17:34:54 INFO  : Context for processor 'ps7_cortexa9_0' is selected.
17:34:54 INFO  : 'con' command is executed.
17:34:54 INFO  : ----------------XSDB Script (After Launch)----------------
targets -set -nocase -filter {name =~ "*A9*#0"}
con
----------------End of Script----------------

17:34:54 INFO  : Launch script is exported to file 'H:\test\two\fpga_arm\vitis\zc706_md_hdmi_system\_ide\scripts\systemdebugger_zc706_md_hdmi_system_standalone.tcl'
17:43:35 INFO  : Checking for BSP changes to sync application flags for project 'zc706_md_hdmi'...
17:45:18 INFO  : Checking for BSP changes to sync application flags for project 'zc706_md_hdmi'...
17:46:27 INFO  : Checking for BSP changes to sync application flags for project 'zc706_md_hdmi'...
17:47:40 INFO  : Checking for BSP changes to sync application flags for project 'zc706_md_hdmi'...
17:48:25 INFO  : Disconnected from the channel tcfchan#17.
17:48:26 INFO  : Connected to target on host '127.0.0.1' and port '3121'.
17:48:26 INFO  : Jtag cable 'Digilent JTAG-SMT2 210251A1B7E2' is selected.
17:48:26 INFO  : 'jtag frequency' command is executed.
17:48:26 INFO  : Context for 'APU' is selected.
17:48:26 INFO  : System reset is completed.
17:48:29 INFO  : 'after 3000' command is executed.
17:48:29 INFO  : 'targets -set -filter {jtag_cable_name =~ "Digilent JTAG-SMT2 210251A1B7E2" && level==0 && jtag_device_ctx=="jsn-JTAG-SMT2-210251A1B7E2-23731093-0"}' command is executed.
17:48:38 INFO  : Device configured successfully with "H:/test/two/fpga_arm/fpga_arm.runs/impl_1/design_1_wrapper.bit"
17:48:38 INFO  : Context for 'APU' is selected.
17:48:38 INFO  : Hardware design and registers information is loaded from 'H:/test/two/fpga_arm/vitis/zc706_md/export/zc706_md/hw/design_1_wrapper.xsa'.
17:48:38 INFO  : 'configparams force-mem-access 1' command is executed.
17:48:38 INFO  : Context for 'APU' is selected.
17:48:38 INFO  : Sourcing of 'H:/test/two/fpga_arm/vitis/zc706_md_hdmi/_ide/psinit/ps7_init.tcl' is done.
17:48:39 INFO  : 'ps7_init' command is executed.
17:48:39 INFO  : 'ps7_post_config' command is executed.
17:48:39 INFO  : Context for processor 'ps7_cortexa9_0' is selected.
17:48:40 INFO  : The application 'H:/test/two/fpga_arm/vitis/zc706_md_hdmi/Debug/zc706_md_hdmi.elf' is downloaded to processor 'ps7_cortexa9_0'.
17:48:40 INFO  : 'configparams force-mem-access 0' command is executed.
17:48:40 INFO  : ----------------XSDB Script----------------
connect -url tcp:127.0.0.1:3121
targets -set -nocase -filter {name =~"APU*"}
rst -system
after 3000
targets -set -filter {jtag_cable_name =~ "Digilent JTAG-SMT2 210251A1B7E2" && level==0 && jtag_device_ctx=="jsn-JTAG-SMT2-210251A1B7E2-23731093-0"}
fpga -file H:/test/two/fpga_arm/fpga_arm.runs/impl_1/design_1_wrapper.bit
targets -set -nocase -filter {name =~"APU*"}
loadhw -hw H:/test/two/fpga_arm/vitis/zc706_md/export/zc706_md/hw/design_1_wrapper.xsa -mem-ranges [list {0x40000000 0xbfffffff}] -regs
configparams force-mem-access 1
targets -set -nocase -filter {name =~"APU*"}
source H:/test/two/fpga_arm/vitis/zc706_md_hdmi/_ide/psinit/ps7_init.tcl
ps7_init
ps7_post_config
targets -set -nocase -filter {name =~ "*A9*#0"}
dow H:/test/two/fpga_arm/vitis/zc706_md_hdmi/Debug/zc706_md_hdmi.elf
configparams force-mem-access 0
----------------End of Script----------------

17:48:40 INFO  : Context for processor 'ps7_cortexa9_0' is selected.
17:48:40 INFO  : 'con' command is executed.
17:48:40 INFO  : ----------------XSDB Script (After Launch)----------------
targets -set -nocase -filter {name =~ "*A9*#0"}
con
----------------End of Script----------------

17:48:40 INFO  : Launch script is exported to file 'H:\test\two\fpga_arm\vitis\zc706_md_hdmi_system\_ide\scripts\systemdebugger_zc706_md_hdmi_system_standalone.tcl'
17:50:52 INFO  : Checking for BSP changes to sync application flags for project 'zc706_md_hdmi'...
17:51:01 INFO  : Disconnected from the channel tcfchan#18.
17:51:01 INFO  : Connected to target on host '127.0.0.1' and port '3121'.
17:51:02 INFO  : Jtag cable 'Digilent JTAG-SMT2 210251A1B7E2' is selected.
17:51:02 INFO  : 'jtag frequency' command is executed.
17:51:02 INFO  : Context for 'APU' is selected.
17:51:02 INFO  : System reset is completed.
17:51:05 INFO  : 'after 3000' command is executed.
17:51:05 INFO  : 'targets -set -filter {jtag_cable_name =~ "Digilent JTAG-SMT2 210251A1B7E2" && level==0 && jtag_device_ctx=="jsn-JTAG-SMT2-210251A1B7E2-23731093-0"}' command is executed.
17:51:13 INFO  : Device configured successfully with "H:/test/two/fpga_arm/fpga_arm.runs/impl_1/design_1_wrapper.bit"
17:51:14 INFO  : Context for 'APU' is selected.
17:51:14 INFO  : Hardware design and registers information is loaded from 'H:/test/two/fpga_arm/vitis/zc706_md/export/zc706_md/hw/design_1_wrapper.xsa'.
17:51:14 INFO  : 'configparams force-mem-access 1' command is executed.
17:51:14 INFO  : Context for 'APU' is selected.
17:51:14 INFO  : Sourcing of 'H:/test/two/fpga_arm/vitis/zc706_md_hdmi/_ide/psinit/ps7_init.tcl' is done.
17:51:15 INFO  : 'ps7_init' command is executed.
17:51:15 INFO  : 'ps7_post_config' command is executed.
17:51:15 INFO  : Context for processor 'ps7_cortexa9_0' is selected.
17:51:16 INFO  : The application 'H:/test/two/fpga_arm/vitis/zc706_md_hdmi/Debug/zc706_md_hdmi.elf' is downloaded to processor 'ps7_cortexa9_0'.
17:51:16 INFO  : 'configparams force-mem-access 0' command is executed.
17:51:16 INFO  : ----------------XSDB Script----------------
connect -url tcp:127.0.0.1:3121
targets -set -nocase -filter {name =~"APU*"}
rst -system
after 3000
targets -set -filter {jtag_cable_name =~ "Digilent JTAG-SMT2 210251A1B7E2" && level==0 && jtag_device_ctx=="jsn-JTAG-SMT2-210251A1B7E2-23731093-0"}
fpga -file H:/test/two/fpga_arm/fpga_arm.runs/impl_1/design_1_wrapper.bit
targets -set -nocase -filter {name =~"APU*"}
loadhw -hw H:/test/two/fpga_arm/vitis/zc706_md/export/zc706_md/hw/design_1_wrapper.xsa -mem-ranges [list {0x40000000 0xbfffffff}] -regs
configparams force-mem-access 1
targets -set -nocase -filter {name =~"APU*"}
source H:/test/two/fpga_arm/vitis/zc706_md_hdmi/_ide/psinit/ps7_init.tcl
ps7_init
ps7_post_config
targets -set -nocase -filter {name =~ "*A9*#0"}
dow H:/test/two/fpga_arm/vitis/zc706_md_hdmi/Debug/zc706_md_hdmi.elf
configparams force-mem-access 0
----------------End of Script----------------

17:51:16 INFO  : Context for processor 'ps7_cortexa9_0' is selected.
17:51:16 INFO  : 'con' command is executed.
17:51:16 INFO  : ----------------XSDB Script (After Launch)----------------
targets -set -nocase -filter {name =~ "*A9*#0"}
con
----------------End of Script----------------

17:51:16 INFO  : Launch script is exported to file 'H:\test\two\fpga_arm\vitis\zc706_md_hdmi_system\_ide\scripts\systemdebugger_zc706_md_hdmi_system_standalone.tcl'
17:52:41 INFO  : Disconnected from the channel tcfchan#19.
17:52:42 INFO  : Connected to target on host '127.0.0.1' and port '3121'.
17:52:42 INFO  : Jtag cable 'Digilent JTAG-SMT2 210251A1B7E2' is selected.
17:52:42 INFO  : 'jtag frequency' command is executed.
17:52:42 INFO  : Context for 'APU' is selected.
17:52:42 INFO  : System reset is completed.
17:52:45 INFO  : 'after 3000' command is executed.
17:52:45 INFO  : 'targets -set -filter {jtag_cable_name =~ "Digilent JTAG-SMT2 210251A1B7E2" && level==0 && jtag_device_ctx=="jsn-JTAG-SMT2-210251A1B7E2-23731093-0"}' command is executed.
17:52:54 INFO  : Device configured successfully with "H:/test/two/fpga_arm/fpga_arm.runs/impl_1/design_1_wrapper.bit"
17:52:54 INFO  : Context for 'APU' is selected.
17:52:54 INFO  : Hardware design and registers information is loaded from 'H:/test/two/fpga_arm/vitis/zc706_md/export/zc706_md/hw/design_1_wrapper.xsa'.
17:52:54 INFO  : 'configparams force-mem-access 1' command is executed.
17:52:54 INFO  : Context for 'APU' is selected.
17:52:54 INFO  : Sourcing of 'H:/test/two/fpga_arm/vitis/zc706_md_hdmi/_ide/psinit/ps7_init.tcl' is done.
17:52:55 INFO  : 'ps7_init' command is executed.
17:52:55 INFO  : 'ps7_post_config' command is executed.
17:52:55 INFO  : Context for processor 'ps7_cortexa9_0' is selected.
17:52:56 INFO  : The application 'H:/test/two/fpga_arm/vitis/zc706_md_hdmi/Debug/zc706_md_hdmi.elf' is downloaded to processor 'ps7_cortexa9_0'.
17:52:56 INFO  : 'configparams force-mem-access 0' command is executed.
17:52:56 INFO  : ----------------XSDB Script----------------
connect -url tcp:127.0.0.1:3121
targets -set -nocase -filter {name =~"APU*"}
rst -system
after 3000
targets -set -filter {jtag_cable_name =~ "Digilent JTAG-SMT2 210251A1B7E2" && level==0 && jtag_device_ctx=="jsn-JTAG-SMT2-210251A1B7E2-23731093-0"}
fpga -file H:/test/two/fpga_arm/fpga_arm.runs/impl_1/design_1_wrapper.bit
targets -set -nocase -filter {name =~"APU*"}
loadhw -hw H:/test/two/fpga_arm/vitis/zc706_md/export/zc706_md/hw/design_1_wrapper.xsa -mem-ranges [list {0x40000000 0xbfffffff}] -regs
configparams force-mem-access 1
targets -set -nocase -filter {name =~"APU*"}
source H:/test/two/fpga_arm/vitis/zc706_md_hdmi/_ide/psinit/ps7_init.tcl
ps7_init
ps7_post_config
targets -set -nocase -filter {name =~ "*A9*#0"}
dow H:/test/two/fpga_arm/vitis/zc706_md_hdmi/Debug/zc706_md_hdmi.elf
configparams force-mem-access 0
----------------End of Script----------------

17:52:56 INFO  : Context for processor 'ps7_cortexa9_0' is selected.
17:52:56 INFO  : 'con' command is executed.
17:52:56 INFO  : ----------------XSDB Script (After Launch)----------------
targets -set -nocase -filter {name =~ "*A9*#0"}
con
----------------End of Script----------------

17:52:56 INFO  : Launch script is exported to file 'H:\test\two\fpga_arm\vitis\zc706_md_hdmi_system\_ide\scripts\systemdebugger_zc706_md_hdmi_system_standalone.tcl'
17:53:14 INFO  : Disconnected from the channel tcfchan#20.
17:53:14 INFO  : Connected to target on host '127.0.0.1' and port '3121'.
17:53:14 INFO  : Jtag cable 'Digilent JTAG-SMT2 210251A1B7E2' is selected.
17:53:14 INFO  : 'jtag frequency' command is executed.
17:53:14 INFO  : Context for 'APU' is selected.
17:53:14 INFO  : System reset is completed.
17:53:17 INFO  : 'after 3000' command is executed.
17:53:18 INFO  : 'targets -set -filter {jtag_cable_name =~ "Digilent JTAG-SMT2 210251A1B7E2" && level==0 && jtag_device_ctx=="jsn-JTAG-SMT2-210251A1B7E2-23731093-0"}' command is executed.
17:53:26 INFO  : Device configured successfully with "H:/test/two/fpga_arm/fpga_arm.runs/impl_1/design_1_wrapper.bit"
17:53:26 INFO  : Context for 'APU' is selected.
17:53:26 INFO  : Hardware design and registers information is loaded from 'H:/test/two/fpga_arm/vitis/zc706_md/export/zc706_md/hw/design_1_wrapper.xsa'.
17:53:26 INFO  : 'configparams force-mem-access 1' command is executed.
17:53:26 INFO  : Context for 'APU' is selected.
17:53:26 INFO  : Sourcing of 'H:/test/two/fpga_arm/vitis/zc706_md_hdmi/_ide/psinit/ps7_init.tcl' is done.
17:53:27 INFO  : 'ps7_init' command is executed.
17:53:27 INFO  : 'ps7_post_config' command is executed.
17:53:27 INFO  : Context for processor 'ps7_cortexa9_0' is selected.
17:53:28 INFO  : The application 'H:/test/two/fpga_arm/vitis/zc706_md_hdmi/Debug/zc706_md_hdmi.elf' is downloaded to processor 'ps7_cortexa9_0'.
17:53:28 INFO  : 'configparams force-mem-access 0' command is executed.
17:53:28 INFO  : ----------------XSDB Script----------------
connect -url tcp:127.0.0.1:3121
targets -set -nocase -filter {name =~"APU*"}
rst -system
after 3000
targets -set -filter {jtag_cable_name =~ "Digilent JTAG-SMT2 210251A1B7E2" && level==0 && jtag_device_ctx=="jsn-JTAG-SMT2-210251A1B7E2-23731093-0"}
fpga -file H:/test/two/fpga_arm/fpga_arm.runs/impl_1/design_1_wrapper.bit
targets -set -nocase -filter {name =~"APU*"}
loadhw -hw H:/test/two/fpga_arm/vitis/zc706_md/export/zc706_md/hw/design_1_wrapper.xsa -mem-ranges [list {0x40000000 0xbfffffff}] -regs
configparams force-mem-access 1
targets -set -nocase -filter {name =~"APU*"}
source H:/test/two/fpga_arm/vitis/zc706_md_hdmi/_ide/psinit/ps7_init.tcl
ps7_init
ps7_post_config
targets -set -nocase -filter {name =~ "*A9*#0"}
dow H:/test/two/fpga_arm/vitis/zc706_md_hdmi/Debug/zc706_md_hdmi.elf
configparams force-mem-access 0
----------------End of Script----------------

17:53:28 INFO  : Context for processor 'ps7_cortexa9_0' is selected.
17:53:28 INFO  : 'con' command is executed.
17:53:28 INFO  : ----------------XSDB Script (After Launch)----------------
targets -set -nocase -filter {name =~ "*A9*#0"}
con
----------------End of Script----------------

17:53:28 INFO  : Launch script is exported to file 'H:\test\two\fpga_arm\vitis\zc706_md_hdmi_system\_ide\scripts\systemdebugger_zc706_md_hdmi_system_standalone.tcl'
18:04:05 INFO  : Checking for BSP changes to sync application flags for project 'zc706_md_hdmi'...
18:04:34 INFO  : Checking for BSP changes to sync application flags for project 'zc706_md_hdmi'...
18:05:39 INFO  : Checking for BSP changes to sync application flags for project 'zc706_md_hdmi'...
18:06:14 INFO  : Checking for BSP changes to sync application flags for project 'zc706_md_hdmi'...
18:09:14 INFO  : Checking for BSP changes to sync application flags for project 'zc706_md_hdmi'...
18:09:17 INFO  : Disconnected from the channel tcfchan#21.
18:09:18 INFO  : Connected to target on host '127.0.0.1' and port '3121'.
18:09:18 INFO  : Jtag cable 'Digilent JTAG-SMT2 210251A1B7E2' is selected.
18:09:18 INFO  : 'jtag frequency' command is executed.
18:09:18 INFO  : Context for 'APU' is selected.
18:09:18 INFO  : System reset is completed.
18:09:21 INFO  : 'after 3000' command is executed.
18:09:21 INFO  : 'targets -set -filter {jtag_cable_name =~ "Digilent JTAG-SMT2 210251A1B7E2" && level==0 && jtag_device_ctx=="jsn-JTAG-SMT2-210251A1B7E2-23731093-0"}' command is executed.
18:09:29 INFO  : Device configured successfully with "H:/test/two/fpga_arm/vitis/zc706_md_hdmi/_ide/bitstream/design_1_wrapper.bit"
18:09:29 INFO  : Context for 'APU' is selected.
18:09:29 INFO  : Hardware design and registers information is loaded from 'H:/test/two/fpga_arm/vitis/zc706_md/export/zc706_md/hw/design_1_wrapper.xsa'.
18:09:29 INFO  : 'configparams force-mem-access 1' command is executed.
18:09:29 INFO  : Context for 'APU' is selected.
18:09:29 INFO  : Sourcing of 'H:/test/two/fpga_arm/vitis/zc706_md_hdmi/_ide/psinit/ps7_init.tcl' is done.
18:09:30 INFO  : 'ps7_init' command is executed.
18:09:30 INFO  : 'ps7_post_config' command is executed.
18:09:30 INFO  : Context for processor 'ps7_cortexa9_0' is selected.
18:09:31 INFO  : The application 'H:/test/two/fpga_arm/vitis/zc706_md_hdmi/Debug/zc706_md_hdmi.elf' is downloaded to processor 'ps7_cortexa9_0'.
18:09:31 INFO  : 'configparams force-mem-access 0' command is executed.
18:09:31 INFO  : ----------------XSDB Script----------------
connect -url tcp:127.0.0.1:3121
targets -set -nocase -filter {name =~"APU*"}
rst -system
after 3000
targets -set -filter {jtag_cable_name =~ "Digilent JTAG-SMT2 210251A1B7E2" && level==0 && jtag_device_ctx=="jsn-JTAG-SMT2-210251A1B7E2-23731093-0"}
fpga -file H:/test/two/fpga_arm/vitis/zc706_md_hdmi/_ide/bitstream/design_1_wrapper.bit
targets -set -nocase -filter {name =~"APU*"}
loadhw -hw H:/test/two/fpga_arm/vitis/zc706_md/export/zc706_md/hw/design_1_wrapper.xsa -mem-ranges [list {0x40000000 0xbfffffff}] -regs
configparams force-mem-access 1
targets -set -nocase -filter {name =~"APU*"}
source H:/test/two/fpga_arm/vitis/zc706_md_hdmi/_ide/psinit/ps7_init.tcl
ps7_init
ps7_post_config
targets -set -nocase -filter {name =~ "*A9*#0"}
dow H:/test/two/fpga_arm/vitis/zc706_md_hdmi/Debug/zc706_md_hdmi.elf
configparams force-mem-access 0
----------------End of Script----------------

18:09:31 INFO  : Context for processor 'ps7_cortexa9_0' is selected.
18:09:31 INFO  : 'con' command is executed.
18:09:31 INFO  : ----------------XSDB Script (After Launch)----------------
targets -set -nocase -filter {name =~ "*A9*#0"}
con
----------------End of Script----------------

18:09:31 INFO  : Launch script is exported to file 'H:\test\two\fpga_arm\vitis\zc706_md_hdmi_system\_ide\scripts\systemdebugger_zc706_md_hdmi_system_standalone.tcl'
18:11:05 INFO  : Hardware specification for platform project 'zc706_md' is updated.
18:11:32 INFO  : Result from executing command 'removePlatformRepo': 
18:12:35 INFO  : Result from executing command 'getProjects': zc706_md
18:12:35 INFO  : Result from executing command 'getPlatforms': 
18:12:41 INFO  : Disconnected from the channel tcfchan#22.
18:12:41 INFO  : Connected to target on host '127.0.0.1' and port '3121'.
18:12:41 INFO  : Jtag cable 'Digilent JTAG-SMT2 210251A1B7E2' is selected.
18:12:41 INFO  : 'jtag frequency' command is executed.
18:12:41 INFO  : Context for 'APU' is selected.
18:12:41 INFO  : System reset is completed.
18:12:44 INFO  : 'after 3000' command is executed.
18:12:44 INFO  : 'targets -set -filter {jtag_cable_name =~ "Digilent JTAG-SMT2 210251A1B7E2" && level==0 && jtag_device_ctx=="jsn-JTAG-SMT2-210251A1B7E2-23731093-0"}' command is executed.
18:12:45 ERROR : could not find configuration request.
18:12:45 ERROR : Exception occured while running Program Device.
java.lang.RuntimeException: could not find configuration request.
18:12:45 INFO  : ----------------XSDB Script----------------
connect -url tcp:127.0.0.1:3121
targets -set -nocase -filter {name =~"APU*"}
rst -system
after 3000
----------------End of Script----------------

18:12:45 ERROR : could not find configuration request.
18:12:59 INFO  : Checking for BSP changes to sync application flags for project 'zc706_md_hdmi'...
18:13:25 INFO  : Connected to target on host '127.0.0.1' and port '3121'.
18:13:28 INFO  : Jtag cable 'Digilent JTAG-SMT2 210251A1B7E2' is selected.
18:13:28 INFO  : 'jtag frequency' command is executed.
18:13:28 INFO  : Context for 'APU' is selected.
18:13:28 INFO  : System reset is completed.
18:13:31 INFO  : 'after 3000' command is executed.
18:13:31 INFO  : 'targets -set -filter {jtag_cable_name =~ "Digilent JTAG-SMT2 210251A1B7E2" && level==0 && jtag_device_ctx=="jsn-JTAG-SMT2-210251A1B7E2-23731093-0"}' command is executed.
18:13:40 INFO  : Device configured successfully with "H:/test/two/fpga_arm/fpga_arm.runs/impl_1/design_1_wrapper.bit"
18:13:40 INFO  : Context for 'APU' is selected.
18:13:40 INFO  : Hardware design and registers information is loaded from 'H:/test/two/fpga_arm/vitis/zc706_md/export/zc706_md/hw/design_1_wrapper.xsa'.
18:13:40 INFO  : 'configparams force-mem-access 1' command is executed.
18:13:40 INFO  : Context for 'APU' is selected.
18:13:40 INFO  : Sourcing of 'H:/test/two/fpga_arm/vitis/zc706_md_hdmi/_ide/psinit/ps7_init.tcl' is done.
18:13:41 INFO  : 'ps7_init' command is executed.
18:13:41 INFO  : 'ps7_post_config' command is executed.
18:13:41 INFO  : Context for processor 'ps7_cortexa9_0' is selected.
18:13:41 INFO  : The application 'H:/test/two/fpga_arm/vitis/zc706_md_hdmi/Debug/zc706_md_hdmi.elf' is downloaded to processor 'ps7_cortexa9_0'.
18:13:41 INFO  : 'configparams force-mem-access 0' command is executed.
18:13:41 INFO  : ----------------XSDB Script----------------
connect -url tcp:127.0.0.1:3121
targets -set -nocase -filter {name =~"APU*"}
rst -system
after 3000
targets -set -filter {jtag_cable_name =~ "Digilent JTAG-SMT2 210251A1B7E2" && level==0 && jtag_device_ctx=="jsn-JTAG-SMT2-210251A1B7E2-23731093-0"}
fpga -file H:/test/two/fpga_arm/fpga_arm.runs/impl_1/design_1_wrapper.bit
targets -set -nocase -filter {name =~"APU*"}
loadhw -hw H:/test/two/fpga_arm/vitis/zc706_md/export/zc706_md/hw/design_1_wrapper.xsa -mem-ranges [list {0x40000000 0xbfffffff}] -regs
configparams force-mem-access 1
targets -set -nocase -filter {name =~"APU*"}
source H:/test/two/fpga_arm/vitis/zc706_md_hdmi/_ide/psinit/ps7_init.tcl
ps7_init
ps7_post_config
targets -set -nocase -filter {name =~ "*A9*#0"}
dow H:/test/two/fpga_arm/vitis/zc706_md_hdmi/Debug/zc706_md_hdmi.elf
configparams force-mem-access 0
----------------End of Script----------------

18:13:42 INFO  : Context for processor 'ps7_cortexa9_0' is selected.
18:13:42 INFO  : 'con' command is executed.
18:13:42 INFO  : ----------------XSDB Script (After Launch)----------------
targets -set -nocase -filter {name =~ "*A9*#0"}
con
----------------End of Script----------------

18:13:42 INFO  : Launch script is exported to file 'H:\test\two\fpga_arm\vitis\zc706_md_hdmi_system\_ide\scripts\systemdebugger_zc706_md_hdmi_system_standalone.tcl'
18:17:53 INFO  : Checking for BSP changes to sync application flags for project 'zc706_md_hdmi'...
18:17:56 INFO  : Disconnected from the channel tcfchan#25.
18:17:56 INFO  : Connected to target on host '127.0.0.1' and port '3121'.
18:17:57 INFO  : Jtag cable 'Digilent JTAG-SMT2 210251A1B7E2' is selected.
18:17:57 INFO  : 'jtag frequency' command is executed.
18:17:57 INFO  : Context for 'APU' is selected.
18:17:57 INFO  : System reset is completed.
18:18:00 INFO  : 'after 3000' command is executed.
18:18:00 INFO  : 'targets -set -filter {jtag_cable_name =~ "Digilent JTAG-SMT2 210251A1B7E2" && level==0 && jtag_device_ctx=="jsn-JTAG-SMT2-210251A1B7E2-23731093-0"}' command is executed.
18:18:08 INFO  : Device configured successfully with "H:/test/two/fpga_arm/fpga_arm.runs/impl_1/design_1_wrapper.bit"
18:18:08 INFO  : Context for 'APU' is selected.
18:18:08 INFO  : Hardware design and registers information is loaded from 'H:/test/two/fpga_arm/vitis/zc706_md/export/zc706_md/hw/design_1_wrapper.xsa'.
18:18:08 INFO  : 'configparams force-mem-access 1' command is executed.
18:18:08 INFO  : Context for 'APU' is selected.
18:18:08 INFO  : Sourcing of 'H:/test/two/fpga_arm/vitis/zc706_md_hdmi/_ide/psinit/ps7_init.tcl' is done.
18:18:09 INFO  : 'ps7_init' command is executed.
18:18:09 INFO  : 'ps7_post_config' command is executed.
18:18:09 INFO  : Context for processor 'ps7_cortexa9_0' is selected.
18:18:10 INFO  : The application 'H:/test/two/fpga_arm/vitis/zc706_md_hdmi/Debug/zc706_md_hdmi.elf' is downloaded to processor 'ps7_cortexa9_0'.
18:18:10 INFO  : 'configparams force-mem-access 0' command is executed.
18:18:10 INFO  : ----------------XSDB Script----------------
connect -url tcp:127.0.0.1:3121
targets -set -nocase -filter {name =~"APU*"}
rst -system
after 3000
targets -set -filter {jtag_cable_name =~ "Digilent JTAG-SMT2 210251A1B7E2" && level==0 && jtag_device_ctx=="jsn-JTAG-SMT2-210251A1B7E2-23731093-0"}
fpga -file H:/test/two/fpga_arm/fpga_arm.runs/impl_1/design_1_wrapper.bit
targets -set -nocase -filter {name =~"APU*"}
loadhw -hw H:/test/two/fpga_arm/vitis/zc706_md/export/zc706_md/hw/design_1_wrapper.xsa -mem-ranges [list {0x40000000 0xbfffffff}] -regs
configparams force-mem-access 1
targets -set -nocase -filter {name =~"APU*"}
source H:/test/two/fpga_arm/vitis/zc706_md_hdmi/_ide/psinit/ps7_init.tcl
ps7_init
ps7_post_config
targets -set -nocase -filter {name =~ "*A9*#0"}
dow H:/test/two/fpga_arm/vitis/zc706_md_hdmi/Debug/zc706_md_hdmi.elf
configparams force-mem-access 0
----------------End of Script----------------

18:18:10 INFO  : Context for processor 'ps7_cortexa9_0' is selected.
18:18:10 INFO  : 'con' command is executed.
18:18:10 INFO  : ----------------XSDB Script (After Launch)----------------
targets -set -nocase -filter {name =~ "*A9*#0"}
con
----------------End of Script----------------

18:18:10 INFO  : Launch script is exported to file 'H:\test\two\fpga_arm\vitis\zc706_md_hdmi_system\_ide\scripts\systemdebugger_zc706_md_hdmi_system_standalone.tcl'
18:19:45 INFO  : Checking for BSP changes to sync application flags for project 'zc706_md_hdmi'...
18:19:52 INFO  : Disconnected from the channel tcfchan#27.
18:19:52 INFO  : Connected to target on host '127.0.0.1' and port '3121'.
18:19:53 INFO  : Jtag cable 'Digilent JTAG-SMT2 210251A1B7E2' is selected.
18:19:53 INFO  : 'jtag frequency' command is executed.
18:19:53 INFO  : Context for 'APU' is selected.
18:19:53 INFO  : System reset is completed.
18:19:56 INFO  : 'after 3000' command is executed.
18:19:56 INFO  : 'targets -set -filter {jtag_cable_name =~ "Digilent JTAG-SMT2 210251A1B7E2" && level==0 && jtag_device_ctx=="jsn-JTAG-SMT2-210251A1B7E2-23731093-0"}' command is executed.
18:20:04 INFO  : Device configured successfully with "H:/test/two/fpga_arm/fpga_arm.runs/impl_1/design_1_wrapper.bit"
18:20:05 INFO  : Context for 'APU' is selected.
18:20:05 INFO  : Hardware design and registers information is loaded from 'H:/test/two/fpga_arm/vitis/zc706_md/export/zc706_md/hw/design_1_wrapper.xsa'.
18:20:05 INFO  : 'configparams force-mem-access 1' command is executed.
18:20:05 INFO  : Context for 'APU' is selected.
18:20:05 INFO  : Sourcing of 'H:/test/two/fpga_arm/vitis/zc706_md_hdmi/_ide/psinit/ps7_init.tcl' is done.
18:20:05 INFO  : 'ps7_init' command is executed.
18:20:05 INFO  : 'ps7_post_config' command is executed.
18:20:05 INFO  : Context for processor 'ps7_cortexa9_0' is selected.
18:20:06 INFO  : The application 'H:/test/two/fpga_arm/vitis/zc706_md_hdmi/Debug/zc706_md_hdmi.elf' is downloaded to processor 'ps7_cortexa9_0'.
18:20:06 INFO  : 'configparams force-mem-access 0' command is executed.
18:20:06 INFO  : ----------------XSDB Script----------------
connect -url tcp:127.0.0.1:3121
targets -set -nocase -filter {name =~"APU*"}
rst -system
after 3000
targets -set -filter {jtag_cable_name =~ "Digilent JTAG-SMT2 210251A1B7E2" && level==0 && jtag_device_ctx=="jsn-JTAG-SMT2-210251A1B7E2-23731093-0"}
fpga -file H:/test/two/fpga_arm/fpga_arm.runs/impl_1/design_1_wrapper.bit
targets -set -nocase -filter {name =~"APU*"}
loadhw -hw H:/test/two/fpga_arm/vitis/zc706_md/export/zc706_md/hw/design_1_wrapper.xsa -mem-ranges [list {0x40000000 0xbfffffff}] -regs
configparams force-mem-access 1
targets -set -nocase -filter {name =~"APU*"}
source H:/test/two/fpga_arm/vitis/zc706_md_hdmi/_ide/psinit/ps7_init.tcl
ps7_init
ps7_post_config
targets -set -nocase -filter {name =~ "*A9*#0"}
dow H:/test/two/fpga_arm/vitis/zc706_md_hdmi/Debug/zc706_md_hdmi.elf
configparams force-mem-access 0
----------------End of Script----------------

18:20:06 INFO  : Context for processor 'ps7_cortexa9_0' is selected.
18:20:07 INFO  : 'con' command is executed.
18:20:07 INFO  : ----------------XSDB Script (After Launch)----------------
targets -set -nocase -filter {name =~ "*A9*#0"}
con
----------------End of Script----------------

18:20:07 INFO  : Launch script is exported to file 'H:\test\two\fpga_arm\vitis\zc706_md_hdmi_system\_ide\scripts\systemdebugger_zc706_md_hdmi_system_standalone.tcl'
18:21:26 INFO  : Checking for BSP changes to sync application flags for project 'zc706_md_hdmi'...
18:21:31 INFO  : Disconnected from the channel tcfchan#28.
18:21:31 INFO  : Connected to target on host '127.0.0.1' and port '3121'.
18:21:40 INFO  : ----------------XSDB Script----------------
connect -url tcp:127.0.0.1:3121
----------------End of Script----------------

18:21:40 ERROR : Could not find ARM device on the board for connection 'Local'.
Check if the target is in:
1. Split JTAG - No operations are possible with ARM DAP.
2. Non JTAG bootmode - Bootrom may need time to enable DAP.
Please try again.


Troubleshooting hints:
1. Check whether board is connected to system properly.
2. In case of zynq board, check whether Digilent/Xilinx cable switch settings are correct.
3. If you are using Xilinx Platform Cable USB, ensure that status LED is green.
18:21:47 INFO  : Connected to target on host '127.0.0.1' and port '3121'.
18:21:47 INFO  : Jtag cable 'Digilent JTAG-SMT2 210251A1B7E2' is selected.
18:21:47 INFO  : 'jtag frequency' command is executed.
18:21:47 INFO  : Context for 'APU' is selected.
18:21:47 INFO  : System reset is completed.
18:21:50 INFO  : 'after 3000' command is executed.
18:21:51 INFO  : 'targets -set -filter {jtag_cable_name =~ "Digilent JTAG-SMT2 210251A1B7E2" && level==0 && jtag_device_ctx=="jsn-JTAG-SMT2-210251A1B7E2-23731093-0"}' command is executed.
18:21:59 INFO  : Device configured successfully with "H:/test/two/fpga_arm/fpga_arm.runs/impl_1/design_1_wrapper.bit"
18:21:59 INFO  : Context for 'APU' is selected.
18:21:59 INFO  : Hardware design and registers information is loaded from 'H:/test/two/fpga_arm/vitis/zc706_md/export/zc706_md/hw/design_1_wrapper.xsa'.
18:21:59 INFO  : 'configparams force-mem-access 1' command is executed.
18:21:59 INFO  : Context for 'APU' is selected.
18:21:59 INFO  : Sourcing of 'H:/test/two/fpga_arm/vitis/zc706_md_hdmi/_ide/psinit/ps7_init.tcl' is done.
18:22:00 INFO  : 'ps7_init' command is executed.
18:22:00 INFO  : 'ps7_post_config' command is executed.
18:22:00 INFO  : Context for processor 'ps7_cortexa9_0' is selected.
18:22:01 INFO  : The application 'H:/test/two/fpga_arm/vitis/zc706_md_hdmi/Debug/zc706_md_hdmi.elf' is downloaded to processor 'ps7_cortexa9_0'.
18:22:01 INFO  : 'configparams force-mem-access 0' command is executed.
18:22:01 INFO  : ----------------XSDB Script----------------
connect -url tcp:127.0.0.1:3121
targets -set -nocase -filter {name =~"APU*"}
rst -system
after 3000
targets -set -filter {jtag_cable_name =~ "Digilent JTAG-SMT2 210251A1B7E2" && level==0 && jtag_device_ctx=="jsn-JTAG-SMT2-210251A1B7E2-23731093-0"}
fpga -file H:/test/two/fpga_arm/fpga_arm.runs/impl_1/design_1_wrapper.bit
targets -set -nocase -filter {name =~"APU*"}
loadhw -hw H:/test/two/fpga_arm/vitis/zc706_md/export/zc706_md/hw/design_1_wrapper.xsa -mem-ranges [list {0x40000000 0xbfffffff}] -regs
configparams force-mem-access 1
targets -set -nocase -filter {name =~"APU*"}
source H:/test/two/fpga_arm/vitis/zc706_md_hdmi/_ide/psinit/ps7_init.tcl
ps7_init
ps7_post_config
targets -set -nocase -filter {name =~ "*A9*#0"}
dow H:/test/two/fpga_arm/vitis/zc706_md_hdmi/Debug/zc706_md_hdmi.elf
configparams force-mem-access 0
----------------End of Script----------------

18:22:01 INFO  : Context for processor 'ps7_cortexa9_0' is selected.
18:22:01 INFO  : 'con' command is executed.
18:22:01 INFO  : ----------------XSDB Script (After Launch)----------------
targets -set -nocase -filter {name =~ "*A9*#0"}
con
----------------End of Script----------------

18:22:01 INFO  : Launch script is exported to file 'H:\test\two\fpga_arm\vitis\zc706_md_hdmi_system\_ide\scripts\systemdebugger_zc706_md_hdmi_system_standalone.tcl'
18:23:20 INFO  : Disconnected from the channel tcfchan#29.
18:23:20 INFO  : Connected to target on host '127.0.0.1' and port '3121'.
18:23:29 INFO  : ----------------XSDB Script----------------
connect -url tcp:127.0.0.1:3121
----------------End of Script----------------

18:23:29 ERROR : Could not find ARM device on the board for connection 'Local'.
Check if the target is in:
1. Split JTAG - No operations are possible with ARM DAP.
2. Non JTAG bootmode - Bootrom may need time to enable DAP.
Please try again.


Troubleshooting hints:
1. Check whether board is connected to system properly.
2. In case of zynq board, check whether Digilent/Xilinx cable switch settings are correct.
3. If you are using Xilinx Platform Cable USB, ensure that status LED is green.
18:23:33 INFO  : Connected to target on host '127.0.0.1' and port '3121'.
18:23:34 INFO  : Jtag cable 'Digilent JTAG-SMT2 210251A1B7E2' is selected.
18:23:34 INFO  : 'jtag frequency' command is executed.
18:23:34 INFO  : Context for 'APU' is selected.
18:23:34 INFO  : System reset is completed.
18:23:37 INFO  : 'after 3000' command is executed.
18:23:37 INFO  : 'targets -set -filter {jtag_cable_name =~ "Digilent JTAG-SMT2 210251A1B7E2" && level==0 && jtag_device_ctx=="jsn-JTAG-SMT2-210251A1B7E2-23731093-0"}' command is executed.
18:23:45 INFO  : Device configured successfully with "H:/test/two/fpga_arm/fpga_arm.runs/impl_1/design_1_wrapper.bit"
18:23:45 INFO  : Context for 'APU' is selected.
18:23:45 INFO  : Hardware design and registers information is loaded from 'H:/test/two/fpga_arm/vitis/zc706_md/export/zc706_md/hw/design_1_wrapper.xsa'.
18:23:45 INFO  : 'configparams force-mem-access 1' command is executed.
18:23:45 INFO  : Context for 'APU' is selected.
18:23:45 INFO  : Sourcing of 'H:/test/two/fpga_arm/vitis/zc706_md_hdmi/_ide/psinit/ps7_init.tcl' is done.
18:23:46 INFO  : 'ps7_init' command is executed.
18:23:46 INFO  : 'ps7_post_config' command is executed.
18:23:46 INFO  : Context for processor 'ps7_cortexa9_0' is selected.
18:23:47 INFO  : The application 'H:/test/two/fpga_arm/vitis/zc706_md_hdmi/Debug/zc706_md_hdmi.elf' is downloaded to processor 'ps7_cortexa9_0'.
18:23:47 INFO  : 'configparams force-mem-access 0' command is executed.
18:23:47 INFO  : ----------------XSDB Script----------------
connect -url tcp:127.0.0.1:3121
targets -set -nocase -filter {name =~"APU*"}
rst -system
after 3000
targets -set -filter {jtag_cable_name =~ "Digilent JTAG-SMT2 210251A1B7E2" && level==0 && jtag_device_ctx=="jsn-JTAG-SMT2-210251A1B7E2-23731093-0"}
fpga -file H:/test/two/fpga_arm/fpga_arm.runs/impl_1/design_1_wrapper.bit
targets -set -nocase -filter {name =~"APU*"}
loadhw -hw H:/test/two/fpga_arm/vitis/zc706_md/export/zc706_md/hw/design_1_wrapper.xsa -mem-ranges [list {0x40000000 0xbfffffff}] -regs
configparams force-mem-access 1
targets -set -nocase -filter {name =~"APU*"}
source H:/test/two/fpga_arm/vitis/zc706_md_hdmi/_ide/psinit/ps7_init.tcl
ps7_init
ps7_post_config
targets -set -nocase -filter {name =~ "*A9*#0"}
dow H:/test/two/fpga_arm/vitis/zc706_md_hdmi/Debug/zc706_md_hdmi.elf
configparams force-mem-access 0
----------------End of Script----------------

18:23:47 INFO  : Context for processor 'ps7_cortexa9_0' is selected.
18:23:47 INFO  : 'con' command is executed.
18:23:47 INFO  : ----------------XSDB Script (After Launch)----------------
targets -set -nocase -filter {name =~ "*A9*#0"}
con
----------------End of Script----------------

18:23:47 INFO  : Launch script is exported to file 'H:\test\two\fpga_arm\vitis\zc706_md_hdmi_system\_ide\scripts\systemdebugger_zc706_md_hdmi_system_standalone.tcl'
18:29:51 WARN  : channel "tcfchan#30" closed
09:28:23 INFO  : Launching XSCT server: xsct.bat -n  -interactive H:\test\two\fpga_arm\vitis\temp_xsdb_launch_script.tcl
09:28:28 INFO  : XSCT server has started successfully.
09:28:28 INFO  : plnx-install-location is set to ''
09:28:28 INFO  : Successfully done setting XSCT server connection channel  
09:28:28 INFO  : Successfully done setting workspace for the tool. 
09:28:29 INFO  : Registering command handlers for Vitis TCF services
09:28:29 INFO  : Platform repository initialization has completed.
09:28:37 INFO  : Successfully done query RDI_DATADIR 
09:30:17 INFO  : Result from executing command 'getProjects': zc706_md
09:30:17 INFO  : Result from executing command 'getPlatforms': zc706_md|H:/test/two/fpga_arm/vitis/zc706_md/export/zc706_md/zc706_md.xpfm
09:30:57 INFO  : Connected to target on host '127.0.0.1' and port '3121'.
09:30:58 INFO  : Jtag cable 'Digilent JTAG-SMT2 210251A1B7E2' is selected.
09:30:58 INFO  : 'jtag frequency' command is executed.
09:30:58 INFO  : Context for 'APU' is selected.
09:30:58 INFO  : System reset is completed.
09:31:01 INFO  : 'after 3000' command is executed.
09:31:01 INFO  : 'targets -set -filter {jtag_cable_name =~ "Digilent JTAG-SMT2 210251A1B7E2" && level==0 && jtag_device_ctx=="jsn-JTAG-SMT2-210251A1B7E2-23731093-0"}' command is executed.
09:31:10 INFO  : Device configured successfully with "H:/test/two/fpga_arm/fpga_arm.runs/impl_1/design_1_wrapper.bit"
09:31:10 INFO  : Context for 'APU' is selected.
09:31:10 INFO  : Hardware design and registers information is loaded from 'H:/test/two/fpga_arm/vitis/zc706_md/export/zc706_md/hw/design_1_wrapper.xsa'.
09:31:10 INFO  : 'configparams force-mem-access 1' command is executed.
09:31:10 INFO  : Context for 'APU' is selected.
09:31:10 INFO  : Sourcing of 'H:/test/two/fpga_arm/vitis/zc706_md_hdmi/_ide/psinit/ps7_init.tcl' is done.
09:31:12 INFO  : 'ps7_init' command is executed.
09:31:13 INFO  : 'ps7_post_config' command is executed.
09:31:13 INFO  : Context for processor 'ps7_cortexa9_0' is selected.
09:31:13 INFO  : The application 'H:/test/two/fpga_arm/vitis/zc706_md_hdmi/Debug/zc706_md_hdmi.elf' is downloaded to processor 'ps7_cortexa9_0'.
09:31:13 INFO  : 'configparams force-mem-access 0' command is executed.
09:31:13 INFO  : ----------------XSDB Script----------------
connect -url tcp:127.0.0.1:3121
targets -set -nocase -filter {name =~"APU*"}
rst -system
after 3000
targets -set -filter {jtag_cable_name =~ "Digilent JTAG-SMT2 210251A1B7E2" && level==0 && jtag_device_ctx=="jsn-JTAG-SMT2-210251A1B7E2-23731093-0"}
fpga -file H:/test/two/fpga_arm/fpga_arm.runs/impl_1/design_1_wrapper.bit
targets -set -nocase -filter {name =~"APU*"}
loadhw -hw H:/test/two/fpga_arm/vitis/zc706_md/export/zc706_md/hw/design_1_wrapper.xsa -mem-ranges [list {0x40000000 0xbfffffff}] -regs
configparams force-mem-access 1
targets -set -nocase -filter {name =~"APU*"}
source H:/test/two/fpga_arm/vitis/zc706_md_hdmi/_ide/psinit/ps7_init.tcl
ps7_init
ps7_post_config
targets -set -nocase -filter {name =~ "*A9*#0"}
dow H:/test/two/fpga_arm/vitis/zc706_md_hdmi/Debug/zc706_md_hdmi.elf
configparams force-mem-access 0
----------------End of Script----------------

09:31:14 INFO  : Context for processor 'ps7_cortexa9_0' is selected.
09:31:14 INFO  : 'con' command is executed.
09:31:14 INFO  : ----------------XSDB Script (After Launch)----------------
targets -set -nocase -filter {name =~ "*A9*#0"}
con
----------------End of Script----------------

09:31:14 INFO  : Launch script is exported to file 'H:\test\two\fpga_arm\vitis\zc706_md_hdmi_system\_ide\scripts\systemdebugger_zc706_md_hdmi_system_standalone.tcl'
09:31:47 INFO  : Disconnected from the channel tcfchan#2.
09:31:47 INFO  : Connected to target on host '127.0.0.1' and port '3121'.
09:31:47 INFO  : Jtag cable 'Digilent JTAG-SMT2 210251A1B7E2' is selected.
09:31:47 INFO  : 'jtag frequency' command is executed.
09:31:47 INFO  : Context for 'APU' is selected.
09:31:48 INFO  : System reset is completed.
09:31:51 INFO  : 'after 3000' command is executed.
09:31:51 INFO  : 'targets -set -filter {jtag_cable_name =~ "Digilent JTAG-SMT2 210251A1B7E2" && level==0 && jtag_device_ctx=="jsn-JTAG-SMT2-210251A1B7E2-23731093-0"}' command is executed.
09:31:58 INFO  : Device configured successfully with "H:/test/two/fpga_arm/fpga_arm.runs/impl_1/design_1_wrapper.bit"
09:31:59 INFO  : Context for 'APU' is selected.
09:31:59 INFO  : Hardware design and registers information is loaded from 'H:/test/two/fpga_arm/vitis/zc706_md/export/zc706_md/hw/design_1_wrapper.xsa'.
09:31:59 INFO  : 'configparams force-mem-access 1' command is executed.
09:31:59 INFO  : Context for 'APU' is selected.
09:31:59 INFO  : Sourcing of 'H:/test/two/fpga_arm/vitis/zc706_md_hdmi/_ide/psinit/ps7_init.tcl' is done.
09:32:00 INFO  : 'ps7_init' command is executed.
09:32:00 INFO  : 'ps7_post_config' command is executed.
09:32:00 INFO  : Context for processor 'ps7_cortexa9_0' is selected.
09:32:01 INFO  : The application 'H:/test/two/fpga_arm/vitis/zc706_md_hdmi/Debug/zc706_md_hdmi.elf' is downloaded to processor 'ps7_cortexa9_0'.
09:32:01 INFO  : 'configparams force-mem-access 0' command is executed.
09:32:01 INFO  : ----------------XSDB Script----------------
connect -url tcp:127.0.0.1:3121
targets -set -nocase -filter {name =~"APU*"}
rst -system
after 3000
targets -set -filter {jtag_cable_name =~ "Digilent JTAG-SMT2 210251A1B7E2" && level==0 && jtag_device_ctx=="jsn-JTAG-SMT2-210251A1B7E2-23731093-0"}
fpga -file H:/test/two/fpga_arm/fpga_arm.runs/impl_1/design_1_wrapper.bit
targets -set -nocase -filter {name =~"APU*"}
loadhw -hw H:/test/two/fpga_arm/vitis/zc706_md/export/zc706_md/hw/design_1_wrapper.xsa -mem-ranges [list {0x40000000 0xbfffffff}] -regs
configparams force-mem-access 1
targets -set -nocase -filter {name =~"APU*"}
source H:/test/two/fpga_arm/vitis/zc706_md_hdmi/_ide/psinit/ps7_init.tcl
ps7_init
ps7_post_config
targets -set -nocase -filter {name =~ "*A9*#0"}
dow H:/test/two/fpga_arm/vitis/zc706_md_hdmi/Debug/zc706_md_hdmi.elf
configparams force-mem-access 0
----------------End of Script----------------

09:32:01 INFO  : Context for processor 'ps7_cortexa9_0' is selected.
09:32:02 INFO  : 'con' command is executed.
09:32:02 INFO  : ----------------XSDB Script (After Launch)----------------
targets -set -nocase -filter {name =~ "*A9*#0"}
con
----------------End of Script----------------

09:32:02 INFO  : Launch script is exported to file 'H:\test\two\fpga_arm\vitis\zc706_md_hdmi_system\_ide\scripts\systemdebugger_zc706_md_hdmi_system_standalone.tcl'
09:34:51 INFO  : Disconnected from the channel tcfchan#3.
09:34:52 INFO  : Connected to target on host '127.0.0.1' and port '3121'.
09:34:53 INFO  : Jtag cable 'Digilent JTAG-SMT2 210251A1B7E2' is selected.
09:34:53 INFO  : 'jtag frequency' command is executed.
09:34:53 INFO  : Context for 'APU' is selected.
09:34:53 INFO  : System reset is completed.
09:34:56 INFO  : 'after 3000' command is executed.
09:34:56 INFO  : 'targets -set -filter {jtag_cable_name =~ "Digilent JTAG-SMT2 210251A1B7E2" && level==0 && jtag_device_ctx=="jsn-JTAG-SMT2-210251A1B7E2-23731093-0"}' command is executed.
09:35:04 INFO  : Device configured successfully with "H:/test/two/fpga_arm/fpga_arm.runs/impl_1/design_1_wrapper.bit"
09:35:04 INFO  : Context for 'APU' is selected.
09:35:04 INFO  : Hardware design and registers information is loaded from 'H:/test/two/fpga_arm/vitis/zc706_md/export/zc706_md/hw/design_1_wrapper.xsa'.
09:35:05 INFO  : 'configparams force-mem-access 1' command is executed.
09:35:05 INFO  : Context for 'APU' is selected.
09:35:05 INFO  : Sourcing of 'H:/test/two/fpga_arm/vitis/zc706_md_hdmi/_ide/psinit/ps7_init.tcl' is done.
09:35:06 INFO  : 'ps7_init' command is executed.
09:35:07 INFO  : 'ps7_post_config' command is executed.
09:35:07 INFO  : Context for processor 'ps7_cortexa9_0' is selected.
09:35:07 INFO  : The application 'H:/test/two/fpga_arm/vitis/zc706_md_hdmi/Debug/zc706_md_hdmi.elf' is downloaded to processor 'ps7_cortexa9_0'.
09:35:07 INFO  : 'configparams force-mem-access 0' command is executed.
09:35:07 INFO  : ----------------XSDB Script----------------
connect -url tcp:127.0.0.1:3121
targets -set -nocase -filter {name =~"APU*"}
rst -system
after 3000
targets -set -filter {jtag_cable_name =~ "Digilent JTAG-SMT2 210251A1B7E2" && level==0 && jtag_device_ctx=="jsn-JTAG-SMT2-210251A1B7E2-23731093-0"}
fpga -file H:/test/two/fpga_arm/fpga_arm.runs/impl_1/design_1_wrapper.bit
targets -set -nocase -filter {name =~"APU*"}
loadhw -hw H:/test/two/fpga_arm/vitis/zc706_md/export/zc706_md/hw/design_1_wrapper.xsa -mem-ranges [list {0x40000000 0xbfffffff}] -regs
configparams force-mem-access 1
targets -set -nocase -filter {name =~"APU*"}
source H:/test/two/fpga_arm/vitis/zc706_md_hdmi/_ide/psinit/ps7_init.tcl
ps7_init
ps7_post_config
targets -set -nocase -filter {name =~ "*A9*#0"}
dow H:/test/two/fpga_arm/vitis/zc706_md_hdmi/Debug/zc706_md_hdmi.elf
configparams force-mem-access 0
----------------End of Script----------------

09:35:08 INFO  : Context for processor 'ps7_cortexa9_0' is selected.
09:35:08 INFO  : 'con' command is executed.
09:35:08 INFO  : ----------------XSDB Script (After Launch)----------------
targets -set -nocase -filter {name =~ "*A9*#0"}
con
----------------End of Script----------------

09:35:08 INFO  : Launch script is exported to file 'H:\test\two\fpga_arm\vitis\zc706_md_hdmi_system\_ide\scripts\systemdebugger_zc706_md_hdmi_system_standalone.tcl'
09:35:48 INFO  : Disconnected from the channel tcfchan#4.
09:35:48 INFO  : Connected to target on host '127.0.0.1' and port '3121'.
09:35:49 INFO  : Jtag cable 'Digilent JTAG-SMT2 210251A1B7E2' is selected.
09:35:49 INFO  : 'jtag frequency' command is executed.
09:35:49 INFO  : Context for 'APU' is selected.
09:35:49 INFO  : System reset is completed.
09:35:52 INFO  : 'after 3000' command is executed.
09:35:52 INFO  : 'targets -set -filter {jtag_cable_name =~ "Digilent JTAG-SMT2 210251A1B7E2" && level==0 && jtag_device_ctx=="jsn-JTAG-SMT2-210251A1B7E2-23731093-0"}' command is executed.
09:36:00 INFO  : Device configured successfully with "H:/test/two/fpga_arm/fpga_arm.runs/impl_1/design_1_wrapper.bit"
09:36:00 INFO  : Context for 'APU' is selected.
09:36:00 INFO  : Hardware design and registers information is loaded from 'H:/test/two/fpga_arm/vitis/zc706_md/export/zc706_md/hw/design_1_wrapper.xsa'.
09:36:00 INFO  : 'configparams force-mem-access 1' command is executed.
09:36:00 INFO  : Context for 'APU' is selected.
09:36:00 INFO  : Sourcing of 'H:/test/two/fpga_arm/vitis/zc706_md_hdmi/_ide/psinit/ps7_init.tcl' is done.
09:36:01 INFO  : 'ps7_init' command is executed.
09:36:01 INFO  : 'ps7_post_config' command is executed.
09:36:02 INFO  : Context for processor 'ps7_cortexa9_0' is selected.
09:36:02 INFO  : The application 'H:/test/two/fpga_arm/vitis/zc706_md_hdmi/Debug/zc706_md_hdmi.elf' is downloaded to processor 'ps7_cortexa9_0'.
09:36:03 INFO  : 'configparams force-mem-access 0' command is executed.
09:36:03 INFO  : ----------------XSDB Script----------------
connect -url tcp:127.0.0.1:3121
targets -set -nocase -filter {name =~"APU*"}
rst -system
after 3000
targets -set -filter {jtag_cable_name =~ "Digilent JTAG-SMT2 210251A1B7E2" && level==0 && jtag_device_ctx=="jsn-JTAG-SMT2-210251A1B7E2-23731093-0"}
fpga -file H:/test/two/fpga_arm/fpga_arm.runs/impl_1/design_1_wrapper.bit
targets -set -nocase -filter {name =~"APU*"}
loadhw -hw H:/test/two/fpga_arm/vitis/zc706_md/export/zc706_md/hw/design_1_wrapper.xsa -mem-ranges [list {0x40000000 0xbfffffff}] -regs
configparams force-mem-access 1
targets -set -nocase -filter {name =~"APU*"}
source H:/test/two/fpga_arm/vitis/zc706_md_hdmi/_ide/psinit/ps7_init.tcl
ps7_init
ps7_post_config
targets -set -nocase -filter {name =~ "*A9*#0"}
dow H:/test/two/fpga_arm/vitis/zc706_md_hdmi/Debug/zc706_md_hdmi.elf
configparams force-mem-access 0
----------------End of Script----------------

09:36:03 INFO  : Context for processor 'ps7_cortexa9_0' is selected.
09:36:03 INFO  : 'con' command is executed.
09:36:03 INFO  : ----------------XSDB Script (After Launch)----------------
targets -set -nocase -filter {name =~ "*A9*#0"}
con
----------------End of Script----------------

09:36:03 INFO  : Launch script is exported to file 'H:\test\two\fpga_arm\vitis\zc706_md_hdmi_system\_ide\scripts\systemdebugger_zc706_md_hdmi_system_standalone.tcl'
09:36:36 INFO  : Disconnected from the channel tcfchan#5.
09:36:36 INFO  : Connected to target on host '127.0.0.1' and port '3121'.
09:36:36 INFO  : Jtag cable 'Digilent JTAG-SMT2 210251A1B7E2' is selected.
09:36:36 INFO  : 'jtag frequency' command is executed.
09:36:36 INFO  : Context for 'APU' is selected.
09:36:36 INFO  : System reset is completed.
09:36:39 INFO  : 'after 3000' command is executed.
09:36:39 INFO  : 'targets -set -filter {jtag_cable_name =~ "Digilent JTAG-SMT2 210251A1B7E2" && level==0 && jtag_device_ctx=="jsn-JTAG-SMT2-210251A1B7E2-23731093-0"}' command is executed.
09:36:47 INFO  : Device configured successfully with "H:/test/two/fpga_arm/fpga_arm.runs/impl_1/design_1_wrapper.bit"
09:36:47 INFO  : Context for 'APU' is selected.
09:36:47 INFO  : Hardware design and registers information is loaded from 'H:/test/two/fpga_arm/vitis/zc706_md/export/zc706_md/hw/design_1_wrapper.xsa'.
09:36:47 INFO  : 'configparams force-mem-access 1' command is executed.
09:36:47 INFO  : Context for 'APU' is selected.
09:36:47 INFO  : Sourcing of 'H:/test/two/fpga_arm/vitis/zc706_md_hdmi/_ide/psinit/ps7_init.tcl' is done.
09:36:49 INFO  : 'ps7_init' command is executed.
09:36:49 INFO  : 'ps7_post_config' command is executed.
09:36:49 INFO  : Context for processor 'ps7_cortexa9_0' is selected.
09:36:49 INFO  : The application 'H:/test/two/fpga_arm/vitis/zc706_md_hdmi/Debug/zc706_md_hdmi.elf' is downloaded to processor 'ps7_cortexa9_0'.
09:36:50 INFO  : 'configparams force-mem-access 0' command is executed.
09:36:50 INFO  : ----------------XSDB Script----------------
connect -url tcp:127.0.0.1:3121
targets -set -nocase -filter {name =~"APU*"}
rst -system
after 3000
targets -set -filter {jtag_cable_name =~ "Digilent JTAG-SMT2 210251A1B7E2" && level==0 && jtag_device_ctx=="jsn-JTAG-SMT2-210251A1B7E2-23731093-0"}
fpga -file H:/test/two/fpga_arm/fpga_arm.runs/impl_1/design_1_wrapper.bit
targets -set -nocase -filter {name =~"APU*"}
loadhw -hw H:/test/two/fpga_arm/vitis/zc706_md/export/zc706_md/hw/design_1_wrapper.xsa -mem-ranges [list {0x40000000 0xbfffffff}] -regs
configparams force-mem-access 1
targets -set -nocase -filter {name =~"APU*"}
source H:/test/two/fpga_arm/vitis/zc706_md_hdmi/_ide/psinit/ps7_init.tcl
ps7_init
ps7_post_config
targets -set -nocase -filter {name =~ "*A9*#0"}
dow H:/test/two/fpga_arm/vitis/zc706_md_hdmi/Debug/zc706_md_hdmi.elf
configparams force-mem-access 0
----------------End of Script----------------

09:36:50 INFO  : Context for processor 'ps7_cortexa9_0' is selected.
09:36:50 INFO  : 'con' command is executed.
09:36:50 INFO  : ----------------XSDB Script (After Launch)----------------
targets -set -nocase -filter {name =~ "*A9*#0"}
con
----------------End of Script----------------

09:36:50 INFO  : Launch script is exported to file 'H:\test\two\fpga_arm\vitis\zc706_md_hdmi_system\_ide\scripts\systemdebugger_zc706_md_hdmi_system_standalone.tcl'
09:37:43 INFO  : Disconnected from the channel tcfchan#6.
09:37:43 INFO  : Connected to target on host '127.0.0.1' and port '3121'.
09:38:01 INFO  : ----------------XSDB Script----------------
connect -url tcp:127.0.0.1:3121
----------------End of Script----------------

09:38:01 ERROR : Could not find ARM device on the board for connection 'Local'.
Check if the target is in:
1. Split JTAG - No operations are possible with ARM DAP.
2. Non JTAG bootmode - Bootrom may need time to enable DAP.
Please try again.


Troubleshooting hints:
1. Check whether board is connected to system properly.
2. In case of zynq board, check whether Digilent/Xilinx cable switch settings are correct.
3. If you are using Xilinx Platform Cable USB, ensure that status LED is green.
09:38:20 INFO  : Connected to target on host '127.0.0.1' and port '3121'.
09:38:21 INFO  : Jtag cable 'Digilent JTAG-SMT2 210251A1B7E2' is selected.
09:38:21 INFO  : 'jtag frequency' command is executed.
09:38:21 INFO  : Context for 'APU' is selected.
09:38:21 INFO  : System reset is completed.
09:38:24 INFO  : 'after 3000' command is executed.
09:38:24 INFO  : 'targets -set -filter {jtag_cable_name =~ "Digilent JTAG-SMT2 210251A1B7E2" && level==0 && jtag_device_ctx=="jsn-JTAG-SMT2-210251A1B7E2-23731093-0"}' command is executed.
09:38:32 INFO  : Device configured successfully with "H:/test/two/fpga_arm/fpga_arm.runs/impl_1/design_1_wrapper.bit"
09:38:32 INFO  : Context for 'APU' is selected.
09:38:32 INFO  : Hardware design and registers information is loaded from 'H:/test/two/fpga_arm/vitis/zc706_md/export/zc706_md/hw/design_1_wrapper.xsa'.
09:38:32 INFO  : 'configparams force-mem-access 1' command is executed.
09:38:32 INFO  : Context for 'APU' is selected.
09:38:32 INFO  : Sourcing of 'H:/test/two/fpga_arm/vitis/zc706_md_hdmi/_ide/psinit/ps7_init.tcl' is done.
09:38:33 INFO  : 'ps7_init' command is executed.
09:38:34 INFO  : 'ps7_post_config' command is executed.
09:38:34 INFO  : Context for processor 'ps7_cortexa9_0' is selected.
09:38:34 INFO  : The application 'H:/test/two/fpga_arm/vitis/zc706_md_hdmi/Debug/zc706_md_hdmi.elf' is downloaded to processor 'ps7_cortexa9_0'.
09:38:34 INFO  : 'configparams force-mem-access 0' command is executed.
09:38:34 INFO  : ----------------XSDB Script----------------
connect -url tcp:127.0.0.1:3121
targets -set -nocase -filter {name =~"APU*"}
rst -system
after 3000
targets -set -filter {jtag_cable_name =~ "Digilent JTAG-SMT2 210251A1B7E2" && level==0 && jtag_device_ctx=="jsn-JTAG-SMT2-210251A1B7E2-23731093-0"}
fpga -file H:/test/two/fpga_arm/fpga_arm.runs/impl_1/design_1_wrapper.bit
targets -set -nocase -filter {name =~"APU*"}
loadhw -hw H:/test/two/fpga_arm/vitis/zc706_md/export/zc706_md/hw/design_1_wrapper.xsa -mem-ranges [list {0x40000000 0xbfffffff}] -regs
configparams force-mem-access 1
targets -set -nocase -filter {name =~"APU*"}
source H:/test/two/fpga_arm/vitis/zc706_md_hdmi/_ide/psinit/ps7_init.tcl
ps7_init
ps7_post_config
targets -set -nocase -filter {name =~ "*A9*#0"}
dow H:/test/two/fpga_arm/vitis/zc706_md_hdmi/Debug/zc706_md_hdmi.elf
configparams force-mem-access 0
----------------End of Script----------------

09:38:35 INFO  : Context for processor 'ps7_cortexa9_0' is selected.
09:38:35 INFO  : 'con' command is executed.
09:38:35 INFO  : ----------------XSDB Script (After Launch)----------------
targets -set -nocase -filter {name =~ "*A9*#0"}
con
----------------End of Script----------------

09:38:35 INFO  : Launch script is exported to file 'H:\test\two\fpga_arm\vitis\zc706_md_hdmi_system\_ide\scripts\systemdebugger_zc706_md_hdmi_system_standalone.tcl'
09:41:02 INFO  : Checking for BSP changes to sync application flags for project 'zc706_md_hdmi'...
09:41:12 INFO  : Disconnected from the channel tcfchan#7.
09:41:12 INFO  : Connected to target on host '127.0.0.1' and port '3121'.
09:41:12 INFO  : Jtag cable 'Digilent JTAG-SMT2 210251A1B7E2' is selected.
09:41:12 INFO  : 'jtag frequency' command is executed.
09:41:12 INFO  : Context for 'APU' is selected.
09:41:12 INFO  : System reset is completed.
09:41:15 INFO  : 'after 3000' command is executed.
09:41:16 INFO  : 'targets -set -filter {jtag_cable_name =~ "Digilent JTAG-SMT2 210251A1B7E2" && level==0 && jtag_device_ctx=="jsn-JTAG-SMT2-210251A1B7E2-23731093-0"}' command is executed.
09:41:23 INFO  : Device configured successfully with "H:/test/two/fpga_arm/fpga_arm.runs/impl_1/design_1_wrapper.bit"
09:41:23 INFO  : Context for 'APU' is selected.
09:41:23 INFO  : Hardware design and registers information is loaded from 'H:/test/two/fpga_arm/vitis/zc706_md/export/zc706_md/hw/design_1_wrapper.xsa'.
09:41:23 INFO  : 'configparams force-mem-access 1' command is executed.
09:41:23 INFO  : Context for 'APU' is selected.
09:41:23 INFO  : Sourcing of 'H:/test/two/fpga_arm/vitis/zc706_md_hdmi/_ide/psinit/ps7_init.tcl' is done.
09:41:25 INFO  : 'ps7_init' command is executed.
09:41:25 INFO  : 'ps7_post_config' command is executed.
09:41:25 INFO  : Context for processor 'ps7_cortexa9_0' is selected.
09:41:26 INFO  : The application 'H:/test/two/fpga_arm/vitis/zc706_md_hdmi/Debug/zc706_md_hdmi.elf' is downloaded to processor 'ps7_cortexa9_0'.
09:41:26 INFO  : 'configparams force-mem-access 0' command is executed.
09:41:26 INFO  : ----------------XSDB Script----------------
connect -url tcp:127.0.0.1:3121
targets -set -nocase -filter {name =~"APU*"}
rst -system
after 3000
targets -set -filter {jtag_cable_name =~ "Digilent JTAG-SMT2 210251A1B7E2" && level==0 && jtag_device_ctx=="jsn-JTAG-SMT2-210251A1B7E2-23731093-0"}
fpga -file H:/test/two/fpga_arm/fpga_arm.runs/impl_1/design_1_wrapper.bit
targets -set -nocase -filter {name =~"APU*"}
loadhw -hw H:/test/two/fpga_arm/vitis/zc706_md/export/zc706_md/hw/design_1_wrapper.xsa -mem-ranges [list {0x40000000 0xbfffffff}] -regs
configparams force-mem-access 1
targets -set -nocase -filter {name =~"APU*"}
source H:/test/two/fpga_arm/vitis/zc706_md_hdmi/_ide/psinit/ps7_init.tcl
ps7_init
ps7_post_config
targets -set -nocase -filter {name =~ "*A9*#0"}
dow H:/test/two/fpga_arm/vitis/zc706_md_hdmi/Debug/zc706_md_hdmi.elf
configparams force-mem-access 0
----------------End of Script----------------

09:41:26 INFO  : Context for processor 'ps7_cortexa9_0' is selected.
09:41:26 INFO  : 'con' command is executed.
09:41:26 INFO  : ----------------XSDB Script (After Launch)----------------
targets -set -nocase -filter {name =~ "*A9*#0"}
con
----------------End of Script----------------

09:41:26 INFO  : Launch script is exported to file 'H:\test\two\fpga_arm\vitis\zc706_md_hdmi_system\_ide\scripts\systemdebugger_zc706_md_hdmi_system_standalone.tcl'
09:41:46 INFO  : Disconnected from the channel tcfchan#8.
09:41:46 INFO  : Connected to target on host '127.0.0.1' and port '3121'.
09:41:55 INFO  : ----------------XSDB Script----------------
connect -url tcp:127.0.0.1:3121
----------------End of Script----------------

09:41:55 ERROR : Could not find ARM device on the board for connection 'Local'.
Check if the target is in:
1. Split JTAG - No operations are possible with ARM DAP.
2. Non JTAG bootmode - Bootrom may need time to enable DAP.
Please try again.


Troubleshooting hints:
1. Check whether board is connected to system properly.
2. In case of zynq board, check whether Digilent/Xilinx cable switch settings are correct.
3. If you are using Xilinx Platform Cable USB, ensure that status LED is green.
09:42:19 INFO  : Connected to target on host '127.0.0.1' and port '3121'.
09:42:20 INFO  : Jtag cable 'Digilent JTAG-SMT2 210251A1B7E2' is selected.
09:42:20 INFO  : 'jtag frequency' command is executed.
09:42:20 INFO  : Context for 'APU' is selected.
09:42:20 INFO  : System reset is completed.
09:42:23 INFO  : 'after 3000' command is executed.
09:42:23 INFO  : 'targets -set -filter {jtag_cable_name =~ "Digilent JTAG-SMT2 210251A1B7E2" && level==0 && jtag_device_ctx=="jsn-JTAG-SMT2-210251A1B7E2-23731093-0"}' command is executed.
09:42:31 INFO  : Device configured successfully with "H:/test/two/fpga_arm/fpga_arm.runs/impl_1/design_1_wrapper.bit"
09:42:31 INFO  : Context for 'APU' is selected.
09:42:31 INFO  : Hardware design and registers information is loaded from 'H:/test/two/fpga_arm/vitis/zc706_md/export/zc706_md/hw/design_1_wrapper.xsa'.
09:42:31 INFO  : 'configparams force-mem-access 1' command is executed.
09:42:31 INFO  : Context for 'APU' is selected.
09:42:31 INFO  : Sourcing of 'H:/test/two/fpga_arm/vitis/zc706_md_hdmi/_ide/psinit/ps7_init.tcl' is done.
09:42:33 INFO  : 'ps7_init' command is executed.
09:42:33 INFO  : 'ps7_post_config' command is executed.
09:42:33 INFO  : Context for processor 'ps7_cortexa9_0' is selected.
09:42:34 INFO  : The application 'H:/test/two/fpga_arm/vitis/zc706_md_hdmi/Debug/zc706_md_hdmi.elf' is downloaded to processor 'ps7_cortexa9_0'.
09:42:34 INFO  : 'configparams force-mem-access 0' command is executed.
09:42:34 INFO  : ----------------XSDB Script----------------
connect -url tcp:127.0.0.1:3121
targets -set -nocase -filter {name =~"APU*"}
rst -system
after 3000
targets -set -filter {jtag_cable_name =~ "Digilent JTAG-SMT2 210251A1B7E2" && level==0 && jtag_device_ctx=="jsn-JTAG-SMT2-210251A1B7E2-23731093-0"}
fpga -file H:/test/two/fpga_arm/fpga_arm.runs/impl_1/design_1_wrapper.bit
targets -set -nocase -filter {name =~"APU*"}
loadhw -hw H:/test/two/fpga_arm/vitis/zc706_md/export/zc706_md/hw/design_1_wrapper.xsa -mem-ranges [list {0x40000000 0xbfffffff}] -regs
configparams force-mem-access 1
targets -set -nocase -filter {name =~"APU*"}
source H:/test/two/fpga_arm/vitis/zc706_md_hdmi/_ide/psinit/ps7_init.tcl
ps7_init
ps7_post_config
targets -set -nocase -filter {name =~ "*A9*#0"}
dow H:/test/two/fpga_arm/vitis/zc706_md_hdmi/Debug/zc706_md_hdmi.elf
configparams force-mem-access 0
----------------End of Script----------------

09:42:34 INFO  : Context for processor 'ps7_cortexa9_0' is selected.
09:42:34 INFO  : 'con' command is executed.
09:42:34 INFO  : ----------------XSDB Script (After Launch)----------------
targets -set -nocase -filter {name =~ "*A9*#0"}
con
----------------End of Script----------------

09:42:34 INFO  : Launch script is exported to file 'H:\test\two\fpga_arm\vitis\zc706_md_hdmi_system\_ide\scripts\systemdebugger_zc706_md_hdmi_system_standalone.tcl'
09:42:53 INFO  : Checking for BSP changes to sync application flags for project 'zc706_md_hdmi'...
09:42:56 INFO  : Disconnected from the channel tcfchan#9.
09:42:56 INFO  : Connected to target on host '127.0.0.1' and port '3121'.
09:42:56 INFO  : Jtag cable 'Digilent JTAG-SMT2 210251A1B7E2' is selected.
09:42:56 INFO  : 'jtag frequency' command is executed.
09:42:56 INFO  : Context for 'APU' is selected.
09:42:56 INFO  : System reset is completed.
09:42:59 INFO  : 'after 3000' command is executed.
09:42:59 INFO  : 'targets -set -filter {jtag_cable_name =~ "Digilent JTAG-SMT2 210251A1B7E2" && level==0 && jtag_device_ctx=="jsn-JTAG-SMT2-210251A1B7E2-23731093-0"}' command is executed.
09:43:07 INFO  : Device configured successfully with "H:/test/two/fpga_arm/fpga_arm.runs/impl_1/design_1_wrapper.bit"
09:43:07 INFO  : Context for 'APU' is selected.
09:43:07 INFO  : Hardware design and registers information is loaded from 'H:/test/two/fpga_arm/vitis/zc706_md/export/zc706_md/hw/design_1_wrapper.xsa'.
09:43:07 INFO  : 'configparams force-mem-access 1' command is executed.
09:43:07 INFO  : Context for 'APU' is selected.
09:43:08 INFO  : Sourcing of 'H:/test/two/fpga_arm/vitis/zc706_md_hdmi/_ide/psinit/ps7_init.tcl' is done.
09:43:09 INFO  : 'ps7_init' command is executed.
09:43:09 INFO  : 'ps7_post_config' command is executed.
09:43:09 INFO  : Context for processor 'ps7_cortexa9_0' is selected.
09:43:10 INFO  : The application 'H:/test/two/fpga_arm/vitis/zc706_md_hdmi/Debug/zc706_md_hdmi.elf' is downloaded to processor 'ps7_cortexa9_0'.
09:43:10 INFO  : 'configparams force-mem-access 0' command is executed.
09:43:10 INFO  : ----------------XSDB Script----------------
connect -url tcp:127.0.0.1:3121
targets -set -nocase -filter {name =~"APU*"}
rst -system
after 3000
targets -set -filter {jtag_cable_name =~ "Digilent JTAG-SMT2 210251A1B7E2" && level==0 && jtag_device_ctx=="jsn-JTAG-SMT2-210251A1B7E2-23731093-0"}
fpga -file H:/test/two/fpga_arm/fpga_arm.runs/impl_1/design_1_wrapper.bit
targets -set -nocase -filter {name =~"APU*"}
loadhw -hw H:/test/two/fpga_arm/vitis/zc706_md/export/zc706_md/hw/design_1_wrapper.xsa -mem-ranges [list {0x40000000 0xbfffffff}] -regs
configparams force-mem-access 1
targets -set -nocase -filter {name =~"APU*"}
source H:/test/two/fpga_arm/vitis/zc706_md_hdmi/_ide/psinit/ps7_init.tcl
ps7_init
ps7_post_config
targets -set -nocase -filter {name =~ "*A9*#0"}
dow H:/test/two/fpga_arm/vitis/zc706_md_hdmi/Debug/zc706_md_hdmi.elf
configparams force-mem-access 0
----------------End of Script----------------

09:43:10 INFO  : Context for processor 'ps7_cortexa9_0' is selected.
09:43:10 INFO  : 'con' command is executed.
09:43:10 INFO  : ----------------XSDB Script (After Launch)----------------
targets -set -nocase -filter {name =~ "*A9*#0"}
con
----------------End of Script----------------

09:43:10 INFO  : Launch script is exported to file 'H:\test\two\fpga_arm\vitis\zc706_md_hdmi_system\_ide\scripts\systemdebugger_zc706_md_hdmi_system_standalone.tcl'
09:51:21 INFO  : Disconnected from the channel tcfchan#10.
09:51:21 INFO  : Connected to target on host '127.0.0.1' and port '3121'.
09:51:21 INFO  : Jtag cable 'Digilent JTAG-SMT2 210251A1B7E2' is selected.
09:51:21 INFO  : 'jtag frequency' command is executed.
09:51:21 INFO  : Context for 'APU' is selected.
09:51:21 INFO  : System reset is completed.
09:51:24 INFO  : 'after 3000' command is executed.
09:51:25 INFO  : 'targets -set -filter {jtag_cable_name =~ "Digilent JTAG-SMT2 210251A1B7E2" && level==0 && jtag_device_ctx=="jsn-JTAG-SMT2-210251A1B7E2-23731093-0"}' command is executed.
09:51:32 INFO  : Device configured successfully with "H:/test/two/fpga_arm/fpga_arm.runs/impl_1/design_1_wrapper.bit"
09:51:33 INFO  : Context for 'APU' is selected.
09:51:33 INFO  : Hardware design and registers information is loaded from 'H:/test/two/fpga_arm/vitis/zc706_md/export/zc706_md/hw/design_1_wrapper.xsa'.
09:51:33 INFO  : 'configparams force-mem-access 1' command is executed.
09:51:33 INFO  : Context for 'APU' is selected.
09:51:33 INFO  : Sourcing of 'H:/test/two/fpga_arm/vitis/zc706_md_hdmi/_ide/psinit/ps7_init.tcl' is done.
09:51:34 INFO  : 'ps7_init' command is executed.
09:51:34 INFO  : 'ps7_post_config' command is executed.
09:51:34 INFO  : Context for processor 'ps7_cortexa9_0' is selected.
09:51:34 INFO  : The application 'H:/test/two/fpga_arm/vitis/zc706_md_hdmi/Debug/zc706_md_hdmi.elf' is downloaded to processor 'ps7_cortexa9_0'.
09:51:34 INFO  : 'configparams force-mem-access 0' command is executed.
09:51:34 INFO  : ----------------XSDB Script----------------
connect -url tcp:127.0.0.1:3121
targets -set -nocase -filter {name =~"APU*"}
rst -system
after 3000
targets -set -filter {jtag_cable_name =~ "Digilent JTAG-SMT2 210251A1B7E2" && level==0 && jtag_device_ctx=="jsn-JTAG-SMT2-210251A1B7E2-23731093-0"}
fpga -file H:/test/two/fpga_arm/fpga_arm.runs/impl_1/design_1_wrapper.bit
targets -set -nocase -filter {name =~"APU*"}
loadhw -hw H:/test/two/fpga_arm/vitis/zc706_md/export/zc706_md/hw/design_1_wrapper.xsa -mem-ranges [list {0x40000000 0xbfffffff}] -regs
configparams force-mem-access 1
targets -set -nocase -filter {name =~"APU*"}
source H:/test/two/fpga_arm/vitis/zc706_md_hdmi/_ide/psinit/ps7_init.tcl
ps7_init
ps7_post_config
targets -set -nocase -filter {name =~ "*A9*#0"}
dow H:/test/two/fpga_arm/vitis/zc706_md_hdmi/Debug/zc706_md_hdmi.elf
configparams force-mem-access 0
----------------End of Script----------------

09:51:35 INFO  : Context for processor 'ps7_cortexa9_0' is selected.
09:51:35 INFO  : 'con' command is executed.
09:51:35 INFO  : ----------------XSDB Script (After Launch)----------------
targets -set -nocase -filter {name =~ "*A9*#0"}
con
----------------End of Script----------------

09:51:35 INFO  : Launch script is exported to file 'H:\test\two\fpga_arm\vitis\zc706_md_hdmi_system\_ide\scripts\systemdebugger_zc706_md_hdmi_system_standalone.tcl'
09:52:50 INFO  : Checking for BSP changes to sync application flags for project 'zc706_md_hdmi'...
09:52:54 INFO  : Disconnected from the channel tcfchan#11.
09:52:54 INFO  : Connected to target on host '127.0.0.1' and port '3121'.
09:52:54 INFO  : Jtag cable 'Digilent JTAG-SMT2 210251A1B7E2' is selected.
09:52:54 INFO  : 'jtag frequency' command is executed.
09:52:54 INFO  : Context for 'APU' is selected.
09:52:54 INFO  : System reset is completed.
09:52:57 INFO  : 'after 3000' command is executed.
09:52:58 INFO  : 'targets -set -filter {jtag_cable_name =~ "Digilent JTAG-SMT2 210251A1B7E2" && level==0 && jtag_device_ctx=="jsn-JTAG-SMT2-210251A1B7E2-23731093-0"}' command is executed.
09:53:05 INFO  : Device configured successfully with "H:/test/two/fpga_arm/fpga_arm.runs/impl_1/design_1_wrapper.bit"
09:53:05 INFO  : Context for 'APU' is selected.
09:53:06 INFO  : Hardware design and registers information is loaded from 'H:/test/two/fpga_arm/vitis/zc706_md/export/zc706_md/hw/design_1_wrapper.xsa'.
09:53:06 INFO  : 'configparams force-mem-access 1' command is executed.
09:53:06 INFO  : Context for 'APU' is selected.
09:53:06 INFO  : Sourcing of 'H:/test/two/fpga_arm/vitis/zc706_md_hdmi/_ide/psinit/ps7_init.tcl' is done.
09:53:07 INFO  : 'ps7_init' command is executed.
09:53:07 INFO  : 'ps7_post_config' command is executed.
09:53:07 INFO  : Context for processor 'ps7_cortexa9_0' is selected.
09:53:08 INFO  : The application 'H:/test/two/fpga_arm/vitis/zc706_md_hdmi/Debug/zc706_md_hdmi.elf' is downloaded to processor 'ps7_cortexa9_0'.
09:53:08 INFO  : 'configparams force-mem-access 0' command is executed.
09:53:08 INFO  : ----------------XSDB Script----------------
connect -url tcp:127.0.0.1:3121
targets -set -nocase -filter {name =~"APU*"}
rst -system
after 3000
targets -set -filter {jtag_cable_name =~ "Digilent JTAG-SMT2 210251A1B7E2" && level==0 && jtag_device_ctx=="jsn-JTAG-SMT2-210251A1B7E2-23731093-0"}
fpga -file H:/test/two/fpga_arm/fpga_arm.runs/impl_1/design_1_wrapper.bit
targets -set -nocase -filter {name =~"APU*"}
loadhw -hw H:/test/two/fpga_arm/vitis/zc706_md/export/zc706_md/hw/design_1_wrapper.xsa -mem-ranges [list {0x40000000 0xbfffffff}] -regs
configparams force-mem-access 1
targets -set -nocase -filter {name =~"APU*"}
source H:/test/two/fpga_arm/vitis/zc706_md_hdmi/_ide/psinit/ps7_init.tcl
ps7_init
ps7_post_config
targets -set -nocase -filter {name =~ "*A9*#0"}
dow H:/test/two/fpga_arm/vitis/zc706_md_hdmi/Debug/zc706_md_hdmi.elf
configparams force-mem-access 0
----------------End of Script----------------

09:53:09 INFO  : Context for processor 'ps7_cortexa9_0' is selected.
09:53:09 INFO  : 'con' command is executed.
09:53:09 INFO  : ----------------XSDB Script (After Launch)----------------
targets -set -nocase -filter {name =~ "*A9*#0"}
con
----------------End of Script----------------

09:53:09 INFO  : Launch script is exported to file 'H:\test\two\fpga_arm\vitis\zc706_md_hdmi_system\_ide\scripts\systemdebugger_zc706_md_hdmi_system_standalone.tcl'
10:00:27 INFO  : Checking for BSP changes to sync application flags for project 'zc706_md_hdmi'...
10:00:35 INFO  : Disconnected from the channel tcfchan#12.
10:00:35 INFO  : Connected to target on host '127.0.0.1' and port '3121'.
10:00:35 INFO  : Jtag cable 'Digilent JTAG-SMT2 210251A1B7E2' is selected.
10:00:35 INFO  : 'jtag frequency' command is executed.
10:00:38 INFO  : Context for 'APU' is selected.
10:00:38 INFO  : System reset is completed.
10:00:41 INFO  : 'after 3000' command is executed.
10:00:42 INFO  : 'targets -set -filter {jtag_cable_name =~ "Digilent JTAG-SMT2 210251A1B7E2" && level==0 && jtag_device_ctx=="jsn-JTAG-SMT2-210251A1B7E2-23731093-0"}' command is executed.
10:00:50 INFO  : Device configured successfully with "H:/test/two/fpga_arm/fpga_arm.runs/impl_1/design_1_wrapper.bit"
10:00:50 INFO  : Context for 'APU' is selected.
10:00:50 INFO  : Hardware design and registers information is loaded from 'H:/test/two/fpga_arm/vitis/zc706_md/export/zc706_md/hw/design_1_wrapper.xsa'.
10:00:50 INFO  : 'configparams force-mem-access 1' command is executed.
10:00:50 INFO  : Context for 'APU' is selected.
10:00:50 INFO  : Sourcing of 'H:/test/two/fpga_arm/vitis/zc706_md_hdmi/_ide/psinit/ps7_init.tcl' is done.
10:00:51 INFO  : 'ps7_init' command is executed.
10:00:51 INFO  : 'ps7_post_config' command is executed.
10:00:51 INFO  : Context for processor 'ps7_cortexa9_0' is selected.
10:00:52 INFO  : The application 'H:/test/two/fpga_arm/vitis/zc706_md_hdmi/Debug/zc706_md_hdmi.elf' is downloaded to processor 'ps7_cortexa9_0'.
10:00:52 INFO  : 'configparams force-mem-access 0' command is executed.
10:00:52 INFO  : ----------------XSDB Script----------------
connect -url tcp:127.0.0.1:3121
targets -set -nocase -filter {name =~"APU*"}
rst -system
after 3000
targets -set -filter {jtag_cable_name =~ "Digilent JTAG-SMT2 210251A1B7E2" && level==0 && jtag_device_ctx=="jsn-JTAG-SMT2-210251A1B7E2-23731093-0"}
fpga -file H:/test/two/fpga_arm/fpga_arm.runs/impl_1/design_1_wrapper.bit
targets -set -nocase -filter {name =~"APU*"}
loadhw -hw H:/test/two/fpga_arm/vitis/zc706_md/export/zc706_md/hw/design_1_wrapper.xsa -mem-ranges [list {0x40000000 0xbfffffff}] -regs
configparams force-mem-access 1
targets -set -nocase -filter {name =~"APU*"}
source H:/test/two/fpga_arm/vitis/zc706_md_hdmi/_ide/psinit/ps7_init.tcl
ps7_init
ps7_post_config
targets -set -nocase -filter {name =~ "*A9*#0"}
dow H:/test/two/fpga_arm/vitis/zc706_md_hdmi/Debug/zc706_md_hdmi.elf
configparams force-mem-access 0
----------------End of Script----------------

10:00:53 INFO  : Context for processor 'ps7_cortexa9_0' is selected.
10:00:53 INFO  : 'con' command is executed.
10:00:53 INFO  : ----------------XSDB Script (After Launch)----------------
targets -set -nocase -filter {name =~ "*A9*#0"}
con
----------------End of Script----------------

10:00:53 INFO  : Launch script is exported to file 'H:\test\two\fpga_arm\vitis\zc706_md_hdmi_system\_ide\scripts\systemdebugger_zc706_md_hdmi_system_standalone.tcl'
10:07:21 INFO  : Launching XSCT server: xsct.bat -n  -interactive H:\test\two\fpga_arm\vitis\temp_xsdb_launch_script.tcl
10:07:23 INFO  : XSCT server has started successfully.
10:07:23 INFO  : plnx-install-location is set to ''
10:07:23 INFO  : Successfully done setting XSCT server connection channel  
10:07:23 INFO  : Successfully done setting workspace for the tool. 
10:07:25 INFO  : Successfully done query RDI_DATADIR 
10:07:25 INFO  : Platform repository initialization has completed.
10:07:25 INFO  : Registering command handlers for Vitis TCF services
10:10:18 INFO  : Result from executing command 'getProjects': zc706_md
10:10:18 INFO  : Result from executing command 'getPlatforms': zc706_md|H:/test/two/fpga_arm/vitis/zc706_md/export/zc706_md/zc706_md.xpfm
10:10:18 INFO  : Checking for BSP changes to sync application flags for project 'zc706_md_hdmi'...
10:10:40 INFO  : Connected to target on host '127.0.0.1' and port '3121'.
10:10:40 INFO  : Jtag cable 'Digilent JTAG-SMT2 210251A1B7E2' is selected.
10:10:40 INFO  : 'jtag frequency' command is executed.
10:10:40 INFO  : Context for 'APU' is selected.
10:10:41 INFO  : System reset is completed.
10:10:44 INFO  : 'after 3000' command is executed.
10:10:44 INFO  : 'targets -set -filter {jtag_cable_name =~ "Digilent JTAG-SMT2 210251A1B7E2" && level==0 && jtag_device_ctx=="jsn-JTAG-SMT2-210251A1B7E2-23731093-0"}' command is executed.
10:10:52 INFO  : Device configured successfully with "H:/test/two/fpga_arm/fpga_arm.runs/impl_1/design_1_wrapper.bit"
10:10:52 INFO  : Context for 'APU' is selected.
10:10:52 INFO  : Hardware design and registers information is loaded from 'H:/test/two/fpga_arm/vitis/zc706_md/export/zc706_md/hw/design_1_wrapper.xsa'.
10:10:52 INFO  : 'configparams force-mem-access 1' command is executed.
10:10:52 INFO  : Context for 'APU' is selected.
10:10:53 INFO  : Sourcing of 'H:/test/two/fpga_arm/vitis/zc706_md_hdmi/_ide/psinit/ps7_init.tcl' is done.
10:10:54 INFO  : 'ps7_init' command is executed.
10:10:54 INFO  : 'ps7_post_config' command is executed.
10:10:54 INFO  : Context for processor 'ps7_cortexa9_0' is selected.
10:10:55 INFO  : The application 'H:/test/two/fpga_arm/vitis/zc706_md_hdmi/Debug/zc706_md_hdmi.elf' is downloaded to processor 'ps7_cortexa9_0'.
10:10:55 INFO  : 'configparams force-mem-access 0' command is executed.
10:10:55 INFO  : ----------------XSDB Script----------------
connect -url tcp:127.0.0.1:3121
targets -set -nocase -filter {name =~"APU*"}
rst -system
after 3000
targets -set -filter {jtag_cable_name =~ "Digilent JTAG-SMT2 210251A1B7E2" && level==0 && jtag_device_ctx=="jsn-JTAG-SMT2-210251A1B7E2-23731093-0"}
fpga -file H:/test/two/fpga_arm/fpga_arm.runs/impl_1/design_1_wrapper.bit
targets -set -nocase -filter {name =~"APU*"}
loadhw -hw H:/test/two/fpga_arm/vitis/zc706_md/export/zc706_md/hw/design_1_wrapper.xsa -mem-ranges [list {0x40000000 0xbfffffff}] -regs
configparams force-mem-access 1
targets -set -nocase -filter {name =~"APU*"}
source H:/test/two/fpga_arm/vitis/zc706_md_hdmi/_ide/psinit/ps7_init.tcl
ps7_init
ps7_post_config
targets -set -nocase -filter {name =~ "*A9*#0"}
dow H:/test/two/fpga_arm/vitis/zc706_md_hdmi/Debug/zc706_md_hdmi.elf
configparams force-mem-access 0
----------------End of Script----------------

10:10:56 INFO  : Context for processor 'ps7_cortexa9_0' is selected.
10:10:56 INFO  : 'con' command is executed.
10:10:56 INFO  : ----------------XSDB Script (After Launch)----------------
targets -set -nocase -filter {name =~ "*A9*#0"}
con
----------------End of Script----------------

10:10:56 INFO  : Launch script is exported to file 'H:\test\two\fpga_arm\vitis\zc706_md_hdmi_system\_ide\scripts\systemdebugger_zc706_md_hdmi_system_standalone.tcl'
10:13:55 INFO  : Checking for BSP changes to sync application flags for project 'zc706_md_hdmi'...
10:14:12 INFO  : Disconnected from the channel tcfchan#2.
10:14:12 INFO  : Connected to target on host '127.0.0.1' and port '3121'.
10:14:13 INFO  : Jtag cable 'Digilent JTAG-SMT2 210251A1B7E2' is selected.
10:14:13 INFO  : 'jtag frequency' command is executed.
10:14:13 INFO  : Context for 'APU' is selected.
10:14:13 INFO  : System reset is completed.
10:14:16 INFO  : 'after 3000' command is executed.
10:14:16 INFO  : 'targets -set -filter {jtag_cable_name =~ "Digilent JTAG-SMT2 210251A1B7E2" && level==0 && jtag_device_ctx=="jsn-JTAG-SMT2-210251A1B7E2-23731093-0"}' command is executed.
10:14:24 INFO  : Device configured successfully with "H:/test/two/fpga_arm/fpga_arm.runs/impl_1/design_1_wrapper.bit"
10:14:24 INFO  : Context for 'APU' is selected.
10:14:24 INFO  : Hardware design and registers information is loaded from 'H:/test/two/fpga_arm/vitis/zc706_md/export/zc706_md/hw/design_1_wrapper.xsa'.
10:14:24 INFO  : 'configparams force-mem-access 1' command is executed.
10:14:24 INFO  : Context for 'APU' is selected.
10:14:24 INFO  : Sourcing of 'H:/test/two/fpga_arm/vitis/zc706_md_hdmi/_ide/psinit/ps7_init.tcl' is done.
10:14:25 INFO  : 'ps7_init' command is executed.
10:14:25 INFO  : 'ps7_post_config' command is executed.
10:14:26 INFO  : Context for processor 'ps7_cortexa9_0' is selected.
10:14:26 INFO  : The application 'H:/test/two/fpga_arm/vitis/zc706_md_hdmi/Debug/zc706_md_hdmi.elf' is downloaded to processor 'ps7_cortexa9_0'.
10:14:26 INFO  : 'configparams force-mem-access 0' command is executed.
10:14:26 INFO  : ----------------XSDB Script----------------
connect -url tcp:127.0.0.1:3121
targets -set -nocase -filter {name =~"APU*"}
rst -system
after 3000
targets -set -filter {jtag_cable_name =~ "Digilent JTAG-SMT2 210251A1B7E2" && level==0 && jtag_device_ctx=="jsn-JTAG-SMT2-210251A1B7E2-23731093-0"}
fpga -file H:/test/two/fpga_arm/fpga_arm.runs/impl_1/design_1_wrapper.bit
targets -set -nocase -filter {name =~"APU*"}
loadhw -hw H:/test/two/fpga_arm/vitis/zc706_md/export/zc706_md/hw/design_1_wrapper.xsa -mem-ranges [list {0x40000000 0xbfffffff}] -regs
configparams force-mem-access 1
targets -set -nocase -filter {name =~"APU*"}
source H:/test/two/fpga_arm/vitis/zc706_md_hdmi/_ide/psinit/ps7_init.tcl
ps7_init
ps7_post_config
targets -set -nocase -filter {name =~ "*A9*#0"}
dow H:/test/two/fpga_arm/vitis/zc706_md_hdmi/Debug/zc706_md_hdmi.elf
configparams force-mem-access 0
----------------End of Script----------------

10:14:26 INFO  : Context for processor 'ps7_cortexa9_0' is selected.
10:14:27 INFO  : 'con' command is executed.
10:14:27 INFO  : ----------------XSDB Script (After Launch)----------------
targets -set -nocase -filter {name =~ "*A9*#0"}
con
----------------End of Script----------------

10:14:27 INFO  : Launch script is exported to file 'H:\test\two\fpga_arm\vitis\zc706_md_hdmi_system\_ide\scripts\systemdebugger_zc706_md_hdmi_system_standalone.tcl'
10:16:52 INFO  : Checking for BSP changes to sync application flags for project 'zc706_md_hdmi'...
10:16:59 INFO  : Checking for BSP changes to sync application flags for project 'zc706_md_hdmi'...
10:18:07 INFO  : Checking for BSP changes to sync application flags for project 'zc706_md_hdmi'...
10:18:11 INFO  : Disconnected from the channel tcfchan#4.
10:18:12 INFO  : Connected to target on host '127.0.0.1' and port '3121'.
10:18:14 INFO  : Jtag cable 'Digilent JTAG-SMT2 210251A1B7E2' is selected.
10:18:14 INFO  : 'jtag frequency' command is executed.
10:18:14 INFO  : Context for 'APU' is selected.
10:18:14 INFO  : System reset is completed.
10:18:17 INFO  : 'after 3000' command is executed.
10:18:17 INFO  : 'targets -set -filter {jtag_cable_name =~ "Digilent JTAG-SMT2 210251A1B7E2" && level==0 && jtag_device_ctx=="jsn-JTAG-SMT2-210251A1B7E2-23731093-0"}' command is executed.
10:18:25 INFO  : Device configured successfully with "H:/test/two/fpga_arm/fpga_arm.runs/impl_1/design_1_wrapper.bit"
10:18:25 INFO  : Context for 'APU' is selected.
10:18:25 INFO  : Hardware design and registers information is loaded from 'H:/test/two/fpga_arm/vitis/zc706_md/export/zc706_md/hw/design_1_wrapper.xsa'.
10:18:25 INFO  : 'configparams force-mem-access 1' command is executed.
10:18:25 INFO  : Context for 'APU' is selected.
10:18:25 INFO  : Sourcing of 'H:/test/two/fpga_arm/vitis/zc706_md_hdmi/_ide/psinit/ps7_init.tcl' is done.
10:18:27 INFO  : 'ps7_init' command is executed.
10:18:27 INFO  : 'ps7_post_config' command is executed.
10:18:27 INFO  : Context for processor 'ps7_cortexa9_0' is selected.
10:18:27 INFO  : The application 'H:/test/two/fpga_arm/vitis/zc706_md_hdmi/Debug/zc706_md_hdmi.elf' is downloaded to processor 'ps7_cortexa9_0'.
10:18:28 INFO  : 'configparams force-mem-access 0' command is executed.
10:18:28 INFO  : ----------------XSDB Script----------------
connect -url tcp:127.0.0.1:3121
targets -set -nocase -filter {name =~"APU*"}
rst -system
after 3000
targets -set -filter {jtag_cable_name =~ "Digilent JTAG-SMT2 210251A1B7E2" && level==0 && jtag_device_ctx=="jsn-JTAG-SMT2-210251A1B7E2-23731093-0"}
fpga -file H:/test/two/fpga_arm/fpga_arm.runs/impl_1/design_1_wrapper.bit
targets -set -nocase -filter {name =~"APU*"}
loadhw -hw H:/test/two/fpga_arm/vitis/zc706_md/export/zc706_md/hw/design_1_wrapper.xsa -mem-ranges [list {0x40000000 0xbfffffff}] -regs
configparams force-mem-access 1
targets -set -nocase -filter {name =~"APU*"}
source H:/test/two/fpga_arm/vitis/zc706_md_hdmi/_ide/psinit/ps7_init.tcl
ps7_init
ps7_post_config
targets -set -nocase -filter {name =~ "*A9*#0"}
dow H:/test/two/fpga_arm/vitis/zc706_md_hdmi/Debug/zc706_md_hdmi.elf
configparams force-mem-access 0
----------------End of Script----------------

10:18:28 INFO  : Context for processor 'ps7_cortexa9_0' is selected.
10:18:28 INFO  : 'con' command is executed.
10:18:28 INFO  : ----------------XSDB Script (After Launch)----------------
targets -set -nocase -filter {name =~ "*A9*#0"}
con
----------------End of Script----------------

10:18:28 INFO  : Launch script is exported to file 'H:\test\two\fpga_arm\vitis\zc706_md_hdmi_system\_ide\scripts\systemdebugger_zc706_md_hdmi_system_standalone.tcl'
10:20:42 INFO  : Disconnected from the channel tcfchan#6.
10:20:43 INFO  : Connected to target on host '127.0.0.1' and port '3121'.
10:20:43 INFO  : Jtag cable 'Digilent JTAG-SMT2 210251A1B7E2' is selected.
10:20:43 INFO  : 'jtag frequency' command is executed.
10:20:43 INFO  : Context for 'APU' is selected.
10:20:43 INFO  : System reset is completed.
10:20:46 INFO  : 'after 3000' command is executed.
10:20:47 INFO  : 'targets -set -filter {jtag_cable_name =~ "Digilent JTAG-SMT2 210251A1B7E2" && level==0 && jtag_device_ctx=="jsn-JTAG-SMT2-210251A1B7E2-23731093-0"}' command is executed.
10:20:54 INFO  : Device configured successfully with "H:/test/two/fpga_arm/fpga_arm.runs/impl_1/design_1_wrapper.bit"
10:20:54 INFO  : Context for 'APU' is selected.
10:20:54 INFO  : Hardware design and registers information is loaded from 'H:/test/two/fpga_arm/vitis/zc706_md/export/zc706_md/hw/design_1_wrapper.xsa'.
10:20:54 INFO  : 'configparams force-mem-access 1' command is executed.
10:20:54 INFO  : Context for 'APU' is selected.
10:20:54 INFO  : Sourcing of 'H:/test/two/fpga_arm/vitis/zc706_md_hdmi/_ide/psinit/ps7_init.tcl' is done.
10:20:56 INFO  : 'ps7_init' command is executed.
10:20:56 INFO  : 'ps7_post_config' command is executed.
10:20:56 INFO  : Context for processor 'ps7_cortexa9_0' is selected.
10:20:57 INFO  : The application 'H:/test/two/fpga_arm/vitis/zc706_md_hdmi/Debug/zc706_md_hdmi.elf' is downloaded to processor 'ps7_cortexa9_0'.
10:20:57 INFO  : 'configparams force-mem-access 0' command is executed.
10:20:57 INFO  : ----------------XSDB Script----------------
connect -url tcp:127.0.0.1:3121
targets -set -nocase -filter {name =~"APU*"}
rst -system
after 3000
targets -set -filter {jtag_cable_name =~ "Digilent JTAG-SMT2 210251A1B7E2" && level==0 && jtag_device_ctx=="jsn-JTAG-SMT2-210251A1B7E2-23731093-0"}
fpga -file H:/test/two/fpga_arm/fpga_arm.runs/impl_1/design_1_wrapper.bit
targets -set -nocase -filter {name =~"APU*"}
loadhw -hw H:/test/two/fpga_arm/vitis/zc706_md/export/zc706_md/hw/design_1_wrapper.xsa -mem-ranges [list {0x40000000 0xbfffffff}] -regs
configparams force-mem-access 1
targets -set -nocase -filter {name =~"APU*"}
source H:/test/two/fpga_arm/vitis/zc706_md_hdmi/_ide/psinit/ps7_init.tcl
ps7_init
ps7_post_config
targets -set -nocase -filter {name =~ "*A9*#0"}
dow H:/test/two/fpga_arm/vitis/zc706_md_hdmi/Debug/zc706_md_hdmi.elf
configparams force-mem-access 0
----------------End of Script----------------

10:20:57 INFO  : Context for processor 'ps7_cortexa9_0' is selected.
10:20:57 INFO  : 'con' command is executed.
10:20:57 INFO  : ----------------XSDB Script (After Launch)----------------
targets -set -nocase -filter {name =~ "*A9*#0"}
con
----------------End of Script----------------

10:20:57 INFO  : Launch script is exported to file 'H:\test\two\fpga_arm\vitis\zc706_md_hdmi_system\_ide\scripts\systemdebugger_zc706_md_hdmi_system_standalone.tcl'
10:21:43 INFO  : Disconnected from the channel tcfchan#7.
10:21:43 INFO  : Connected to target on host '127.0.0.1' and port '3121'.
10:21:45 INFO  : Jtag cable 'Digilent JTAG-SMT2 210251A1B7E2' is selected.
10:21:45 INFO  : 'jtag frequency' command is executed.
10:21:45 INFO  : Context for 'APU' is selected.
10:21:45 INFO  : System reset is completed.
10:21:48 INFO  : 'after 3000' command is executed.
10:21:48 INFO  : 'targets -set -filter {jtag_cable_name =~ "Digilent JTAG-SMT2 210251A1B7E2" && level==0 && jtag_device_ctx=="jsn-JTAG-SMT2-210251A1B7E2-23731093-0"}' command is executed.
10:21:56 INFO  : Device configured successfully with "H:/test/two/fpga_arm/fpga_arm.runs/impl_1/design_1_wrapper.bit"
10:21:56 INFO  : Context for 'APU' is selected.
10:21:56 INFO  : Hardware design and registers information is loaded from 'H:/test/two/fpga_arm/vitis/zc706_md/export/zc706_md/hw/design_1_wrapper.xsa'.
10:21:56 INFO  : 'configparams force-mem-access 1' command is executed.
10:21:56 INFO  : Context for 'APU' is selected.
10:21:56 INFO  : Sourcing of 'H:/test/two/fpga_arm/vitis/zc706_md_hdmi/_ide/psinit/ps7_init.tcl' is done.
10:21:58 INFO  : 'ps7_init' command is executed.
10:21:58 INFO  : 'ps7_post_config' command is executed.
10:21:58 INFO  : Context for processor 'ps7_cortexa9_0' is selected.
10:21:59 INFO  : The application 'H:/test/two/fpga_arm/vitis/zc706_md_hdmi/Debug/zc706_md_hdmi.elf' is downloaded to processor 'ps7_cortexa9_0'.
10:21:59 INFO  : 'configparams force-mem-access 0' command is executed.
10:21:59 INFO  : ----------------XSDB Script----------------
connect -url tcp:127.0.0.1:3121
targets -set -nocase -filter {name =~"APU*"}
rst -system
after 3000
targets -set -filter {jtag_cable_name =~ "Digilent JTAG-SMT2 210251A1B7E2" && level==0 && jtag_device_ctx=="jsn-JTAG-SMT2-210251A1B7E2-23731093-0"}
fpga -file H:/test/two/fpga_arm/fpga_arm.runs/impl_1/design_1_wrapper.bit
targets -set -nocase -filter {name =~"APU*"}
loadhw -hw H:/test/two/fpga_arm/vitis/zc706_md/export/zc706_md/hw/design_1_wrapper.xsa -mem-ranges [list {0x40000000 0xbfffffff}] -regs
configparams force-mem-access 1
targets -set -nocase -filter {name =~"APU*"}
source H:/test/two/fpga_arm/vitis/zc706_md_hdmi/_ide/psinit/ps7_init.tcl
ps7_init
ps7_post_config
targets -set -nocase -filter {name =~ "*A9*#0"}
dow H:/test/two/fpga_arm/vitis/zc706_md_hdmi/Debug/zc706_md_hdmi.elf
configparams force-mem-access 0
----------------End of Script----------------

10:21:59 INFO  : Context for processor 'ps7_cortexa9_0' is selected.
10:21:59 INFO  : 'con' command is executed.
10:21:59 INFO  : ----------------XSDB Script (After Launch)----------------
targets -set -nocase -filter {name =~ "*A9*#0"}
con
----------------End of Script----------------

10:21:59 INFO  : Launch script is exported to file 'H:\test\two\fpga_arm\vitis\zc706_md_hdmi_system\_ide\scripts\systemdebugger_zc706_md_hdmi_system_standalone.tcl'
10:22:38 INFO  : Disconnected from the channel tcfchan#8.
10:22:39 INFO  : Connected to target on host '127.0.0.1' and port '3121'.
10:22:39 INFO  : Jtag cable 'Digilent JTAG-SMT2 210251A1B7E2' is selected.
10:22:39 INFO  : 'jtag frequency' command is executed.
10:22:39 INFO  : Context for 'APU' is selected.
10:22:39 INFO  : System reset is completed.
10:22:42 INFO  : 'after 3000' command is executed.
10:22:42 INFO  : 'targets -set -filter {jtag_cable_name =~ "Digilent JTAG-SMT2 210251A1B7E2" && level==0 && jtag_device_ctx=="jsn-JTAG-SMT2-210251A1B7E2-23731093-0"}' command is executed.
10:22:50 INFO  : Device configured successfully with "H:/test/two/fpga_arm/fpga_arm.runs/impl_1/design_1_wrapper.bit"
10:22:51 INFO  : Context for 'APU' is selected.
10:22:51 INFO  : Hardware design and registers information is loaded from 'H:/test/two/fpga_arm/vitis/zc706_md/export/zc706_md/hw/design_1_wrapper.xsa'.
10:22:51 INFO  : 'configparams force-mem-access 1' command is executed.
10:22:51 INFO  : Context for 'APU' is selected.
10:22:51 INFO  : Sourcing of 'H:/test/two/fpga_arm/vitis/zc706_md_hdmi/_ide/psinit/ps7_init.tcl' is done.
10:22:51 ERROR : Memory read error at 0xF80001C4. Invalid DAP IDCODE ffffffff. Invalid DAP ACK value: 7
10:22:51 INFO  : ----------------XSDB Script----------------
connect -url tcp:127.0.0.1:3121
targets -set -nocase -filter {name =~"APU*"}
rst -system
after 3000
targets -set -filter {jtag_cable_name =~ "Digilent JTAG-SMT2 210251A1B7E2" && level==0 && jtag_device_ctx=="jsn-JTAG-SMT2-210251A1B7E2-23731093-0"}
fpga -file H:/test/two/fpga_arm/fpga_arm.runs/impl_1/design_1_wrapper.bit
targets -set -nocase -filter {name =~"APU*"}
loadhw -hw H:/test/two/fpga_arm/vitis/zc706_md/export/zc706_md/hw/design_1_wrapper.xsa -mem-ranges [list {0x40000000 0xbfffffff}] -regs
configparams force-mem-access 1
targets -set -nocase -filter {name =~"APU*"}
source H:/test/two/fpga_arm/vitis/zc706_md_hdmi/_ide/psinit/ps7_init.tcl
ps7_init
----------------End of Script----------------

10:22:51 ERROR : Memory read error at 0xF80001C4. Invalid DAP IDCODE ffffffff. Invalid DAP ACK value: 7
10:23:03 INFO  : Connected to target on host '127.0.0.1' and port '3121'.
10:23:04 INFO  : Jtag cable 'Digilent JTAG-SMT2 210251A1B7E2' is selected.
10:23:04 INFO  : 'jtag frequency' command is executed.
10:23:04 INFO  : Context for 'APU' is selected.
10:23:04 INFO  : System reset is completed.
10:23:07 INFO  : 'after 3000' command is executed.
10:23:09 ERROR : 'targets -set -filter {jtag_cable_name =~ "Digilent JTAG-SMT2 210251A1B7E2" && level==0 && jtag_device_ctx=="jsn-JTAG-SMT2-210251A1B7E2-23731093-0"}' is cancelled.
10:23:09 ERROR : Exception occured while running Program Device.
java.lang.RuntimeException: 'targets -set -filter {jtag_cable_name =~ "Digilent JTAG-SMT2 210251A1B7E2" && level==0 && jtag_device_ctx=="jsn-JTAG-SMT2-210251A1B7E2-23731093-0"}' is cancelled.
10:23:09 INFO  : ----------------XSDB Script----------------
connect -url tcp:127.0.0.1:3121
targets -set -nocase -filter {name =~"APU*"}
rst -system
after 3000
----------------End of Script----------------

10:23:09 ERROR : 'targets -set -filter {jtag_cable_name =~ "Digilent JTAG-SMT2 210251A1B7E2" && level==0 && jtag_device_ctx=="jsn-JTAG-SMT2-210251A1B7E2-23731093-0"}' is cancelled.
10:23:11 INFO  : Checking for BSP changes to sync application flags for project 'zc706_md_hdmi'...
10:23:15 INFO  : Connected to target on host '127.0.0.1' and port '3121'.
10:23:16 INFO  : Jtag cable 'Digilent JTAG-SMT2 210251A1B7E2' is selected.
10:23:16 INFO  : 'jtag frequency' command is executed.
10:23:16 INFO  : Context for 'APU' is selected.
10:23:16 INFO  : System reset is completed.
10:23:20 INFO  : 'after 3000' command is executed.
10:23:20 INFO  : 'targets -set -filter {jtag_cable_name =~ "Digilent JTAG-SMT2 210251A1B7E2" && level==0 && jtag_device_ctx=="jsn-JTAG-SMT2-210251A1B7E2-23731093-0"}' command is executed.
10:23:27 INFO  : Device configured successfully with "H:/test/two/fpga_arm/fpga_arm.runs/impl_1/design_1_wrapper.bit"
10:23:28 INFO  : Context for 'APU' is selected.
10:23:28 INFO  : Hardware design and registers information is loaded from 'H:/test/two/fpga_arm/vitis/zc706_md/export/zc706_md/hw/design_1_wrapper.xsa'.
10:23:28 INFO  : 'configparams force-mem-access 1' command is executed.
10:23:28 INFO  : Context for 'APU' is selected.
10:23:28 INFO  : Sourcing of 'H:/test/two/fpga_arm/vitis/zc706_md_hdmi/_ide/psinit/ps7_init.tcl' is done.
10:23:30 INFO  : 'ps7_init' command is executed.
10:23:30 INFO  : 'ps7_post_config' command is executed.
10:23:30 INFO  : Context for processor 'ps7_cortexa9_0' is selected.
10:23:31 INFO  : The application 'H:/test/two/fpga_arm/vitis/zc706_md_hdmi/Debug/zc706_md_hdmi.elf' is downloaded to processor 'ps7_cortexa9_0'.
10:23:31 INFO  : 'configparams force-mem-access 0' command is executed.
10:23:31 INFO  : ----------------XSDB Script----------------
connect -url tcp:127.0.0.1:3121
targets -set -nocase -filter {name =~"APU*"}
rst -system
after 3000
targets -set -filter {jtag_cable_name =~ "Digilent JTAG-SMT2 210251A1B7E2" && level==0 && jtag_device_ctx=="jsn-JTAG-SMT2-210251A1B7E2-23731093-0"}
fpga -file H:/test/two/fpga_arm/fpga_arm.runs/impl_1/design_1_wrapper.bit
targets -set -nocase -filter {name =~"APU*"}
loadhw -hw H:/test/two/fpga_arm/vitis/zc706_md/export/zc706_md/hw/design_1_wrapper.xsa -mem-ranges [list {0x40000000 0xbfffffff}] -regs
configparams force-mem-access 1
targets -set -nocase -filter {name =~"APU*"}
source H:/test/two/fpga_arm/vitis/zc706_md_hdmi/_ide/psinit/ps7_init.tcl
ps7_init
ps7_post_config
targets -set -nocase -filter {name =~ "*A9*#0"}
dow H:/test/two/fpga_arm/vitis/zc706_md_hdmi/Debug/zc706_md_hdmi.elf
configparams force-mem-access 0
----------------End of Script----------------

10:23:31 INFO  : Context for processor 'ps7_cortexa9_0' is selected.
10:23:32 INFO  : 'con' command is executed.
10:23:32 INFO  : ----------------XSDB Script (After Launch)----------------
targets -set -nocase -filter {name =~ "*A9*#0"}
con
----------------End of Script----------------

10:23:32 INFO  : Launch script is exported to file 'H:\test\two\fpga_arm\vitis\zc706_md_hdmi_system\_ide\scripts\systemdebugger_zc706_md_hdmi_system_standalone.tcl'
10:24:05 INFO  : Checking for BSP changes to sync application flags for project 'zc706_md_hdmi'...
10:24:11 INFO  : Checking for BSP changes to sync application flags for project 'zc706_md_hdmi'...
10:24:22 INFO  : Disconnected from the channel tcfchan#9.
10:24:22 INFO  : Connected to target on host '127.0.0.1' and port '3121'.
10:24:31 INFO  : ----------------XSDB Script----------------
connect -url tcp:127.0.0.1:3121
----------------End of Script----------------

10:24:31 ERROR : Could not find ARM device on the board for connection 'Local'.
Check if the target is in:
1. Split JTAG - No operations are possible with ARM DAP.
2. Non JTAG bootmode - Bootrom may need time to enable DAP.
Please try again.


Troubleshooting hints:
1. Check whether board is connected to system properly.
2. In case of zynq board, check whether Digilent/Xilinx cable switch settings are correct.
3. If you are using Xilinx Platform Cable USB, ensure that status LED is green.
10:24:36 INFO  : Connected to target on host '127.0.0.1' and port '3121'.
10:24:37 INFO  : Jtag cable 'Digilent JTAG-SMT2 210251A1B7E2' is selected.
10:24:37 INFO  : 'jtag frequency' command is executed.
10:24:37 INFO  : Context for 'APU' is selected.
10:24:37 INFO  : System reset is completed.
10:24:40 INFO  : 'after 3000' command is executed.
10:24:40 INFO  : 'targets -set -filter {jtag_cable_name =~ "Digilent JTAG-SMT2 210251A1B7E2" && level==0 && jtag_device_ctx=="jsn-JTAG-SMT2-210251A1B7E2-23731093-0"}' command is executed.
10:24:48 INFO  : Device configured successfully with "H:/test/two/fpga_arm/fpga_arm.runs/impl_1/design_1_wrapper.bit"
10:24:48 INFO  : Context for 'APU' is selected.
10:24:48 INFO  : Hardware design and registers information is loaded from 'H:/test/two/fpga_arm/vitis/zc706_md/export/zc706_md/hw/design_1_wrapper.xsa'.
10:24:48 INFO  : 'configparams force-mem-access 1' command is executed.
10:24:48 INFO  : Context for 'APU' is selected.
10:24:48 INFO  : Sourcing of 'H:/test/two/fpga_arm/vitis/zc706_md_hdmi/_ide/psinit/ps7_init.tcl' is done.
10:24:51 INFO  : 'ps7_init' command is executed.
10:24:51 INFO  : 'ps7_post_config' command is executed.
10:24:51 INFO  : Context for processor 'ps7_cortexa9_0' is selected.
10:24:51 INFO  : The application 'H:/test/two/fpga_arm/vitis/zc706_md_hdmi/Debug/zc706_md_hdmi.elf' is downloaded to processor 'ps7_cortexa9_0'.
10:24:52 INFO  : 'configparams force-mem-access 0' command is executed.
10:24:52 INFO  : ----------------XSDB Script----------------
connect -url tcp:127.0.0.1:3121
targets -set -nocase -filter {name =~"APU*"}
rst -system
after 3000
targets -set -filter {jtag_cable_name =~ "Digilent JTAG-SMT2 210251A1B7E2" && level==0 && jtag_device_ctx=="jsn-JTAG-SMT2-210251A1B7E2-23731093-0"}
fpga -file H:/test/two/fpga_arm/fpga_arm.runs/impl_1/design_1_wrapper.bit
targets -set -nocase -filter {name =~"APU*"}
loadhw -hw H:/test/two/fpga_arm/vitis/zc706_md/export/zc706_md/hw/design_1_wrapper.xsa -mem-ranges [list {0x40000000 0xbfffffff}] -regs
configparams force-mem-access 1
targets -set -nocase -filter {name =~"APU*"}
source H:/test/two/fpga_arm/vitis/zc706_md_hdmi/_ide/psinit/ps7_init.tcl
ps7_init
ps7_post_config
targets -set -nocase -filter {name =~ "*A9*#0"}
dow H:/test/two/fpga_arm/vitis/zc706_md_hdmi/Debug/zc706_md_hdmi.elf
configparams force-mem-access 0
----------------End of Script----------------

10:24:52 INFO  : Context for processor 'ps7_cortexa9_0' is selected.
10:24:52 INFO  : 'con' command is executed.
10:24:52 INFO  : ----------------XSDB Script (After Launch)----------------
targets -set -nocase -filter {name =~ "*A9*#0"}
con
----------------End of Script----------------

10:24:52 INFO  : Launch script is exported to file 'H:\test\two\fpga_arm\vitis\zc706_md_hdmi_system\_ide\scripts\systemdebugger_zc706_md_hdmi_system_standalone.tcl'
10:30:28 INFO  : Checking for BSP changes to sync application flags for project 'zc706_md_hdmi'...
10:30:35 INFO  : Disconnected from the channel tcfchan#11.
10:30:35 INFO  : Connected to target on host '127.0.0.1' and port '3121'.
10:30:35 INFO  : Jtag cable 'Digilent JTAG-SMT2 210251A1B7E2' is selected.
10:30:35 INFO  : 'jtag frequency' command is executed.
10:30:35 INFO  : Context for 'APU' is selected.
10:30:35 INFO  : System reset is completed.
10:30:38 INFO  : 'after 3000' command is executed.
10:30:39 INFO  : 'targets -set -filter {jtag_cable_name =~ "Digilent JTAG-SMT2 210251A1B7E2" && level==0 && jtag_device_ctx=="jsn-JTAG-SMT2-210251A1B7E2-23731093-0"}' command is executed.
10:30:46 INFO  : Device configured successfully with "H:/test/two/fpga_arm/fpga_arm.runs/impl_1/design_1_wrapper.bit"
10:30:47 INFO  : Context for 'APU' is selected.
10:30:47 INFO  : Hardware design and registers information is loaded from 'H:/test/two/fpga_arm/vitis/zc706_md/export/zc706_md/hw/design_1_wrapper.xsa'.
10:30:47 INFO  : 'configparams force-mem-access 1' command is executed.
10:30:47 INFO  : Context for 'APU' is selected.
10:30:47 INFO  : Sourcing of 'H:/test/two/fpga_arm/vitis/zc706_md_hdmi/_ide/psinit/ps7_init.tcl' is done.
10:30:49 INFO  : 'ps7_init' command is executed.
10:30:49 INFO  : 'ps7_post_config' command is executed.
10:30:49 INFO  : Context for processor 'ps7_cortexa9_0' is selected.
10:30:50 INFO  : The application 'H:/test/two/fpga_arm/vitis/zc706_md_hdmi/Debug/zc706_md_hdmi.elf' is downloaded to processor 'ps7_cortexa9_0'.
10:30:50 INFO  : 'configparams force-mem-access 0' command is executed.
10:30:50 INFO  : ----------------XSDB Script----------------
connect -url tcp:127.0.0.1:3121
targets -set -nocase -filter {name =~"APU*"}
rst -system
after 3000
targets -set -filter {jtag_cable_name =~ "Digilent JTAG-SMT2 210251A1B7E2" && level==0 && jtag_device_ctx=="jsn-JTAG-SMT2-210251A1B7E2-23731093-0"}
fpga -file H:/test/two/fpga_arm/fpga_arm.runs/impl_1/design_1_wrapper.bit
targets -set -nocase -filter {name =~"APU*"}
loadhw -hw H:/test/two/fpga_arm/vitis/zc706_md/export/zc706_md/hw/design_1_wrapper.xsa -mem-ranges [list {0x40000000 0xbfffffff}] -regs
configparams force-mem-access 1
targets -set -nocase -filter {name =~"APU*"}
source H:/test/two/fpga_arm/vitis/zc706_md_hdmi/_ide/psinit/ps7_init.tcl
ps7_init
ps7_post_config
targets -set -nocase -filter {name =~ "*A9*#0"}
dow H:/test/two/fpga_arm/vitis/zc706_md_hdmi/Debug/zc706_md_hdmi.elf
configparams force-mem-access 0
----------------End of Script----------------

10:30:50 INFO  : Context for processor 'ps7_cortexa9_0' is selected.
10:30:50 INFO  : 'con' command is executed.
10:30:50 INFO  : ----------------XSDB Script (After Launch)----------------
targets -set -nocase -filter {name =~ "*A9*#0"}
con
----------------End of Script----------------

10:30:50 INFO  : Launch script is exported to file 'H:\test\two\fpga_arm\vitis\zc706_md_hdmi_system\_ide\scripts\systemdebugger_zc706_md_hdmi_system_standalone.tcl'
10:32:51 INFO  : Checking for BSP changes to sync application flags for project 'zc706_md_hdmi'...
10:33:03 INFO  : Disconnected from the channel tcfchan#12.
10:33:03 INFO  : Connected to target on host '127.0.0.1' and port '3121'.
10:33:03 INFO  : Jtag cable 'Digilent JTAG-SMT2 210251A1B7E2' is selected.
10:33:03 INFO  : 'jtag frequency' command is executed.
10:33:03 INFO  : Context for 'APU' is selected.
10:33:03 INFO  : System reset is completed.
10:33:06 INFO  : 'after 3000' command is executed.
10:33:07 INFO  : 'targets -set -filter {jtag_cable_name =~ "Digilent JTAG-SMT2 210251A1B7E2" && level==0 && jtag_device_ctx=="jsn-JTAG-SMT2-210251A1B7E2-23731093-0"}' command is executed.
10:33:14 INFO  : Device configured successfully with "H:/test/two/fpga_arm/fpga_arm.runs/impl_1/design_1_wrapper.bit"
10:33:15 INFO  : Context for 'APU' is selected.
10:33:15 INFO  : Hardware design and registers information is loaded from 'H:/test/two/fpga_arm/vitis/zc706_md/export/zc706_md/hw/design_1_wrapper.xsa'.
10:33:15 INFO  : 'configparams force-mem-access 1' command is executed.
10:33:15 INFO  : Context for 'APU' is selected.
10:33:15 INFO  : Sourcing of 'H:/test/two/fpga_arm/vitis/zc706_md_hdmi/_ide/psinit/ps7_init.tcl' is done.
10:33:16 INFO  : 'ps7_init' command is executed.
10:33:17 INFO  : 'ps7_post_config' command is executed.
10:33:17 INFO  : Context for processor 'ps7_cortexa9_0' is selected.
10:33:17 INFO  : The application 'H:/test/two/fpga_arm/vitis/zc706_md_hdmi/Debug/zc706_md_hdmi.elf' is downloaded to processor 'ps7_cortexa9_0'.
10:33:18 INFO  : 'configparams force-mem-access 0' command is executed.
10:33:18 INFO  : ----------------XSDB Script----------------
connect -url tcp:127.0.0.1:3121
targets -set -nocase -filter {name =~"APU*"}
rst -system
after 3000
targets -set -filter {jtag_cable_name =~ "Digilent JTAG-SMT2 210251A1B7E2" && level==0 && jtag_device_ctx=="jsn-JTAG-SMT2-210251A1B7E2-23731093-0"}
fpga -file H:/test/two/fpga_arm/fpga_arm.runs/impl_1/design_1_wrapper.bit
targets -set -nocase -filter {name =~"APU*"}
loadhw -hw H:/test/two/fpga_arm/vitis/zc706_md/export/zc706_md/hw/design_1_wrapper.xsa -mem-ranges [list {0x40000000 0xbfffffff}] -regs
configparams force-mem-access 1
targets -set -nocase -filter {name =~"APU*"}
source H:/test/two/fpga_arm/vitis/zc706_md_hdmi/_ide/psinit/ps7_init.tcl
ps7_init
ps7_post_config
targets -set -nocase -filter {name =~ "*A9*#0"}
dow H:/test/two/fpga_arm/vitis/zc706_md_hdmi/Debug/zc706_md_hdmi.elf
configparams force-mem-access 0
----------------End of Script----------------

10:33:18 INFO  : Context for processor 'ps7_cortexa9_0' is selected.
10:33:18 INFO  : 'con' command is executed.
10:33:18 INFO  : ----------------XSDB Script (After Launch)----------------
targets -set -nocase -filter {name =~ "*A9*#0"}
con
----------------End of Script----------------

10:33:18 INFO  : Launch script is exported to file 'H:\test\two\fpga_arm\vitis\zc706_md_hdmi_system\_ide\scripts\systemdebugger_zc706_md_hdmi_system_standalone.tcl'
10:44:29 INFO  : Checking for BSP changes to sync application flags for project 'zc706_md_hdmi'...
10:44:32 INFO  : Disconnected from the channel tcfchan#13.
10:44:33 INFO  : Connected to target on host '127.0.0.1' and port '3121'.
10:44:33 INFO  : Jtag cable 'Digilent JTAG-SMT2 210251A1B7E2' is selected.
10:44:33 INFO  : 'jtag frequency' command is executed.
10:44:33 INFO  : Context for 'APU' is selected.
10:44:33 INFO  : System reset is completed.
10:44:36 INFO  : 'after 3000' command is executed.
10:44:36 INFO  : 'targets -set -filter {jtag_cable_name =~ "Digilent JTAG-SMT2 210251A1B7E2" && level==0 && jtag_device_ctx=="jsn-JTAG-SMT2-210251A1B7E2-23731093-0"}' command is executed.
10:44:44 INFO  : Device configured successfully with "H:/test/two/fpga_arm/fpga_arm.runs/impl_1/design_1_wrapper.bit"
10:44:44 INFO  : Context for 'APU' is selected.
10:44:44 INFO  : Hardware design and registers information is loaded from 'H:/test/two/fpga_arm/vitis/zc706_md/export/zc706_md/hw/design_1_wrapper.xsa'.
10:44:44 INFO  : 'configparams force-mem-access 1' command is executed.
10:44:44 INFO  : Context for 'APU' is selected.
10:44:44 INFO  : Sourcing of 'H:/test/two/fpga_arm/vitis/zc706_md_hdmi/_ide/psinit/ps7_init.tcl' is done.
10:44:46 INFO  : 'ps7_init' command is executed.
10:44:46 INFO  : 'ps7_post_config' command is executed.
10:44:46 INFO  : Context for processor 'ps7_cortexa9_0' is selected.
10:44:47 INFO  : The application 'H:/test/two/fpga_arm/vitis/zc706_md_hdmi/Debug/zc706_md_hdmi.elf' is downloaded to processor 'ps7_cortexa9_0'.
10:44:47 INFO  : 'configparams force-mem-access 0' command is executed.
10:44:47 INFO  : ----------------XSDB Script----------------
connect -url tcp:127.0.0.1:3121
targets -set -nocase -filter {name =~"APU*"}
rst -system
after 3000
targets -set -filter {jtag_cable_name =~ "Digilent JTAG-SMT2 210251A1B7E2" && level==0 && jtag_device_ctx=="jsn-JTAG-SMT2-210251A1B7E2-23731093-0"}
fpga -file H:/test/two/fpga_arm/fpga_arm.runs/impl_1/design_1_wrapper.bit
targets -set -nocase -filter {name =~"APU*"}
loadhw -hw H:/test/two/fpga_arm/vitis/zc706_md/export/zc706_md/hw/design_1_wrapper.xsa -mem-ranges [list {0x40000000 0xbfffffff}] -regs
configparams force-mem-access 1
targets -set -nocase -filter {name =~"APU*"}
source H:/test/two/fpga_arm/vitis/zc706_md_hdmi/_ide/psinit/ps7_init.tcl
ps7_init
ps7_post_config
targets -set -nocase -filter {name =~ "*A9*#0"}
dow H:/test/two/fpga_arm/vitis/zc706_md_hdmi/Debug/zc706_md_hdmi.elf
configparams force-mem-access 0
----------------End of Script----------------

10:44:47 INFO  : Context for processor 'ps7_cortexa9_0' is selected.
10:44:48 INFO  : 'con' command is executed.
10:44:48 INFO  : ----------------XSDB Script (After Launch)----------------
targets -set -nocase -filter {name =~ "*A9*#0"}
con
----------------End of Script----------------

10:44:48 INFO  : Launch script is exported to file 'H:\test\two\fpga_arm\vitis\zc706_md_hdmi_system\_ide\scripts\systemdebugger_zc706_md_hdmi_system_standalone.tcl'
10:46:31 INFO  : Checking for BSP changes to sync application flags for project 'zc706_md_hdmi'...
10:46:36 INFO  : Disconnected from the channel tcfchan#14.
10:46:36 INFO  : Connected to target on host '127.0.0.1' and port '3121'.
10:46:36 INFO  : Jtag cable 'Digilent JTAG-SMT2 210251A1B7E2' is selected.
10:46:36 INFO  : 'jtag frequency' command is executed.
10:46:36 INFO  : Context for 'APU' is selected.
10:46:36 INFO  : System reset is completed.
10:46:39 INFO  : 'after 3000' command is executed.
10:46:40 INFO  : 'targets -set -filter {jtag_cable_name =~ "Digilent JTAG-SMT2 210251A1B7E2" && level==0 && jtag_device_ctx=="jsn-JTAG-SMT2-210251A1B7E2-23731093-0"}' command is executed.
10:46:47 INFO  : Device configured successfully with "H:/test/two/fpga_arm/fpga_arm.runs/impl_1/design_1_wrapper.bit"
10:46:47 INFO  : Context for 'APU' is selected.
10:46:47 INFO  : Hardware design and registers information is loaded from 'H:/test/two/fpga_arm/vitis/zc706_md/export/zc706_md/hw/design_1_wrapper.xsa'.
10:46:47 INFO  : 'configparams force-mem-access 1' command is executed.
10:46:47 INFO  : Context for 'APU' is selected.
10:46:48 INFO  : Sourcing of 'H:/test/two/fpga_arm/vitis/zc706_md_hdmi/_ide/psinit/ps7_init.tcl' is done.
10:46:49 INFO  : 'ps7_init' command is executed.
10:46:49 INFO  : 'ps7_post_config' command is executed.
10:46:49 INFO  : Context for processor 'ps7_cortexa9_0' is selected.
10:46:50 INFO  : The application 'H:/test/two/fpga_arm/vitis/zc706_md_hdmi/Debug/zc706_md_hdmi.elf' is downloaded to processor 'ps7_cortexa9_0'.
10:46:50 INFO  : 'configparams force-mem-access 0' command is executed.
10:46:50 INFO  : ----------------XSDB Script----------------
connect -url tcp:127.0.0.1:3121
targets -set -nocase -filter {name =~"APU*"}
rst -system
after 3000
targets -set -filter {jtag_cable_name =~ "Digilent JTAG-SMT2 210251A1B7E2" && level==0 && jtag_device_ctx=="jsn-JTAG-SMT2-210251A1B7E2-23731093-0"}
fpga -file H:/test/two/fpga_arm/fpga_arm.runs/impl_1/design_1_wrapper.bit
targets -set -nocase -filter {name =~"APU*"}
loadhw -hw H:/test/two/fpga_arm/vitis/zc706_md/export/zc706_md/hw/design_1_wrapper.xsa -mem-ranges [list {0x40000000 0xbfffffff}] -regs
configparams force-mem-access 1
targets -set -nocase -filter {name =~"APU*"}
source H:/test/two/fpga_arm/vitis/zc706_md_hdmi/_ide/psinit/ps7_init.tcl
ps7_init
ps7_post_config
targets -set -nocase -filter {name =~ "*A9*#0"}
dow H:/test/two/fpga_arm/vitis/zc706_md_hdmi/Debug/zc706_md_hdmi.elf
configparams force-mem-access 0
----------------End of Script----------------

10:46:50 INFO  : Context for processor 'ps7_cortexa9_0' is selected.
10:46:51 INFO  : 'con' command is executed.
10:46:51 INFO  : ----------------XSDB Script (After Launch)----------------
targets -set -nocase -filter {name =~ "*A9*#0"}
con
----------------End of Script----------------

10:46:51 INFO  : Launch script is exported to file 'H:\test\two\fpga_arm\vitis\zc706_md_hdmi_system\_ide\scripts\systemdebugger_zc706_md_hdmi_system_standalone.tcl'
10:48:34 INFO  : Checking for BSP changes to sync application flags for project 'zc706_md_hdmi'...
10:48:39 INFO  : Disconnected from the channel tcfchan#15.
10:48:39 INFO  : Connected to target on host '127.0.0.1' and port '3121'.
10:48:39 INFO  : Jtag cable 'Digilent JTAG-SMT2 210251A1B7E2' is selected.
10:48:39 INFO  : 'jtag frequency' command is executed.
10:48:39 INFO  : Context for 'APU' is selected.
10:48:39 INFO  : System reset is completed.
10:48:42 INFO  : 'after 3000' command is executed.
10:48:42 INFO  : 'targets -set -filter {jtag_cable_name =~ "Digilent JTAG-SMT2 210251A1B7E2" && level==0 && jtag_device_ctx=="jsn-JTAG-SMT2-210251A1B7E2-23731093-0"}' command is executed.
10:48:50 INFO  : Device configured successfully with "H:/test/two/fpga_arm/fpga_arm.runs/impl_1/design_1_wrapper.bit"
10:48:51 INFO  : Context for 'APU' is selected.
10:48:51 INFO  : Hardware design and registers information is loaded from 'H:/test/two/fpga_arm/vitis/zc706_md/export/zc706_md/hw/design_1_wrapper.xsa'.
10:48:51 INFO  : 'configparams force-mem-access 1' command is executed.
10:48:51 INFO  : Context for 'APU' is selected.
10:48:51 INFO  : Sourcing of 'H:/test/two/fpga_arm/vitis/zc706_md_hdmi/_ide/psinit/ps7_init.tcl' is done.
10:48:52 INFO  : 'ps7_init' command is executed.
10:48:52 INFO  : 'ps7_post_config' command is executed.
10:48:52 INFO  : Context for processor 'ps7_cortexa9_0' is selected.
10:48:53 INFO  : The application 'H:/test/two/fpga_arm/vitis/zc706_md_hdmi/Debug/zc706_md_hdmi.elf' is downloaded to processor 'ps7_cortexa9_0'.
10:48:53 INFO  : 'configparams force-mem-access 0' command is executed.
10:48:53 INFO  : ----------------XSDB Script----------------
connect -url tcp:127.0.0.1:3121
targets -set -nocase -filter {name =~"APU*"}
rst -system
after 3000
targets -set -filter {jtag_cable_name =~ "Digilent JTAG-SMT2 210251A1B7E2" && level==0 && jtag_device_ctx=="jsn-JTAG-SMT2-210251A1B7E2-23731093-0"}
fpga -file H:/test/two/fpga_arm/fpga_arm.runs/impl_1/design_1_wrapper.bit
targets -set -nocase -filter {name =~"APU*"}
loadhw -hw H:/test/two/fpga_arm/vitis/zc706_md/export/zc706_md/hw/design_1_wrapper.xsa -mem-ranges [list {0x40000000 0xbfffffff}] -regs
configparams force-mem-access 1
targets -set -nocase -filter {name =~"APU*"}
source H:/test/two/fpga_arm/vitis/zc706_md_hdmi/_ide/psinit/ps7_init.tcl
ps7_init
ps7_post_config
targets -set -nocase -filter {name =~ "*A9*#0"}
dow H:/test/two/fpga_arm/vitis/zc706_md_hdmi/Debug/zc706_md_hdmi.elf
configparams force-mem-access 0
----------------End of Script----------------

10:48:54 INFO  : Context for processor 'ps7_cortexa9_0' is selected.
10:48:54 INFO  : 'con' command is executed.
10:48:54 INFO  : ----------------XSDB Script (After Launch)----------------
targets -set -nocase -filter {name =~ "*A9*#0"}
con
----------------End of Script----------------

10:48:54 INFO  : Launch script is exported to file 'H:\test\two\fpga_arm\vitis\zc706_md_hdmi_system\_ide\scripts\systemdebugger_zc706_md_hdmi_system_standalone.tcl'
10:50:23 INFO  : Disconnected from the channel tcfchan#16.
10:50:24 INFO  : Connected to target on host '127.0.0.1' and port '3121'.
10:50:24 INFO  : Jtag cable 'Digilent JTAG-SMT2 210251A1B7E2' is selected.
10:50:24 INFO  : 'jtag frequency' command is executed.
10:50:24 INFO  : Context for 'APU' is selected.
10:50:24 INFO  : System reset is completed.
10:50:27 INFO  : 'after 3000' command is executed.
10:50:27 INFO  : 'targets -set -filter {jtag_cable_name =~ "Digilent JTAG-SMT2 210251A1B7E2" && level==0 && jtag_device_ctx=="jsn-JTAG-SMT2-210251A1B7E2-23731093-0"}' command is executed.
10:50:35 INFO  : Device configured successfully with "H:/test/two/fpga_arm/fpga_arm.runs/impl_1/design_1_wrapper.bit"
10:50:35 INFO  : Context for 'APU' is selected.
10:50:35 INFO  : Hardware design and registers information is loaded from 'H:/test/two/fpga_arm/vitis/zc706_md/export/zc706_md/hw/design_1_wrapper.xsa'.
10:50:35 INFO  : 'configparams force-mem-access 1' command is executed.
10:50:35 INFO  : Context for 'APU' is selected.
10:50:35 INFO  : Sourcing of 'H:/test/two/fpga_arm/vitis/zc706_md_hdmi/_ide/psinit/ps7_init.tcl' is done.
10:50:37 INFO  : 'ps7_init' command is executed.
10:50:37 INFO  : 'ps7_post_config' command is executed.
10:50:37 INFO  : Context for processor 'ps7_cortexa9_0' is selected.
10:50:38 INFO  : The application 'H:/test/two/fpga_arm/vitis/zc706_md_hdmi/Debug/zc706_md_hdmi.elf' is downloaded to processor 'ps7_cortexa9_0'.
10:50:38 INFO  : 'configparams force-mem-access 0' command is executed.
10:50:38 INFO  : ----------------XSDB Script----------------
connect -url tcp:127.0.0.1:3121
targets -set -nocase -filter {name =~"APU*"}
rst -system
after 3000
targets -set -filter {jtag_cable_name =~ "Digilent JTAG-SMT2 210251A1B7E2" && level==0 && jtag_device_ctx=="jsn-JTAG-SMT2-210251A1B7E2-23731093-0"}
fpga -file H:/test/two/fpga_arm/fpga_arm.runs/impl_1/design_1_wrapper.bit
targets -set -nocase -filter {name =~"APU*"}
loadhw -hw H:/test/two/fpga_arm/vitis/zc706_md/export/zc706_md/hw/design_1_wrapper.xsa -mem-ranges [list {0x40000000 0xbfffffff}] -regs
configparams force-mem-access 1
targets -set -nocase -filter {name =~"APU*"}
source H:/test/two/fpga_arm/vitis/zc706_md_hdmi/_ide/psinit/ps7_init.tcl
ps7_init
ps7_post_config
targets -set -nocase -filter {name =~ "*A9*#0"}
dow H:/test/two/fpga_arm/vitis/zc706_md_hdmi/Debug/zc706_md_hdmi.elf
configparams force-mem-access 0
----------------End of Script----------------

10:50:38 INFO  : Context for processor 'ps7_cortexa9_0' is selected.
10:50:38 INFO  : 'con' command is executed.
10:50:38 INFO  : ----------------XSDB Script (After Launch)----------------
targets -set -nocase -filter {name =~ "*A9*#0"}
con
----------------End of Script----------------

10:50:38 INFO  : Launch script is exported to file 'H:\test\two\fpga_arm\vitis\zc706_md_hdmi_system\_ide\scripts\systemdebugger_zc706_md_hdmi_system_standalone.tcl'
10:51:33 INFO  : Checking for BSP changes to sync application flags for project 'zc706_md_hdmi'...
10:51:56 INFO  : Disconnected from the channel tcfchan#17.
10:51:56 INFO  : Connected to target on host '127.0.0.1' and port '3121'.
10:51:56 INFO  : Jtag cable 'Digilent JTAG-SMT2 210251A1B7E2' is selected.
10:51:56 INFO  : 'jtag frequency' command is executed.
10:51:56 INFO  : Context for 'APU' is selected.
10:51:56 INFO  : System reset is completed.
10:51:59 INFO  : 'after 3000' command is executed.
10:52:00 INFO  : 'targets -set -filter {jtag_cable_name =~ "Digilent JTAG-SMT2 210251A1B7E2" && level==0 && jtag_device_ctx=="jsn-JTAG-SMT2-210251A1B7E2-23731093-0"}' command is executed.
10:52:07 INFO  : Device configured successfully with "H:/test/two/fpga_arm/fpga_arm.runs/impl_1/design_1_wrapper.bit"
10:52:08 INFO  : Context for 'APU' is selected.
10:52:08 INFO  : Hardware design and registers information is loaded from 'H:/test/two/fpga_arm/vitis/zc706_md/export/zc706_md/hw/design_1_wrapper.xsa'.
10:52:08 INFO  : 'configparams force-mem-access 1' command is executed.
10:52:08 INFO  : Context for 'APU' is selected.
10:52:08 INFO  : Sourcing of 'H:/test/two/fpga_arm/vitis/zc706_md_hdmi/_ide/psinit/ps7_init.tcl' is done.
10:52:10 INFO  : 'ps7_init' command is executed.
10:52:10 INFO  : 'ps7_post_config' command is executed.
10:52:10 INFO  : Context for processor 'ps7_cortexa9_0' is selected.
10:52:10 INFO  : The application 'H:/test/two/fpga_arm/vitis/zc706_md_hdmi/Debug/zc706_md_hdmi.elf' is downloaded to processor 'ps7_cortexa9_0'.
10:52:10 INFO  : 'configparams force-mem-access 0' command is executed.
10:52:10 INFO  : ----------------XSDB Script----------------
connect -url tcp:127.0.0.1:3121
targets -set -nocase -filter {name =~"APU*"}
rst -system
after 3000
targets -set -filter {jtag_cable_name =~ "Digilent JTAG-SMT2 210251A1B7E2" && level==0 && jtag_device_ctx=="jsn-JTAG-SMT2-210251A1B7E2-23731093-0"}
fpga -file H:/test/two/fpga_arm/fpga_arm.runs/impl_1/design_1_wrapper.bit
targets -set -nocase -filter {name =~"APU*"}
loadhw -hw H:/test/two/fpga_arm/vitis/zc706_md/export/zc706_md/hw/design_1_wrapper.xsa -mem-ranges [list {0x40000000 0xbfffffff}] -regs
configparams force-mem-access 1
targets -set -nocase -filter {name =~"APU*"}
source H:/test/two/fpga_arm/vitis/zc706_md_hdmi/_ide/psinit/ps7_init.tcl
ps7_init
ps7_post_config
targets -set -nocase -filter {name =~ "*A9*#0"}
dow H:/test/two/fpga_arm/vitis/zc706_md_hdmi/Debug/zc706_md_hdmi.elf
configparams force-mem-access 0
----------------End of Script----------------

10:52:11 INFO  : Context for processor 'ps7_cortexa9_0' is selected.
10:52:11 INFO  : 'con' command is executed.
10:52:11 INFO  : ----------------XSDB Script (After Launch)----------------
targets -set -nocase -filter {name =~ "*A9*#0"}
con
----------------End of Script----------------

10:52:11 INFO  : Launch script is exported to file 'H:\test\two\fpga_arm\vitis\zc706_md_hdmi_system\_ide\scripts\systemdebugger_zc706_md_hdmi_system_standalone.tcl'
10:54:15 INFO  : Disconnected from the channel tcfchan#18.
10:54:16 INFO  : Connected to target on host '127.0.0.1' and port '3121'.
10:54:16 INFO  : Jtag cable 'Digilent JTAG-SMT2 210251A1B7E2' is selected.
10:54:16 INFO  : 'jtag frequency' command is executed.
10:54:16 INFO  : Context for 'APU' is selected.
10:54:16 INFO  : System reset is completed.
10:54:19 INFO  : 'after 3000' command is executed.
10:54:19 INFO  : 'targets -set -filter {jtag_cable_name =~ "Digilent JTAG-SMT2 210251A1B7E2" && level==0 && jtag_device_ctx=="jsn-JTAG-SMT2-210251A1B7E2-23731093-0"}' command is executed.
10:54:27 INFO  : Device configured successfully with "H:/test/two/fpga_arm/fpga_arm.runs/impl_1/design_1_wrapper.bit"
10:54:27 INFO  : Context for 'APU' is selected.
10:54:27 INFO  : Hardware design and registers information is loaded from 'H:/test/two/fpga_arm/vitis/zc706_md/export/zc706_md/hw/design_1_wrapper.xsa'.
10:54:27 INFO  : 'configparams force-mem-access 1' command is executed.
10:54:27 INFO  : Context for 'APU' is selected.
10:54:27 INFO  : Sourcing of 'H:/test/two/fpga_arm/vitis/zc706_md_hdmi/_ide/psinit/ps7_init.tcl' is done.
10:54:29 INFO  : 'ps7_init' command is executed.
10:54:29 INFO  : 'ps7_post_config' command is executed.
10:54:29 INFO  : Context for processor 'ps7_cortexa9_0' is selected.
10:54:30 INFO  : The application 'H:/test/two/fpga_arm/vitis/zc706_md_hdmi/Debug/zc706_md_hdmi.elf' is downloaded to processor 'ps7_cortexa9_0'.
10:54:30 INFO  : 'configparams force-mem-access 0' command is executed.
10:54:30 INFO  : ----------------XSDB Script----------------
connect -url tcp:127.0.0.1:3121
targets -set -nocase -filter {name =~"APU*"}
rst -system
after 3000
targets -set -filter {jtag_cable_name =~ "Digilent JTAG-SMT2 210251A1B7E2" && level==0 && jtag_device_ctx=="jsn-JTAG-SMT2-210251A1B7E2-23731093-0"}
fpga -file H:/test/two/fpga_arm/fpga_arm.runs/impl_1/design_1_wrapper.bit
targets -set -nocase -filter {name =~"APU*"}
loadhw -hw H:/test/two/fpga_arm/vitis/zc706_md/export/zc706_md/hw/design_1_wrapper.xsa -mem-ranges [list {0x40000000 0xbfffffff}] -regs
configparams force-mem-access 1
targets -set -nocase -filter {name =~"APU*"}
source H:/test/two/fpga_arm/vitis/zc706_md_hdmi/_ide/psinit/ps7_init.tcl
ps7_init
ps7_post_config
targets -set -nocase -filter {name =~ "*A9*#0"}
dow H:/test/two/fpga_arm/vitis/zc706_md_hdmi/Debug/zc706_md_hdmi.elf
configparams force-mem-access 0
----------------End of Script----------------

10:54:31 INFO  : Context for processor 'ps7_cortexa9_0' is selected.
10:54:31 INFO  : 'con' command is executed.
10:54:31 INFO  : ----------------XSDB Script (After Launch)----------------
targets -set -nocase -filter {name =~ "*A9*#0"}
con
----------------End of Script----------------

10:54:31 INFO  : Launch script is exported to file 'H:\test\two\fpga_arm\vitis\zc706_md_hdmi_system\_ide\scripts\systemdebugger_zc706_md_hdmi_system_standalone.tcl'
10:57:40 INFO  : Checking for BSP changes to sync application flags for project 'zc706_md_hdmi'...
10:57:47 INFO  : Disconnected from the channel tcfchan#19.
10:57:47 INFO  : Connected to target on host '127.0.0.1' and port '3121'.
10:57:47 INFO  : Jtag cable 'Digilent JTAG-SMT2 210251A1B7E2' is selected.
10:57:47 INFO  : 'jtag frequency' command is executed.
10:57:47 INFO  : Context for 'APU' is selected.
10:57:47 INFO  : System reset is completed.
10:57:50 INFO  : 'after 3000' command is executed.
10:57:51 INFO  : 'targets -set -filter {jtag_cable_name =~ "Digilent JTAG-SMT2 210251A1B7E2" && level==0 && jtag_device_ctx=="jsn-JTAG-SMT2-210251A1B7E2-23731093-0"}' command is executed.
10:57:58 INFO  : Device configured successfully with "H:/test/two/fpga_arm/fpga_arm.runs/impl_1/design_1_wrapper.bit"
10:57:58 INFO  : Context for 'APU' is selected.
10:57:58 INFO  : Hardware design and registers information is loaded from 'H:/test/two/fpga_arm/vitis/zc706_md/export/zc706_md/hw/design_1_wrapper.xsa'.
10:57:58 INFO  : 'configparams force-mem-access 1' command is executed.
10:57:58 INFO  : Context for 'APU' is selected.
10:57:58 INFO  : Sourcing of 'H:/test/two/fpga_arm/vitis/zc706_md_hdmi/_ide/psinit/ps7_init.tcl' is done.
10:58:00 INFO  : 'ps7_init' command is executed.
10:58:00 INFO  : 'ps7_post_config' command is executed.
10:58:00 INFO  : Context for processor 'ps7_cortexa9_0' is selected.
10:58:01 INFO  : The application 'H:/test/two/fpga_arm/vitis/zc706_md_hdmi/Debug/zc706_md_hdmi.elf' is downloaded to processor 'ps7_cortexa9_0'.
10:58:01 INFO  : 'configparams force-mem-access 0' command is executed.
10:58:01 INFO  : ----------------XSDB Script----------------
connect -url tcp:127.0.0.1:3121
targets -set -nocase -filter {name =~"APU*"}
rst -system
after 3000
targets -set -filter {jtag_cable_name =~ "Digilent JTAG-SMT2 210251A1B7E2" && level==0 && jtag_device_ctx=="jsn-JTAG-SMT2-210251A1B7E2-23731093-0"}
fpga -file H:/test/two/fpga_arm/fpga_arm.runs/impl_1/design_1_wrapper.bit
targets -set -nocase -filter {name =~"APU*"}
loadhw -hw H:/test/two/fpga_arm/vitis/zc706_md/export/zc706_md/hw/design_1_wrapper.xsa -mem-ranges [list {0x40000000 0xbfffffff}] -regs
configparams force-mem-access 1
targets -set -nocase -filter {name =~"APU*"}
source H:/test/two/fpga_arm/vitis/zc706_md_hdmi/_ide/psinit/ps7_init.tcl
ps7_init
ps7_post_config
targets -set -nocase -filter {name =~ "*A9*#0"}
dow H:/test/two/fpga_arm/vitis/zc706_md_hdmi/Debug/zc706_md_hdmi.elf
configparams force-mem-access 0
----------------End of Script----------------

10:58:01 INFO  : Context for processor 'ps7_cortexa9_0' is selected.
10:58:01 INFO  : 'con' command is executed.
10:58:01 INFO  : ----------------XSDB Script (After Launch)----------------
targets -set -nocase -filter {name =~ "*A9*#0"}
con
----------------End of Script----------------

10:58:01 INFO  : Launch script is exported to file 'H:\test\two\fpga_arm\vitis\zc706_md_hdmi_system\_ide\scripts\systemdebugger_zc706_md_hdmi_system_standalone.tcl'
10:59:43 INFO  : Checking for BSP changes to sync application flags for project 'zc706_md_hdmi'...
10:59:46 INFO  : Disconnected from the channel tcfchan#20.
10:59:46 INFO  : Connected to target on host '127.0.0.1' and port '3121'.
10:59:47 INFO  : Jtag cable 'Digilent JTAG-SMT2 210251A1B7E2' is selected.
10:59:47 INFO  : 'jtag frequency' command is executed.
10:59:47 INFO  : Context for 'APU' is selected.
10:59:47 INFO  : System reset is completed.
10:59:50 INFO  : 'after 3000' command is executed.
10:59:50 INFO  : 'targets -set -filter {jtag_cable_name =~ "Digilent JTAG-SMT2 210251A1B7E2" && level==0 && jtag_device_ctx=="jsn-JTAG-SMT2-210251A1B7E2-23731093-0"}' command is executed.
10:59:58 INFO  : Device configured successfully with "H:/test/two/fpga_arm/fpga_arm.runs/impl_1/design_1_wrapper.bit"
10:59:58 INFO  : Context for 'APU' is selected.
10:59:58 INFO  : Hardware design and registers information is loaded from 'H:/test/two/fpga_arm/vitis/zc706_md/export/zc706_md/hw/design_1_wrapper.xsa'.
10:59:58 INFO  : 'configparams force-mem-access 1' command is executed.
10:59:58 INFO  : Context for 'APU' is selected.
10:59:58 INFO  : Sourcing of 'H:/test/two/fpga_arm/vitis/zc706_md_hdmi/_ide/psinit/ps7_init.tcl' is done.
11:00:00 INFO  : 'ps7_init' command is executed.
11:00:00 INFO  : 'ps7_post_config' command is executed.
11:00:00 INFO  : Context for processor 'ps7_cortexa9_0' is selected.
11:00:00 INFO  : The application 'H:/test/two/fpga_arm/vitis/zc706_md_hdmi/Debug/zc706_md_hdmi.elf' is downloaded to processor 'ps7_cortexa9_0'.
11:00:01 INFO  : 'configparams force-mem-access 0' command is executed.
11:00:01 INFO  : ----------------XSDB Script----------------
connect -url tcp:127.0.0.1:3121
targets -set -nocase -filter {name =~"APU*"}
rst -system
after 3000
targets -set -filter {jtag_cable_name =~ "Digilent JTAG-SMT2 210251A1B7E2" && level==0 && jtag_device_ctx=="jsn-JTAG-SMT2-210251A1B7E2-23731093-0"}
fpga -file H:/test/two/fpga_arm/fpga_arm.runs/impl_1/design_1_wrapper.bit
targets -set -nocase -filter {name =~"APU*"}
loadhw -hw H:/test/two/fpga_arm/vitis/zc706_md/export/zc706_md/hw/design_1_wrapper.xsa -mem-ranges [list {0x40000000 0xbfffffff}] -regs
configparams force-mem-access 1
targets -set -nocase -filter {name =~"APU*"}
source H:/test/two/fpga_arm/vitis/zc706_md_hdmi/_ide/psinit/ps7_init.tcl
ps7_init
ps7_post_config
targets -set -nocase -filter {name =~ "*A9*#0"}
dow H:/test/two/fpga_arm/vitis/zc706_md_hdmi/Debug/zc706_md_hdmi.elf
configparams force-mem-access 0
----------------End of Script----------------

11:00:01 INFO  : Context for processor 'ps7_cortexa9_0' is selected.
11:00:01 INFO  : 'con' command is executed.
11:00:01 INFO  : ----------------XSDB Script (After Launch)----------------
targets -set -nocase -filter {name =~ "*A9*#0"}
con
----------------End of Script----------------

11:00:01 INFO  : Launch script is exported to file 'H:\test\two\fpga_arm\vitis\zc706_md_hdmi_system\_ide\scripts\systemdebugger_zc706_md_hdmi_system_standalone.tcl'
11:01:53 INFO  : Checking for BSP changes to sync application flags for project 'zc706_md_hdmi'...
11:01:58 INFO  : Disconnected from the channel tcfchan#21.
11:01:58 INFO  : Connected to target on host '127.0.0.1' and port '3121'.
11:01:58 INFO  : Jtag cable 'Digilent JTAG-SMT2 210251A1B7E2' is selected.
11:01:59 INFO  : 'jtag frequency' command is executed.
11:01:59 INFO  : Context for 'APU' is selected.
11:01:59 INFO  : System reset is completed.
11:02:02 INFO  : 'after 3000' command is executed.
11:02:02 INFO  : 'targets -set -filter {jtag_cable_name =~ "Digilent JTAG-SMT2 210251A1B7E2" && level==0 && jtag_device_ctx=="jsn-JTAG-SMT2-210251A1B7E2-23731093-0"}' command is executed.
11:02:09 INFO  : Device configured successfully with "H:/test/two/fpga_arm/fpga_arm.runs/impl_1/design_1_wrapper.bit"
11:02:10 INFO  : Context for 'APU' is selected.
11:02:10 INFO  : Hardware design and registers information is loaded from 'H:/test/two/fpga_arm/vitis/zc706_md/export/zc706_md/hw/design_1_wrapper.xsa'.
11:02:10 INFO  : 'configparams force-mem-access 1' command is executed.
11:02:10 INFO  : Context for 'APU' is selected.
11:02:10 INFO  : Sourcing of 'H:/test/two/fpga_arm/vitis/zc706_md_hdmi/_ide/psinit/ps7_init.tcl' is done.
11:02:12 INFO  : 'ps7_init' command is executed.
11:02:12 INFO  : 'ps7_post_config' command is executed.
11:02:12 INFO  : Context for processor 'ps7_cortexa9_0' is selected.
11:02:12 INFO  : The application 'H:/test/two/fpga_arm/vitis/zc706_md_hdmi/Debug/zc706_md_hdmi.elf' is downloaded to processor 'ps7_cortexa9_0'.
11:02:12 INFO  : 'configparams force-mem-access 0' command is executed.
11:02:12 INFO  : ----------------XSDB Script----------------
connect -url tcp:127.0.0.1:3121
targets -set -nocase -filter {name =~"APU*"}
rst -system
after 3000
targets -set -filter {jtag_cable_name =~ "Digilent JTAG-SMT2 210251A1B7E2" && level==0 && jtag_device_ctx=="jsn-JTAG-SMT2-210251A1B7E2-23731093-0"}
fpga -file H:/test/two/fpga_arm/fpga_arm.runs/impl_1/design_1_wrapper.bit
targets -set -nocase -filter {name =~"APU*"}
loadhw -hw H:/test/two/fpga_arm/vitis/zc706_md/export/zc706_md/hw/design_1_wrapper.xsa -mem-ranges [list {0x40000000 0xbfffffff}] -regs
configparams force-mem-access 1
targets -set -nocase -filter {name =~"APU*"}
source H:/test/two/fpga_arm/vitis/zc706_md_hdmi/_ide/psinit/ps7_init.tcl
ps7_init
ps7_post_config
targets -set -nocase -filter {name =~ "*A9*#0"}
dow H:/test/two/fpga_arm/vitis/zc706_md_hdmi/Debug/zc706_md_hdmi.elf
configparams force-mem-access 0
----------------End of Script----------------

11:02:13 INFO  : Context for processor 'ps7_cortexa9_0' is selected.
11:02:13 INFO  : 'con' command is executed.
11:02:13 INFO  : ----------------XSDB Script (After Launch)----------------
targets -set -nocase -filter {name =~ "*A9*#0"}
con
----------------End of Script----------------

11:02:13 INFO  : Launch script is exported to file 'H:\test\two\fpga_arm\vitis\zc706_md_hdmi_system\_ide\scripts\systemdebugger_zc706_md_hdmi_system_standalone.tcl'
11:07:24 INFO  : Checking for BSP changes to sync application flags for project 'zc706_md_hdmi'...
11:07:31 INFO  : Disconnected from the channel tcfchan#22.
11:07:31 INFO  : Connected to target on host '127.0.0.1' and port '3121'.
11:07:31 INFO  : Jtag cable 'Digilent JTAG-SMT2 210251A1B7E2' is selected.
11:07:31 INFO  : 'jtag frequency' command is executed.
11:07:31 INFO  : Context for 'APU' is selected.
11:07:32 INFO  : System reset is completed.
11:07:35 INFO  : 'after 3000' command is executed.
11:07:35 INFO  : 'targets -set -filter {jtag_cable_name =~ "Digilent JTAG-SMT2 210251A1B7E2" && level==0 && jtag_device_ctx=="jsn-JTAG-SMT2-210251A1B7E2-23731093-0"}' command is executed.
11:07:43 INFO  : Device configured successfully with "H:/test/two/fpga_arm/fpga_arm.runs/impl_1/design_1_wrapper.bit"
11:07:43 INFO  : Context for 'APU' is selected.
11:07:43 INFO  : Hardware design and registers information is loaded from 'H:/test/two/fpga_arm/vitis/zc706_md/export/zc706_md/hw/design_1_wrapper.xsa'.
11:07:43 INFO  : 'configparams force-mem-access 1' command is executed.
11:07:43 INFO  : Context for 'APU' is selected.
11:07:43 INFO  : Sourcing of 'H:/test/two/fpga_arm/vitis/zc706_md_hdmi/_ide/psinit/ps7_init.tcl' is done.
11:07:45 INFO  : 'ps7_init' command is executed.
11:07:45 INFO  : 'ps7_post_config' command is executed.
11:07:46 INFO  : Context for processor 'ps7_cortexa9_0' is selected.
11:07:46 INFO  : The application 'H:/test/two/fpga_arm/vitis/zc706_md_hdmi/Debug/zc706_md_hdmi.elf' is downloaded to processor 'ps7_cortexa9_0'.
11:07:47 INFO  : 'configparams force-mem-access 0' command is executed.
11:07:47 INFO  : ----------------XSDB Script----------------
connect -url tcp:127.0.0.1:3121
targets -set -nocase -filter {name =~"APU*"}
rst -system
after 3000
targets -set -filter {jtag_cable_name =~ "Digilent JTAG-SMT2 210251A1B7E2" && level==0 && jtag_device_ctx=="jsn-JTAG-SMT2-210251A1B7E2-23731093-0"}
fpga -file H:/test/two/fpga_arm/fpga_arm.runs/impl_1/design_1_wrapper.bit
targets -set -nocase -filter {name =~"APU*"}
loadhw -hw H:/test/two/fpga_arm/vitis/zc706_md/export/zc706_md/hw/design_1_wrapper.xsa -mem-ranges [list {0x40000000 0xbfffffff}] -regs
configparams force-mem-access 1
targets -set -nocase -filter {name =~"APU*"}
source H:/test/two/fpga_arm/vitis/zc706_md_hdmi/_ide/psinit/ps7_init.tcl
ps7_init
ps7_post_config
targets -set -nocase -filter {name =~ "*A9*#0"}
dow H:/test/two/fpga_arm/vitis/zc706_md_hdmi/Debug/zc706_md_hdmi.elf
configparams force-mem-access 0
----------------End of Script----------------

11:07:47 INFO  : Context for processor 'ps7_cortexa9_0' is selected.
11:07:47 INFO  : 'con' command is executed.
11:07:47 INFO  : ----------------XSDB Script (After Launch)----------------
targets -set -nocase -filter {name =~ "*A9*#0"}
con
----------------End of Script----------------

11:07:47 INFO  : Launch script is exported to file 'H:\test\two\fpga_arm\vitis\zc706_md_hdmi_system\_ide\scripts\systemdebugger_zc706_md_hdmi_system_standalone.tcl'
11:15:29 INFO  : Checking for BSP changes to sync application flags for project 'zc706_md_hdmi'...
11:17:38 INFO  : Disconnected from the channel tcfchan#23.
11:17:38 INFO  : Connected to target on host '127.0.0.1' and port '3121'.
11:17:38 INFO  : Jtag cable 'Digilent JTAG-SMT2 210251A1B7E2' is selected.
11:17:39 INFO  : 'jtag frequency' command is executed.
11:17:39 INFO  : Context for 'APU' is selected.
11:17:39 INFO  : System reset is completed.
11:17:42 INFO  : 'after 3000' command is executed.
11:17:42 INFO  : 'targets -set -filter {jtag_cable_name =~ "Digilent JTAG-SMT2 210251A1B7E2" && level==0 && jtag_device_ctx=="jsn-JTAG-SMT2-210251A1B7E2-23731093-0"}' command is executed.
11:17:50 INFO  : Device configured successfully with "H:/test/two/fpga_arm/fpga_arm.runs/impl_1/design_1_wrapper.bit"
11:17:50 INFO  : Context for 'APU' is selected.
11:17:50 INFO  : Hardware design and registers information is loaded from 'H:/test/two/fpga_arm/vitis/zc706_md/export/zc706_md/hw/design_1_wrapper.xsa'.
11:17:50 INFO  : 'configparams force-mem-access 1' command is executed.
11:17:50 INFO  : Context for 'APU' is selected.
11:17:50 INFO  : Sourcing of 'H:/test/two/fpga_arm/vitis/zc706_md_hdmi/_ide/psinit/ps7_init.tcl' is done.
11:17:52 INFO  : 'ps7_init' command is executed.
11:17:52 INFO  : 'ps7_post_config' command is executed.
11:17:52 INFO  : Context for processor 'ps7_cortexa9_0' is selected.
11:17:53 INFO  : The application 'H:/test/two/fpga_arm/vitis/zc706_md_hdmi/Debug/zc706_md_hdmi.elf' is downloaded to processor 'ps7_cortexa9_0'.
11:17:53 INFO  : 'configparams force-mem-access 0' command is executed.
11:17:53 INFO  : ----------------XSDB Script----------------
connect -url tcp:127.0.0.1:3121
targets -set -nocase -filter {name =~"APU*"}
rst -system
after 3000
targets -set -filter {jtag_cable_name =~ "Digilent JTAG-SMT2 210251A1B7E2" && level==0 && jtag_device_ctx=="jsn-JTAG-SMT2-210251A1B7E2-23731093-0"}
fpga -file H:/test/two/fpga_arm/fpga_arm.runs/impl_1/design_1_wrapper.bit
targets -set -nocase -filter {name =~"APU*"}
loadhw -hw H:/test/two/fpga_arm/vitis/zc706_md/export/zc706_md/hw/design_1_wrapper.xsa -mem-ranges [list {0x40000000 0xbfffffff}] -regs
configparams force-mem-access 1
targets -set -nocase -filter {name =~"APU*"}
source H:/test/two/fpga_arm/vitis/zc706_md_hdmi/_ide/psinit/ps7_init.tcl
ps7_init
ps7_post_config
targets -set -nocase -filter {name =~ "*A9*#0"}
dow H:/test/two/fpga_arm/vitis/zc706_md_hdmi/Debug/zc706_md_hdmi.elf
configparams force-mem-access 0
----------------End of Script----------------

11:17:54 INFO  : Context for processor 'ps7_cortexa9_0' is selected.
11:17:54 INFO  : 'con' command is executed.
11:17:54 INFO  : ----------------XSDB Script (After Launch)----------------
targets -set -nocase -filter {name =~ "*A9*#0"}
con
----------------End of Script----------------

11:17:54 INFO  : Launch script is exported to file 'H:\test\two\fpga_arm\vitis\zc706_md_hdmi_system\_ide\scripts\systemdebugger_zc706_md_hdmi_system_standalone.tcl'
11:18:36 INFO  : Checking for BSP changes to sync application flags for project 'zc706_md_hdmi'...
11:19:02 INFO  : Disconnected from the channel tcfchan#24.
11:19:02 INFO  : Connected to target on host '127.0.0.1' and port '3121'.
11:19:03 INFO  : Jtag cable 'Digilent JTAG-SMT2 210251A1B7E2' is selected.
11:19:03 INFO  : 'jtag frequency' command is executed.
11:19:03 INFO  : Context for 'APU' is selected.
11:19:03 INFO  : System reset is completed.
11:19:06 INFO  : 'after 3000' command is executed.
11:19:06 INFO  : 'targets -set -filter {jtag_cable_name =~ "Digilent JTAG-SMT2 210251A1B7E2" && level==0 && jtag_device_ctx=="jsn-JTAG-SMT2-210251A1B7E2-23731093-0"}' command is executed.
11:19:14 INFO  : Device configured successfully with "H:/test/two/fpga_arm/fpga_arm.runs/impl_1/design_1_wrapper.bit"
11:19:14 INFO  : Context for 'APU' is selected.
11:19:14 INFO  : Hardware design and registers information is loaded from 'H:/test/two/fpga_arm/vitis/zc706_md/export/zc706_md/hw/design_1_wrapper.xsa'.
11:19:14 INFO  : 'configparams force-mem-access 1' command is executed.
11:19:14 INFO  : Context for 'APU' is selected.
11:19:14 INFO  : Sourcing of 'H:/test/two/fpga_arm/vitis/zc706_md_hdmi/_ide/psinit/ps7_init.tcl' is done.
11:19:16 INFO  : 'ps7_init' command is executed.
11:19:16 INFO  : 'ps7_post_config' command is executed.
11:19:16 INFO  : Context for processor 'ps7_cortexa9_0' is selected.
11:19:17 INFO  : The application 'H:/test/two/fpga_arm/vitis/zc706_md_hdmi/Debug/zc706_md_hdmi.elf' is downloaded to processor 'ps7_cortexa9_0'.
11:19:17 INFO  : 'configparams force-mem-access 0' command is executed.
11:19:17 INFO  : ----------------XSDB Script----------------
connect -url tcp:127.0.0.1:3121
targets -set -nocase -filter {name =~"APU*"}
rst -system
after 3000
targets -set -filter {jtag_cable_name =~ "Digilent JTAG-SMT2 210251A1B7E2" && level==0 && jtag_device_ctx=="jsn-JTAG-SMT2-210251A1B7E2-23731093-0"}
fpga -file H:/test/two/fpga_arm/fpga_arm.runs/impl_1/design_1_wrapper.bit
targets -set -nocase -filter {name =~"APU*"}
loadhw -hw H:/test/two/fpga_arm/vitis/zc706_md/export/zc706_md/hw/design_1_wrapper.xsa -mem-ranges [list {0x40000000 0xbfffffff}] -regs
configparams force-mem-access 1
targets -set -nocase -filter {name =~"APU*"}
source H:/test/two/fpga_arm/vitis/zc706_md_hdmi/_ide/psinit/ps7_init.tcl
ps7_init
ps7_post_config
targets -set -nocase -filter {name =~ "*A9*#0"}
dow H:/test/two/fpga_arm/vitis/zc706_md_hdmi/Debug/zc706_md_hdmi.elf
configparams force-mem-access 0
----------------End of Script----------------

11:19:17 INFO  : Context for processor 'ps7_cortexa9_0' is selected.
11:19:18 INFO  : 'con' command is executed.
11:19:18 INFO  : ----------------XSDB Script (After Launch)----------------
targets -set -nocase -filter {name =~ "*A9*#0"}
con
----------------End of Script----------------

11:19:18 INFO  : Launch script is exported to file 'H:\test\two\fpga_arm\vitis\zc706_md_hdmi_system\_ide\scripts\systemdebugger_zc706_md_hdmi_system_standalone.tcl'
11:21:34 INFO  : Checking for BSP changes to sync application flags for project 'zc706_md_hdmi'...
11:22:09 INFO  : Disconnected from the channel tcfchan#25.
11:22:10 INFO  : Connected to target on host '127.0.0.1' and port '3121'.
11:22:10 INFO  : Jtag cable 'Digilent JTAG-SMT2 210251A1B7E2' is selected.
11:22:10 INFO  : 'jtag frequency' command is executed.
11:22:10 INFO  : Context for 'APU' is selected.
11:22:10 INFO  : System reset is completed.
11:22:13 INFO  : 'after 3000' command is executed.
11:22:14 INFO  : 'targets -set -filter {jtag_cable_name =~ "Digilent JTAG-SMT2 210251A1B7E2" && level==0 && jtag_device_ctx=="jsn-JTAG-SMT2-210251A1B7E2-23731093-0"}' command is executed.
11:22:21 INFO  : Device configured successfully with "H:/test/two/fpga_arm/fpga_arm.runs/impl_1/design_1_wrapper.bit"
11:22:21 INFO  : Context for 'APU' is selected.
11:22:21 INFO  : Hardware design and registers information is loaded from 'H:/test/two/fpga_arm/vitis/zc706_md/export/zc706_md/hw/design_1_wrapper.xsa'.
11:22:21 INFO  : 'configparams force-mem-access 1' command is executed.
11:22:21 INFO  : Context for 'APU' is selected.
11:22:21 INFO  : Sourcing of 'H:/test/two/fpga_arm/vitis/zc706_md_hdmi/_ide/psinit/ps7_init.tcl' is done.
11:22:23 INFO  : 'ps7_init' command is executed.
11:22:23 INFO  : 'ps7_post_config' command is executed.
11:22:23 INFO  : Context for processor 'ps7_cortexa9_0' is selected.
11:22:24 INFO  : The application 'H:/test/two/fpga_arm/vitis/zc706_md_hdmi/Debug/zc706_md_hdmi.elf' is downloaded to processor 'ps7_cortexa9_0'.
11:22:24 INFO  : 'configparams force-mem-access 0' command is executed.
11:22:24 INFO  : ----------------XSDB Script----------------
connect -url tcp:127.0.0.1:3121
targets -set -nocase -filter {name =~"APU*"}
rst -system
after 3000
targets -set -filter {jtag_cable_name =~ "Digilent JTAG-SMT2 210251A1B7E2" && level==0 && jtag_device_ctx=="jsn-JTAG-SMT2-210251A1B7E2-23731093-0"}
fpga -file H:/test/two/fpga_arm/fpga_arm.runs/impl_1/design_1_wrapper.bit
targets -set -nocase -filter {name =~"APU*"}
loadhw -hw H:/test/two/fpga_arm/vitis/zc706_md/export/zc706_md/hw/design_1_wrapper.xsa -mem-ranges [list {0x40000000 0xbfffffff}] -regs
configparams force-mem-access 1
targets -set -nocase -filter {name =~"APU*"}
source H:/test/two/fpga_arm/vitis/zc706_md_hdmi/_ide/psinit/ps7_init.tcl
ps7_init
ps7_post_config
targets -set -nocase -filter {name =~ "*A9*#0"}
dow H:/test/two/fpga_arm/vitis/zc706_md_hdmi/Debug/zc706_md_hdmi.elf
configparams force-mem-access 0
----------------End of Script----------------

11:22:24 INFO  : Context for processor 'ps7_cortexa9_0' is selected.
11:22:25 INFO  : 'con' command is executed.
11:22:25 INFO  : ----------------XSDB Script (After Launch)----------------
targets -set -nocase -filter {name =~ "*A9*#0"}
con
----------------End of Script----------------

11:22:25 INFO  : Launch script is exported to file 'H:\test\two\fpga_arm\vitis\zc706_md_hdmi_system\_ide\scripts\systemdebugger_zc706_md_hdmi_system_standalone.tcl'
11:23:10 INFO  : Disconnected from the channel tcfchan#26.
11:23:11 INFO  : Connected to target on host '127.0.0.1' and port '3121'.
11:23:11 INFO  : Jtag cable 'Digilent JTAG-SMT2 210251A1B7E2' is selected.
11:23:11 INFO  : 'jtag frequency' command is executed.
11:23:11 INFO  : Context for 'APU' is selected.
11:23:11 INFO  : System reset is completed.
11:23:14 INFO  : 'after 3000' command is executed.
11:23:15 INFO  : 'targets -set -filter {jtag_cable_name =~ "Digilent JTAG-SMT2 210251A1B7E2" && level==0 && jtag_device_ctx=="jsn-JTAG-SMT2-210251A1B7E2-23731093-0"}' command is executed.
11:23:23 INFO  : Device configured successfully with "H:/test/two/fpga_arm/fpga_arm.runs/impl_1/design_1_wrapper.bit"
11:23:23 INFO  : Context for 'APU' is selected.
11:23:23 INFO  : Hardware design and registers information is loaded from 'H:/test/two/fpga_arm/vitis/zc706_md/export/zc706_md/hw/design_1_wrapper.xsa'.
11:23:23 INFO  : 'configparams force-mem-access 1' command is executed.
11:23:23 INFO  : Context for 'APU' is selected.
11:23:23 INFO  : Sourcing of 'H:/test/two/fpga_arm/vitis/zc706_md_hdmi/_ide/psinit/ps7_init.tcl' is done.
11:23:25 INFO  : 'ps7_init' command is executed.
11:23:25 INFO  : 'ps7_post_config' command is executed.
11:23:25 INFO  : Context for processor 'ps7_cortexa9_0' is selected.
11:23:26 INFO  : The application 'H:/test/two/fpga_arm/vitis/zc706_md_hdmi/Debug/zc706_md_hdmi.elf' is downloaded to processor 'ps7_cortexa9_0'.
11:23:26 INFO  : 'configparams force-mem-access 0' command is executed.
11:23:26 INFO  : ----------------XSDB Script----------------
connect -url tcp:127.0.0.1:3121
targets -set -nocase -filter {name =~"APU*"}
rst -system
after 3000
targets -set -filter {jtag_cable_name =~ "Digilent JTAG-SMT2 210251A1B7E2" && level==0 && jtag_device_ctx=="jsn-JTAG-SMT2-210251A1B7E2-23731093-0"}
fpga -file H:/test/two/fpga_arm/fpga_arm.runs/impl_1/design_1_wrapper.bit
targets -set -nocase -filter {name =~"APU*"}
loadhw -hw H:/test/two/fpga_arm/vitis/zc706_md/export/zc706_md/hw/design_1_wrapper.xsa -mem-ranges [list {0x40000000 0xbfffffff}] -regs
configparams force-mem-access 1
targets -set -nocase -filter {name =~"APU*"}
source H:/test/two/fpga_arm/vitis/zc706_md_hdmi/_ide/psinit/ps7_init.tcl
ps7_init
ps7_post_config
targets -set -nocase -filter {name =~ "*A9*#0"}
dow H:/test/two/fpga_arm/vitis/zc706_md_hdmi/Debug/zc706_md_hdmi.elf
configparams force-mem-access 0
----------------End of Script----------------

11:23:26 INFO  : Context for processor 'ps7_cortexa9_0' is selected.
11:23:27 INFO  : 'con' command is executed.
11:23:27 INFO  : ----------------XSDB Script (After Launch)----------------
targets -set -nocase -filter {name =~ "*A9*#0"}
con
----------------End of Script----------------

11:23:27 INFO  : Launch script is exported to file 'H:\test\two\fpga_arm\vitis\zc706_md_hdmi_system\_ide\scripts\systemdebugger_zc706_md_hdmi_system_standalone.tcl'
11:26:24 INFO  : Checking for BSP changes to sync application flags for project 'zc706_md_hdmi'...
11:26:27 INFO  : Disconnected from the channel tcfchan#27.
11:26:27 INFO  : Connected to target on host '127.0.0.1' and port '3121'.
11:26:27 INFO  : Jtag cable 'Digilent JTAG-SMT2 210251A1B7E2' is selected.
11:26:27 INFO  : 'jtag frequency' command is executed.
11:26:28 INFO  : Context for 'APU' is selected.
11:26:28 INFO  : System reset is completed.
11:26:31 INFO  : 'after 3000' command is executed.
11:26:31 INFO  : 'targets -set -filter {jtag_cable_name =~ "Digilent JTAG-SMT2 210251A1B7E2" && level==0 && jtag_device_ctx=="jsn-JTAG-SMT2-210251A1B7E2-23731093-0"}' command is executed.
11:26:39 INFO  : Device configured successfully with "H:/test/two/fpga_arm/fpga_arm.runs/impl_1/design_1_wrapper.bit"
11:26:39 INFO  : Context for 'APU' is selected.
11:26:39 INFO  : Hardware design and registers information is loaded from 'H:/test/two/fpga_arm/vitis/zc706_md/export/zc706_md/hw/design_1_wrapper.xsa'.
11:26:39 INFO  : 'configparams force-mem-access 1' command is executed.
11:26:39 INFO  : Context for 'APU' is selected.
11:26:39 INFO  : Sourcing of 'H:/test/two/fpga_arm/vitis/zc706_md_hdmi/_ide/psinit/ps7_init.tcl' is done.
11:26:40 INFO  : 'ps7_init' command is executed.
11:26:41 INFO  : 'ps7_post_config' command is executed.
11:26:41 INFO  : Context for processor 'ps7_cortexa9_0' is selected.
11:26:41 INFO  : The application 'H:/test/two/fpga_arm/vitis/zc706_md_hdmi/Debug/zc706_md_hdmi.elf' is downloaded to processor 'ps7_cortexa9_0'.
11:26:42 INFO  : 'configparams force-mem-access 0' command is executed.
11:26:42 INFO  : ----------------XSDB Script----------------
connect -url tcp:127.0.0.1:3121
targets -set -nocase -filter {name =~"APU*"}
rst -system
after 3000
targets -set -filter {jtag_cable_name =~ "Digilent JTAG-SMT2 210251A1B7E2" && level==0 && jtag_device_ctx=="jsn-JTAG-SMT2-210251A1B7E2-23731093-0"}
fpga -file H:/test/two/fpga_arm/fpga_arm.runs/impl_1/design_1_wrapper.bit
targets -set -nocase -filter {name =~"APU*"}
loadhw -hw H:/test/two/fpga_arm/vitis/zc706_md/export/zc706_md/hw/design_1_wrapper.xsa -mem-ranges [list {0x40000000 0xbfffffff}] -regs
configparams force-mem-access 1
targets -set -nocase -filter {name =~"APU*"}
source H:/test/two/fpga_arm/vitis/zc706_md_hdmi/_ide/psinit/ps7_init.tcl
ps7_init
ps7_post_config
targets -set -nocase -filter {name =~ "*A9*#0"}
dow H:/test/two/fpga_arm/vitis/zc706_md_hdmi/Debug/zc706_md_hdmi.elf
configparams force-mem-access 0
----------------End of Script----------------

11:26:42 INFO  : Context for processor 'ps7_cortexa9_0' is selected.
11:26:42 INFO  : 'con' command is executed.
11:26:42 INFO  : ----------------XSDB Script (After Launch)----------------
targets -set -nocase -filter {name =~ "*A9*#0"}
con
----------------End of Script----------------

11:26:42 INFO  : Launch script is exported to file 'H:\test\two\fpga_arm\vitis\zc706_md_hdmi_system\_ide\scripts\systemdebugger_zc706_md_hdmi_system_standalone.tcl'
11:27:22 INFO  : Checking for BSP changes to sync application flags for project 'zc706_md_hdmi'...
11:27:26 INFO  : Disconnected from the channel tcfchan#28.
11:27:26 INFO  : Connected to target on host '127.0.0.1' and port '3121'.
11:27:35 INFO  : ----------------XSDB Script----------------
connect -url tcp:127.0.0.1:3121
----------------End of Script----------------

11:27:35 ERROR : Could not find ARM device on the board for connection 'Local'.
Check if the target is in:
1. Split JTAG - No operations are possible with ARM DAP.
2. Non JTAG bootmode - Bootrom may need time to enable DAP.
Please try again.


Troubleshooting hints:
1. Check whether board is connected to system properly.
2. In case of zynq board, check whether Digilent/Xilinx cable switch settings are correct.
3. If you are using Xilinx Platform Cable USB, ensure that status LED is green.
11:27:40 INFO  : Connected to target on host '127.0.0.1' and port '3121'.
11:27:41 INFO  : Jtag cable 'Digilent JTAG-SMT2 210251A1B7E2' is selected.
11:27:41 INFO  : 'jtag frequency' command is executed.
11:27:41 INFO  : Context for 'APU' is selected.
11:27:41 INFO  : System reset is completed.
11:27:44 INFO  : 'after 3000' command is executed.
11:27:44 INFO  : 'targets -set -filter {jtag_cable_name =~ "Digilent JTAG-SMT2 210251A1B7E2" && level==0 && jtag_device_ctx=="jsn-JTAG-SMT2-210251A1B7E2-23731093-0"}' command is executed.
11:27:52 INFO  : Device configured successfully with "H:/test/two/fpga_arm/fpga_arm.runs/impl_1/design_1_wrapper.bit"
11:27:52 INFO  : Context for 'APU' is selected.
11:27:52 INFO  : Hardware design and registers information is loaded from 'H:/test/two/fpga_arm/vitis/zc706_md/export/zc706_md/hw/design_1_wrapper.xsa'.
11:27:52 INFO  : 'configparams force-mem-access 1' command is executed.
11:27:52 INFO  : Context for 'APU' is selected.
11:27:52 INFO  : Sourcing of 'H:/test/two/fpga_arm/vitis/zc706_md_hdmi/_ide/psinit/ps7_init.tcl' is done.
11:27:54 INFO  : 'ps7_init' command is executed.
11:27:54 INFO  : 'ps7_post_config' command is executed.
11:27:54 INFO  : Context for processor 'ps7_cortexa9_0' is selected.
11:27:55 INFO  : The application 'H:/test/two/fpga_arm/vitis/zc706_md_hdmi/Debug/zc706_md_hdmi.elf' is downloaded to processor 'ps7_cortexa9_0'.
11:27:55 INFO  : 'configparams force-mem-access 0' command is executed.
11:27:55 INFO  : ----------------XSDB Script----------------
connect -url tcp:127.0.0.1:3121
targets -set -nocase -filter {name =~"APU*"}
rst -system
after 3000
targets -set -filter {jtag_cable_name =~ "Digilent JTAG-SMT2 210251A1B7E2" && level==0 && jtag_device_ctx=="jsn-JTAG-SMT2-210251A1B7E2-23731093-0"}
fpga -file H:/test/two/fpga_arm/fpga_arm.runs/impl_1/design_1_wrapper.bit
targets -set -nocase -filter {name =~"APU*"}
loadhw -hw H:/test/two/fpga_arm/vitis/zc706_md/export/zc706_md/hw/design_1_wrapper.xsa -mem-ranges [list {0x40000000 0xbfffffff}] -regs
configparams force-mem-access 1
targets -set -nocase -filter {name =~"APU*"}
source H:/test/two/fpga_arm/vitis/zc706_md_hdmi/_ide/psinit/ps7_init.tcl
ps7_init
ps7_post_config
targets -set -nocase -filter {name =~ "*A9*#0"}
dow H:/test/two/fpga_arm/vitis/zc706_md_hdmi/Debug/zc706_md_hdmi.elf
configparams force-mem-access 0
----------------End of Script----------------

11:27:55 INFO  : Context for processor 'ps7_cortexa9_0' is selected.
11:27:55 INFO  : 'con' command is executed.
11:27:55 INFO  : ----------------XSDB Script (After Launch)----------------
targets -set -nocase -filter {name =~ "*A9*#0"}
con
----------------End of Script----------------

11:27:55 INFO  : Launch script is exported to file 'H:\test\two\fpga_arm\vitis\zc706_md_hdmi_system\_ide\scripts\systemdebugger_zc706_md_hdmi_system_standalone.tcl'
11:28:36 INFO  : Disconnected from the channel tcfchan#29.
11:28:36 INFO  : Connected to target on host '127.0.0.1' and port '3121'.
11:28:45 INFO  : ----------------XSDB Script----------------
connect -url tcp:127.0.0.1:3121
----------------End of Script----------------

11:28:45 ERROR : Could not find ARM device on the board for connection 'Local'.
Check if the target is in:
1. Split JTAG - No operations are possible with ARM DAP.
2. Non JTAG bootmode - Bootrom may need time to enable DAP.
Please try again.


Troubleshooting hints:
1. Check whether board is connected to system properly.
2. In case of zynq board, check whether Digilent/Xilinx cable switch settings are correct.
3. If you are using Xilinx Platform Cable USB, ensure that status LED is green.
11:29:10 INFO  : Checking for BSP changes to sync application flags for project 'zc706_md_hdmi'...
11:29:44 INFO  : Checking for BSP changes to sync application flags for project 'zc706_md_hdmi'...
11:29:46 INFO  : Connected to target on host '127.0.0.1' and port '3121'.
11:29:53 INFO  : Jtag cable 'Digilent JTAG-SMT2 210251A1B7E2' is selected.
11:29:53 INFO  : 'jtag frequency' command is executed.
11:29:53 INFO  : Context for 'APU' is selected.
11:29:53 INFO  : System reset is completed.
11:29:56 INFO  : 'after 3000' command is executed.
11:29:57 INFO  : 'targets -set -filter {jtag_cable_name =~ "Digilent JTAG-SMT2 210251A1B7E2" && level==0 && jtag_device_ctx=="jsn-JTAG-SMT2-210251A1B7E2-23731093-0"}' command is executed.
11:30:04 INFO  : Device configured successfully with "H:/test/two/fpga_arm/fpga_arm.runs/impl_1/design_1_wrapper.bit"
11:30:05 INFO  : Context for 'APU' is selected.
11:30:05 INFO  : Hardware design and registers information is loaded from 'H:/test/two/fpga_arm/vitis/zc706_md/export/zc706_md/hw/design_1_wrapper.xsa'.
11:30:05 INFO  : 'configparams force-mem-access 1' command is executed.
11:30:05 INFO  : Context for 'APU' is selected.
11:30:05 INFO  : Sourcing of 'H:/test/two/fpga_arm/vitis/zc706_md_hdmi/_ide/psinit/ps7_init.tcl' is done.
11:30:06 INFO  : 'ps7_init' command is executed.
11:30:06 INFO  : 'ps7_post_config' command is executed.
11:30:06 INFO  : Context for processor 'ps7_cortexa9_0' is selected.
11:30:07 INFO  : The application 'H:/test/two/fpga_arm/vitis/zc706_md_hdmi/Debug/zc706_md_hdmi.elf' is downloaded to processor 'ps7_cortexa9_0'.
11:30:07 INFO  : 'configparams force-mem-access 0' command is executed.
11:30:07 INFO  : ----------------XSDB Script----------------
connect -url tcp:127.0.0.1:3121
targets -set -nocase -filter {name =~"APU*"}
rst -system
after 3000
targets -set -filter {jtag_cable_name =~ "Digilent JTAG-SMT2 210251A1B7E2" && level==0 && jtag_device_ctx=="jsn-JTAG-SMT2-210251A1B7E2-23731093-0"}
fpga -file H:/test/two/fpga_arm/fpga_arm.runs/impl_1/design_1_wrapper.bit
targets -set -nocase -filter {name =~"APU*"}
loadhw -hw H:/test/two/fpga_arm/vitis/zc706_md/export/zc706_md/hw/design_1_wrapper.xsa -mem-ranges [list {0x40000000 0xbfffffff}] -regs
configparams force-mem-access 1
targets -set -nocase -filter {name =~"APU*"}
source H:/test/two/fpga_arm/vitis/zc706_md_hdmi/_ide/psinit/ps7_init.tcl
ps7_init
ps7_post_config
targets -set -nocase -filter {name =~ "*A9*#0"}
dow H:/test/two/fpga_arm/vitis/zc706_md_hdmi/Debug/zc706_md_hdmi.elf
configparams force-mem-access 0
----------------End of Script----------------

11:30:07 INFO  : Context for processor 'ps7_cortexa9_0' is selected.
11:30:08 INFO  : 'con' command is executed.
11:30:08 INFO  : ----------------XSDB Script (After Launch)----------------
targets -set -nocase -filter {name =~ "*A9*#0"}
con
----------------End of Script----------------

11:30:08 INFO  : Launch script is exported to file 'H:\test\two\fpga_arm\vitis\zc706_md_hdmi_system\_ide\scripts\systemdebugger_zc706_md_hdmi_system_standalone.tcl'
11:30:33 INFO  : Checking for BSP changes to sync application flags for project 'zc706_md_hdmi'...
11:31:44 INFO  : Checking for BSP changes to sync application flags for project 'zc706_md_hdmi'...
11:32:03 INFO  : Checking for BSP changes to sync application flags for project 'zc706_md_hdmi'...
11:32:06 INFO  : Checking for BSP changes to sync application flags for project 'zc706_md_hdmi'...
11:32:25 INFO  : Disconnected from the channel tcfchan#30.
11:32:26 INFO  : Connected to target on host '127.0.0.1' and port '3121'.
11:32:26 INFO  : Jtag cable 'Digilent JTAG-SMT2 210251A1B7E2' is selected.
11:32:26 INFO  : 'jtag frequency' command is executed.
11:32:26 INFO  : Context for 'APU' is selected.
11:32:26 INFO  : System reset is completed.
11:32:29 INFO  : 'after 3000' command is executed.
11:32:29 INFO  : 'targets -set -filter {jtag_cable_name =~ "Digilent JTAG-SMT2 210251A1B7E2" && level==0 && jtag_device_ctx=="jsn-JTAG-SMT2-210251A1B7E2-23731093-0"}' command is executed.
11:32:37 INFO  : Device configured successfully with "H:/test/two/fpga_arm/fpga_arm.runs/impl_1/design_1_wrapper.bit"
11:32:37 INFO  : Context for 'APU' is selected.
11:32:37 INFO  : Hardware design and registers information is loaded from 'H:/test/two/fpga_arm/vitis/zc706_md/export/zc706_md/hw/design_1_wrapper.xsa'.
11:32:37 INFO  : 'configparams force-mem-access 1' command is executed.
11:32:37 INFO  : Context for 'APU' is selected.
11:32:37 INFO  : Sourcing of 'H:/test/two/fpga_arm/vitis/zc706_md_hdmi/_ide/psinit/ps7_init.tcl' is done.
11:32:39 INFO  : 'ps7_init' command is executed.
11:32:39 INFO  : 'ps7_post_config' command is executed.
11:32:39 INFO  : Context for processor 'ps7_cortexa9_0' is selected.
11:32:40 INFO  : The application 'H:/test/two/fpga_arm/vitis/zc706_md_hdmi/Debug/zc706_md_hdmi.elf' is downloaded to processor 'ps7_cortexa9_0'.
11:32:40 INFO  : 'configparams force-mem-access 0' command is executed.
11:32:40 INFO  : ----------------XSDB Script----------------
connect -url tcp:127.0.0.1:3121
targets -set -nocase -filter {name =~"APU*"}
rst -system
after 3000
targets -set -filter {jtag_cable_name =~ "Digilent JTAG-SMT2 210251A1B7E2" && level==0 && jtag_device_ctx=="jsn-JTAG-SMT2-210251A1B7E2-23731093-0"}
fpga -file H:/test/two/fpga_arm/fpga_arm.runs/impl_1/design_1_wrapper.bit
targets -set -nocase -filter {name =~"APU*"}
loadhw -hw H:/test/two/fpga_arm/vitis/zc706_md/export/zc706_md/hw/design_1_wrapper.xsa -mem-ranges [list {0x40000000 0xbfffffff}] -regs
configparams force-mem-access 1
targets -set -nocase -filter {name =~"APU*"}
source H:/test/two/fpga_arm/vitis/zc706_md_hdmi/_ide/psinit/ps7_init.tcl
ps7_init
ps7_post_config
targets -set -nocase -filter {name =~ "*A9*#0"}
dow H:/test/two/fpga_arm/vitis/zc706_md_hdmi/Debug/zc706_md_hdmi.elf
configparams force-mem-access 0
----------------End of Script----------------

11:32:40 INFO  : Context for processor 'ps7_cortexa9_0' is selected.
11:32:41 INFO  : 'con' command is executed.
11:32:41 INFO  : ----------------XSDB Script (After Launch)----------------
targets -set -nocase -filter {name =~ "*A9*#0"}
con
----------------End of Script----------------

11:32:41 INFO  : Launch script is exported to file 'H:\test\two\fpga_arm\vitis\zc706_md_hdmi_system\_ide\scripts\systemdebugger_zc706_md_hdmi_system_standalone.tcl'
11:33:16 INFO  : Disconnected from the channel tcfchan#32.
11:33:16 INFO  : Connected to target on host '127.0.0.1' and port '3121'.
11:33:25 INFO  : ----------------XSDB Script----------------
connect -url tcp:127.0.0.1:3121
----------------End of Script----------------

11:33:25 ERROR : Could not find ARM device on the board for connection 'Local'.
Check if the target is in:
1. Split JTAG - No operations are possible with ARM DAP.
2. Non JTAG bootmode - Bootrom may need time to enable DAP.
Please try again.


Troubleshooting hints:
1. Check whether board is connected to system properly.
2. In case of zynq board, check whether Digilent/Xilinx cable switch settings are correct.
3. If you are using Xilinx Platform Cable USB, ensure that status LED is green.
11:33:28 INFO  : Connected to target on host '127.0.0.1' and port '3121'.
11:33:29 INFO  : Jtag cable 'Digilent JTAG-SMT2 210251A1B7E2' is selected.
11:33:29 INFO  : 'jtag frequency' command is executed.
11:33:29 INFO  : Context for 'APU' is selected.
11:33:29 INFO  : System reset is completed.
11:33:32 INFO  : 'after 3000' command is executed.
11:33:32 INFO  : 'targets -set -filter {jtag_cable_name =~ "Digilent JTAG-SMT2 210251A1B7E2" && level==0 && jtag_device_ctx=="jsn-JTAG-SMT2-210251A1B7E2-23731093-0"}' command is executed.
11:33:40 INFO  : Device configured successfully with "H:/test/two/fpga_arm/fpga_arm.runs/impl_1/design_1_wrapper.bit"
11:33:40 INFO  : Context for 'APU' is selected.
11:33:40 INFO  : Hardware design and registers information is loaded from 'H:/test/two/fpga_arm/vitis/zc706_md/export/zc706_md/hw/design_1_wrapper.xsa'.
11:33:40 INFO  : 'configparams force-mem-access 1' command is executed.
11:33:40 INFO  : Context for 'APU' is selected.
11:33:40 INFO  : Sourcing of 'H:/test/two/fpga_arm/vitis/zc706_md_hdmi/_ide/psinit/ps7_init.tcl' is done.
11:33:42 INFO  : 'ps7_init' command is executed.
11:33:42 INFO  : 'ps7_post_config' command is executed.
11:33:42 INFO  : Context for processor 'ps7_cortexa9_0' is selected.
11:33:43 INFO  : The application 'H:/test/two/fpga_arm/vitis/zc706_md_hdmi/Debug/zc706_md_hdmi.elf' is downloaded to processor 'ps7_cortexa9_0'.
11:33:43 INFO  : 'configparams force-mem-access 0' command is executed.
11:33:43 INFO  : ----------------XSDB Script----------------
connect -url tcp:127.0.0.1:3121
targets -set -nocase -filter {name =~"APU*"}
rst -system
after 3000
targets -set -filter {jtag_cable_name =~ "Digilent JTAG-SMT2 210251A1B7E2" && level==0 && jtag_device_ctx=="jsn-JTAG-SMT2-210251A1B7E2-23731093-0"}
fpga -file H:/test/two/fpga_arm/fpga_arm.runs/impl_1/design_1_wrapper.bit
targets -set -nocase -filter {name =~"APU*"}
loadhw -hw H:/test/two/fpga_arm/vitis/zc706_md/export/zc706_md/hw/design_1_wrapper.xsa -mem-ranges [list {0x40000000 0xbfffffff}] -regs
configparams force-mem-access 1
targets -set -nocase -filter {name =~"APU*"}
source H:/test/two/fpga_arm/vitis/zc706_md_hdmi/_ide/psinit/ps7_init.tcl
ps7_init
ps7_post_config
targets -set -nocase -filter {name =~ "*A9*#0"}
dow H:/test/two/fpga_arm/vitis/zc706_md_hdmi/Debug/zc706_md_hdmi.elf
configparams force-mem-access 0
----------------End of Script----------------

11:33:43 INFO  : Context for processor 'ps7_cortexa9_0' is selected.
11:33:43 INFO  : 'con' command is executed.
11:33:43 INFO  : ----------------XSDB Script (After Launch)----------------
targets -set -nocase -filter {name =~ "*A9*#0"}
con
----------------End of Script----------------

11:33:43 INFO  : Launch script is exported to file 'H:\test\two\fpga_arm\vitis\zc706_md_hdmi_system\_ide\scripts\systemdebugger_zc706_md_hdmi_system_standalone.tcl'
11:34:03 INFO  : Checking for BSP changes to sync application flags for project 'zc706_md_hdmi'...
11:34:14 INFO  : Checking for BSP changes to sync application flags for project 'zc706_md_hdmi'...
11:34:16 INFO  : Disconnected from the channel tcfchan#33.
11:34:16 INFO  : Connected to target on host '127.0.0.1' and port '3121'.
11:34:16 INFO  : Jtag cable 'Digilent JTAG-SMT2 210251A1B7E2' is selected.
11:34:16 INFO  : 'jtag frequency' command is executed.
11:34:16 INFO  : Context for 'APU' is selected.
11:34:16 INFO  : System reset is completed.
11:34:19 INFO  : 'after 3000' command is executed.
11:34:19 INFO  : 'targets -set -filter {jtag_cable_name =~ "Digilent JTAG-SMT2 210251A1B7E2" && level==0 && jtag_device_ctx=="jsn-JTAG-SMT2-210251A1B7E2-23731093-0"}' command is executed.
11:34:27 INFO  : Device configured successfully with "H:/test/two/fpga_arm/fpga_arm.runs/impl_1/design_1_wrapper.bit"
11:34:27 INFO  : Context for 'APU' is selected.
11:34:27 INFO  : Hardware design and registers information is loaded from 'H:/test/two/fpga_arm/vitis/zc706_md/export/zc706_md/hw/design_1_wrapper.xsa'.
11:34:27 INFO  : 'configparams force-mem-access 1' command is executed.
11:34:27 INFO  : Context for 'APU' is selected.
11:34:27 INFO  : Sourcing of 'H:/test/two/fpga_arm/vitis/zc706_md_hdmi/_ide/psinit/ps7_init.tcl' is done.
11:34:29 INFO  : 'ps7_init' command is executed.
11:34:30 INFO  : 'ps7_post_config' command is executed.
11:34:30 INFO  : Context for processor 'ps7_cortexa9_0' is selected.
11:34:30 INFO  : The application 'H:/test/two/fpga_arm/vitis/zc706_md_hdmi/Debug/zc706_md_hdmi.elf' is downloaded to processor 'ps7_cortexa9_0'.
11:34:31 INFO  : 'configparams force-mem-access 0' command is executed.
11:34:31 INFO  : ----------------XSDB Script----------------
connect -url tcp:127.0.0.1:3121
targets -set -nocase -filter {name =~"APU*"}
rst -system
after 3000
targets -set -filter {jtag_cable_name =~ "Digilent JTAG-SMT2 210251A1B7E2" && level==0 && jtag_device_ctx=="jsn-JTAG-SMT2-210251A1B7E2-23731093-0"}
fpga -file H:/test/two/fpga_arm/fpga_arm.runs/impl_1/design_1_wrapper.bit
targets -set -nocase -filter {name =~"APU*"}
loadhw -hw H:/test/two/fpga_arm/vitis/zc706_md/export/zc706_md/hw/design_1_wrapper.xsa -mem-ranges [list {0x40000000 0xbfffffff}] -regs
configparams force-mem-access 1
targets -set -nocase -filter {name =~"APU*"}
source H:/test/two/fpga_arm/vitis/zc706_md_hdmi/_ide/psinit/ps7_init.tcl
ps7_init
ps7_post_config
targets -set -nocase -filter {name =~ "*A9*#0"}
dow H:/test/two/fpga_arm/vitis/zc706_md_hdmi/Debug/zc706_md_hdmi.elf
configparams force-mem-access 0
----------------End of Script----------------

11:34:31 INFO  : Context for processor 'ps7_cortexa9_0' is selected.
11:34:31 INFO  : 'con' command is executed.
11:34:31 INFO  : ----------------XSDB Script (After Launch)----------------
targets -set -nocase -filter {name =~ "*A9*#0"}
con
----------------End of Script----------------

11:34:31 INFO  : Launch script is exported to file 'H:\test\two\fpga_arm\vitis\zc706_md_hdmi_system\_ide\scripts\systemdebugger_zc706_md_hdmi_system_standalone.tcl'
11:35:11 INFO  : Disconnected from the channel tcfchan#34.
11:35:45 INFO  : Checking for BSP changes to sync application flags for project 'zc706_md_hdmi'...
11:35:49 INFO  : Connected to target on host '127.0.0.1' and port '3121'.
11:35:49 INFO  : Jtag cable 'Digilent JTAG-SMT2 210251A1B7E2' is selected.
11:35:49 INFO  : 'jtag frequency' command is executed.
11:35:49 INFO  : Context for 'APU' is selected.
11:35:49 INFO  : System reset is completed.
11:35:52 INFO  : 'after 3000' command is executed.
11:35:53 INFO  : 'targets -set -filter {jtag_cable_name =~ "Digilent JTAG-SMT2 210251A1B7E2" && level==0 && jtag_device_ctx=="jsn-JTAG-SMT2-210251A1B7E2-23731093-0"}' command is executed.
11:36:00 INFO  : Device configured successfully with "H:/test/two/fpga_arm/fpga_arm.runs/impl_1/design_1_wrapper.bit"
11:36:00 INFO  : Context for 'APU' is selected.
11:36:00 INFO  : Hardware design and registers information is loaded from 'H:/test/two/fpga_arm/vitis/zc706_md/export/zc706_md/hw/design_1_wrapper.xsa'.
11:36:00 INFO  : 'configparams force-mem-access 1' command is executed.
11:36:00 INFO  : Context for 'APU' is selected.
11:36:00 INFO  : Sourcing of 'H:/test/two/fpga_arm/vitis/zc706_md_hdmi/_ide/psinit/ps7_init.tcl' is done.
11:36:02 INFO  : 'ps7_init' command is executed.
11:36:02 INFO  : 'ps7_post_config' command is executed.
11:36:02 INFO  : Context for processor 'ps7_cortexa9_0' is selected.
11:36:03 INFO  : The application 'H:/test/two/fpga_arm/vitis/zc706_md_hdmi/Debug/zc706_md_hdmi.elf' is downloaded to processor 'ps7_cortexa9_0'.
11:36:03 INFO  : 'configparams force-mem-access 0' command is executed.
11:36:03 INFO  : ----------------XSDB Script----------------
connect -url tcp:127.0.0.1:3121
targets -set -nocase -filter {name =~"APU*"}
rst -system
after 3000
targets -set -filter {jtag_cable_name =~ "Digilent JTAG-SMT2 210251A1B7E2" && level==0 && jtag_device_ctx=="jsn-JTAG-SMT2-210251A1B7E2-23731093-0"}
fpga -file H:/test/two/fpga_arm/fpga_arm.runs/impl_1/design_1_wrapper.bit
targets -set -nocase -filter {name =~"APU*"}
loadhw -hw H:/test/two/fpga_arm/vitis/zc706_md/export/zc706_md/hw/design_1_wrapper.xsa -mem-ranges [list {0x40000000 0xbfffffff}] -regs
configparams force-mem-access 1
targets -set -nocase -filter {name =~"APU*"}
source H:/test/two/fpga_arm/vitis/zc706_md_hdmi/_ide/psinit/ps7_init.tcl
ps7_init
ps7_post_config
targets -set -nocase -filter {name =~ "*A9*#0"}
dow H:/test/two/fpga_arm/vitis/zc706_md_hdmi/Debug/zc706_md_hdmi.elf
configparams force-mem-access 0
----------------End of Script----------------

11:36:03 INFO  : Context for processor 'ps7_cortexa9_0' is selected.
11:36:03 INFO  : 'con' command is executed.
11:36:03 INFO  : ----------------XSDB Script (After Launch)----------------
targets -set -nocase -filter {name =~ "*A9*#0"}
con
----------------End of Script----------------

11:36:03 INFO  : Launch script is exported to file 'H:\test\two\fpga_arm\vitis\zc706_md_hdmi_system\_ide\scripts\systemdebugger_zc706_md_hdmi_system_standalone.tcl'
11:36:37 INFO  : Disconnected from the channel tcfchan#35.
11:36:37 INFO  : Connected to target on host '127.0.0.1' and port '3121'.
11:36:37 INFO  : Jtag cable 'Digilent JTAG-SMT2 210251A1B7E2' is selected.
11:36:38 INFO  : 'jtag frequency' command is executed.
11:36:38 INFO  : Context for 'APU' is selected.
11:36:38 INFO  : System reset is completed.
11:36:41 INFO  : 'after 3000' command is executed.
11:36:41 INFO  : 'targets -set -filter {jtag_cable_name =~ "Digilent JTAG-SMT2 210251A1B7E2" && level==0 && jtag_device_ctx=="jsn-JTAG-SMT2-210251A1B7E2-23731093-0"}' command is executed.
11:36:49 INFO  : Device configured successfully with "H:/test/two/fpga_arm/fpga_arm.runs/impl_1/design_1_wrapper.bit"
11:36:49 INFO  : Context for 'APU' is selected.
11:36:49 INFO  : Hardware design and registers information is loaded from 'H:/test/two/fpga_arm/vitis/zc706_md/export/zc706_md/hw/design_1_wrapper.xsa'.
11:36:49 INFO  : 'configparams force-mem-access 1' command is executed.
11:36:49 INFO  : Context for 'APU' is selected.
11:36:49 INFO  : Sourcing of 'H:/test/two/fpga_arm/vitis/zc706_md_hdmi/_ide/psinit/ps7_init.tcl' is done.
11:36:51 INFO  : 'ps7_init' command is executed.
11:36:51 INFO  : 'ps7_post_config' command is executed.
11:36:51 INFO  : Context for processor 'ps7_cortexa9_0' is selected.
11:36:52 INFO  : The application 'H:/test/two/fpga_arm/vitis/zc706_md_hdmi/Debug/zc706_md_hdmi.elf' is downloaded to processor 'ps7_cortexa9_0'.
11:36:52 INFO  : 'configparams force-mem-access 0' command is executed.
11:36:52 INFO  : ----------------XSDB Script----------------
connect -url tcp:127.0.0.1:3121
targets -set -nocase -filter {name =~"APU*"}
rst -system
after 3000
targets -set -filter {jtag_cable_name =~ "Digilent JTAG-SMT2 210251A1B7E2" && level==0 && jtag_device_ctx=="jsn-JTAG-SMT2-210251A1B7E2-23731093-0"}
fpga -file H:/test/two/fpga_arm/fpga_arm.runs/impl_1/design_1_wrapper.bit
targets -set -nocase -filter {name =~"APU*"}
loadhw -hw H:/test/two/fpga_arm/vitis/zc706_md/export/zc706_md/hw/design_1_wrapper.xsa -mem-ranges [list {0x40000000 0xbfffffff}] -regs
configparams force-mem-access 1
targets -set -nocase -filter {name =~"APU*"}
source H:/test/two/fpga_arm/vitis/zc706_md_hdmi/_ide/psinit/ps7_init.tcl
ps7_init
ps7_post_config
targets -set -nocase -filter {name =~ "*A9*#0"}
dow H:/test/two/fpga_arm/vitis/zc706_md_hdmi/Debug/zc706_md_hdmi.elf
configparams force-mem-access 0
----------------End of Script----------------

11:36:52 INFO  : Context for processor 'ps7_cortexa9_0' is selected.
11:36:52 INFO  : 'con' command is executed.
11:36:52 INFO  : ----------------XSDB Script (After Launch)----------------
targets -set -nocase -filter {name =~ "*A9*#0"}
con
----------------End of Script----------------

11:36:52 INFO  : Launch script is exported to file 'H:\test\two\fpga_arm\vitis\zc706_md_hdmi_system\_ide\scripts\systemdebugger_zc706_md_hdmi_system_standalone.tcl'
11:37:32 INFO  : Checking for BSP changes to sync application flags for project 'zc706_md_hdmi'...
11:38:11 INFO  : Checking for BSP changes to sync application flags for project 'zc706_md_hdmi'...
11:38:14 INFO  : Disconnected from the channel tcfchan#36.
11:38:14 INFO  : Connected to target on host '127.0.0.1' and port '3121'.
11:38:29 INFO  : Jtag cable 'Digilent JTAG-SMT2 210251A1B7E2' is selected.
11:38:29 INFO  : 'jtag frequency' command is executed.
11:38:29 INFO  : Context for 'APU' is selected.
11:38:29 INFO  : System reset is completed.
11:38:32 INFO  : 'after 3000' command is executed.
11:38:33 INFO  : 'targets -set -filter {jtag_cable_name =~ "Digilent JTAG-SMT2 210251A1B7E2" && level==0 && jtag_device_ctx=="jsn-JTAG-SMT2-210251A1B7E2-23731093-0"}' command is executed.
11:38:40 INFO  : Device configured successfully with "H:/test/two/fpga_arm/fpga_arm.runs/impl_1/design_1_wrapper.bit"
11:38:41 INFO  : Context for 'APU' is selected.
11:38:41 INFO  : Hardware design and registers information is loaded from 'H:/test/two/fpga_arm/vitis/zc706_md/export/zc706_md/hw/design_1_wrapper.xsa'.
11:38:41 INFO  : 'configparams force-mem-access 1' command is executed.
11:38:41 INFO  : Context for 'APU' is selected.
11:38:41 INFO  : Sourcing of 'H:/test/two/fpga_arm/vitis/zc706_md_hdmi/_ide/psinit/ps7_init.tcl' is done.
11:38:44 INFO  : 'ps7_init' command is executed.
11:38:44 INFO  : 'ps7_post_config' command is executed.
11:38:44 INFO  : Context for processor 'ps7_cortexa9_0' is selected.
11:38:45 INFO  : The application 'H:/test/two/fpga_arm/vitis/zc706_md_hdmi/Debug/zc706_md_hdmi.elf' is downloaded to processor 'ps7_cortexa9_0'.
11:38:45 INFO  : 'configparams force-mem-access 0' command is executed.
11:38:45 INFO  : ----------------XSDB Script----------------
connect -url tcp:127.0.0.1:3121
targets -set -nocase -filter {name =~"APU*"}
rst -system
after 3000
targets -set -filter {jtag_cable_name =~ "Digilent JTAG-SMT2 210251A1B7E2" && level==0 && jtag_device_ctx=="jsn-JTAG-SMT2-210251A1B7E2-23731093-0"}
fpga -file H:/test/two/fpga_arm/fpga_arm.runs/impl_1/design_1_wrapper.bit
targets -set -nocase -filter {name =~"APU*"}
loadhw -hw H:/test/two/fpga_arm/vitis/zc706_md/export/zc706_md/hw/design_1_wrapper.xsa -mem-ranges [list {0x40000000 0xbfffffff}] -regs
configparams force-mem-access 1
targets -set -nocase -filter {name =~"APU*"}
source H:/test/two/fpga_arm/vitis/zc706_md_hdmi/_ide/psinit/ps7_init.tcl
ps7_init
ps7_post_config
targets -set -nocase -filter {name =~ "*A9*#0"}
dow H:/test/two/fpga_arm/vitis/zc706_md_hdmi/Debug/zc706_md_hdmi.elf
configparams force-mem-access 0
----------------End of Script----------------

11:38:45 INFO  : Context for processor 'ps7_cortexa9_0' is selected.
11:38:45 INFO  : 'con' command is executed.
11:38:45 INFO  : ----------------XSDB Script (After Launch)----------------
targets -set -nocase -filter {name =~ "*A9*#0"}
con
----------------End of Script----------------

11:38:45 INFO  : Launch script is exported to file 'H:\test\two\fpga_arm\vitis\zc706_md_hdmi_system\_ide\scripts\systemdebugger_zc706_md_hdmi_system_standalone.tcl'
11:40:02 INFO  : Disconnected from the channel tcfchan#37.
11:40:02 INFO  : Connected to target on host '127.0.0.1' and port '3121'.
11:40:02 INFO  : Jtag cable 'Digilent JTAG-SMT2 210251A1B7E2' is selected.
11:40:02 INFO  : 'jtag frequency' command is executed.
11:40:02 INFO  : Context for 'APU' is selected.
11:40:02 INFO  : System reset is completed.
11:40:05 INFO  : 'after 3000' command is executed.
11:40:06 INFO  : 'targets -set -filter {jtag_cable_name =~ "Digilent JTAG-SMT2 210251A1B7E2" && level==0 && jtag_device_ctx=="jsn-JTAG-SMT2-210251A1B7E2-23731093-0"}' command is executed.
11:40:13 INFO  : Device configured successfully with "H:/test/two/fpga_arm/fpga_arm.runs/impl_1/design_1_wrapper.bit"
11:40:13 INFO  : Context for 'APU' is selected.
11:40:13 INFO  : Hardware design and registers information is loaded from 'H:/test/two/fpga_arm/vitis/zc706_md/export/zc706_md/hw/design_1_wrapper.xsa'.
11:40:13 INFO  : 'configparams force-mem-access 1' command is executed.
11:40:14 INFO  : Context for 'APU' is selected.
11:40:14 INFO  : Sourcing of 'H:/test/two/fpga_arm/vitis/zc706_md_hdmi/_ide/psinit/ps7_init.tcl' is done.
11:40:15 INFO  : 'ps7_init' command is executed.
11:40:16 INFO  : 'ps7_post_config' command is executed.
11:40:16 INFO  : Context for processor 'ps7_cortexa9_0' is selected.
11:40:16 INFO  : The application 'H:/test/two/fpga_arm/vitis/zc706_md_hdmi/Debug/zc706_md_hdmi.elf' is downloaded to processor 'ps7_cortexa9_0'.
11:40:16 INFO  : 'configparams force-mem-access 0' command is executed.
11:40:16 INFO  : ----------------XSDB Script----------------
connect -url tcp:127.0.0.1:3121
targets -set -nocase -filter {name =~"APU*"}
rst -system
after 3000
targets -set -filter {jtag_cable_name =~ "Digilent JTAG-SMT2 210251A1B7E2" && level==0 && jtag_device_ctx=="jsn-JTAG-SMT2-210251A1B7E2-23731093-0"}
fpga -file H:/test/two/fpga_arm/fpga_arm.runs/impl_1/design_1_wrapper.bit
targets -set -nocase -filter {name =~"APU*"}
loadhw -hw H:/test/two/fpga_arm/vitis/zc706_md/export/zc706_md/hw/design_1_wrapper.xsa -mem-ranges [list {0x40000000 0xbfffffff}] -regs
configparams force-mem-access 1
targets -set -nocase -filter {name =~"APU*"}
source H:/test/two/fpga_arm/vitis/zc706_md_hdmi/_ide/psinit/ps7_init.tcl
ps7_init
ps7_post_config
targets -set -nocase -filter {name =~ "*A9*#0"}
dow H:/test/two/fpga_arm/vitis/zc706_md_hdmi/Debug/zc706_md_hdmi.elf
configparams force-mem-access 0
----------------End of Script----------------

11:40:17 INFO  : Context for processor 'ps7_cortexa9_0' is selected.
11:40:17 INFO  : 'con' command is executed.
11:40:17 INFO  : ----------------XSDB Script (After Launch)----------------
targets -set -nocase -filter {name =~ "*A9*#0"}
con
----------------End of Script----------------

11:40:17 INFO  : Launch script is exported to file 'H:\test\two\fpga_arm\vitis\zc706_md_hdmi_system\_ide\scripts\systemdebugger_zc706_md_hdmi_system_standalone.tcl'
11:43:03 INFO  : Checking for BSP changes to sync application flags for project 'zc706_md_hdmi'...
11:43:30 INFO  : Checking for BSP changes to sync application flags for project 'zc706_md_hdmi'...
11:44:05 INFO  : Checking for BSP changes to sync application flags for project 'zc706_md_hdmi'...
11:44:07 INFO  : Disconnected from the channel tcfchan#38.
11:44:07 INFO  : Connected to target on host '127.0.0.1' and port '3121'.
11:44:08 INFO  : Jtag cable 'Digilent JTAG-SMT2 210251A1B7E2' is selected.
11:44:08 INFO  : 'jtag frequency' command is executed.
11:44:08 INFO  : Context for 'APU' is selected.
11:44:08 INFO  : System reset is completed.
11:44:11 INFO  : 'after 3000' command is executed.
11:44:11 INFO  : 'targets -set -filter {jtag_cable_name =~ "Digilent JTAG-SMT2 210251A1B7E2" && level==0 && jtag_device_ctx=="jsn-JTAG-SMT2-210251A1B7E2-23731093-0"}' command is executed.
11:44:19 INFO  : Device configured successfully with "H:/test/two/fpga_arm/fpga_arm.runs/impl_1/design_1_wrapper.bit"
11:44:19 INFO  : Context for 'APU' is selected.
11:44:19 INFO  : Hardware design and registers information is loaded from 'H:/test/two/fpga_arm/vitis/zc706_md/export/zc706_md/hw/design_1_wrapper.xsa'.
11:44:19 INFO  : 'configparams force-mem-access 1' command is executed.
11:44:19 INFO  : Context for 'APU' is selected.
11:44:19 INFO  : Sourcing of 'H:/test/two/fpga_arm/vitis/zc706_md_hdmi/_ide/psinit/ps7_init.tcl' is done.
11:44:21 INFO  : 'ps7_init' command is executed.
11:44:21 INFO  : 'ps7_post_config' command is executed.
11:44:21 INFO  : Context for processor 'ps7_cortexa9_0' is selected.
11:44:22 INFO  : The application 'H:/test/two/fpga_arm/vitis/zc706_md_hdmi/Debug/zc706_md_hdmi.elf' is downloaded to processor 'ps7_cortexa9_0'.
11:44:22 INFO  : 'configparams force-mem-access 0' command is executed.
11:44:22 INFO  : ----------------XSDB Script----------------
connect -url tcp:127.0.0.1:3121
targets -set -nocase -filter {name =~"APU*"}
rst -system
after 3000
targets -set -filter {jtag_cable_name =~ "Digilent JTAG-SMT2 210251A1B7E2" && level==0 && jtag_device_ctx=="jsn-JTAG-SMT2-210251A1B7E2-23731093-0"}
fpga -file H:/test/two/fpga_arm/fpga_arm.runs/impl_1/design_1_wrapper.bit
targets -set -nocase -filter {name =~"APU*"}
loadhw -hw H:/test/two/fpga_arm/vitis/zc706_md/export/zc706_md/hw/design_1_wrapper.xsa -mem-ranges [list {0x40000000 0xbfffffff}] -regs
configparams force-mem-access 1
targets -set -nocase -filter {name =~"APU*"}
source H:/test/two/fpga_arm/vitis/zc706_md_hdmi/_ide/psinit/ps7_init.tcl
ps7_init
ps7_post_config
targets -set -nocase -filter {name =~ "*A9*#0"}
dow H:/test/two/fpga_arm/vitis/zc706_md_hdmi/Debug/zc706_md_hdmi.elf
configparams force-mem-access 0
----------------End of Script----------------

11:44:23 INFO  : Context for processor 'ps7_cortexa9_0' is selected.
11:44:23 INFO  : 'con' command is executed.
11:44:23 INFO  : ----------------XSDB Script (After Launch)----------------
targets -set -nocase -filter {name =~ "*A9*#0"}
con
----------------End of Script----------------

11:44:23 INFO  : Launch script is exported to file 'H:\test\two\fpga_arm\vitis\zc706_md_hdmi_system\_ide\scripts\systemdebugger_zc706_md_hdmi_system_standalone.tcl'
11:45:23 INFO  : Disconnected from the channel tcfchan#39.
11:45:23 INFO  : Connected to target on host '127.0.0.1' and port '3121'.
11:45:24 INFO  : Jtag cable 'Digilent JTAG-SMT2 210251A1B7E2' is selected.
11:45:24 INFO  : 'jtag frequency' command is executed.
11:45:24 INFO  : Context for 'APU' is selected.
11:45:24 INFO  : System reset is completed.
11:45:27 INFO  : 'after 3000' command is executed.
11:45:27 INFO  : 'targets -set -filter {jtag_cable_name =~ "Digilent JTAG-SMT2 210251A1B7E2" && level==0 && jtag_device_ctx=="jsn-JTAG-SMT2-210251A1B7E2-23731093-0"}' command is executed.
11:45:35 INFO  : Device configured successfully with "H:/test/two/fpga_arm/fpga_arm.runs/impl_1/design_1_wrapper.bit"
11:45:35 INFO  : Context for 'APU' is selected.
11:45:35 INFO  : Hardware design and registers information is loaded from 'H:/test/two/fpga_arm/vitis/zc706_md/export/zc706_md/hw/design_1_wrapper.xsa'.
11:45:35 INFO  : 'configparams force-mem-access 1' command is executed.
11:45:35 INFO  : Context for 'APU' is selected.
11:45:35 INFO  : Sourcing of 'H:/test/two/fpga_arm/vitis/zc706_md_hdmi/_ide/psinit/ps7_init.tcl' is done.
11:45:37 INFO  : 'ps7_init' command is executed.
11:45:37 INFO  : 'ps7_post_config' command is executed.
11:45:37 INFO  : Context for processor 'ps7_cortexa9_0' is selected.
11:45:38 INFO  : The application 'H:/test/two/fpga_arm/vitis/zc706_md_hdmi/Debug/zc706_md_hdmi.elf' is downloaded to processor 'ps7_cortexa9_0'.
11:45:38 INFO  : 'configparams force-mem-access 0' command is executed.
11:45:38 INFO  : ----------------XSDB Script----------------
connect -url tcp:127.0.0.1:3121
targets -set -nocase -filter {name =~"APU*"}
rst -system
after 3000
targets -set -filter {jtag_cable_name =~ "Digilent JTAG-SMT2 210251A1B7E2" && level==0 && jtag_device_ctx=="jsn-JTAG-SMT2-210251A1B7E2-23731093-0"}
fpga -file H:/test/two/fpga_arm/fpga_arm.runs/impl_1/design_1_wrapper.bit
targets -set -nocase -filter {name =~"APU*"}
loadhw -hw H:/test/two/fpga_arm/vitis/zc706_md/export/zc706_md/hw/design_1_wrapper.xsa -mem-ranges [list {0x40000000 0xbfffffff}] -regs
configparams force-mem-access 1
targets -set -nocase -filter {name =~"APU*"}
source H:/test/two/fpga_arm/vitis/zc706_md_hdmi/_ide/psinit/ps7_init.tcl
ps7_init
ps7_post_config
targets -set -nocase -filter {name =~ "*A9*#0"}
dow H:/test/two/fpga_arm/vitis/zc706_md_hdmi/Debug/zc706_md_hdmi.elf
configparams force-mem-access 0
----------------End of Script----------------

11:45:39 INFO  : Context for processor 'ps7_cortexa9_0' is selected.
11:45:39 INFO  : 'con' command is executed.
11:45:39 INFO  : ----------------XSDB Script (After Launch)----------------
targets -set -nocase -filter {name =~ "*A9*#0"}
con
----------------End of Script----------------

11:45:39 INFO  : Launch script is exported to file 'H:\test\two\fpga_arm\vitis\zc706_md_hdmi_system\_ide\scripts\systemdebugger_zc706_md_hdmi_system_standalone.tcl'
11:46:52 INFO  : Checking for BSP changes to sync application flags for project 'zc706_md_hdmi'...
11:46:56 INFO  : Disconnected from the channel tcfchan#40.
11:46:56 INFO  : Connected to target on host '127.0.0.1' and port '3121'.
11:46:56 INFO  : Jtag cable 'Digilent JTAG-SMT2 210251A1B7E2' is selected.
11:46:56 INFO  : 'jtag frequency' command is executed.
11:46:56 INFO  : Context for 'APU' is selected.
11:46:56 INFO  : System reset is completed.
11:46:59 INFO  : 'after 3000' command is executed.
11:46:59 INFO  : 'targets -set -filter {jtag_cable_name =~ "Digilent JTAG-SMT2 210251A1B7E2" && level==0 && jtag_device_ctx=="jsn-JTAG-SMT2-210251A1B7E2-23731093-0"}' command is executed.
11:47:07 INFO  : Device configured successfully with "H:/test/two/fpga_arm/fpga_arm.runs/impl_1/design_1_wrapper.bit"
11:47:07 INFO  : Context for 'APU' is selected.
11:47:07 INFO  : Hardware design and registers information is loaded from 'H:/test/two/fpga_arm/vitis/zc706_md/export/zc706_md/hw/design_1_wrapper.xsa'.
11:47:07 INFO  : 'configparams force-mem-access 1' command is executed.
11:47:07 INFO  : Context for 'APU' is selected.
11:47:07 INFO  : Sourcing of 'H:/test/two/fpga_arm/vitis/zc706_md_hdmi/_ide/psinit/ps7_init.tcl' is done.
11:47:10 INFO  : 'ps7_init' command is executed.
11:47:10 INFO  : 'ps7_post_config' command is executed.
11:47:10 INFO  : Context for processor 'ps7_cortexa9_0' is selected.
11:47:10 INFO  : The application 'H:/test/two/fpga_arm/vitis/zc706_md_hdmi/Debug/zc706_md_hdmi.elf' is downloaded to processor 'ps7_cortexa9_0'.
11:47:11 INFO  : 'configparams force-mem-access 0' command is executed.
11:47:11 INFO  : ----------------XSDB Script----------------
connect -url tcp:127.0.0.1:3121
targets -set -nocase -filter {name =~"APU*"}
rst -system
after 3000
targets -set -filter {jtag_cable_name =~ "Digilent JTAG-SMT2 210251A1B7E2" && level==0 && jtag_device_ctx=="jsn-JTAG-SMT2-210251A1B7E2-23731093-0"}
fpga -file H:/test/two/fpga_arm/fpga_arm.runs/impl_1/design_1_wrapper.bit
targets -set -nocase -filter {name =~"APU*"}
loadhw -hw H:/test/two/fpga_arm/vitis/zc706_md/export/zc706_md/hw/design_1_wrapper.xsa -mem-ranges [list {0x40000000 0xbfffffff}] -regs
configparams force-mem-access 1
targets -set -nocase -filter {name =~"APU*"}
source H:/test/two/fpga_arm/vitis/zc706_md_hdmi/_ide/psinit/ps7_init.tcl
ps7_init
ps7_post_config
targets -set -nocase -filter {name =~ "*A9*#0"}
dow H:/test/two/fpga_arm/vitis/zc706_md_hdmi/Debug/zc706_md_hdmi.elf
configparams force-mem-access 0
----------------End of Script----------------

11:47:11 INFO  : Context for processor 'ps7_cortexa9_0' is selected.
11:47:11 INFO  : 'con' command is executed.
11:47:11 INFO  : ----------------XSDB Script (After Launch)----------------
targets -set -nocase -filter {name =~ "*A9*#0"}
con
----------------End of Script----------------

11:47:11 INFO  : Launch script is exported to file 'H:\test\two\fpga_arm\vitis\zc706_md_hdmi_system\_ide\scripts\systemdebugger_zc706_md_hdmi_system_standalone.tcl'
11:48:50 INFO  : Checking for BSP changes to sync application flags for project 'zc706_md_hdmi'...
11:48:53 INFO  : Disconnected from the channel tcfchan#41.
11:48:53 INFO  : Connected to target on host '127.0.0.1' and port '3121'.
11:48:54 INFO  : Jtag cable 'Digilent JTAG-SMT2 210251A1B7E2' is selected.
11:48:54 INFO  : 'jtag frequency' command is executed.
11:48:54 INFO  : Context for 'APU' is selected.
11:48:54 INFO  : System reset is completed.
11:48:57 INFO  : 'after 3000' command is executed.
11:48:58 INFO  : 'targets -set -filter {jtag_cable_name =~ "Digilent JTAG-SMT2 210251A1B7E2" && level==0 && jtag_device_ctx=="jsn-JTAG-SMT2-210251A1B7E2-23731093-0"}' command is executed.
11:49:05 INFO  : Device configured successfully with "H:/test/two/fpga_arm/fpga_arm.runs/impl_1/design_1_wrapper.bit"
11:49:05 INFO  : Context for 'APU' is selected.
11:49:05 INFO  : Hardware design and registers information is loaded from 'H:/test/two/fpga_arm/vitis/zc706_md/export/zc706_md/hw/design_1_wrapper.xsa'.
11:49:05 INFO  : 'configparams force-mem-access 1' command is executed.
11:49:05 INFO  : Context for 'APU' is selected.
11:49:05 INFO  : Sourcing of 'H:/test/two/fpga_arm/vitis/zc706_md_hdmi/_ide/psinit/ps7_init.tcl' is done.
11:49:07 INFO  : 'ps7_init' command is executed.
11:49:07 INFO  : 'ps7_post_config' command is executed.
11:49:07 INFO  : Context for processor 'ps7_cortexa9_0' is selected.
11:49:08 INFO  : The application 'H:/test/two/fpga_arm/vitis/zc706_md_hdmi/Debug/zc706_md_hdmi.elf' is downloaded to processor 'ps7_cortexa9_0'.
11:49:08 INFO  : 'configparams force-mem-access 0' command is executed.
11:49:08 INFO  : ----------------XSDB Script----------------
connect -url tcp:127.0.0.1:3121
targets -set -nocase -filter {name =~"APU*"}
rst -system
after 3000
targets -set -filter {jtag_cable_name =~ "Digilent JTAG-SMT2 210251A1B7E2" && level==0 && jtag_device_ctx=="jsn-JTAG-SMT2-210251A1B7E2-23731093-0"}
fpga -file H:/test/two/fpga_arm/fpga_arm.runs/impl_1/design_1_wrapper.bit
targets -set -nocase -filter {name =~"APU*"}
loadhw -hw H:/test/two/fpga_arm/vitis/zc706_md/export/zc706_md/hw/design_1_wrapper.xsa -mem-ranges [list {0x40000000 0xbfffffff}] -regs
configparams force-mem-access 1
targets -set -nocase -filter {name =~"APU*"}
source H:/test/two/fpga_arm/vitis/zc706_md_hdmi/_ide/psinit/ps7_init.tcl
ps7_init
ps7_post_config
targets -set -nocase -filter {name =~ "*A9*#0"}
dow H:/test/two/fpga_arm/vitis/zc706_md_hdmi/Debug/zc706_md_hdmi.elf
configparams force-mem-access 0
----------------End of Script----------------

11:49:08 INFO  : Context for processor 'ps7_cortexa9_0' is selected.
11:49:09 INFO  : 'con' command is executed.
11:49:09 INFO  : ----------------XSDB Script (After Launch)----------------
targets -set -nocase -filter {name =~ "*A9*#0"}
con
----------------End of Script----------------

11:49:09 INFO  : Launch script is exported to file 'H:\test\two\fpga_arm\vitis\zc706_md_hdmi_system\_ide\scripts\systemdebugger_zc706_md_hdmi_system_standalone.tcl'
11:50:00 INFO  : Checking for BSP changes to sync application flags for project 'zc706_md_hdmi'...
11:50:07 INFO  : Disconnected from the channel tcfchan#42.
11:50:07 INFO  : Connected to target on host '127.0.0.1' and port '3121'.
11:50:13 INFO  : Jtag cable 'Digilent JTAG-SMT2 210251A1B7E2' is selected.
11:50:13 INFO  : 'jtag frequency' command is executed.
11:50:13 INFO  : Context for 'APU' is selected.
11:50:14 INFO  : System reset is completed.
11:50:17 INFO  : 'after 3000' command is executed.
11:50:17 INFO  : 'targets -set -filter {jtag_cable_name =~ "Digilent JTAG-SMT2 210251A1B7E2" && level==0 && jtag_device_ctx=="jsn-JTAG-SMT2-210251A1B7E2-23731093-0"}' command is executed.
11:50:25 INFO  : Device configured successfully with "H:/test/two/fpga_arm/fpga_arm.runs/impl_1/design_1_wrapper.bit"
11:50:25 INFO  : Context for 'APU' is selected.
11:50:25 INFO  : Hardware design and registers information is loaded from 'H:/test/two/fpga_arm/vitis/zc706_md/export/zc706_md/hw/design_1_wrapper.xsa'.
11:50:25 INFO  : 'configparams force-mem-access 1' command is executed.
11:50:25 INFO  : Context for 'APU' is selected.
11:50:25 INFO  : Sourcing of 'H:/test/two/fpga_arm/vitis/zc706_md_hdmi/_ide/psinit/ps7_init.tcl' is done.
11:50:26 INFO  : 'ps7_init' command is executed.
11:50:26 INFO  : 'ps7_post_config' command is executed.
11:50:26 INFO  : Context for processor 'ps7_cortexa9_0' is selected.
11:50:27 INFO  : The application 'H:/test/two/fpga_arm/vitis/zc706_md_hdmi/Debug/zc706_md_hdmi.elf' is downloaded to processor 'ps7_cortexa9_0'.
11:50:27 INFO  : 'configparams force-mem-access 0' command is executed.
11:50:27 INFO  : ----------------XSDB Script----------------
connect -url tcp:127.0.0.1:3121
targets -set -nocase -filter {name =~"APU*"}
rst -system
after 3000
targets -set -filter {jtag_cable_name =~ "Digilent JTAG-SMT2 210251A1B7E2" && level==0 && jtag_device_ctx=="jsn-JTAG-SMT2-210251A1B7E2-23731093-0"}
fpga -file H:/test/two/fpga_arm/fpga_arm.runs/impl_1/design_1_wrapper.bit
targets -set -nocase -filter {name =~"APU*"}
loadhw -hw H:/test/two/fpga_arm/vitis/zc706_md/export/zc706_md/hw/design_1_wrapper.xsa -mem-ranges [list {0x40000000 0xbfffffff}] -regs
configparams force-mem-access 1
targets -set -nocase -filter {name =~"APU*"}
source H:/test/two/fpga_arm/vitis/zc706_md_hdmi/_ide/psinit/ps7_init.tcl
ps7_init
ps7_post_config
targets -set -nocase -filter {name =~ "*A9*#0"}
dow H:/test/two/fpga_arm/vitis/zc706_md_hdmi/Debug/zc706_md_hdmi.elf
configparams force-mem-access 0
----------------End of Script----------------

11:50:27 INFO  : Context for processor 'ps7_cortexa9_0' is selected.
11:50:28 INFO  : 'con' command is executed.
11:50:28 INFO  : ----------------XSDB Script (After Launch)----------------
targets -set -nocase -filter {name =~ "*A9*#0"}
con
----------------End of Script----------------

11:50:28 INFO  : Launch script is exported to file 'H:\test\two\fpga_arm\vitis\zc706_md_hdmi_system\_ide\scripts\systemdebugger_zc706_md_hdmi_system_standalone.tcl'
11:51:21 INFO  : Checking for BSP changes to sync application flags for project 'zc706_md_hdmi'...
11:51:59 INFO  : Disconnected from the channel tcfchan#43.
11:52:00 INFO  : Connected to target on host '127.0.0.1' and port '3121'.
11:52:02 INFO  : Jtag cable 'Digilent JTAG-SMT2 210251A1B7E2' is selected.
11:52:03 INFO  : 'jtag frequency' command is executed.
11:52:03 INFO  : Context for 'APU' is selected.
11:52:03 INFO  : System reset is completed.
11:52:06 INFO  : 'after 3000' command is executed.
11:52:06 INFO  : 'targets -set -filter {jtag_cable_name =~ "Digilent JTAG-SMT2 210251A1B7E2" && level==0 && jtag_device_ctx=="jsn-JTAG-SMT2-210251A1B7E2-23731093-0"}' command is executed.
11:52:14 INFO  : Device configured successfully with "H:/test/two/fpga_arm/fpga_arm.runs/impl_1/design_1_wrapper.bit"
11:52:14 INFO  : Context for 'APU' is selected.
11:52:14 INFO  : Hardware design and registers information is loaded from 'H:/test/two/fpga_arm/vitis/zc706_md/export/zc706_md/hw/design_1_wrapper.xsa'.
11:52:14 INFO  : 'configparams force-mem-access 1' command is executed.
11:52:14 INFO  : Context for 'APU' is selected.
11:52:14 INFO  : Sourcing of 'H:/test/two/fpga_arm/vitis/zc706_md_hdmi/_ide/psinit/ps7_init.tcl' is done.
11:52:15 INFO  : 'ps7_init' command is executed.
11:52:15 INFO  : 'ps7_post_config' command is executed.
11:52:16 INFO  : Context for processor 'ps7_cortexa9_0' is selected.
11:52:16 INFO  : The application 'H:/test/two/fpga_arm/vitis/zc706_md_hdmi/Debug/zc706_md_hdmi.elf' is downloaded to processor 'ps7_cortexa9_0'.
11:52:17 INFO  : 'configparams force-mem-access 0' command is executed.
11:52:17 INFO  : ----------------XSDB Script----------------
connect -url tcp:127.0.0.1:3121
targets -set -nocase -filter {name =~"APU*"}
rst -system
after 3000
targets -set -filter {jtag_cable_name =~ "Digilent JTAG-SMT2 210251A1B7E2" && level==0 && jtag_device_ctx=="jsn-JTAG-SMT2-210251A1B7E2-23731093-0"}
fpga -file H:/test/two/fpga_arm/fpga_arm.runs/impl_1/design_1_wrapper.bit
targets -set -nocase -filter {name =~"APU*"}
loadhw -hw H:/test/two/fpga_arm/vitis/zc706_md/export/zc706_md/hw/design_1_wrapper.xsa -mem-ranges [list {0x40000000 0xbfffffff}] -regs
configparams force-mem-access 1
targets -set -nocase -filter {name =~"APU*"}
source H:/test/two/fpga_arm/vitis/zc706_md_hdmi/_ide/psinit/ps7_init.tcl
ps7_init
ps7_post_config
targets -set -nocase -filter {name =~ "*A9*#0"}
dow H:/test/two/fpga_arm/vitis/zc706_md_hdmi/Debug/zc706_md_hdmi.elf
configparams force-mem-access 0
----------------End of Script----------------

11:52:17 INFO  : Context for processor 'ps7_cortexa9_0' is selected.
11:52:17 INFO  : 'con' command is executed.
11:52:17 INFO  : ----------------XSDB Script (After Launch)----------------
targets -set -nocase -filter {name =~ "*A9*#0"}
con
----------------End of Script----------------

11:52:17 INFO  : Launch script is exported to file 'H:\test\two\fpga_arm\vitis\zc706_md_hdmi_system\_ide\scripts\systemdebugger_zc706_md_hdmi_system_standalone.tcl'
11:52:46 INFO  : Checking for BSP changes to sync application flags for project 'zc706_md_hdmi'...
11:53:11 INFO  : Checking for BSP changes to sync application flags for project 'zc706_md_hdmi'...
11:53:12 INFO  : Disconnected from the channel tcfchan#44.
11:53:12 INFO  : Connected to target on host '127.0.0.1' and port '3121'.
11:53:19 INFO  : Jtag cable 'Digilent JTAG-SMT2 210251A1B7E2' is selected.
11:53:19 INFO  : 'jtag frequency' command is executed.
11:53:19 INFO  : Context for 'APU' is selected.
11:53:19 INFO  : System reset is completed.
11:53:22 INFO  : 'after 3000' command is executed.
11:53:22 INFO  : 'targets -set -filter {jtag_cable_name =~ "Digilent JTAG-SMT2 210251A1B7E2" && level==0 && jtag_device_ctx=="jsn-JTAG-SMT2-210251A1B7E2-23731093-0"}' command is executed.
11:53:30 INFO  : Device configured successfully with "H:/test/two/fpga_arm/fpga_arm.runs/impl_1/design_1_wrapper.bit"
11:53:30 INFO  : Context for 'APU' is selected.
11:53:30 INFO  : Hardware design and registers information is loaded from 'H:/test/two/fpga_arm/vitis/zc706_md/export/zc706_md/hw/design_1_wrapper.xsa'.
11:53:30 INFO  : 'configparams force-mem-access 1' command is executed.
11:53:30 INFO  : Context for 'APU' is selected.
11:53:30 INFO  : Sourcing of 'H:/test/two/fpga_arm/vitis/zc706_md_hdmi/_ide/psinit/ps7_init.tcl' is done.
11:53:32 INFO  : 'ps7_init' command is executed.
11:53:32 INFO  : 'ps7_post_config' command is executed.
11:53:32 INFO  : Context for processor 'ps7_cortexa9_0' is selected.
11:53:33 INFO  : The application 'H:/test/two/fpga_arm/vitis/zc706_md_hdmi/Debug/zc706_md_hdmi.elf' is downloaded to processor 'ps7_cortexa9_0'.
11:53:33 INFO  : 'configparams force-mem-access 0' command is executed.
11:53:33 INFO  : ----------------XSDB Script----------------
connect -url tcp:127.0.0.1:3121
targets -set -nocase -filter {name =~"APU*"}
rst -system
after 3000
targets -set -filter {jtag_cable_name =~ "Digilent JTAG-SMT2 210251A1B7E2" && level==0 && jtag_device_ctx=="jsn-JTAG-SMT2-210251A1B7E2-23731093-0"}
fpga -file H:/test/two/fpga_arm/fpga_arm.runs/impl_1/design_1_wrapper.bit
targets -set -nocase -filter {name =~"APU*"}
loadhw -hw H:/test/two/fpga_arm/vitis/zc706_md/export/zc706_md/hw/design_1_wrapper.xsa -mem-ranges [list {0x40000000 0xbfffffff}] -regs
configparams force-mem-access 1
targets -set -nocase -filter {name =~"APU*"}
source H:/test/two/fpga_arm/vitis/zc706_md_hdmi/_ide/psinit/ps7_init.tcl
ps7_init
ps7_post_config
targets -set -nocase -filter {name =~ "*A9*#0"}
dow H:/test/two/fpga_arm/vitis/zc706_md_hdmi/Debug/zc706_md_hdmi.elf
configparams force-mem-access 0
----------------End of Script----------------

11:53:33 INFO  : Context for processor 'ps7_cortexa9_0' is selected.
11:53:34 INFO  : 'con' command is executed.
11:53:34 INFO  : ----------------XSDB Script (After Launch)----------------
targets -set -nocase -filter {name =~ "*A9*#0"}
con
----------------End of Script----------------

11:53:34 INFO  : Launch script is exported to file 'H:\test\two\fpga_arm\vitis\zc706_md_hdmi_system\_ide\scripts\systemdebugger_zc706_md_hdmi_system_standalone.tcl'
11:59:41 INFO  : Disconnected from the channel tcfchan#45.
11:59:41 INFO  : Connected to target on host '127.0.0.1' and port '3121'.
11:59:41 INFO  : Jtag cable 'Digilent JTAG-SMT2 210251A1B7E2' is selected.
11:59:41 INFO  : 'jtag frequency' command is executed.
11:59:41 INFO  : Context for 'APU' is selected.
11:59:41 INFO  : System reset is completed.
11:59:44 INFO  : 'after 3000' command is executed.
11:59:45 INFO  : 'targets -set -filter {jtag_cable_name =~ "Digilent JTAG-SMT2 210251A1B7E2" && level==0 && jtag_device_ctx=="jsn-JTAG-SMT2-210251A1B7E2-23731093-0"}' command is executed.
11:59:52 INFO  : Device configured successfully with "H:/test/two/fpga_arm/fpga_arm.runs/impl_1/design_1_wrapper.bit"
11:59:52 INFO  : Context for 'APU' is selected.
11:59:52 INFO  : Hardware design and registers information is loaded from 'H:/test/two/fpga_arm/vitis/zc706_md/export/zc706_md/hw/design_1_wrapper.xsa'.
11:59:52 INFO  : 'configparams force-mem-access 1' command is executed.
11:59:52 INFO  : Context for 'APU' is selected.
11:59:52 INFO  : Sourcing of 'H:/test/two/fpga_arm/vitis/zc706_md_hdmi/_ide/psinit/ps7_init.tcl' is done.
11:59:55 INFO  : 'ps7_init' command is executed.
11:59:55 INFO  : 'ps7_post_config' command is executed.
11:59:55 INFO  : Context for processor 'ps7_cortexa9_0' is selected.
11:59:56 INFO  : The application 'H:/test/two/fpga_arm/vitis/zc706_md_hdmi/Debug/zc706_md_hdmi.elf' is downloaded to processor 'ps7_cortexa9_0'.
11:59:56 INFO  : 'configparams force-mem-access 0' command is executed.
11:59:56 INFO  : ----------------XSDB Script----------------
connect -url tcp:127.0.0.1:3121
targets -set -nocase -filter {name =~"APU*"}
rst -system
after 3000
targets -set -filter {jtag_cable_name =~ "Digilent JTAG-SMT2 210251A1B7E2" && level==0 && jtag_device_ctx=="jsn-JTAG-SMT2-210251A1B7E2-23731093-0"}
fpga -file H:/test/two/fpga_arm/fpga_arm.runs/impl_1/design_1_wrapper.bit
targets -set -nocase -filter {name =~"APU*"}
loadhw -hw H:/test/two/fpga_arm/vitis/zc706_md/export/zc706_md/hw/design_1_wrapper.xsa -mem-ranges [list {0x40000000 0xbfffffff}] -regs
configparams force-mem-access 1
targets -set -nocase -filter {name =~"APU*"}
source H:/test/two/fpga_arm/vitis/zc706_md_hdmi/_ide/psinit/ps7_init.tcl
ps7_init
ps7_post_config
targets -set -nocase -filter {name =~ "*A9*#0"}
dow H:/test/two/fpga_arm/vitis/zc706_md_hdmi/Debug/zc706_md_hdmi.elf
configparams force-mem-access 0
----------------End of Script----------------

11:59:56 INFO  : Context for processor 'ps7_cortexa9_0' is selected.
11:59:57 INFO  : 'con' command is executed.
11:59:57 INFO  : ----------------XSDB Script (After Launch)----------------
targets -set -nocase -filter {name =~ "*A9*#0"}
con
----------------End of Script----------------

11:59:57 INFO  : Launch script is exported to file 'H:\test\two\fpga_arm\vitis\zc706_md_hdmi_system\_ide\scripts\systemdebugger_zc706_md_hdmi_system_standalone.tcl'
13:46:21 INFO  : Disconnected from the channel tcfchan#46.
13:46:21 INFO  : Connected to target on host '127.0.0.1' and port '3121'.
13:46:23 INFO  : Jtag cable 'Digilent JTAG-SMT2 210251A1B7E2' is selected.
13:46:23 INFO  : 'jtag frequency' command is executed.
13:46:23 INFO  : Context for 'APU' is selected.
13:46:23 INFO  : System reset is completed.
13:46:26 INFO  : 'after 3000' command is executed.
13:46:26 INFO  : 'targets -set -filter {jtag_cable_name =~ "Digilent JTAG-SMT2 210251A1B7E2" && level==0 && jtag_device_ctx=="jsn-JTAG-SMT2-210251A1B7E2-23731093-0"}' command is executed.
13:46:34 INFO  : Device configured successfully with "H:/test/two/fpga_arm/fpga_arm.runs/impl_1/design_1_wrapper.bit"
13:46:34 INFO  : Context for 'APU' is selected.
13:46:34 INFO  : Hardware design and registers information is loaded from 'H:/test/two/fpga_arm/vitis/zc706_md/export/zc706_md/hw/design_1_wrapper.xsa'.
13:46:34 INFO  : 'configparams force-mem-access 1' command is executed.
13:46:34 INFO  : Context for 'APU' is selected.
13:46:34 INFO  : Sourcing of 'H:/test/two/fpga_arm/vitis/zc706_md_hdmi/_ide/psinit/ps7_init.tcl' is done.
13:46:37 INFO  : 'ps7_init' command is executed.
13:46:37 INFO  : 'ps7_post_config' command is executed.
13:46:37 INFO  : Context for processor 'ps7_cortexa9_0' is selected.
13:46:37 INFO  : The application 'H:/test/two/fpga_arm/vitis/zc706_md_hdmi/Debug/zc706_md_hdmi.elf' is downloaded to processor 'ps7_cortexa9_0'.
13:46:38 INFO  : 'configparams force-mem-access 0' command is executed.
13:46:38 INFO  : ----------------XSDB Script----------------
connect -url tcp:127.0.0.1:3121
targets -set -nocase -filter {name =~"APU*"}
rst -system
after 3000
targets -set -filter {jtag_cable_name =~ "Digilent JTAG-SMT2 210251A1B7E2" && level==0 && jtag_device_ctx=="jsn-JTAG-SMT2-210251A1B7E2-23731093-0"}
fpga -file H:/test/two/fpga_arm/fpga_arm.runs/impl_1/design_1_wrapper.bit
targets -set -nocase -filter {name =~"APU*"}
loadhw -hw H:/test/two/fpga_arm/vitis/zc706_md/export/zc706_md/hw/design_1_wrapper.xsa -mem-ranges [list {0x40000000 0xbfffffff}] -regs
configparams force-mem-access 1
targets -set -nocase -filter {name =~"APU*"}
source H:/test/two/fpga_arm/vitis/zc706_md_hdmi/_ide/psinit/ps7_init.tcl
ps7_init
ps7_post_config
targets -set -nocase -filter {name =~ "*A9*#0"}
dow H:/test/two/fpga_arm/vitis/zc706_md_hdmi/Debug/zc706_md_hdmi.elf
configparams force-mem-access 0
----------------End of Script----------------

13:46:38 INFO  : Context for processor 'ps7_cortexa9_0' is selected.
13:46:38 INFO  : 'con' command is executed.
13:46:38 INFO  : ----------------XSDB Script (After Launch)----------------
targets -set -nocase -filter {name =~ "*A9*#0"}
con
----------------End of Script----------------

13:46:38 INFO  : Launch script is exported to file 'H:\test\two\fpga_arm\vitis\zc706_md_hdmi_system\_ide\scripts\systemdebugger_zc706_md_hdmi_system_standalone.tcl'
13:52:37 INFO  : Disconnected from the channel tcfchan#47.
13:52:37 INFO  : Connected to target on host '127.0.0.1' and port '3121'.
13:52:38 INFO  : Jtag cable 'Digilent JTAG-SMT2 210251A1B7E2' is selected.
13:52:38 INFO  : 'jtag frequency' command is executed.
13:52:38 INFO  : Context for 'APU' is selected.
13:52:38 INFO  : System reset is completed.
13:52:41 INFO  : 'after 3000' command is executed.
13:52:41 INFO  : 'targets -set -filter {jtag_cable_name =~ "Digilent JTAG-SMT2 210251A1B7E2" && level==0 && jtag_device_ctx=="jsn-JTAG-SMT2-210251A1B7E2-23731093-0"}' command is executed.
13:52:49 INFO  : Device configured successfully with "H:/test/two/fpga_arm/fpga_arm.runs/impl_1/design_1_wrapper.bit"
13:52:49 INFO  : Context for 'APU' is selected.
13:52:49 INFO  : Hardware design and registers information is loaded from 'H:/test/two/fpga_arm/vitis/zc706_md/export/zc706_md/hw/design_1_wrapper.xsa'.
13:52:49 INFO  : 'configparams force-mem-access 1' command is executed.
13:52:50 INFO  : Context for 'APU' is selected.
13:52:50 INFO  : Sourcing of 'H:/test/two/fpga_arm/vitis/zc706_md_hdmi/_ide/psinit/ps7_init.tcl' is done.
13:52:52 INFO  : 'ps7_init' command is executed.
13:52:52 INFO  : 'ps7_post_config' command is executed.
13:52:52 INFO  : Context for processor 'ps7_cortexa9_0' is selected.
13:52:52 INFO  : The application 'H:/test/two/fpga_arm/vitis/zc706_md_hdmi/Debug/zc706_md_hdmi.elf' is downloaded to processor 'ps7_cortexa9_0'.
13:52:52 INFO  : 'configparams force-mem-access 0' command is executed.
13:52:52 INFO  : ----------------XSDB Script----------------
connect -url tcp:127.0.0.1:3121
targets -set -nocase -filter {name =~"APU*"}
rst -system
after 3000
targets -set -filter {jtag_cable_name =~ "Digilent JTAG-SMT2 210251A1B7E2" && level==0 && jtag_device_ctx=="jsn-JTAG-SMT2-210251A1B7E2-23731093-0"}
fpga -file H:/test/two/fpga_arm/fpga_arm.runs/impl_1/design_1_wrapper.bit
targets -set -nocase -filter {name =~"APU*"}
loadhw -hw H:/test/two/fpga_arm/vitis/zc706_md/export/zc706_md/hw/design_1_wrapper.xsa -mem-ranges [list {0x40000000 0xbfffffff}] -regs
configparams force-mem-access 1
targets -set -nocase -filter {name =~"APU*"}
source H:/test/two/fpga_arm/vitis/zc706_md_hdmi/_ide/psinit/ps7_init.tcl
ps7_init
ps7_post_config
targets -set -nocase -filter {name =~ "*A9*#0"}
dow H:/test/two/fpga_arm/vitis/zc706_md_hdmi/Debug/zc706_md_hdmi.elf
configparams force-mem-access 0
----------------End of Script----------------

13:52:53 INFO  : Context for processor 'ps7_cortexa9_0' is selected.
13:52:53 INFO  : 'con' command is executed.
13:52:53 INFO  : ----------------XSDB Script (After Launch)----------------
targets -set -nocase -filter {name =~ "*A9*#0"}
con
----------------End of Script----------------

13:52:53 INFO  : Launch script is exported to file 'H:\test\two\fpga_arm\vitis\zc706_md_hdmi_system\_ide\scripts\systemdebugger_zc706_md_hdmi_system_standalone.tcl'
13:57:12 INFO  : Checking for BSP changes to sync application flags for project 'zc706_md_hdmi'...
13:57:21 INFO  : Disconnected from the channel tcfchan#48.
13:57:22 INFO  : Connected to target on host '127.0.0.1' and port '3121'.
13:57:22 INFO  : Jtag cable 'Digilent JTAG-SMT2 210251A1B7E2' is selected.
13:57:22 INFO  : 'jtag frequency' command is executed.
13:57:22 INFO  : Context for 'APU' is selected.
13:57:22 INFO  : System reset is completed.
13:57:25 INFO  : 'after 3000' command is executed.
13:57:25 INFO  : 'targets -set -filter {jtag_cable_name =~ "Digilent JTAG-SMT2 210251A1B7E2" && level==0 && jtag_device_ctx=="jsn-JTAG-SMT2-210251A1B7E2-23731093-0"}' command is executed.
13:57:33 INFO  : Device configured successfully with "H:/test/two/fpga_arm/fpga_arm.runs/impl_1/design_1_wrapper.bit"
13:57:33 INFO  : Context for 'APU' is selected.
13:57:33 INFO  : Hardware design and registers information is loaded from 'H:/test/two/fpga_arm/vitis/zc706_md/export/zc706_md/hw/design_1_wrapper.xsa'.
13:57:33 INFO  : 'configparams force-mem-access 1' command is executed.
13:57:33 INFO  : Context for 'APU' is selected.
13:57:33 INFO  : Sourcing of 'H:/test/two/fpga_arm/vitis/zc706_md_hdmi/_ide/psinit/ps7_init.tcl' is done.
13:57:35 INFO  : 'ps7_init' command is executed.
13:57:35 INFO  : 'ps7_post_config' command is executed.
13:57:35 INFO  : Context for processor 'ps7_cortexa9_0' is selected.
13:57:36 INFO  : The application 'H:/test/two/fpga_arm/vitis/zc706_md_hdmi/Debug/zc706_md_hdmi.elf' is downloaded to processor 'ps7_cortexa9_0'.
13:57:36 INFO  : 'configparams force-mem-access 0' command is executed.
13:57:36 INFO  : ----------------XSDB Script----------------
connect -url tcp:127.0.0.1:3121
targets -set -nocase -filter {name =~"APU*"}
rst -system
after 3000
targets -set -filter {jtag_cable_name =~ "Digilent JTAG-SMT2 210251A1B7E2" && level==0 && jtag_device_ctx=="jsn-JTAG-SMT2-210251A1B7E2-23731093-0"}
fpga -file H:/test/two/fpga_arm/fpga_arm.runs/impl_1/design_1_wrapper.bit
targets -set -nocase -filter {name =~"APU*"}
loadhw -hw H:/test/two/fpga_arm/vitis/zc706_md/export/zc706_md/hw/design_1_wrapper.xsa -mem-ranges [list {0x40000000 0xbfffffff}] -regs
configparams force-mem-access 1
targets -set -nocase -filter {name =~"APU*"}
source H:/test/two/fpga_arm/vitis/zc706_md_hdmi/_ide/psinit/ps7_init.tcl
ps7_init
ps7_post_config
targets -set -nocase -filter {name =~ "*A9*#0"}
dow H:/test/two/fpga_arm/vitis/zc706_md_hdmi/Debug/zc706_md_hdmi.elf
configparams force-mem-access 0
----------------End of Script----------------

13:57:36 INFO  : Context for processor 'ps7_cortexa9_0' is selected.
13:57:36 INFO  : 'con' command is executed.
13:57:36 INFO  : ----------------XSDB Script (After Launch)----------------
targets -set -nocase -filter {name =~ "*A9*#0"}
con
----------------End of Script----------------

13:57:36 INFO  : Launch script is exported to file 'H:\test\two\fpga_arm\vitis\zc706_md_hdmi_system\_ide\scripts\systemdebugger_zc706_md_hdmi_system_standalone.tcl'
14:00:06 INFO  : Disconnected from the channel tcfchan#49.
14:00:06 INFO  : Connected to target on host '127.0.0.1' and port '3121'.
14:00:07 INFO  : Jtag cable 'Digilent JTAG-SMT2 210251A1B7E2' is selected.
14:00:07 INFO  : 'jtag frequency' command is executed.
14:00:07 INFO  : Context for 'APU' is selected.
14:00:07 INFO  : System reset is completed.
14:00:10 INFO  : 'after 3000' command is executed.
14:00:10 INFO  : 'targets -set -filter {jtag_cable_name =~ "Digilent JTAG-SMT2 210251A1B7E2" && level==0 && jtag_device_ctx=="jsn-JTAG-SMT2-210251A1B7E2-23731093-0"}' command is executed.
14:00:18 INFO  : Device configured successfully with "H:/test/two/fpga_arm/fpga_arm.runs/impl_1/design_1_wrapper.bit"
14:00:18 INFO  : Context for 'APU' is selected.
14:00:18 INFO  : Hardware design and registers information is loaded from 'H:/test/two/fpga_arm/vitis/zc706_md/export/zc706_md/hw/design_1_wrapper.xsa'.
14:00:18 INFO  : 'configparams force-mem-access 1' command is executed.
14:00:18 INFO  : Context for 'APU' is selected.
14:00:18 INFO  : Sourcing of 'H:/test/two/fpga_arm/vitis/zc706_md_hdmi/_ide/psinit/ps7_init.tcl' is done.
14:00:20 INFO  : 'ps7_init' command is executed.
14:00:20 INFO  : 'ps7_post_config' command is executed.
14:00:20 INFO  : Context for processor 'ps7_cortexa9_0' is selected.
14:00:21 INFO  : The application 'H:/test/two/fpga_arm/vitis/zc706_md_hdmi/Debug/zc706_md_hdmi.elf' is downloaded to processor 'ps7_cortexa9_0'.
14:00:21 INFO  : 'configparams force-mem-access 0' command is executed.
14:00:21 INFO  : ----------------XSDB Script----------------
connect -url tcp:127.0.0.1:3121
targets -set -nocase -filter {name =~"APU*"}
rst -system
after 3000
targets -set -filter {jtag_cable_name =~ "Digilent JTAG-SMT2 210251A1B7E2" && level==0 && jtag_device_ctx=="jsn-JTAG-SMT2-210251A1B7E2-23731093-0"}
fpga -file H:/test/two/fpga_arm/fpga_arm.runs/impl_1/design_1_wrapper.bit
targets -set -nocase -filter {name =~"APU*"}
loadhw -hw H:/test/two/fpga_arm/vitis/zc706_md/export/zc706_md/hw/design_1_wrapper.xsa -mem-ranges [list {0x40000000 0xbfffffff}] -regs
configparams force-mem-access 1
targets -set -nocase -filter {name =~"APU*"}
source H:/test/two/fpga_arm/vitis/zc706_md_hdmi/_ide/psinit/ps7_init.tcl
ps7_init
ps7_post_config
targets -set -nocase -filter {name =~ "*A9*#0"}
dow H:/test/two/fpga_arm/vitis/zc706_md_hdmi/Debug/zc706_md_hdmi.elf
configparams force-mem-access 0
----------------End of Script----------------

14:00:21 INFO  : Context for processor 'ps7_cortexa9_0' is selected.
14:00:22 INFO  : 'con' command is executed.
14:00:22 INFO  : ----------------XSDB Script (After Launch)----------------
targets -set -nocase -filter {name =~ "*A9*#0"}
con
----------------End of Script----------------

14:00:22 INFO  : Launch script is exported to file 'H:\test\two\fpga_arm\vitis\zc706_md_hdmi_system\_ide\scripts\systemdebugger_zc706_md_hdmi_system_standalone.tcl'
14:02:17 INFO  : Disconnected from the channel tcfchan#50.
14:02:17 INFO  : Connected to target on host '127.0.0.1' and port '3121'.
14:02:18 INFO  : Jtag cable 'Digilent JTAG-SMT2 210251A1B7E2' is selected.
14:02:18 INFO  : 'jtag frequency' command is executed.
14:02:18 INFO  : Context for 'APU' is selected.
14:02:18 INFO  : System reset is completed.
14:02:21 INFO  : 'after 3000' command is executed.
14:02:21 INFO  : 'targets -set -filter {jtag_cable_name =~ "Digilent JTAG-SMT2 210251A1B7E2" && level==0 && jtag_device_ctx=="jsn-JTAG-SMT2-210251A1B7E2-23731093-0"}' command is executed.
14:02:29 INFO  : Device configured successfully with "H:/test/two/fpga_arm/fpga_arm.runs/impl_1/design_1_wrapper.bit"
14:02:29 INFO  : Context for 'APU' is selected.
14:02:29 INFO  : Hardware design and registers information is loaded from 'H:/test/two/fpga_arm/vitis/zc706_md/export/zc706_md/hw/design_1_wrapper.xsa'.
14:02:29 INFO  : 'configparams force-mem-access 1' command is executed.
14:02:29 INFO  : Context for 'APU' is selected.
14:02:29 INFO  : Sourcing of 'H:/test/two/fpga_arm/vitis/zc706_md_hdmi/_ide/psinit/ps7_init.tcl' is done.
14:02:31 INFO  : 'ps7_init' command is executed.
14:02:31 INFO  : 'ps7_post_config' command is executed.
14:02:31 INFO  : Context for processor 'ps7_cortexa9_0' is selected.
14:02:32 INFO  : The application 'H:/test/two/fpga_arm/vitis/zc706_md_hdmi/Debug/zc706_md_hdmi.elf' is downloaded to processor 'ps7_cortexa9_0'.
14:02:32 INFO  : 'configparams force-mem-access 0' command is executed.
14:02:32 INFO  : ----------------XSDB Script----------------
connect -url tcp:127.0.0.1:3121
targets -set -nocase -filter {name =~"APU*"}
rst -system
after 3000
targets -set -filter {jtag_cable_name =~ "Digilent JTAG-SMT2 210251A1B7E2" && level==0 && jtag_device_ctx=="jsn-JTAG-SMT2-210251A1B7E2-23731093-0"}
fpga -file H:/test/two/fpga_arm/fpga_arm.runs/impl_1/design_1_wrapper.bit
targets -set -nocase -filter {name =~"APU*"}
loadhw -hw H:/test/two/fpga_arm/vitis/zc706_md/export/zc706_md/hw/design_1_wrapper.xsa -mem-ranges [list {0x40000000 0xbfffffff}] -regs
configparams force-mem-access 1
targets -set -nocase -filter {name =~"APU*"}
source H:/test/two/fpga_arm/vitis/zc706_md_hdmi/_ide/psinit/ps7_init.tcl
ps7_init
ps7_post_config
targets -set -nocase -filter {name =~ "*A9*#0"}
dow H:/test/two/fpga_arm/vitis/zc706_md_hdmi/Debug/zc706_md_hdmi.elf
configparams force-mem-access 0
----------------End of Script----------------

14:02:32 INFO  : Context for processor 'ps7_cortexa9_0' is selected.
14:02:33 INFO  : 'con' command is executed.
14:02:33 INFO  : ----------------XSDB Script (After Launch)----------------
targets -set -nocase -filter {name =~ "*A9*#0"}
con
----------------End of Script----------------

14:02:33 INFO  : Launch script is exported to file 'H:\test\two\fpga_arm\vitis\zc706_md_hdmi_system\_ide\scripts\systemdebugger_zc706_md_hdmi_system_standalone.tcl'
14:04:32 INFO  : Disconnected from the channel tcfchan#51.
14:04:32 INFO  : Connected to target on host '127.0.0.1' and port '3121'.
14:04:32 INFO  : Jtag cable 'Digilent JTAG-SMT2 210251A1B7E2' is selected.
14:04:32 INFO  : 'jtag frequency' command is executed.
14:04:32 INFO  : Context for 'APU' is selected.
14:04:32 INFO  : System reset is completed.
14:04:35 INFO  : 'after 3000' command is executed.
14:04:36 INFO  : 'targets -set -filter {jtag_cable_name =~ "Digilent JTAG-SMT2 210251A1B7E2" && level==0 && jtag_device_ctx=="jsn-JTAG-SMT2-210251A1B7E2-23731093-0"}' command is executed.
14:04:43 INFO  : Device configured successfully with "H:/test/two/fpga_arm/fpga_arm.runs/impl_1/design_1_wrapper.bit"
14:04:44 INFO  : Context for 'APU' is selected.
14:04:44 INFO  : Hardware design and registers information is loaded from 'H:/test/two/fpga_arm/vitis/zc706_md/export/zc706_md/hw/design_1_wrapper.xsa'.
14:04:44 INFO  : 'configparams force-mem-access 1' command is executed.
14:04:44 INFO  : Context for 'APU' is selected.
14:04:44 INFO  : Sourcing of 'H:/test/two/fpga_arm/vitis/zc706_md_hdmi/_ide/psinit/ps7_init.tcl' is done.
14:04:46 INFO  : 'ps7_init' command is executed.
14:04:46 INFO  : 'ps7_post_config' command is executed.
14:04:46 INFO  : Context for processor 'ps7_cortexa9_0' is selected.
14:04:47 INFO  : The application 'H:/test/two/fpga_arm/vitis/zc706_md_hdmi/Debug/zc706_md_hdmi.elf' is downloaded to processor 'ps7_cortexa9_0'.
14:04:47 INFO  : 'configparams force-mem-access 0' command is executed.
14:04:47 INFO  : ----------------XSDB Script----------------
connect -url tcp:127.0.0.1:3121
targets -set -nocase -filter {name =~"APU*"}
rst -system
after 3000
targets -set -filter {jtag_cable_name =~ "Digilent JTAG-SMT2 210251A1B7E2" && level==0 && jtag_device_ctx=="jsn-JTAG-SMT2-210251A1B7E2-23731093-0"}
fpga -file H:/test/two/fpga_arm/fpga_arm.runs/impl_1/design_1_wrapper.bit
targets -set -nocase -filter {name =~"APU*"}
loadhw -hw H:/test/two/fpga_arm/vitis/zc706_md/export/zc706_md/hw/design_1_wrapper.xsa -mem-ranges [list {0x40000000 0xbfffffff}] -regs
configparams force-mem-access 1
targets -set -nocase -filter {name =~"APU*"}
source H:/test/two/fpga_arm/vitis/zc706_md_hdmi/_ide/psinit/ps7_init.tcl
ps7_init
ps7_post_config
targets -set -nocase -filter {name =~ "*A9*#0"}
dow H:/test/two/fpga_arm/vitis/zc706_md_hdmi/Debug/zc706_md_hdmi.elf
configparams force-mem-access 0
----------------End of Script----------------

14:04:47 INFO  : Context for processor 'ps7_cortexa9_0' is selected.
14:04:47 INFO  : 'con' command is executed.
14:04:47 INFO  : ----------------XSDB Script (After Launch)----------------
targets -set -nocase -filter {name =~ "*A9*#0"}
con
----------------End of Script----------------

14:04:47 INFO  : Launch script is exported to file 'H:\test\two\fpga_arm\vitis\zc706_md_hdmi_system\_ide\scripts\systemdebugger_zc706_md_hdmi_system_standalone.tcl'
14:06:41 INFO  : Disconnected from the channel tcfchan#52.
14:06:41 INFO  : Connected to target on host '127.0.0.1' and port '3121'.
14:06:41 INFO  : Jtag cable 'Digilent JTAG-SMT2 210251A1B7E2' is selected.
14:06:41 INFO  : 'jtag frequency' command is executed.
14:06:41 INFO  : Context for 'APU' is selected.
14:06:41 INFO  : System reset is completed.
14:06:44 INFO  : 'after 3000' command is executed.
14:06:45 INFO  : 'targets -set -filter {jtag_cable_name =~ "Digilent JTAG-SMT2 210251A1B7E2" && level==0 && jtag_device_ctx=="jsn-JTAG-SMT2-210251A1B7E2-23731093-0"}' command is executed.
14:06:52 INFO  : Device configured successfully with "H:/test/two/fpga_arm/fpga_arm.runs/impl_1/design_1_wrapper.bit"
14:06:53 INFO  : Context for 'APU' is selected.
14:06:53 INFO  : Hardware design and registers information is loaded from 'H:/test/two/fpga_arm/vitis/zc706_md/export/zc706_md/hw/design_1_wrapper.xsa'.
14:06:53 INFO  : 'configparams force-mem-access 1' command is executed.
14:06:53 INFO  : Context for 'APU' is selected.
14:06:53 INFO  : Sourcing of 'H:/test/two/fpga_arm/vitis/zc706_md_hdmi/_ide/psinit/ps7_init.tcl' is done.
14:06:54 INFO  : 'ps7_init' command is executed.
14:06:54 INFO  : 'ps7_post_config' command is executed.
14:06:54 INFO  : Context for processor 'ps7_cortexa9_0' is selected.
14:06:55 INFO  : The application 'H:/test/two/fpga_arm/vitis/zc706_md_hdmi/Debug/zc706_md_hdmi.elf' is downloaded to processor 'ps7_cortexa9_0'.
14:06:55 INFO  : 'configparams force-mem-access 0' command is executed.
14:06:55 INFO  : ----------------XSDB Script----------------
connect -url tcp:127.0.0.1:3121
targets -set -nocase -filter {name =~"APU*"}
rst -system
after 3000
targets -set -filter {jtag_cable_name =~ "Digilent JTAG-SMT2 210251A1B7E2" && level==0 && jtag_device_ctx=="jsn-JTAG-SMT2-210251A1B7E2-23731093-0"}
fpga -file H:/test/two/fpga_arm/fpga_arm.runs/impl_1/design_1_wrapper.bit
targets -set -nocase -filter {name =~"APU*"}
loadhw -hw H:/test/two/fpga_arm/vitis/zc706_md/export/zc706_md/hw/design_1_wrapper.xsa -mem-ranges [list {0x40000000 0xbfffffff}] -regs
configparams force-mem-access 1
targets -set -nocase -filter {name =~"APU*"}
source H:/test/two/fpga_arm/vitis/zc706_md_hdmi/_ide/psinit/ps7_init.tcl
ps7_init
ps7_post_config
targets -set -nocase -filter {name =~ "*A9*#0"}
dow H:/test/two/fpga_arm/vitis/zc706_md_hdmi/Debug/zc706_md_hdmi.elf
configparams force-mem-access 0
----------------End of Script----------------

14:06:55 INFO  : Context for processor 'ps7_cortexa9_0' is selected.
14:06:55 INFO  : 'con' command is executed.
14:06:55 INFO  : ----------------XSDB Script (After Launch)----------------
targets -set -nocase -filter {name =~ "*A9*#0"}
con
----------------End of Script----------------

14:06:55 INFO  : Launch script is exported to file 'H:\test\two\fpga_arm\vitis\zc706_md_hdmi_system\_ide\scripts\systemdebugger_zc706_md_hdmi_system_standalone.tcl'
15:04:28 INFO  : Disconnected from the channel tcfchan#53.
15:04:28 INFO  : Connected to target on host '127.0.0.1' and port '3121'.
15:04:29 INFO  : Jtag cable 'Digilent JTAG-SMT2 210251A1B7E2' is selected.
15:04:29 INFO  : 'jtag frequency' command is executed.
15:04:29 INFO  : Context for 'APU' is selected.
15:04:29 INFO  : System reset is completed.
15:04:32 INFO  : 'after 3000' command is executed.
15:04:32 INFO  : 'targets -set -filter {jtag_cable_name =~ "Digilent JTAG-SMT2 210251A1B7E2" && level==0 && jtag_device_ctx=="jsn-JTAG-SMT2-210251A1B7E2-23731093-0"}' command is executed.
15:04:40 INFO  : Device configured successfully with "H:/test/two/fpga_arm/fpga_arm.runs/impl_1/design_1_wrapper.bit"
15:04:40 INFO  : Context for 'APU' is selected.
15:04:40 INFO  : Hardware design and registers information is loaded from 'H:/test/two/fpga_arm/vitis/zc706_md/export/zc706_md/hw/design_1_wrapper.xsa'.
15:04:40 INFO  : 'configparams force-mem-access 1' command is executed.
15:04:40 INFO  : Context for 'APU' is selected.
15:04:40 INFO  : Sourcing of 'H:/test/two/fpga_arm/vitis/zc706_md_hdmi/_ide/psinit/ps7_init.tcl' is done.
15:04:42 INFO  : 'ps7_init' command is executed.
15:04:42 INFO  : 'ps7_post_config' command is executed.
15:04:42 INFO  : Context for processor 'ps7_cortexa9_0' is selected.
15:04:43 INFO  : The application 'H:/test/two/fpga_arm/vitis/zc706_md_hdmi/Debug/zc706_md_hdmi.elf' is downloaded to processor 'ps7_cortexa9_0'.
15:04:43 INFO  : 'configparams force-mem-access 0' command is executed.
15:04:43 INFO  : ----------------XSDB Script----------------
connect -url tcp:127.0.0.1:3121
targets -set -nocase -filter {name =~"APU*"}
rst -system
after 3000
targets -set -filter {jtag_cable_name =~ "Digilent JTAG-SMT2 210251A1B7E2" && level==0 && jtag_device_ctx=="jsn-JTAG-SMT2-210251A1B7E2-23731093-0"}
fpga -file H:/test/two/fpga_arm/fpga_arm.runs/impl_1/design_1_wrapper.bit
targets -set -nocase -filter {name =~"APU*"}
loadhw -hw H:/test/two/fpga_arm/vitis/zc706_md/export/zc706_md/hw/design_1_wrapper.xsa -mem-ranges [list {0x40000000 0xbfffffff}] -regs
configparams force-mem-access 1
targets -set -nocase -filter {name =~"APU*"}
source H:/test/two/fpga_arm/vitis/zc706_md_hdmi/_ide/psinit/ps7_init.tcl
ps7_init
ps7_post_config
targets -set -nocase -filter {name =~ "*A9*#0"}
dow H:/test/two/fpga_arm/vitis/zc706_md_hdmi/Debug/zc706_md_hdmi.elf
configparams force-mem-access 0
----------------End of Script----------------

15:04:43 INFO  : Context for processor 'ps7_cortexa9_0' is selected.
15:04:44 INFO  : 'con' command is executed.
15:04:44 INFO  : ----------------XSDB Script (After Launch)----------------
targets -set -nocase -filter {name =~ "*A9*#0"}
con
----------------End of Script----------------

15:04:44 INFO  : Launch script is exported to file 'H:\test\two\fpga_arm\vitis\zc706_md_hdmi_system\_ide\scripts\systemdebugger_zc706_md_hdmi_system_standalone.tcl'
15:57:38 INFO  : Disconnected from the channel tcfchan#54.
15:57:39 INFO  : Connected to target on host '127.0.0.1' and port '3121'.
15:57:39 INFO  : Jtag cable 'Digilent JTAG-SMT2 210251A1B7E2' is selected.
15:57:39 INFO  : 'jtag frequency' command is executed.
15:57:39 INFO  : Context for 'APU' is selected.
15:57:39 INFO  : System reset is completed.
15:57:42 INFO  : 'after 3000' command is executed.
15:57:42 INFO  : 'targets -set -filter {jtag_cable_name =~ "Digilent JTAG-SMT2 210251A1B7E2" && level==0 && jtag_device_ctx=="jsn-JTAG-SMT2-210251A1B7E2-23731093-0"}' command is executed.
15:57:50 INFO  : Device configured successfully with "H:/test/two/fpga_arm/fpga_arm.runs/impl_1/design_1_wrapper.bit"
15:57:50 INFO  : Context for 'APU' is selected.
15:57:50 INFO  : Hardware design and registers information is loaded from 'H:/test/two/fpga_arm/vitis/zc706_md/export/zc706_md/hw/design_1_wrapper.xsa'.
15:57:50 INFO  : 'configparams force-mem-access 1' command is executed.
15:57:50 INFO  : Context for 'APU' is selected.
15:57:50 INFO  : Sourcing of 'H:/test/two/fpga_arm/vitis/zc706_md_hdmi/_ide/psinit/ps7_init.tcl' is done.
15:57:53 INFO  : 'ps7_init' command is executed.
15:57:53 INFO  : 'ps7_post_config' command is executed.
15:57:53 INFO  : Context for processor 'ps7_cortexa9_0' is selected.
15:57:54 INFO  : The application 'H:/test/two/fpga_arm/vitis/zc706_md_hdmi/Debug/zc706_md_hdmi.elf' is downloaded to processor 'ps7_cortexa9_0'.
15:57:54 INFO  : 'configparams force-mem-access 0' command is executed.
15:57:54 INFO  : ----------------XSDB Script----------------
connect -url tcp:127.0.0.1:3121
targets -set -nocase -filter {name =~"APU*"}
rst -system
after 3000
targets -set -filter {jtag_cable_name =~ "Digilent JTAG-SMT2 210251A1B7E2" && level==0 && jtag_device_ctx=="jsn-JTAG-SMT2-210251A1B7E2-23731093-0"}
fpga -file H:/test/two/fpga_arm/fpga_arm.runs/impl_1/design_1_wrapper.bit
targets -set -nocase -filter {name =~"APU*"}
loadhw -hw H:/test/two/fpga_arm/vitis/zc706_md/export/zc706_md/hw/design_1_wrapper.xsa -mem-ranges [list {0x40000000 0xbfffffff}] -regs
configparams force-mem-access 1
targets -set -nocase -filter {name =~"APU*"}
source H:/test/two/fpga_arm/vitis/zc706_md_hdmi/_ide/psinit/ps7_init.tcl
ps7_init
ps7_post_config
targets -set -nocase -filter {name =~ "*A9*#0"}
dow H:/test/two/fpga_arm/vitis/zc706_md_hdmi/Debug/zc706_md_hdmi.elf
configparams force-mem-access 0
----------------End of Script----------------

15:57:54 INFO  : Context for processor 'ps7_cortexa9_0' is selected.
15:57:54 INFO  : 'con' command is executed.
15:57:54 INFO  : ----------------XSDB Script (After Launch)----------------
targets -set -nocase -filter {name =~ "*A9*#0"}
con
----------------End of Script----------------

15:57:54 INFO  : Launch script is exported to file 'H:\test\two\fpga_arm\vitis\zc706_md_hdmi_system\_ide\scripts\systemdebugger_zc706_md_hdmi_system_standalone.tcl'
15:59:16 INFO  : Disconnected from the channel tcfchan#55.
15:59:19 INFO  : Connected to target on host '127.0.0.1' and port '3121'.
15:59:31 INFO  : Jtag cable 'Digilent JTAG-SMT2 210251A1B7E2' is selected.
15:59:31 INFO  : 'jtag frequency' command is executed.
15:59:31 INFO  : Context for 'APU' is selected.
15:59:31 INFO  : System reset is completed.
15:59:34 INFO  : 'after 3000' command is executed.
15:59:34 INFO  : 'targets -set -filter {jtag_cable_name =~ "Digilent JTAG-SMT2 210251A1B7E2" && level==0 && jtag_device_ctx=="jsn-JTAG-SMT2-210251A1B7E2-23731093-0"}' command is executed.
15:59:42 INFO  : Device configured successfully with "H:/test/two/fpga_arm/fpga_arm.runs/impl_1/design_1_wrapper.bit"
15:59:42 INFO  : Context for 'APU' is selected.
15:59:42 INFO  : Hardware design and registers information is loaded from 'H:/test/two/fpga_arm/vitis/zc706_md/export/zc706_md/hw/design_1_wrapper.xsa'.
15:59:42 INFO  : 'configparams force-mem-access 1' command is executed.
15:59:42 INFO  : Context for 'APU' is selected.
15:59:42 INFO  : Sourcing of 'H:/test/two/fpga_arm/vitis/zc706_md_hdmi/_ide/psinit/ps7_init.tcl' is done.
15:59:44 INFO  : 'ps7_init' command is executed.
15:59:44 INFO  : 'ps7_post_config' command is executed.
15:59:44 INFO  : Context for processor 'ps7_cortexa9_0' is selected.
15:59:44 INFO  : The application 'H:/test/two/fpga_arm/vitis/zc706_md_hdmi/Debug/zc706_md_hdmi.elf' is downloaded to processor 'ps7_cortexa9_0'.
15:59:45 INFO  : 'configparams force-mem-access 0' command is executed.
15:59:45 INFO  : ----------------XSDB Script----------------
connect -url tcp:127.0.0.1:3121
targets -set -nocase -filter {name =~"APU*"}
rst -system
after 3000
targets -set -filter {jtag_cable_name =~ "Digilent JTAG-SMT2 210251A1B7E2" && level==0 && jtag_device_ctx=="jsn-JTAG-SMT2-210251A1B7E2-23731093-0"}
fpga -file H:/test/two/fpga_arm/fpga_arm.runs/impl_1/design_1_wrapper.bit
targets -set -nocase -filter {name =~"APU*"}
loadhw -hw H:/test/two/fpga_arm/vitis/zc706_md/export/zc706_md/hw/design_1_wrapper.xsa -mem-ranges [list {0x40000000 0xbfffffff}] -regs
configparams force-mem-access 1
targets -set -nocase -filter {name =~"APU*"}
source H:/test/two/fpga_arm/vitis/zc706_md_hdmi/_ide/psinit/ps7_init.tcl
ps7_init
ps7_post_config
targets -set -nocase -filter {name =~ "*A9*#0"}
dow H:/test/two/fpga_arm/vitis/zc706_md_hdmi/Debug/zc706_md_hdmi.elf
configparams force-mem-access 0
----------------End of Script----------------

15:59:45 INFO  : Context for processor 'ps7_cortexa9_0' is selected.
15:59:45 INFO  : 'con' command is executed.
15:59:45 INFO  : ----------------XSDB Script (After Launch)----------------
targets -set -nocase -filter {name =~ "*A9*#0"}
con
----------------End of Script----------------

15:59:45 INFO  : Launch script is exported to file 'H:\test\two\fpga_arm\vitis\zc706_md_hdmi_system\_ide\scripts\systemdebugger_zc706_md_hdmi_system_standalone.tcl'
16:01:12 INFO  : Disconnected from the channel tcfchan#56.
16:01:12 INFO  : Connected to target on host '127.0.0.1' and port '3121'.
16:01:13 INFO  : Jtag cable 'Digilent JTAG-SMT2 210251A1B7E2' is selected.
16:01:13 INFO  : 'jtag frequency' command is executed.
16:01:13 INFO  : Context for 'APU' is selected.
16:01:13 INFO  : System reset is completed.
16:01:16 INFO  : 'after 3000' command is executed.
16:01:16 INFO  : 'targets -set -filter {jtag_cable_name =~ "Digilent JTAG-SMT2 210251A1B7E2" && level==0 && jtag_device_ctx=="jsn-JTAG-SMT2-210251A1B7E2-23731093-0"}' command is executed.
16:01:24 INFO  : Device configured successfully with "H:/test/two/fpga_arm/fpga_arm.runs/impl_1/design_1_wrapper.bit"
16:01:24 INFO  : Context for 'APU' is selected.
16:01:24 INFO  : Hardware design and registers information is loaded from 'H:/test/two/fpga_arm/vitis/zc706_md/export/zc706_md/hw/design_1_wrapper.xsa'.
16:01:24 INFO  : 'configparams force-mem-access 1' command is executed.
16:01:24 INFO  : Context for 'APU' is selected.
16:01:24 INFO  : Sourcing of 'H:/test/two/fpga_arm/vitis/zc706_md_hdmi/_ide/psinit/ps7_init.tcl' is done.
16:01:26 INFO  : 'ps7_init' command is executed.
16:01:26 INFO  : 'ps7_post_config' command is executed.
16:01:27 INFO  : Context for processor 'ps7_cortexa9_0' is selected.
16:01:28 INFO  : The application 'H:/test/two/fpga_arm/vitis/zc706_md_hdmi/Debug/zc706_md_hdmi.elf' is downloaded to processor 'ps7_cortexa9_0'.
16:01:28 INFO  : 'configparams force-mem-access 0' command is executed.
16:01:28 INFO  : ----------------XSDB Script----------------
connect -url tcp:127.0.0.1:3121
targets -set -nocase -filter {name =~"APU*"}
rst -system
after 3000
targets -set -filter {jtag_cable_name =~ "Digilent JTAG-SMT2 210251A1B7E2" && level==0 && jtag_device_ctx=="jsn-JTAG-SMT2-210251A1B7E2-23731093-0"}
fpga -file H:/test/two/fpga_arm/fpga_arm.runs/impl_1/design_1_wrapper.bit
targets -set -nocase -filter {name =~"APU*"}
loadhw -hw H:/test/two/fpga_arm/vitis/zc706_md/export/zc706_md/hw/design_1_wrapper.xsa -mem-ranges [list {0x40000000 0xbfffffff}] -regs
configparams force-mem-access 1
targets -set -nocase -filter {name =~"APU*"}
source H:/test/two/fpga_arm/vitis/zc706_md_hdmi/_ide/psinit/ps7_init.tcl
ps7_init
ps7_post_config
targets -set -nocase -filter {name =~ "*A9*#0"}
dow H:/test/two/fpga_arm/vitis/zc706_md_hdmi/Debug/zc706_md_hdmi.elf
configparams force-mem-access 0
----------------End of Script----------------

16:01:28 INFO  : Context for processor 'ps7_cortexa9_0' is selected.
16:01:28 INFO  : 'con' command is executed.
16:01:28 INFO  : ----------------XSDB Script (After Launch)----------------
targets -set -nocase -filter {name =~ "*A9*#0"}
con
----------------End of Script----------------

16:01:28 INFO  : Launch script is exported to file 'H:\test\two\fpga_arm\vitis\zc706_md_hdmi_system\_ide\scripts\systemdebugger_zc706_md_hdmi_system_standalone.tcl'
16:06:15 INFO  : Checking for BSP changes to sync application flags for project 'zc706_md_hdmi'...
16:06:55 INFO  : Checking for BSP changes to sync application flags for project 'zc706_md_hdmi'...
16:06:58 INFO  : Disconnected from the channel tcfchan#57.
16:06:58 INFO  : Connected to target on host '127.0.0.1' and port '3121'.
16:06:58 INFO  : Jtag cable 'Digilent JTAG-SMT2 210251A1B7E2' is selected.
16:06:58 INFO  : 'jtag frequency' command is executed.
16:06:58 INFO  : Context for 'APU' is selected.
16:06:58 INFO  : System reset is completed.
16:07:01 INFO  : 'after 3000' command is executed.
16:07:01 INFO  : 'targets -set -filter {jtag_cable_name =~ "Digilent JTAG-SMT2 210251A1B7E2" && level==0 && jtag_device_ctx=="jsn-JTAG-SMT2-210251A1B7E2-23731093-0"}' command is executed.
16:07:09 INFO  : Device configured successfully with "H:/test/two/fpga_arm/fpga_arm.runs/impl_1/design_1_wrapper.bit"
16:07:09 INFO  : Context for 'APU' is selected.
16:07:09 INFO  : Hardware design and registers information is loaded from 'H:/test/two/fpga_arm/vitis/zc706_md/export/zc706_md/hw/design_1_wrapper.xsa'.
16:07:09 INFO  : 'configparams force-mem-access 1' command is executed.
16:07:09 INFO  : Context for 'APU' is selected.
16:07:09 INFO  : Sourcing of 'H:/test/two/fpga_arm/vitis/zc706_md_hdmi/_ide/psinit/ps7_init.tcl' is done.
16:07:12 INFO  : 'ps7_init' command is executed.
16:07:12 INFO  : 'ps7_post_config' command is executed.
16:07:12 INFO  : Context for processor 'ps7_cortexa9_0' is selected.
16:07:13 INFO  : The application 'H:/test/two/fpga_arm/vitis/zc706_md_hdmi/Debug/zc706_md_hdmi.elf' is downloaded to processor 'ps7_cortexa9_0'.
16:07:13 INFO  : 'configparams force-mem-access 0' command is executed.
16:07:13 INFO  : ----------------XSDB Script----------------
connect -url tcp:127.0.0.1:3121
targets -set -nocase -filter {name =~"APU*"}
rst -system
after 3000
targets -set -filter {jtag_cable_name =~ "Digilent JTAG-SMT2 210251A1B7E2" && level==0 && jtag_device_ctx=="jsn-JTAG-SMT2-210251A1B7E2-23731093-0"}
fpga -file H:/test/two/fpga_arm/fpga_arm.runs/impl_1/design_1_wrapper.bit
targets -set -nocase -filter {name =~"APU*"}
loadhw -hw H:/test/two/fpga_arm/vitis/zc706_md/export/zc706_md/hw/design_1_wrapper.xsa -mem-ranges [list {0x40000000 0xbfffffff}] -regs
configparams force-mem-access 1
targets -set -nocase -filter {name =~"APU*"}
source H:/test/two/fpga_arm/vitis/zc706_md_hdmi/_ide/psinit/ps7_init.tcl
ps7_init
ps7_post_config
targets -set -nocase -filter {name =~ "*A9*#0"}
dow H:/test/two/fpga_arm/vitis/zc706_md_hdmi/Debug/zc706_md_hdmi.elf
configparams force-mem-access 0
----------------End of Script----------------

16:07:13 INFO  : Context for processor 'ps7_cortexa9_0' is selected.
16:07:13 INFO  : 'con' command is executed.
16:07:13 INFO  : ----------------XSDB Script (After Launch)----------------
targets -set -nocase -filter {name =~ "*A9*#0"}
con
----------------End of Script----------------

16:07:13 INFO  : Launch script is exported to file 'H:\test\two\fpga_arm\vitis\zc706_md_hdmi_system\_ide\scripts\systemdebugger_zc706_md_hdmi_system_standalone.tcl'
16:07:36 INFO  : Disconnected from the channel tcfchan#58.
16:07:36 INFO  : Connected to target on host '127.0.0.1' and port '3121'.
16:07:36 INFO  : Jtag cable 'Digilent JTAG-SMT2 210251A1B7E2' is selected.
16:07:36 INFO  : 'jtag frequency' command is executed.
16:07:36 INFO  : Context for 'APU' is selected.
16:07:37 INFO  : System reset is completed.
16:07:40 INFO  : 'after 3000' command is executed.
16:07:40 INFO  : 'targets -set -filter {jtag_cable_name =~ "Digilent JTAG-SMT2 210251A1B7E2" && level==0 && jtag_device_ctx=="jsn-JTAG-SMT2-210251A1B7E2-23731093-0"}' command is executed.
16:07:48 INFO  : Device configured successfully with "H:/test/two/fpga_arm/fpga_arm.runs/impl_1/design_1_wrapper.bit"
16:07:48 INFO  : Context for 'APU' is selected.
16:07:48 INFO  : Hardware design and registers information is loaded from 'H:/test/two/fpga_arm/vitis/zc706_md/export/zc706_md/hw/design_1_wrapper.xsa'.
16:07:48 INFO  : 'configparams force-mem-access 1' command is executed.
16:07:48 INFO  : Context for 'APU' is selected.
16:07:48 INFO  : Sourcing of 'H:/test/two/fpga_arm/vitis/zc706_md_hdmi/_ide/psinit/ps7_init.tcl' is done.
16:07:50 INFO  : 'ps7_init' command is executed.
16:07:50 INFO  : 'ps7_post_config' command is executed.
16:07:50 INFO  : Context for processor 'ps7_cortexa9_0' is selected.
16:07:51 INFO  : The application 'H:/test/two/fpga_arm/vitis/zc706_md_hdmi/Debug/zc706_md_hdmi.elf' is downloaded to processor 'ps7_cortexa9_0'.
16:07:51 INFO  : 'configparams force-mem-access 0' command is executed.
16:07:51 INFO  : ----------------XSDB Script----------------
connect -url tcp:127.0.0.1:3121
targets -set -nocase -filter {name =~"APU*"}
rst -system
after 3000
targets -set -filter {jtag_cable_name =~ "Digilent JTAG-SMT2 210251A1B7E2" && level==0 && jtag_device_ctx=="jsn-JTAG-SMT2-210251A1B7E2-23731093-0"}
fpga -file H:/test/two/fpga_arm/fpga_arm.runs/impl_1/design_1_wrapper.bit
targets -set -nocase -filter {name =~"APU*"}
loadhw -hw H:/test/two/fpga_arm/vitis/zc706_md/export/zc706_md/hw/design_1_wrapper.xsa -mem-ranges [list {0x40000000 0xbfffffff}] -regs
configparams force-mem-access 1
targets -set -nocase -filter {name =~"APU*"}
source H:/test/two/fpga_arm/vitis/zc706_md_hdmi/_ide/psinit/ps7_init.tcl
ps7_init
ps7_post_config
targets -set -nocase -filter {name =~ "*A9*#0"}
dow H:/test/two/fpga_arm/vitis/zc706_md_hdmi/Debug/zc706_md_hdmi.elf
configparams force-mem-access 0
----------------End of Script----------------

16:07:52 INFO  : Context for processor 'ps7_cortexa9_0' is selected.
16:07:52 INFO  : 'con' command is executed.
16:07:52 INFO  : ----------------XSDB Script (After Launch)----------------
targets -set -nocase -filter {name =~ "*A9*#0"}
con
----------------End of Script----------------

16:07:52 INFO  : Launch script is exported to file 'H:\test\two\fpga_arm\vitis\zc706_md_hdmi_system\_ide\scripts\systemdebugger_zc706_md_hdmi_system_standalone.tcl'
16:09:10 INFO  : Checking for BSP changes to sync application flags for project 'zc706_md_hdmi'...
16:09:26 INFO  : Disconnected from the channel tcfchan#59.
16:09:27 INFO  : Connected to target on host '127.0.0.1' and port '3121'.
16:09:27 INFO  : Jtag cable 'Digilent JTAG-SMT2 210251A1B7E2' is selected.
16:09:27 INFO  : 'jtag frequency' command is executed.
16:09:27 INFO  : Context for 'APU' is selected.
16:09:27 INFO  : System reset is completed.
16:09:30 INFO  : 'after 3000' command is executed.
16:09:31 INFO  : 'targets -set -filter {jtag_cable_name =~ "Digilent JTAG-SMT2 210251A1B7E2" && level==0 && jtag_device_ctx=="jsn-JTAG-SMT2-210251A1B7E2-23731093-0"}' command is executed.
16:09:38 INFO  : Device configured successfully with "H:/test/two/fpga_arm/fpga_arm.runs/impl_1/design_1_wrapper.bit"
16:09:38 INFO  : Context for 'APU' is selected.
16:09:38 INFO  : Hardware design and registers information is loaded from 'H:/test/two/fpga_arm/vitis/zc706_md/export/zc706_md/hw/design_1_wrapper.xsa'.
16:09:38 INFO  : 'configparams force-mem-access 1' command is executed.
16:09:38 INFO  : Context for 'APU' is selected.
16:09:38 INFO  : Sourcing of 'H:/test/two/fpga_arm/vitis/zc706_md_hdmi/_ide/psinit/ps7_init.tcl' is done.
16:09:41 INFO  : 'ps7_init' command is executed.
16:09:41 INFO  : 'ps7_post_config' command is executed.
16:09:41 INFO  : Context for processor 'ps7_cortexa9_0' is selected.
16:09:42 INFO  : The application 'H:/test/two/fpga_arm/vitis/zc706_md_hdmi/Debug/zc706_md_hdmi.elf' is downloaded to processor 'ps7_cortexa9_0'.
16:09:42 INFO  : 'configparams force-mem-access 0' command is executed.
16:09:42 INFO  : ----------------XSDB Script----------------
connect -url tcp:127.0.0.1:3121
targets -set -nocase -filter {name =~"APU*"}
rst -system
after 3000
targets -set -filter {jtag_cable_name =~ "Digilent JTAG-SMT2 210251A1B7E2" && level==0 && jtag_device_ctx=="jsn-JTAG-SMT2-210251A1B7E2-23731093-0"}
fpga -file H:/test/two/fpga_arm/fpga_arm.runs/impl_1/design_1_wrapper.bit
targets -set -nocase -filter {name =~"APU*"}
loadhw -hw H:/test/two/fpga_arm/vitis/zc706_md/export/zc706_md/hw/design_1_wrapper.xsa -mem-ranges [list {0x40000000 0xbfffffff}] -regs
configparams force-mem-access 1
targets -set -nocase -filter {name =~"APU*"}
source H:/test/two/fpga_arm/vitis/zc706_md_hdmi/_ide/psinit/ps7_init.tcl
ps7_init
ps7_post_config
targets -set -nocase -filter {name =~ "*A9*#0"}
dow H:/test/two/fpga_arm/vitis/zc706_md_hdmi/Debug/zc706_md_hdmi.elf
configparams force-mem-access 0
----------------End of Script----------------

16:09:42 INFO  : Context for processor 'ps7_cortexa9_0' is selected.
16:09:42 INFO  : 'con' command is executed.
16:09:42 INFO  : ----------------XSDB Script (After Launch)----------------
targets -set -nocase -filter {name =~ "*A9*#0"}
con
----------------End of Script----------------

16:09:42 INFO  : Launch script is exported to file 'H:\test\two\fpga_arm\vitis\zc706_md_hdmi_system\_ide\scripts\systemdebugger_zc706_md_hdmi_system_standalone.tcl'
16:11:34 INFO  : Checking for BSP changes to sync application flags for project 'zc706_md_hdmi'...
16:11:39 INFO  : Disconnected from the channel tcfchan#60.
16:11:39 INFO  : Connected to target on host '127.0.0.1' and port '3121'.
16:11:41 INFO  : Jtag cable 'Digilent JTAG-SMT2 210251A1B7E2' is selected.
16:11:41 INFO  : 'jtag frequency' command is executed.
16:11:41 INFO  : Context for 'APU' is selected.
16:11:41 INFO  : System reset is completed.
16:11:44 INFO  : 'after 3000' command is executed.
16:11:44 INFO  : 'targets -set -filter {jtag_cable_name =~ "Digilent JTAG-SMT2 210251A1B7E2" && level==0 && jtag_device_ctx=="jsn-JTAG-SMT2-210251A1B7E2-23731093-0"}' command is executed.
16:11:52 INFO  : Device configured successfully with "H:/test/two/fpga_arm/fpga_arm.runs/impl_1/design_1_wrapper.bit"
16:11:52 INFO  : Context for 'APU' is selected.
16:11:52 INFO  : Hardware design and registers information is loaded from 'H:/test/two/fpga_arm/vitis/zc706_md/export/zc706_md/hw/design_1_wrapper.xsa'.
16:11:52 INFO  : 'configparams force-mem-access 1' command is executed.
16:11:52 INFO  : Context for 'APU' is selected.
16:11:52 INFO  : Sourcing of 'H:/test/two/fpga_arm/vitis/zc706_md_hdmi/_ide/psinit/ps7_init.tcl' is done.
16:11:54 INFO  : 'ps7_init' command is executed.
16:11:54 INFO  : 'ps7_post_config' command is executed.
16:11:55 INFO  : Context for processor 'ps7_cortexa9_0' is selected.
16:11:55 INFO  : The application 'H:/test/two/fpga_arm/vitis/zc706_md_hdmi/Debug/zc706_md_hdmi.elf' is downloaded to processor 'ps7_cortexa9_0'.
16:11:55 INFO  : 'configparams force-mem-access 0' command is executed.
16:11:55 INFO  : ----------------XSDB Script----------------
connect -url tcp:127.0.0.1:3121
targets -set -nocase -filter {name =~"APU*"}
rst -system
after 3000
targets -set -filter {jtag_cable_name =~ "Digilent JTAG-SMT2 210251A1B7E2" && level==0 && jtag_device_ctx=="jsn-JTAG-SMT2-210251A1B7E2-23731093-0"}
fpga -file H:/test/two/fpga_arm/fpga_arm.runs/impl_1/design_1_wrapper.bit
targets -set -nocase -filter {name =~"APU*"}
loadhw -hw H:/test/two/fpga_arm/vitis/zc706_md/export/zc706_md/hw/design_1_wrapper.xsa -mem-ranges [list {0x40000000 0xbfffffff}] -regs
configparams force-mem-access 1
targets -set -nocase -filter {name =~"APU*"}
source H:/test/two/fpga_arm/vitis/zc706_md_hdmi/_ide/psinit/ps7_init.tcl
ps7_init
ps7_post_config
targets -set -nocase -filter {name =~ "*A9*#0"}
dow H:/test/two/fpga_arm/vitis/zc706_md_hdmi/Debug/zc706_md_hdmi.elf
configparams force-mem-access 0
----------------End of Script----------------

16:11:56 INFO  : Context for processor 'ps7_cortexa9_0' is selected.
16:11:56 INFO  : 'con' command is executed.
16:11:56 INFO  : ----------------XSDB Script (After Launch)----------------
targets -set -nocase -filter {name =~ "*A9*#0"}
con
----------------End of Script----------------

16:11:56 INFO  : Launch script is exported to file 'H:\test\two\fpga_arm\vitis\zc706_md_hdmi_system\_ide\scripts\systemdebugger_zc706_md_hdmi_system_standalone.tcl'
16:15:39 INFO  : Disconnected from the channel tcfchan#61.
16:15:39 INFO  : Connected to target on host '127.0.0.1' and port '3121'.
16:15:48 INFO  : ----------------XSDB Script----------------
connect -url tcp:127.0.0.1:3121
----------------End of Script----------------

16:15:48 ERROR : Could not find ARM device on the board for connection 'Local'.
Check if the target is in:
1. Split JTAG - No operations are possible with ARM DAP.
2. Non JTAG bootmode - Bootrom may need time to enable DAP.
Please try again.


Troubleshooting hints:
1. Check whether board is connected to system properly.
2. In case of zynq board, check whether Digilent/Xilinx cable switch settings are correct.
3. If you are using Xilinx Platform Cable USB, ensure that status LED is green.
16:15:54 INFO  : Connected to target on host '127.0.0.1' and port '3121'.
16:15:54 INFO  : Jtag cable 'Digilent JTAG-SMT2 210251A1B7E2' is selected.
16:15:54 INFO  : 'jtag frequency' command is executed.
16:15:54 INFO  : Context for 'APU' is selected.
16:15:54 INFO  : System reset is completed.
16:15:57 INFO  : 'after 3000' command is executed.
16:15:58 INFO  : 'targets -set -filter {jtag_cable_name =~ "Digilent JTAG-SMT2 210251A1B7E2" && level==0 && jtag_device_ctx=="jsn-JTAG-SMT2-210251A1B7E2-23731093-0"}' command is executed.
16:16:06 INFO  : Device configured successfully with "H:/test/two/fpga_arm/fpga_arm.runs/impl_1/design_1_wrapper.bit"
16:16:06 INFO  : Context for 'APU' is selected.
16:16:06 INFO  : Hardware design and registers information is loaded from 'H:/test/two/fpga_arm/vitis/zc706_md/export/zc706_md/hw/design_1_wrapper.xsa'.
16:16:06 INFO  : 'configparams force-mem-access 1' command is executed.
16:16:06 INFO  : Context for 'APU' is selected.
16:16:06 INFO  : Sourcing of 'H:/test/two/fpga_arm/vitis/zc706_md_hdmi/_ide/psinit/ps7_init.tcl' is done.
16:16:08 INFO  : 'ps7_init' command is executed.
16:16:08 INFO  : 'ps7_post_config' command is executed.
16:16:08 INFO  : Context for processor 'ps7_cortexa9_0' is selected.
16:16:08 INFO  : The application 'H:/test/two/fpga_arm/vitis/zc706_md_hdmi/Debug/zc706_md_hdmi.elf' is downloaded to processor 'ps7_cortexa9_0'.
16:16:09 INFO  : 'configparams force-mem-access 0' command is executed.
16:16:09 INFO  : ----------------XSDB Script----------------
connect -url tcp:127.0.0.1:3121
targets -set -nocase -filter {name =~"APU*"}
rst -system
after 3000
targets -set -filter {jtag_cable_name =~ "Digilent JTAG-SMT2 210251A1B7E2" && level==0 && jtag_device_ctx=="jsn-JTAG-SMT2-210251A1B7E2-23731093-0"}
fpga -file H:/test/two/fpga_arm/fpga_arm.runs/impl_1/design_1_wrapper.bit
targets -set -nocase -filter {name =~"APU*"}
loadhw -hw H:/test/two/fpga_arm/vitis/zc706_md/export/zc706_md/hw/design_1_wrapper.xsa -mem-ranges [list {0x40000000 0xbfffffff}] -regs
configparams force-mem-access 1
targets -set -nocase -filter {name =~"APU*"}
source H:/test/two/fpga_arm/vitis/zc706_md_hdmi/_ide/psinit/ps7_init.tcl
ps7_init
ps7_post_config
targets -set -nocase -filter {name =~ "*A9*#0"}
dow H:/test/two/fpga_arm/vitis/zc706_md_hdmi/Debug/zc706_md_hdmi.elf
configparams force-mem-access 0
----------------End of Script----------------

16:16:09 INFO  : Context for processor 'ps7_cortexa9_0' is selected.
16:16:09 INFO  : 'con' command is executed.
16:16:09 INFO  : ----------------XSDB Script (After Launch)----------------
targets -set -nocase -filter {name =~ "*A9*#0"}
con
----------------End of Script----------------

16:16:09 INFO  : Launch script is exported to file 'H:\test\two\fpga_arm\vitis\zc706_md_hdmi_system\_ide\scripts\systemdebugger_zc706_md_hdmi_system_standalone.tcl'
16:17:02 INFO  : Checking for BSP changes to sync application flags for project 'zc706_md_hdmi'...
16:17:07 INFO  : Disconnected from the channel tcfchan#62.
16:17:07 INFO  : Connected to target on host '127.0.0.1' and port '3121'.
16:17:16 INFO  : ----------------XSDB Script----------------
connect -url tcp:127.0.0.1:3121
----------------End of Script----------------

16:17:16 ERROR : Could not find ARM device on the board for connection 'Local'.
Check if the target is in:
1. Split JTAG - No operations are possible with ARM DAP.
2. Non JTAG bootmode - Bootrom may need time to enable DAP.
Please try again.


Troubleshooting hints:
1. Check whether board is connected to system properly.
2. In case of zynq board, check whether Digilent/Xilinx cable switch settings are correct.
3. If you are using Xilinx Platform Cable USB, ensure that status LED is green.
16:17:21 INFO  : Connected to target on host '127.0.0.1' and port '3121'.
16:17:21 INFO  : Jtag cable 'Digilent JTAG-SMT2 210251A1B7E2' is selected.
16:17:21 INFO  : 'jtag frequency' command is executed.
16:17:21 INFO  : Context for 'APU' is selected.
16:17:21 INFO  : System reset is completed.
16:17:24 INFO  : 'after 3000' command is executed.
16:17:25 INFO  : 'targets -set -filter {jtag_cable_name =~ "Digilent JTAG-SMT2 210251A1B7E2" && level==0 && jtag_device_ctx=="jsn-JTAG-SMT2-210251A1B7E2-23731093-0"}' command is executed.
16:17:32 INFO  : Device configured successfully with "H:/test/two/fpga_arm/fpga_arm.runs/impl_1/design_1_wrapper.bit"
16:17:32 INFO  : Context for 'APU' is selected.
16:17:33 INFO  : Hardware design and registers information is loaded from 'H:/test/two/fpga_arm/vitis/zc706_md/export/zc706_md/hw/design_1_wrapper.xsa'.
16:17:33 INFO  : 'configparams force-mem-access 1' command is executed.
16:17:33 INFO  : Context for 'APU' is selected.
16:17:33 INFO  : Sourcing of 'H:/test/two/fpga_arm/vitis/zc706_md_hdmi/_ide/psinit/ps7_init.tcl' is done.
16:17:34 INFO  : 'ps7_init' command is executed.
16:17:34 INFO  : 'ps7_post_config' command is executed.
16:17:34 INFO  : Context for processor 'ps7_cortexa9_0' is selected.
16:17:35 INFO  : The application 'H:/test/two/fpga_arm/vitis/zc706_md_hdmi/Debug/zc706_md_hdmi.elf' is downloaded to processor 'ps7_cortexa9_0'.
16:17:35 INFO  : 'configparams force-mem-access 0' command is executed.
16:17:35 INFO  : ----------------XSDB Script----------------
connect -url tcp:127.0.0.1:3121
targets -set -nocase -filter {name =~"APU*"}
rst -system
after 3000
targets -set -filter {jtag_cable_name =~ "Digilent JTAG-SMT2 210251A1B7E2" && level==0 && jtag_device_ctx=="jsn-JTAG-SMT2-210251A1B7E2-23731093-0"}
fpga -file H:/test/two/fpga_arm/fpga_arm.runs/impl_1/design_1_wrapper.bit
targets -set -nocase -filter {name =~"APU*"}
loadhw -hw H:/test/two/fpga_arm/vitis/zc706_md/export/zc706_md/hw/design_1_wrapper.xsa -mem-ranges [list {0x40000000 0xbfffffff}] -regs
configparams force-mem-access 1
targets -set -nocase -filter {name =~"APU*"}
source H:/test/two/fpga_arm/vitis/zc706_md_hdmi/_ide/psinit/ps7_init.tcl
ps7_init
ps7_post_config
targets -set -nocase -filter {name =~ "*A9*#0"}
dow H:/test/two/fpga_arm/vitis/zc706_md_hdmi/Debug/zc706_md_hdmi.elf
configparams force-mem-access 0
----------------End of Script----------------

16:17:35 INFO  : Context for processor 'ps7_cortexa9_0' is selected.
16:17:35 INFO  : 'con' command is executed.
16:17:35 INFO  : ----------------XSDB Script (After Launch)----------------
targets -set -nocase -filter {name =~ "*A9*#0"}
con
----------------End of Script----------------

16:17:35 INFO  : Launch script is exported to file 'H:\test\two\fpga_arm\vitis\zc706_md_hdmi_system\_ide\scripts\systemdebugger_zc706_md_hdmi_system_standalone.tcl'
16:20:55 INFO  : Checking for BSP changes to sync application flags for project 'zc706_md_hdmi'...
16:21:03 INFO  : Disconnected from the channel tcfchan#63.
16:21:03 INFO  : Connected to target on host '127.0.0.1' and port '3121'.
16:21:03 INFO  : Jtag cable 'Digilent JTAG-SMT2 210251A1B7E2' is selected.
16:21:03 INFO  : 'jtag frequency' command is executed.
16:21:03 INFO  : Context for 'APU' is selected.
16:21:03 INFO  : System reset is completed.
16:21:06 INFO  : 'after 3000' command is executed.
16:21:06 INFO  : 'targets -set -filter {jtag_cable_name =~ "Digilent JTAG-SMT2 210251A1B7E2" && level==0 && jtag_device_ctx=="jsn-JTAG-SMT2-210251A1B7E2-23731093-0"}' command is executed.
16:21:14 INFO  : Device configured successfully with "H:/test/two/fpga_arm/fpga_arm.runs/impl_1/design_1_wrapper.bit"
16:21:14 INFO  : Context for 'APU' is selected.
16:21:14 INFO  : Hardware design and registers information is loaded from 'H:/test/two/fpga_arm/vitis/zc706_md/export/zc706_md/hw/design_1_wrapper.xsa'.
16:21:14 INFO  : 'configparams force-mem-access 1' command is executed.
16:21:14 INFO  : Context for 'APU' is selected.
16:21:14 INFO  : Sourcing of 'H:/test/two/fpga_arm/vitis/zc706_md_hdmi/_ide/psinit/ps7_init.tcl' is done.
16:21:17 INFO  : 'ps7_init' command is executed.
16:21:17 INFO  : 'ps7_post_config' command is executed.
16:21:17 INFO  : Context for processor 'ps7_cortexa9_0' is selected.
16:21:18 INFO  : The application 'H:/test/two/fpga_arm/vitis/zc706_md_hdmi/Debug/zc706_md_hdmi.elf' is downloaded to processor 'ps7_cortexa9_0'.
16:21:18 INFO  : 'configparams force-mem-access 0' command is executed.
16:21:18 INFO  : ----------------XSDB Script----------------
connect -url tcp:127.0.0.1:3121
targets -set -nocase -filter {name =~"APU*"}
rst -system
after 3000
targets -set -filter {jtag_cable_name =~ "Digilent JTAG-SMT2 210251A1B7E2" && level==0 && jtag_device_ctx=="jsn-JTAG-SMT2-210251A1B7E2-23731093-0"}
fpga -file H:/test/two/fpga_arm/fpga_arm.runs/impl_1/design_1_wrapper.bit
targets -set -nocase -filter {name =~"APU*"}
loadhw -hw H:/test/two/fpga_arm/vitis/zc706_md/export/zc706_md/hw/design_1_wrapper.xsa -mem-ranges [list {0x40000000 0xbfffffff}] -regs
configparams force-mem-access 1
targets -set -nocase -filter {name =~"APU*"}
source H:/test/two/fpga_arm/vitis/zc706_md_hdmi/_ide/psinit/ps7_init.tcl
ps7_init
ps7_post_config
targets -set -nocase -filter {name =~ "*A9*#0"}
dow H:/test/two/fpga_arm/vitis/zc706_md_hdmi/Debug/zc706_md_hdmi.elf
configparams force-mem-access 0
----------------End of Script----------------

16:21:18 INFO  : Context for processor 'ps7_cortexa9_0' is selected.
16:21:18 INFO  : 'con' command is executed.
16:21:18 INFO  : ----------------XSDB Script (After Launch)----------------
targets -set -nocase -filter {name =~ "*A9*#0"}
con
----------------End of Script----------------

16:21:18 INFO  : Launch script is exported to file 'H:\test\two\fpga_arm\vitis\zc706_md_hdmi_system\_ide\scripts\systemdebugger_zc706_md_hdmi_system_standalone.tcl'
16:23:41 INFO  : Checking for BSP changes to sync application flags for project 'zc706_md_hdmi'...
16:23:48 INFO  : Disconnected from the channel tcfchan#64.
16:23:48 INFO  : Connected to target on host '127.0.0.1' and port '3121'.
16:23:48 INFO  : Jtag cable 'Digilent JTAG-SMT2 210251A1B7E2' is selected.
16:23:48 INFO  : 'jtag frequency' command is executed.
16:23:48 INFO  : Context for 'APU' is selected.
16:23:48 INFO  : System reset is completed.
16:23:51 INFO  : 'after 3000' command is executed.
16:23:52 INFO  : 'targets -set -filter {jtag_cable_name =~ "Digilent JTAG-SMT2 210251A1B7E2" && level==0 && jtag_device_ctx=="jsn-JTAG-SMT2-210251A1B7E2-23731093-0"}' command is executed.
16:23:59 INFO  : Device configured successfully with "H:/test/two/fpga_arm/fpga_arm.runs/impl_1/design_1_wrapper.bit"
16:24:00 INFO  : Context for 'APU' is selected.
16:24:00 INFO  : Hardware design and registers information is loaded from 'H:/test/two/fpga_arm/vitis/zc706_md/export/zc706_md/hw/design_1_wrapper.xsa'.
16:24:00 INFO  : 'configparams force-mem-access 1' command is executed.
16:24:00 INFO  : Context for 'APU' is selected.
16:24:00 INFO  : Sourcing of 'H:/test/two/fpga_arm/vitis/zc706_md_hdmi/_ide/psinit/ps7_init.tcl' is done.
16:24:01 INFO  : 'ps7_init' command is executed.
16:24:01 INFO  : 'ps7_post_config' command is executed.
16:24:01 INFO  : Context for processor 'ps7_cortexa9_0' is selected.
16:24:02 INFO  : The application 'H:/test/two/fpga_arm/vitis/zc706_md_hdmi/Debug/zc706_md_hdmi.elf' is downloaded to processor 'ps7_cortexa9_0'.
16:24:02 INFO  : 'configparams force-mem-access 0' command is executed.
16:24:02 INFO  : ----------------XSDB Script----------------
connect -url tcp:127.0.0.1:3121
targets -set -nocase -filter {name =~"APU*"}
rst -system
after 3000
targets -set -filter {jtag_cable_name =~ "Digilent JTAG-SMT2 210251A1B7E2" && level==0 && jtag_device_ctx=="jsn-JTAG-SMT2-210251A1B7E2-23731093-0"}
fpga -file H:/test/two/fpga_arm/fpga_arm.runs/impl_1/design_1_wrapper.bit
targets -set -nocase -filter {name =~"APU*"}
loadhw -hw H:/test/two/fpga_arm/vitis/zc706_md/export/zc706_md/hw/design_1_wrapper.xsa -mem-ranges [list {0x40000000 0xbfffffff}] -regs
configparams force-mem-access 1
targets -set -nocase -filter {name =~"APU*"}
source H:/test/two/fpga_arm/vitis/zc706_md_hdmi/_ide/psinit/ps7_init.tcl
ps7_init
ps7_post_config
targets -set -nocase -filter {name =~ "*A9*#0"}
dow H:/test/two/fpga_arm/vitis/zc706_md_hdmi/Debug/zc706_md_hdmi.elf
configparams force-mem-access 0
----------------End of Script----------------

16:24:03 INFO  : Context for processor 'ps7_cortexa9_0' is selected.
16:24:03 INFO  : 'con' command is executed.
16:24:03 INFO  : ----------------XSDB Script (After Launch)----------------
targets -set -nocase -filter {name =~ "*A9*#0"}
con
----------------End of Script----------------

16:24:03 INFO  : Launch script is exported to file 'H:\test\two\fpga_arm\vitis\zc706_md_hdmi_system\_ide\scripts\systemdebugger_zc706_md_hdmi_system_standalone.tcl'
16:25:24 INFO  : Disconnected from the channel tcfchan#65.
16:25:24 INFO  : Connected to target on host '127.0.0.1' and port '3121'.
16:25:27 INFO  : Jtag cable 'Digilent JTAG-SMT2 210251A1B7E2' is selected.
16:25:27 INFO  : 'jtag frequency' command is executed.
16:25:27 INFO  : Context for 'APU' is selected.
16:25:27 INFO  : System reset is completed.
16:25:30 INFO  : 'after 3000' command is executed.
16:25:31 INFO  : 'targets -set -filter {jtag_cable_name =~ "Digilent JTAG-SMT2 210251A1B7E2" && level==0 && jtag_device_ctx=="jsn-JTAG-SMT2-210251A1B7E2-23731093-0"}' command is executed.
16:25:39 INFO  : Device configured successfully with "H:/test/two/fpga_arm/fpga_arm.runs/impl_1/design_1_wrapper.bit"
16:25:40 INFO  : Context for 'APU' is selected.
16:25:40 INFO  : Hardware design and registers information is loaded from 'H:/test/two/fpga_arm/vitis/zc706_md/export/zc706_md/hw/design_1_wrapper.xsa'.
16:25:40 INFO  : 'configparams force-mem-access 1' command is executed.
16:25:40 INFO  : Context for 'APU' is selected.
16:25:40 INFO  : Sourcing of 'H:/test/two/fpga_arm/vitis/zc706_md_hdmi/_ide/psinit/ps7_init.tcl' is done.
16:25:41 INFO  : 'ps7_init' command is executed.
16:25:41 INFO  : 'ps7_post_config' command is executed.
16:25:42 INFO  : Context for processor 'ps7_cortexa9_0' is selected.
16:25:42 INFO  : The application 'H:/test/two/fpga_arm/vitis/zc706_md_hdmi/Debug/zc706_md_hdmi.elf' is downloaded to processor 'ps7_cortexa9_0'.
16:25:42 INFO  : 'configparams force-mem-access 0' command is executed.
16:25:42 INFO  : ----------------XSDB Script----------------
connect -url tcp:127.0.0.1:3121
targets -set -nocase -filter {name =~"APU*"}
rst -system
after 3000
targets -set -filter {jtag_cable_name =~ "Digilent JTAG-SMT2 210251A1B7E2" && level==0 && jtag_device_ctx=="jsn-JTAG-SMT2-210251A1B7E2-23731093-0"}
fpga -file H:/test/two/fpga_arm/fpga_arm.runs/impl_1/design_1_wrapper.bit
targets -set -nocase -filter {name =~"APU*"}
loadhw -hw H:/test/two/fpga_arm/vitis/zc706_md/export/zc706_md/hw/design_1_wrapper.xsa -mem-ranges [list {0x40000000 0xbfffffff}] -regs
configparams force-mem-access 1
targets -set -nocase -filter {name =~"APU*"}
source H:/test/two/fpga_arm/vitis/zc706_md_hdmi/_ide/psinit/ps7_init.tcl
ps7_init
ps7_post_config
targets -set -nocase -filter {name =~ "*A9*#0"}
dow H:/test/two/fpga_arm/vitis/zc706_md_hdmi/Debug/zc706_md_hdmi.elf
configparams force-mem-access 0
----------------End of Script----------------

16:25:43 INFO  : Context for processor 'ps7_cortexa9_0' is selected.
16:25:43 INFO  : 'con' command is executed.
16:25:43 INFO  : ----------------XSDB Script (After Launch)----------------
targets -set -nocase -filter {name =~ "*A9*#0"}
con
----------------End of Script----------------

16:25:43 INFO  : Launch script is exported to file 'H:\test\two\fpga_arm\vitis\zc706_md_hdmi_system\_ide\scripts\systemdebugger_zc706_md_hdmi_system_standalone.tcl'
16:26:32 INFO  : Disconnected from the channel tcfchan#66.
16:26:33 INFO  : Connected to target on host '127.0.0.1' and port '3121'.
16:26:33 INFO  : Jtag cable 'Digilent JTAG-SMT2 210251A1B7E2' is selected.
16:26:33 INFO  : 'jtag frequency' command is executed.
16:26:33 INFO  : Context for 'APU' is selected.
16:26:33 INFO  : System reset is completed.
16:26:36 INFO  : 'after 3000' command is executed.
16:26:36 INFO  : 'targets -set -filter {jtag_cable_name =~ "Digilent JTAG-SMT2 210251A1B7E2" && level==0 && jtag_device_ctx=="jsn-JTAG-SMT2-210251A1B7E2-23731093-0"}' command is executed.
16:26:44 INFO  : Device configured successfully with "H:/test/two/fpga_arm/fpga_arm.runs/impl_1/design_1_wrapper.bit"
16:26:45 INFO  : Context for 'APU' is selected.
16:26:45 INFO  : Hardware design and registers information is loaded from 'H:/test/two/fpga_arm/vitis/zc706_md/export/zc706_md/hw/design_1_wrapper.xsa'.
16:26:45 INFO  : 'configparams force-mem-access 1' command is executed.
16:26:45 INFO  : Context for 'APU' is selected.
16:26:45 INFO  : Sourcing of 'H:/test/two/fpga_arm/vitis/zc706_md_hdmi/_ide/psinit/ps7_init.tcl' is done.
16:26:46 INFO  : 'ps7_init' command is executed.
16:26:46 INFO  : 'ps7_post_config' command is executed.
16:26:46 INFO  : Context for processor 'ps7_cortexa9_0' is selected.
16:26:47 INFO  : The application 'H:/test/two/fpga_arm/vitis/zc706_md_hdmi/Debug/zc706_md_hdmi.elf' is downloaded to processor 'ps7_cortexa9_0'.
16:26:47 INFO  : 'configparams force-mem-access 0' command is executed.
16:26:47 INFO  : ----------------XSDB Script----------------
connect -url tcp:127.0.0.1:3121
targets -set -nocase -filter {name =~"APU*"}
rst -system
after 3000
targets -set -filter {jtag_cable_name =~ "Digilent JTAG-SMT2 210251A1B7E2" && level==0 && jtag_device_ctx=="jsn-JTAG-SMT2-210251A1B7E2-23731093-0"}
fpga -file H:/test/two/fpga_arm/fpga_arm.runs/impl_1/design_1_wrapper.bit
targets -set -nocase -filter {name =~"APU*"}
loadhw -hw H:/test/two/fpga_arm/vitis/zc706_md/export/zc706_md/hw/design_1_wrapper.xsa -mem-ranges [list {0x40000000 0xbfffffff}] -regs
configparams force-mem-access 1
targets -set -nocase -filter {name =~"APU*"}
source H:/test/two/fpga_arm/vitis/zc706_md_hdmi/_ide/psinit/ps7_init.tcl
ps7_init
ps7_post_config
targets -set -nocase -filter {name =~ "*A9*#0"}
dow H:/test/two/fpga_arm/vitis/zc706_md_hdmi/Debug/zc706_md_hdmi.elf
configparams force-mem-access 0
----------------End of Script----------------

16:26:47 INFO  : Context for processor 'ps7_cortexa9_0' is selected.
16:26:48 INFO  : 'con' command is executed.
16:26:48 INFO  : ----------------XSDB Script (After Launch)----------------
targets -set -nocase -filter {name =~ "*A9*#0"}
con
----------------End of Script----------------

16:26:48 INFO  : Launch script is exported to file 'H:\test\two\fpga_arm\vitis\zc706_md_hdmi_system\_ide\scripts\systemdebugger_zc706_md_hdmi_system_standalone.tcl'
16:27:27 INFO  : Disconnected from the channel tcfchan#67.
16:27:27 INFO  : Connected to target on host '127.0.0.1' and port '3121'.
16:27:36 INFO  : ----------------XSDB Script----------------
connect -url tcp:127.0.0.1:3121
----------------End of Script----------------

16:27:36 ERROR : Could not find ARM device on the board for connection 'Local'.
Check if the target is in:
1. Split JTAG - No operations are possible with ARM DAP.
2. Non JTAG bootmode - Bootrom may need time to enable DAP.
Please try again.


Troubleshooting hints:
1. Check whether board is connected to system properly.
2. In case of zynq board, check whether Digilent/Xilinx cable switch settings are correct.
3. If you are using Xilinx Platform Cable USB, ensure that status LED is green.
16:27:39 INFO  : Connected to target on host '127.0.0.1' and port '3121'.
16:27:40 INFO  : Jtag cable 'Digilent JTAG-SMT2 210251A1B7E2' is selected.
16:27:40 INFO  : 'jtag frequency' command is executed.
16:27:40 INFO  : Context for 'APU' is selected.
16:27:40 INFO  : System reset is completed.
16:27:43 INFO  : 'after 3000' command is executed.
16:27:43 INFO  : 'targets -set -filter {jtag_cable_name =~ "Digilent JTAG-SMT2 210251A1B7E2" && level==0 && jtag_device_ctx=="jsn-JTAG-SMT2-210251A1B7E2-23731093-0"}' command is executed.
16:27:51 INFO  : Device configured successfully with "H:/test/two/fpga_arm/fpga_arm.runs/impl_1/design_1_wrapper.bit"
16:27:51 INFO  : Context for 'APU' is selected.
16:27:51 INFO  : Hardware design and registers information is loaded from 'H:/test/two/fpga_arm/vitis/zc706_md/export/zc706_md/hw/design_1_wrapper.xsa'.
16:27:51 INFO  : 'configparams force-mem-access 1' command is executed.
16:27:51 INFO  : Context for 'APU' is selected.
16:27:51 INFO  : Sourcing of 'H:/test/two/fpga_arm/vitis/zc706_md_hdmi/_ide/psinit/ps7_init.tcl' is done.
16:27:53 INFO  : 'ps7_init' command is executed.
16:27:53 INFO  : 'ps7_post_config' command is executed.
16:27:53 INFO  : Context for processor 'ps7_cortexa9_0' is selected.
16:27:54 INFO  : The application 'H:/test/two/fpga_arm/vitis/zc706_md_hdmi/Debug/zc706_md_hdmi.elf' is downloaded to processor 'ps7_cortexa9_0'.
16:27:54 INFO  : 'configparams force-mem-access 0' command is executed.
16:27:54 INFO  : ----------------XSDB Script----------------
connect -url tcp:127.0.0.1:3121
targets -set -nocase -filter {name =~"APU*"}
rst -system
after 3000
targets -set -filter {jtag_cable_name =~ "Digilent JTAG-SMT2 210251A1B7E2" && level==0 && jtag_device_ctx=="jsn-JTAG-SMT2-210251A1B7E2-23731093-0"}
fpga -file H:/test/two/fpga_arm/fpga_arm.runs/impl_1/design_1_wrapper.bit
targets -set -nocase -filter {name =~"APU*"}
loadhw -hw H:/test/two/fpga_arm/vitis/zc706_md/export/zc706_md/hw/design_1_wrapper.xsa -mem-ranges [list {0x40000000 0xbfffffff}] -regs
configparams force-mem-access 1
targets -set -nocase -filter {name =~"APU*"}
source H:/test/two/fpga_arm/vitis/zc706_md_hdmi/_ide/psinit/ps7_init.tcl
ps7_init
ps7_post_config
targets -set -nocase -filter {name =~ "*A9*#0"}
dow H:/test/two/fpga_arm/vitis/zc706_md_hdmi/Debug/zc706_md_hdmi.elf
configparams force-mem-access 0
----------------End of Script----------------

16:27:54 INFO  : Context for processor 'ps7_cortexa9_0' is selected.
16:27:54 INFO  : 'con' command is executed.
16:27:54 INFO  : ----------------XSDB Script (After Launch)----------------
targets -set -nocase -filter {name =~ "*A9*#0"}
con
----------------End of Script----------------

16:27:54 INFO  : Launch script is exported to file 'H:\test\two\fpga_arm\vitis\zc706_md_hdmi_system\_ide\scripts\systemdebugger_zc706_md_hdmi_system_standalone.tcl'
16:28:27 INFO  : Disconnected from the channel tcfchan#68.
16:28:27 INFO  : Connected to target on host '127.0.0.1' and port '3121'.
16:28:28 INFO  : Jtag cable 'Digilent JTAG-SMT2 210251A1B7E2' is selected.
16:28:28 INFO  : 'jtag frequency' command is executed.
16:28:28 INFO  : Context for 'APU' is selected.
16:28:28 INFO  : System reset is completed.
16:28:31 INFO  : 'after 3000' command is executed.
16:28:31 INFO  : 'targets -set -filter {jtag_cable_name =~ "Digilent JTAG-SMT2 210251A1B7E2" && level==0 && jtag_device_ctx=="jsn-JTAG-SMT2-210251A1B7E2-23731093-0"}' command is executed.
16:28:40 INFO  : Device configured successfully with "H:/test/two/fpga_arm/fpga_arm.runs/impl_1/design_1_wrapper.bit"
16:28:40 INFO  : Context for 'APU' is selected.
16:28:40 INFO  : Hardware design and registers information is loaded from 'H:/test/two/fpga_arm/vitis/zc706_md/export/zc706_md/hw/design_1_wrapper.xsa'.
16:28:40 INFO  : 'configparams force-mem-access 1' command is executed.
16:28:40 INFO  : Context for 'APU' is selected.
16:28:40 INFO  : Sourcing of 'H:/test/two/fpga_arm/vitis/zc706_md_hdmi/_ide/psinit/ps7_init.tcl' is done.
16:28:42 INFO  : 'ps7_init' command is executed.
16:28:42 INFO  : 'ps7_post_config' command is executed.
16:28:42 INFO  : Context for processor 'ps7_cortexa9_0' is selected.
16:28:42 INFO  : The application 'H:/test/two/fpga_arm/vitis/zc706_md_hdmi/Debug/zc706_md_hdmi.elf' is downloaded to processor 'ps7_cortexa9_0'.
16:28:43 INFO  : 'configparams force-mem-access 0' command is executed.
16:28:43 INFO  : ----------------XSDB Script----------------
connect -url tcp:127.0.0.1:3121
targets -set -nocase -filter {name =~"APU*"}
rst -system
after 3000
targets -set -filter {jtag_cable_name =~ "Digilent JTAG-SMT2 210251A1B7E2" && level==0 && jtag_device_ctx=="jsn-JTAG-SMT2-210251A1B7E2-23731093-0"}
fpga -file H:/test/two/fpga_arm/fpga_arm.runs/impl_1/design_1_wrapper.bit
targets -set -nocase -filter {name =~"APU*"}
loadhw -hw H:/test/two/fpga_arm/vitis/zc706_md/export/zc706_md/hw/design_1_wrapper.xsa -mem-ranges [list {0x40000000 0xbfffffff}] -regs
configparams force-mem-access 1
targets -set -nocase -filter {name =~"APU*"}
source H:/test/two/fpga_arm/vitis/zc706_md_hdmi/_ide/psinit/ps7_init.tcl
ps7_init
ps7_post_config
targets -set -nocase -filter {name =~ "*A9*#0"}
dow H:/test/two/fpga_arm/vitis/zc706_md_hdmi/Debug/zc706_md_hdmi.elf
configparams force-mem-access 0
----------------End of Script----------------

16:28:43 INFO  : Context for processor 'ps7_cortexa9_0' is selected.
16:28:43 INFO  : 'con' command is executed.
16:28:43 INFO  : ----------------XSDB Script (After Launch)----------------
targets -set -nocase -filter {name =~ "*A9*#0"}
con
----------------End of Script----------------

16:28:43 INFO  : Launch script is exported to file 'H:\test\two\fpga_arm\vitis\zc706_md_hdmi_system\_ide\scripts\systemdebugger_zc706_md_hdmi_system_standalone.tcl'
16:29:37 INFO  : Disconnected from the channel tcfchan#69.
16:29:37 INFO  : Connected to target on host '127.0.0.1' and port '3121'.
16:29:39 INFO  : Jtag cable 'Digilent JTAG-SMT2 210251A1B7E2' is selected.
16:29:39 INFO  : 'jtag frequency' command is executed.
16:29:39 INFO  : Context for 'APU' is selected.
16:29:40 INFO  : System reset is completed.
16:29:43 INFO  : 'after 3000' command is executed.
16:29:43 INFO  : 'targets -set -filter {jtag_cable_name =~ "Digilent JTAG-SMT2 210251A1B7E2" && level==0 && jtag_device_ctx=="jsn-JTAG-SMT2-210251A1B7E2-23731093-0"}' command is executed.
16:29:50 INFO  : Device configured successfully with "H:/test/two/fpga_arm/fpga_arm.runs/impl_1/design_1_wrapper.bit"
16:29:51 INFO  : Context for 'APU' is selected.
16:29:51 INFO  : Hardware design and registers information is loaded from 'H:/test/two/fpga_arm/vitis/zc706_md/export/zc706_md/hw/design_1_wrapper.xsa'.
16:29:51 INFO  : 'configparams force-mem-access 1' command is executed.
16:29:51 INFO  : Context for 'APU' is selected.
16:29:51 INFO  : Sourcing of 'H:/test/two/fpga_arm/vitis/zc706_md_hdmi/_ide/psinit/ps7_init.tcl' is done.
16:29:53 INFO  : 'ps7_init' command is executed.
16:29:53 INFO  : 'ps7_post_config' command is executed.
16:29:53 INFO  : Context for processor 'ps7_cortexa9_0' is selected.
16:29:54 INFO  : The application 'H:/test/two/fpga_arm/vitis/zc706_md_hdmi/Debug/zc706_md_hdmi.elf' is downloaded to processor 'ps7_cortexa9_0'.
16:29:54 INFO  : 'configparams force-mem-access 0' command is executed.
16:29:54 INFO  : ----------------XSDB Script----------------
connect -url tcp:127.0.0.1:3121
targets -set -nocase -filter {name =~"APU*"}
rst -system
after 3000
targets -set -filter {jtag_cable_name =~ "Digilent JTAG-SMT2 210251A1B7E2" && level==0 && jtag_device_ctx=="jsn-JTAG-SMT2-210251A1B7E2-23731093-0"}
fpga -file H:/test/two/fpga_arm/fpga_arm.runs/impl_1/design_1_wrapper.bit
targets -set -nocase -filter {name =~"APU*"}
loadhw -hw H:/test/two/fpga_arm/vitis/zc706_md/export/zc706_md/hw/design_1_wrapper.xsa -mem-ranges [list {0x40000000 0xbfffffff}] -regs
configparams force-mem-access 1
targets -set -nocase -filter {name =~"APU*"}
source H:/test/two/fpga_arm/vitis/zc706_md_hdmi/_ide/psinit/ps7_init.tcl
ps7_init
ps7_post_config
targets -set -nocase -filter {name =~ "*A9*#0"}
dow H:/test/two/fpga_arm/vitis/zc706_md_hdmi/Debug/zc706_md_hdmi.elf
configparams force-mem-access 0
----------------End of Script----------------

16:29:54 INFO  : Context for processor 'ps7_cortexa9_0' is selected.
16:29:54 INFO  : 'con' command is executed.
16:29:54 INFO  : ----------------XSDB Script (After Launch)----------------
targets -set -nocase -filter {name =~ "*A9*#0"}
con
----------------End of Script----------------

16:29:54 INFO  : Launch script is exported to file 'H:\test\two\fpga_arm\vitis\zc706_md_hdmi_system\_ide\scripts\systemdebugger_zc706_md_hdmi_system_standalone.tcl'
16:30:27 INFO  : Disconnected from the channel tcfchan#70.
16:30:27 INFO  : Connected to target on host '127.0.0.1' and port '3121'.
16:30:29 INFO  : Jtag cable 'Digilent JTAG-SMT2 210251A1B7E2' is selected.
16:30:29 INFO  : 'jtag frequency' command is executed.
16:30:29 INFO  : Context for 'APU' is selected.
16:30:29 INFO  : System reset is completed.
16:30:32 INFO  : 'after 3000' command is executed.
16:30:32 INFO  : 'targets -set -filter {jtag_cable_name =~ "Digilent JTAG-SMT2 210251A1B7E2" && level==0 && jtag_device_ctx=="jsn-JTAG-SMT2-210251A1B7E2-23731093-0"}' command is executed.
16:30:41 INFO  : Device configured successfully with "H:/test/two/fpga_arm/fpga_arm.runs/impl_1/design_1_wrapper.bit"
16:30:41 INFO  : Context for 'APU' is selected.
16:30:41 INFO  : Hardware design and registers information is loaded from 'H:/test/two/fpga_arm/vitis/zc706_md/export/zc706_md/hw/design_1_wrapper.xsa'.
16:30:41 INFO  : 'configparams force-mem-access 1' command is executed.
16:30:41 INFO  : Context for 'APU' is selected.
16:30:41 INFO  : Sourcing of 'H:/test/two/fpga_arm/vitis/zc706_md_hdmi/_ide/psinit/ps7_init.tcl' is done.
16:30:43 INFO  : 'ps7_init' command is executed.
16:30:43 INFO  : 'ps7_post_config' command is executed.
16:30:43 INFO  : Context for processor 'ps7_cortexa9_0' is selected.
16:30:44 INFO  : The application 'H:/test/two/fpga_arm/vitis/zc706_md_hdmi/Debug/zc706_md_hdmi.elf' is downloaded to processor 'ps7_cortexa9_0'.
16:30:44 INFO  : 'configparams force-mem-access 0' command is executed.
16:30:44 INFO  : ----------------XSDB Script----------------
connect -url tcp:127.0.0.1:3121
targets -set -nocase -filter {name =~"APU*"}
rst -system
after 3000
targets -set -filter {jtag_cable_name =~ "Digilent JTAG-SMT2 210251A1B7E2" && level==0 && jtag_device_ctx=="jsn-JTAG-SMT2-210251A1B7E2-23731093-0"}
fpga -file H:/test/two/fpga_arm/fpga_arm.runs/impl_1/design_1_wrapper.bit
targets -set -nocase -filter {name =~"APU*"}
loadhw -hw H:/test/two/fpga_arm/vitis/zc706_md/export/zc706_md/hw/design_1_wrapper.xsa -mem-ranges [list {0x40000000 0xbfffffff}] -regs
configparams force-mem-access 1
targets -set -nocase -filter {name =~"APU*"}
source H:/test/two/fpga_arm/vitis/zc706_md_hdmi/_ide/psinit/ps7_init.tcl
ps7_init
ps7_post_config
targets -set -nocase -filter {name =~ "*A9*#0"}
dow H:/test/two/fpga_arm/vitis/zc706_md_hdmi/Debug/zc706_md_hdmi.elf
configparams force-mem-access 0
----------------End of Script----------------

16:30:45 INFO  : Context for processor 'ps7_cortexa9_0' is selected.
16:30:45 INFO  : 'con' command is executed.
16:30:45 INFO  : ----------------XSDB Script (After Launch)----------------
targets -set -nocase -filter {name =~ "*A9*#0"}
con
----------------End of Script----------------

16:30:45 INFO  : Launch script is exported to file 'H:\test\two\fpga_arm\vitis\zc706_md_hdmi_system\_ide\scripts\systemdebugger_zc706_md_hdmi_system_standalone.tcl'
16:32:15 INFO  : Disconnected from the channel tcfchan#71.
16:32:15 INFO  : Connected to target on host '127.0.0.1' and port '3121'.
16:32:15 INFO  : Jtag cable 'Digilent JTAG-SMT2 210251A1B7E2' is selected.
16:32:15 INFO  : 'jtag frequency' command is executed.
16:32:15 INFO  : Context for 'APU' is selected.
16:32:15 INFO  : System reset is completed.
16:32:18 INFO  : 'after 3000' command is executed.
16:32:19 INFO  : 'targets -set -filter {jtag_cable_name =~ "Digilent JTAG-SMT2 210251A1B7E2" && level==0 && jtag_device_ctx=="jsn-JTAG-SMT2-210251A1B7E2-23731093-0"}' command is executed.
16:32:26 INFO  : Device configured successfully with "H:/test/two/fpga_arm/fpga_arm.runs/impl_1/design_1_wrapper.bit"
16:32:27 INFO  : Context for 'APU' is selected.
16:32:27 INFO  : Hardware design and registers information is loaded from 'H:/test/two/fpga_arm/vitis/zc706_md/export/zc706_md/hw/design_1_wrapper.xsa'.
16:32:27 INFO  : 'configparams force-mem-access 1' command is executed.
16:32:27 INFO  : Context for 'APU' is selected.
16:32:27 INFO  : Sourcing of 'H:/test/two/fpga_arm/vitis/zc706_md_hdmi/_ide/psinit/ps7_init.tcl' is done.
16:32:29 INFO  : 'ps7_init' command is executed.
16:32:29 INFO  : 'ps7_post_config' command is executed.
16:32:29 INFO  : Context for processor 'ps7_cortexa9_0' is selected.
16:32:30 INFO  : The application 'H:/test/two/fpga_arm/vitis/zc706_md_hdmi/Debug/zc706_md_hdmi.elf' is downloaded to processor 'ps7_cortexa9_0'.
16:32:30 INFO  : 'configparams force-mem-access 0' command is executed.
16:32:30 INFO  : ----------------XSDB Script----------------
connect -url tcp:127.0.0.1:3121
targets -set -nocase -filter {name =~"APU*"}
rst -system
after 3000
targets -set -filter {jtag_cable_name =~ "Digilent JTAG-SMT2 210251A1B7E2" && level==0 && jtag_device_ctx=="jsn-JTAG-SMT2-210251A1B7E2-23731093-0"}
fpga -file H:/test/two/fpga_arm/fpga_arm.runs/impl_1/design_1_wrapper.bit
targets -set -nocase -filter {name =~"APU*"}
loadhw -hw H:/test/two/fpga_arm/vitis/zc706_md/export/zc706_md/hw/design_1_wrapper.xsa -mem-ranges [list {0x40000000 0xbfffffff}] -regs
configparams force-mem-access 1
targets -set -nocase -filter {name =~"APU*"}
source H:/test/two/fpga_arm/vitis/zc706_md_hdmi/_ide/psinit/ps7_init.tcl
ps7_init
ps7_post_config
targets -set -nocase -filter {name =~ "*A9*#0"}
dow H:/test/two/fpga_arm/vitis/zc706_md_hdmi/Debug/zc706_md_hdmi.elf
configparams force-mem-access 0
----------------End of Script----------------

16:32:30 INFO  : Context for processor 'ps7_cortexa9_0' is selected.
16:32:31 INFO  : 'con' command is executed.
16:32:31 INFO  : ----------------XSDB Script (After Launch)----------------
targets -set -nocase -filter {name =~ "*A9*#0"}
con
----------------End of Script----------------

16:32:31 INFO  : Launch script is exported to file 'H:\test\two\fpga_arm\vitis\zc706_md_hdmi_system\_ide\scripts\systemdebugger_zc706_md_hdmi_system_standalone.tcl'
16:40:33 INFO  : Disconnected from the channel tcfchan#72.
