TRACE::2026-01-08.16:52:13::SCWPlatform::Trying to open the hw design at H:/test/two/fpga_arm/vitis/zc706_md/hw/design_1_wrapper.xsa
TRACE::2026-01-08.16:52:13::SCWPlatform::DSA given H:/test/two/fpga_arm/vitis/zc706_md/hw/design_1_wrapper.xsa
TRACE::2026-01-08.16:52:13::SCWPlatform::DSA absoulate path H:/test/two/fpga_arm/vitis/zc706_md/hw/design_1_wrapper.xsa
TRACE::2026-01-08.16:52:13::SCWPlatform::DSA directory H:/test/two/fpga_arm/vitis/zc706_md/hw
TRACE::2026-01-08.16:52:13::SCWPlatform:: Platform Path H:/test/two/fpga_arm/vitis/zc706_md/hw/design_1_wrapper.xsa
TRACE::2026-01-08.16:52:13::SCWPlatform:: Unique name xilinx:zc706::0.0
TRACE::2026-01-08.16:52:13::SCWPlatform::Do not have an existing db opened. 
TRACE::2026-01-08.16:52:17::SCWPlatform::Opened new HwDB with name design_1_wrapper_0
TRACE::2026-01-08.16:52:17::SCWWriter::formatted JSON is {
	"platformName":	"zc706_md",
	"sprVersion":	"2.0",
	"mode":	"gui",
	"dsaType":	"Fixed",
	"platformDesc":	"zc706_md",
	"platHandOff":	"H:/test/two/fpga_arm/design_1_wrapper.xsa",
	"platIntHandOff":	"<platformDir>/hw/design_1_wrapper.xsa",
	"deviceType":	"zynq",
	"platIsPrebuiltAutogen":	"false",
	"platIsNoBootBsp":	"false",
	"hasFsblMakeHasChanges":	"false",
	"hasPmufwMakeHasChanges":	"false",
	"platPreBuiltFlag":	false,
	"platformSamplesDir":	""
}
TRACE::2026-01-08.16:52:17::SCWWriter::formatted JSON is {
	"platformName":	"zc706_md",
	"sprVersion":	"2.0",
	"mode":	"gui",
	"dsaType":	"Fixed",
	"platformDesc":	"zc706_md",
	"platHandOff":	"H:/test/two/fpga_arm/design_1_wrapper.xsa",
	"platIntHandOff":	"<platformDir>/hw/design_1_wrapper.xsa",
	"deviceType":	"zynq",
	"platIsPrebuiltAutogen":	"false",
	"platIsNoBootBsp":	"false",
	"hasFsblMakeHasChanges":	"false",
	"hasPmufwMakeHasChanges":	"false",
	"platPreBuiltFlag":	false,
	"platformSamplesDir":	"",
	"platActiveSys":	"zc706_md",
	"systems":	[{
			"systemName":	"zc706_md",
			"systemDesc":	"zc706_md",
			"sysIsBootAutoGen":	"true",
			"systemDispName":	"zc706_md"
		}]
}
TRACE::2026-01-08.16:52:17::SCWPlatform::Boot application domains not present, creating them
TRACE::2026-01-08.16:52:17::SCWDomain::checking for install qemu data   : 
TRACE::2026-01-08.16:52:17::SCWDomain:: Using the QEMU Data from install at  : E:/xilinx/Vitis/2021.2/data/emulation/platforms/zynq/sw/a9_standalone/qemu/
TRACE::2026-01-08.16:52:17::SCWDomain:: Using the QEMU args  from install at  : E:/xilinx/Vitis/2021.2/data/emulation/platforms/zynq/sw/a9_standalone/qemu/qemu_args.txt
TRACE::2026-01-08.16:52:17::SCWPlatform::Trying to open the hw design at H:/test/two/fpga_arm/vitis/zc706_md/hw/design_1_wrapper.xsa
TRACE::2026-01-08.16:52:17::SCWPlatform::DSA given H:/test/two/fpga_arm/vitis/zc706_md/hw/design_1_wrapper.xsa
TRACE::2026-01-08.16:52:17::SCWPlatform::DSA absoulate path H:/test/two/fpga_arm/vitis/zc706_md/hw/design_1_wrapper.xsa
TRACE::2026-01-08.16:52:17::SCWPlatform::DSA directory H:/test/two/fpga_arm/vitis/zc706_md/hw
TRACE::2026-01-08.16:52:17::SCWPlatform:: Platform Path H:/test/two/fpga_arm/vitis/zc706_md/hw/design_1_wrapper.xsa
TRACE::2026-01-08.16:52:17::SCWPlatform:: Unique name xilinx:zc706::0.0
TRACE::2026-01-08.16:52:17::SCWPlatform::Trying to set the existing hwdb with name design_1_wrapper_0
TRACE::2026-01-08.16:52:17::SCWPlatform::Opened existing hwdb design_1_wrapper_0
TRACE::2026-01-08.16:52:17::SCWPlatform::Found the Hw Db part of the input DSA
TRACE::2026-01-08.16:52:17::SCWPlatform::Trying to open the hw design at H:/test/two/fpga_arm/vitis/zc706_md/hw/design_1_wrapper.xsa
TRACE::2026-01-08.16:52:17::SCWPlatform::DSA given H:/test/two/fpga_arm/vitis/zc706_md/hw/design_1_wrapper.xsa
TRACE::2026-01-08.16:52:17::SCWPlatform::DSA absoulate path H:/test/two/fpga_arm/vitis/zc706_md/hw/design_1_wrapper.xsa
TRACE::2026-01-08.16:52:17::SCWPlatform::DSA directory H:/test/two/fpga_arm/vitis/zc706_md/hw
TRACE::2026-01-08.16:52:17::SCWPlatform:: Platform Path H:/test/two/fpga_arm/vitis/zc706_md/hw/design_1_wrapper.xsa
TRACE::2026-01-08.16:52:17::SCWPlatform:: Unique name xilinx:zc706::0.0
TRACE::2026-01-08.16:52:17::SCWPlatform::Trying to set the existing hwdb with name design_1_wrapper_0
TRACE::2026-01-08.16:52:17::SCWPlatform::Opened existing hwdb design_1_wrapper_0
TRACE::2026-01-08.16:52:17::SCWPlatform::Found the Hw Db part of the input DSA
TRACE::2026-01-08.16:52:17::SCWPlatform::Trying to open the hw design at H:/test/two/fpga_arm/vitis/zc706_md/hw/design_1_wrapper.xsa
TRACE::2026-01-08.16:52:17::SCWPlatform::DSA given H:/test/two/fpga_arm/vitis/zc706_md/hw/design_1_wrapper.xsa
TRACE::2026-01-08.16:52:17::SCWPlatform::DSA absoulate path H:/test/two/fpga_arm/vitis/zc706_md/hw/design_1_wrapper.xsa
TRACE::2026-01-08.16:52:17::SCWPlatform::DSA directory H:/test/two/fpga_arm/vitis/zc706_md/hw
TRACE::2026-01-08.16:52:17::SCWPlatform:: Platform Path H:/test/two/fpga_arm/vitis/zc706_md/hw/design_1_wrapper.xsa
TRACE::2026-01-08.16:52:17::SCWPlatform:: Unique name xilinx:zc706::0.0
TRACE::2026-01-08.16:52:17::SCWPlatform::Trying to set the existing hwdb with name design_1_wrapper_0
TRACE::2026-01-08.16:52:17::SCWPlatform::Opened existing hwdb design_1_wrapper_0
TRACE::2026-01-08.16:52:17::SCWPlatform::Found the Hw Db part of the input DSA
TRACE::2026-01-08.16:52:17::SCWPlatform::Boot application domain added for zynq_fsbl
TRACE::2026-01-08.16:52:17::SCWPlatform::Generating the sources  .
TRACE::2026-01-08.16:52:17::SCWBDomain::Generating boot domain sources.
TRACE::2026-01-08.16:52:17::SCWBDomain:: Generating the zynq_fsbl Application.
TRACE::2026-01-08.16:52:17::SCWPlatform::Trying to open the hw design at H:/test/two/fpga_arm/vitis/zc706_md/hw/design_1_wrapper.xsa
TRACE::2026-01-08.16:52:17::SCWPlatform::DSA given H:/test/two/fpga_arm/vitis/zc706_md/hw/design_1_wrapper.xsa
TRACE::2026-01-08.16:52:17::SCWPlatform::DSA absoulate path H:/test/two/fpga_arm/vitis/zc706_md/hw/design_1_wrapper.xsa
TRACE::2026-01-08.16:52:17::SCWPlatform::DSA directory H:/test/two/fpga_arm/vitis/zc706_md/hw
TRACE::2026-01-08.16:52:17::SCWPlatform:: Platform Path H:/test/two/fpga_arm/vitis/zc706_md/hw/design_1_wrapper.xsa
TRACE::2026-01-08.16:52:17::SCWPlatform:: Unique name xilinx:zc706::0.0
TRACE::2026-01-08.16:52:17::SCWPlatform::Trying to set the existing hwdb with name design_1_wrapper_0
TRACE::2026-01-08.16:52:17::SCWPlatform::Opened existing hwdb design_1_wrapper_0
TRACE::2026-01-08.16:52:17::SCWPlatform::Found the Hw Db part of the input DSA
TRACE::2026-01-08.16:52:17::SCWMssOS::Checking the sw design at  H:/test/two/fpga_arm/vitis/zc706_md/zynq_fsbl/zynq_fsbl_bsp/system.mss
TRACE::2026-01-08.16:52:17::SCWMssOS::DEBUG:  swdes dump  
TRACE::2026-01-08.16:52:17::SCWMssOS::No sw design opened at  H:/test/two/fpga_arm/vitis/zc706_md/zynq_fsbl/zynq_fsbl_bsp/system.mss
TRACE::2026-01-08.16:52:17::SCWMssOS::mss does not exists at H:/test/two/fpga_arm/vitis/zc706_md/zynq_fsbl/zynq_fsbl_bsp/system.mss
TRACE::2026-01-08.16:52:17::SCWMssOS::Creating sw design at  H:/test/two/fpga_arm/vitis/zc706_md/zynq_fsbl/zynq_fsbl_bsp/system.mss
TRACE::2026-01-08.16:52:17::SCWMssOS::Adding the swdes entry, created swdb H:/test/two/fpga_arm/vitis/zc706_md/zynq_fsbl/zynq_fsbl_bsp/system.mss with des name H:/test/two/fpga_arm/vitis/zc706_md/zynq_fsbl/zynq_fsbl_bsp/system.mss
TRACE::2026-01-08.16:52:17::SCWMssOS::updating the scw layer changes to swdes at   H:/test/two/fpga_arm/vitis/zc706_md/zynq_fsbl/zynq_fsbl_bsp/system.mss
TRACE::2026-01-08.16:52:17::SCWMssOS::Writing mss at H:/test/two/fpga_arm/vitis/zc706_md/zynq_fsbl/zynq_fsbl_bsp/system.mss
TRACE::2026-01-08.16:52:17::SCWMssOS::Completed writing the mss file at H:/test/two/fpga_arm/vitis/zc706_md/zynq_fsbl/zynq_fsbl_bsp
TRACE::2026-01-08.16:52:17::SCWMssOS::Picking up changes from newly written mss file into SCW Layer. 
TRACE::2026-01-08.16:52:17::SCWMssOS::Updated the changes from newly written mss file into SCW Layer. 
TRACE::2026-01-08.16:52:17::SCWBDomain::Completed writing the mss file at H:/test/two/fpga_arm/vitis/zc706_md/zynq_fsbl/zynq_fsbl_bsp
TRACE::2026-01-08.16:52:24::SCWPlatform::Generating sources Done.
TRACE::2026-01-08.16:52:24::SCWPlatform::Trying to open the hw design at H:/test/two/fpga_arm/vitis/zc706_md/hw/design_1_wrapper.xsa
TRACE::2026-01-08.16:52:24::SCWPlatform::DSA given H:/test/two/fpga_arm/vitis/zc706_md/hw/design_1_wrapper.xsa
TRACE::2026-01-08.16:52:24::SCWPlatform::DSA absoulate path H:/test/two/fpga_arm/vitis/zc706_md/hw/design_1_wrapper.xsa
TRACE::2026-01-08.16:52:24::SCWPlatform::DSA directory H:/test/two/fpga_arm/vitis/zc706_md/hw
TRACE::2026-01-08.16:52:24::SCWPlatform:: Platform Path H:/test/two/fpga_arm/vitis/zc706_md/hw/design_1_wrapper.xsa
TRACE::2026-01-08.16:52:24::SCWPlatform:: Unique name xilinx:zc706::0.0
TRACE::2026-01-08.16:52:24::SCWPlatform::Trying to set the existing hwdb with name design_1_wrapper_0
TRACE::2026-01-08.16:52:24::SCWPlatform::Opened existing hwdb design_1_wrapper_0
TRACE::2026-01-08.16:52:24::SCWPlatform::Found the Hw Db part of the input DSA
TRACE::2026-01-08.16:52:24::SCWMssOS::Checking the sw design at  H:/test/two/fpga_arm/vitis/zc706_md/zynq_fsbl/zynq_fsbl_bsp/system.mss
TRACE::2026-01-08.16:52:24::SCWMssOS::DEBUG:  swdes dump  
TRACE::2026-01-08.16:52:24::SCWMssOS::No sw design opened at  H:/test/two/fpga_arm/vitis/zc706_md/zynq_fsbl/zynq_fsbl_bsp/system.mss
TRACE::2026-01-08.16:52:24::SCWMssOS::mss exists loading the mss file  H:/test/two/fpga_arm/vitis/zc706_md/zynq_fsbl/zynq_fsbl_bsp/system.mss
TRACE::2026-01-08.16:52:24::SCWMssOS::Opened the sw design from mss  H:/test/two/fpga_arm/vitis/zc706_md/zynq_fsbl/zynq_fsbl_bsp/system.mss
TRACE::2026-01-08.16:52:24::SCWMssOS::Adding the swdes entry H:/test/two/fpga_arm/vitis/zc706_md/zynq_fsbl/zynq_fsbl_bsp/system.mss with des name system
TRACE::2026-01-08.16:52:24::SCWMssOS::updating the scw layer about changes
TRACE::2026-01-08.16:52:24::SCWMssOS::Opened the sw design.  H:/test/two/fpga_arm/vitis/zc706_md/zynq_fsbl/zynq_fsbl_bsp/system.mss
TRACE::2026-01-08.16:52:24::SCWMssOS::Saving the mss changes H:/test/two/fpga_arm/vitis/zc706_md/zynq_fsbl/zynq_fsbl_bsp/system.mss
TRACE::2026-01-08.16:52:24::SCWMssOS::Found a swdesign opened with the mssfile.
TRACE::2026-01-08.16:52:24::SCWMssOS::Completed writemss as part of save.
TRACE::2026-01-08.16:52:24::SCWMssOS::Commit changes completed.
TRACE::2026-01-08.16:52:24::SCWPlatform::Trying to open the hw design at H:/test/two/fpga_arm/vitis/zc706_md/hw/design_1_wrapper.xsa
TRACE::2026-01-08.16:52:24::SCWPlatform::DSA given H:/test/two/fpga_arm/vitis/zc706_md/hw/design_1_wrapper.xsa
TRACE::2026-01-08.16:52:24::SCWPlatform::DSA absoulate path H:/test/two/fpga_arm/vitis/zc706_md/hw/design_1_wrapper.xsa
TRACE::2026-01-08.16:52:24::SCWPlatform::DSA directory H:/test/two/fpga_arm/vitis/zc706_md/hw
TRACE::2026-01-08.16:52:24::SCWPlatform:: Platform Path H:/test/two/fpga_arm/vitis/zc706_md/hw/design_1_wrapper.xsa
TRACE::2026-01-08.16:52:24::SCWPlatform:: Unique name xilinx:zc706::0.0
TRACE::2026-01-08.16:52:24::SCWPlatform::Trying to set the existing hwdb with name design_1_wrapper_0
TRACE::2026-01-08.16:52:24::SCWPlatform::Opened existing hwdb design_1_wrapper_0
TRACE::2026-01-08.16:52:24::SCWPlatform::Found the Hw Db part of the input DSA
TRACE::2026-01-08.16:52:24::SCWMssOS::Checking the sw design at  H:/test/two/fpga_arm/vitis/zc706_md/zynq_fsbl/zynq_fsbl_bsp/system.mss
TRACE::2026-01-08.16:52:24::SCWMssOS::DEBUG:  swdes dump  H:/test/two/fpga_arm/vitis/zc706_md/zynq_fsbl/zynq_fsbl_bsp/system.mss|system||

TRACE::2026-01-08.16:52:24::SCWMssOS::Sw design exists and opened at  H:/test/two/fpga_arm/vitis/zc706_md/zynq_fsbl/zynq_fsbl_bsp/system.mss
TRACE::2026-01-08.16:52:24::SCWPlatform::Trying to open the hw design at H:/test/two/fpga_arm/vitis/zc706_md/hw/design_1_wrapper.xsa
TRACE::2026-01-08.16:52:24::SCWPlatform::DSA given H:/test/two/fpga_arm/vitis/zc706_md/hw/design_1_wrapper.xsa
TRACE::2026-01-08.16:52:24::SCWPlatform::DSA absoulate path H:/test/two/fpga_arm/vitis/zc706_md/hw/design_1_wrapper.xsa
TRACE::2026-01-08.16:52:24::SCWPlatform::DSA directory H:/test/two/fpga_arm/vitis/zc706_md/hw
TRACE::2026-01-08.16:52:24::SCWPlatform:: Platform Path H:/test/two/fpga_arm/vitis/zc706_md/hw/design_1_wrapper.xsa
TRACE::2026-01-08.16:52:24::SCWPlatform:: Unique name xilinx:zc706::0.0
TRACE::2026-01-08.16:52:24::SCWPlatform::Trying to set the existing hwdb with name design_1_wrapper_0
TRACE::2026-01-08.16:52:24::SCWPlatform::Opened existing hwdb design_1_wrapper_0
TRACE::2026-01-08.16:52:24::SCWPlatform::Found the Hw Db part of the input DSA
TRACE::2026-01-08.16:52:24::SCWMssOS::Checking the sw design at  H:/test/two/fpga_arm/vitis/zc706_md/zynq_fsbl/zynq_fsbl_bsp/system.mss
TRACE::2026-01-08.16:52:24::SCWMssOS::DEBUG:  swdes dump  H:/test/two/fpga_arm/vitis/zc706_md/zynq_fsbl/zynq_fsbl_bsp/system.mss|system||

TRACE::2026-01-08.16:52:24::SCWMssOS::Sw design exists and opened at  H:/test/two/fpga_arm/vitis/zc706_md/zynq_fsbl/zynq_fsbl_bsp/system.mss
TRACE::2026-01-08.16:52:24::SCWPlatform::Trying to open the hw design at H:/test/two/fpga_arm/vitis/zc706_md/hw/design_1_wrapper.xsa
TRACE::2026-01-08.16:52:24::SCWPlatform::DSA given H:/test/two/fpga_arm/vitis/zc706_md/hw/design_1_wrapper.xsa
TRACE::2026-01-08.16:52:24::SCWPlatform::DSA absoulate path H:/test/two/fpga_arm/vitis/zc706_md/hw/design_1_wrapper.xsa
TRACE::2026-01-08.16:52:24::SCWPlatform::DSA directory H:/test/two/fpga_arm/vitis/zc706_md/hw
TRACE::2026-01-08.16:52:24::SCWPlatform:: Platform Path H:/test/two/fpga_arm/vitis/zc706_md/hw/design_1_wrapper.xsa
TRACE::2026-01-08.16:52:24::SCWPlatform:: Unique name xilinx:zc706::0.0
TRACE::2026-01-08.16:52:24::SCWPlatform::Trying to set the existing hwdb with name design_1_wrapper_0
TRACE::2026-01-08.16:52:24::SCWPlatform::Opened existing hwdb design_1_wrapper_0
TRACE::2026-01-08.16:52:24::SCWPlatform::Found the Hw Db part of the input DSA
TRACE::2026-01-08.16:52:24::SCWMssOS::Checking the sw design at  H:/test/two/fpga_arm/vitis/zc706_md/zynq_fsbl/zynq_fsbl_bsp/system.mss
TRACE::2026-01-08.16:52:24::SCWMssOS::DEBUG:  swdes dump  H:/test/two/fpga_arm/vitis/zc706_md/zynq_fsbl/zynq_fsbl_bsp/system.mss|system||

TRACE::2026-01-08.16:52:24::SCWMssOS::Sw design exists and opened at  H:/test/two/fpga_arm/vitis/zc706_md/zynq_fsbl/zynq_fsbl_bsp/system.mss
TRACE::2026-01-08.16:52:24::SCWWriter::formatted JSON is {
	"platformName":	"zc706_md",
	"sprVersion":	"2.0",
	"mode":	"gui",
	"dsaType":	"Fixed",
	"platformDesc":	"zc706_md",
	"platHandOff":	"H:/test/two/fpga_arm/design_1_wrapper.xsa",
	"platIntHandOff":	"<platformDir>/hw/design_1_wrapper.xsa",
	"deviceType":	"zynq",
	"platIsPrebuiltAutogen":	"false",
	"platIsNoBootBsp":	"false",
	"platFsblTarget":	"ps7_cortexa9_0",
	"hasFsblMakeHasChanges":	"false",
	"hasPmufwMakeHasChanges":	"false",
	"fsblExtraCompilerFlags":	"-MMD -MP       -mcpu=cortex-a9 -mfpu=vfpv3 -mfloat-abi=hard ",
	"platPreBuiltFlag":	false,
	"platformSamplesDir":	"",
	"platActiveSys":	"zc706_md",
	"systems":	[{
			"systemName":	"zc706_md",
			"systemDesc":	"zc706_md",
			"sysIsBootAutoGen":	"true",
			"systemDispName":	"zc706_md",
			"sysActiveDom":	"zynq_fsbl",
			"sysDefaultDom":	"",
			"domains":	[{
					"domainName":	"zynq_fsbl",
					"domainDispName":	"zynq_fsbl",
					"domainDesc":	"FSBL Application BSP - Auto Generated.",
					"processors":	"ps7_cortexa9_0",
					"os":	"standalone",
					"sdxOs":	"standalone",
					"debugEnable":	"",
					"domRuntimes":	["cpp"],
					"swRepo":	"",
					"mssOsVer":	"7.6",
					"mssFile":	"",
					"md5Digest":	"7cd591954aef16c446ad36e1353bac9a",
					"compatibleApp":	"zynq_fsbl",
					"domType":	"bootDomain",
					"arch":	"32-bit",
					"appSettings":	{
						"appCompilerFlags":	"",
						"appLinkerFlags":	""
					},
					"addedLibs":	["xilffs:4.6", "xilrsa:1.6"],
					"libOptions":	{
						"libsContainingOptions":	[]
					},
					"prebuiltLibs":	{
						"prebuiltIncPath":	[],
						"prebuiltLibPath":	[]
					},
					"isolation":	{
					}
				}]
		}]
}
TRACE::2026-01-08.16:52:24::SCWMssOS::Saving the mss changes H:/test/two/fpga_arm/vitis/zc706_md/zynq_fsbl/zynq_fsbl_bsp/system.mss
TRACE::2026-01-08.16:52:24::SCWMssOS::Found a swdesign opened with the mssfile.
TRACE::2026-01-08.16:52:24::SCWMssOS::Completed writemss as part of save.
TRACE::2026-01-08.16:52:24::SCWMssOS::Commit changes completed.
TRACE::2026-01-08.16:52:24::SCWPlatform::Trying to open the hw design at H:/test/two/fpga_arm/vitis/zc706_md/hw/design_1_wrapper.xsa
TRACE::2026-01-08.16:52:24::SCWPlatform::DSA given H:/test/two/fpga_arm/vitis/zc706_md/hw/design_1_wrapper.xsa
TRACE::2026-01-08.16:52:24::SCWPlatform::DSA absoulate path H:/test/two/fpga_arm/vitis/zc706_md/hw/design_1_wrapper.xsa
TRACE::2026-01-08.16:52:24::SCWPlatform::DSA directory H:/test/two/fpga_arm/vitis/zc706_md/hw
TRACE::2026-01-08.16:52:24::SCWPlatform:: Platform Path H:/test/two/fpga_arm/vitis/zc706_md/hw/design_1_wrapper.xsa
TRACE::2026-01-08.16:52:24::SCWPlatform:: Unique name xilinx:zc706::0.0
TRACE::2026-01-08.16:52:24::SCWPlatform::Trying to set the existing hwdb with name design_1_wrapper_0
TRACE::2026-01-08.16:52:24::SCWPlatform::Opened existing hwdb design_1_wrapper_0
TRACE::2026-01-08.16:52:24::SCWPlatform::Found the Hw Db part of the input DSA
TRACE::2026-01-08.16:52:24::SCWMssOS::Checking the sw design at  H:/test/two/fpga_arm/vitis/zc706_md/zynq_fsbl/zynq_fsbl_bsp/system.mss
TRACE::2026-01-08.16:52:24::SCWMssOS::DEBUG:  swdes dump  H:/test/two/fpga_arm/vitis/zc706_md/zynq_fsbl/zynq_fsbl_bsp/system.mss|system||

TRACE::2026-01-08.16:52:24::SCWMssOS::Sw design exists and opened at  H:/test/two/fpga_arm/vitis/zc706_md/zynq_fsbl/zynq_fsbl_bsp/system.mss
TRACE::2026-01-08.16:52:24::SCWPlatform::Trying to open the hw design at H:/test/two/fpga_arm/vitis/zc706_md/hw/design_1_wrapper.xsa
TRACE::2026-01-08.16:52:24::SCWPlatform::DSA given H:/test/two/fpga_arm/vitis/zc706_md/hw/design_1_wrapper.xsa
TRACE::2026-01-08.16:52:24::SCWPlatform::DSA absoulate path H:/test/two/fpga_arm/vitis/zc706_md/hw/design_1_wrapper.xsa
TRACE::2026-01-08.16:52:24::SCWPlatform::DSA directory H:/test/two/fpga_arm/vitis/zc706_md/hw
TRACE::2026-01-08.16:52:24::SCWPlatform:: Platform Path H:/test/two/fpga_arm/vitis/zc706_md/hw/design_1_wrapper.xsa
TRACE::2026-01-08.16:52:24::SCWPlatform:: Unique name xilinx:zc706::0.0
TRACE::2026-01-08.16:52:24::SCWPlatform::Trying to set the existing hwdb with name design_1_wrapper_0
TRACE::2026-01-08.16:52:24::SCWPlatform::Opened existing hwdb design_1_wrapper_0
TRACE::2026-01-08.16:52:24::SCWPlatform::Found the Hw Db part of the input DSA
TRACE::2026-01-08.16:52:24::SCWMssOS::Checking the sw design at  H:/test/two/fpga_arm/vitis/zc706_md/zynq_fsbl/zynq_fsbl_bsp/system.mss
TRACE::2026-01-08.16:52:24::SCWMssOS::DEBUG:  swdes dump  H:/test/two/fpga_arm/vitis/zc706_md/zynq_fsbl/zynq_fsbl_bsp/system.mss|system||

TRACE::2026-01-08.16:52:24::SCWMssOS::Sw design exists and opened at  H:/test/two/fpga_arm/vitis/zc706_md/zynq_fsbl/zynq_fsbl_bsp/system.mss
TRACE::2026-01-08.16:52:24::SCWPlatform::Trying to open the hw design at H:/test/two/fpga_arm/vitis/zc706_md/hw/design_1_wrapper.xsa
TRACE::2026-01-08.16:52:24::SCWPlatform::DSA given H:/test/two/fpga_arm/vitis/zc706_md/hw/design_1_wrapper.xsa
TRACE::2026-01-08.16:52:24::SCWPlatform::DSA absoulate path H:/test/two/fpga_arm/vitis/zc706_md/hw/design_1_wrapper.xsa
TRACE::2026-01-08.16:52:24::SCWPlatform::DSA directory H:/test/two/fpga_arm/vitis/zc706_md/hw
TRACE::2026-01-08.16:52:24::SCWPlatform:: Platform Path H:/test/two/fpga_arm/vitis/zc706_md/hw/design_1_wrapper.xsa
TRACE::2026-01-08.16:52:24::SCWPlatform:: Unique name xilinx:zc706::0.0
TRACE::2026-01-08.16:52:24::SCWPlatform::Trying to set the existing hwdb with name design_1_wrapper_0
TRACE::2026-01-08.16:52:24::SCWPlatform::Opened existing hwdb design_1_wrapper_0
TRACE::2026-01-08.16:52:24::SCWPlatform::Found the Hw Db part of the input DSA
TRACE::2026-01-08.16:52:24::SCWMssOS::Checking the sw design at  H:/test/two/fpga_arm/vitis/zc706_md/zynq_fsbl/zynq_fsbl_bsp/system.mss
TRACE::2026-01-08.16:52:24::SCWMssOS::DEBUG:  swdes dump  H:/test/two/fpga_arm/vitis/zc706_md/zynq_fsbl/zynq_fsbl_bsp/system.mss|system||

TRACE::2026-01-08.16:52:24::SCWMssOS::Sw design exists and opened at  H:/test/two/fpga_arm/vitis/zc706_md/zynq_fsbl/zynq_fsbl_bsp/system.mss
TRACE::2026-01-08.16:52:24::SCWWriter::formatted JSON is {
	"platformName":	"zc706_md",
	"sprVersion":	"2.0",
	"mode":	"gui",
	"dsaType":	"Fixed",
	"platformDesc":	"zc706_md",
	"platHandOff":	"H:/test/two/fpga_arm/design_1_wrapper.xsa",
	"platIntHandOff":	"<platformDir>/hw/design_1_wrapper.xsa",
	"deviceType":	"zynq",
	"platIsPrebuiltAutogen":	"false",
	"platIsNoBootBsp":	"false",
	"platFsblTarget":	"ps7_cortexa9_0",
	"hasFsblMakeHasChanges":	"false",
	"hasPmufwMakeHasChanges":	"false",
	"fsblExtraCompilerFlags":	"-MMD -MP       -mcpu=cortex-a9 -mfpu=vfpv3 -mfloat-abi=hard ",
	"platPreBuiltFlag":	false,
	"platformSamplesDir":	"",
	"platActiveSys":	"zc706_md",
	"systems":	[{
			"systemName":	"zc706_md",
			"systemDesc":	"zc706_md",
			"sysIsBootAutoGen":	"true",
			"systemDispName":	"zc706_md",
			"sysActiveDom":	"zynq_fsbl",
			"sysDefaultDom":	"",
			"domains":	[{
					"domainName":	"zynq_fsbl",
					"domainDispName":	"zynq_fsbl",
					"domainDesc":	"FSBL Application BSP - Auto Generated.",
					"processors":	"ps7_cortexa9_0",
					"os":	"standalone",
					"sdxOs":	"standalone",
					"debugEnable":	"",
					"domRuntimes":	["cpp"],
					"swRepo":	"",
					"mssOsVer":	"7.6",
					"mssFile":	"",
					"md5Digest":	"7cd591954aef16c446ad36e1353bac9a",
					"compatibleApp":	"zynq_fsbl",
					"domType":	"bootDomain",
					"arch":	"32-bit",
					"appSettings":	{
						"appCompilerFlags":	"",
						"appLinkerFlags":	""
					},
					"addedLibs":	["xilffs:4.6", "xilrsa:1.6"],
					"libOptions":	{
						"libsContainingOptions":	[]
					},
					"prebuiltLibs":	{
						"prebuiltIncPath":	[],
						"prebuiltLibPath":	[]
					},
					"isolation":	{
					}
				}]
		}]
}
TRACE::2026-01-08.16:52:24::SCWPlatform::Trying to open the hw design at H:/test/two/fpga_arm/vitis/zc706_md/hw/design_1_wrapper.xsa
TRACE::2026-01-08.16:52:24::SCWPlatform::DSA given H:/test/two/fpga_arm/vitis/zc706_md/hw/design_1_wrapper.xsa
TRACE::2026-01-08.16:52:24::SCWPlatform::DSA absoulate path H:/test/two/fpga_arm/vitis/zc706_md/hw/design_1_wrapper.xsa
TRACE::2026-01-08.16:52:24::SCWPlatform::DSA directory H:/test/two/fpga_arm/vitis/zc706_md/hw
TRACE::2026-01-08.16:52:24::SCWPlatform:: Platform Path H:/test/two/fpga_arm/vitis/zc706_md/hw/design_1_wrapper.xsa
TRACE::2026-01-08.16:52:24::SCWPlatform:: Unique name xilinx:zc706::0.0
TRACE::2026-01-08.16:52:24::SCWPlatform::Trying to set the existing hwdb with name design_1_wrapper_0
TRACE::2026-01-08.16:52:24::SCWPlatform::Opened existing hwdb design_1_wrapper_0
TRACE::2026-01-08.16:52:24::SCWPlatform::Found the Hw Db part of the input DSA
TRACE::2026-01-08.16:52:24::SCWDomain::checking for install qemu data   : 
TRACE::2026-01-08.16:52:24::SCWDomain:: Using the QEMU Data from install at  : E:/xilinx/Vitis/2021.2/data/emulation/platforms/zynq/sw/a9_standalone/qemu/
TRACE::2026-01-08.16:52:24::SCWDomain:: Using the QEMU args  from install at  : E:/xilinx/Vitis/2021.2/data/emulation/platforms/zynq/sw/a9_standalone/qemu/qemu_args.txt
TRACE::2026-01-08.16:52:24::SCWPlatform::Trying to open the hw design at H:/test/two/fpga_arm/vitis/zc706_md/hw/design_1_wrapper.xsa
TRACE::2026-01-08.16:52:24::SCWPlatform::DSA given H:/test/two/fpga_arm/vitis/zc706_md/hw/design_1_wrapper.xsa
TRACE::2026-01-08.16:52:24::SCWPlatform::DSA absoulate path H:/test/two/fpga_arm/vitis/zc706_md/hw/design_1_wrapper.xsa
TRACE::2026-01-08.16:52:24::SCWPlatform::DSA directory H:/test/two/fpga_arm/vitis/zc706_md/hw
TRACE::2026-01-08.16:52:24::SCWPlatform:: Platform Path H:/test/two/fpga_arm/vitis/zc706_md/hw/design_1_wrapper.xsa
TRACE::2026-01-08.16:52:24::SCWPlatform:: Unique name xilinx:zc706::0.0
TRACE::2026-01-08.16:52:24::SCWPlatform::Trying to set the existing hwdb with name design_1_wrapper_0
TRACE::2026-01-08.16:52:24::SCWPlatform::Opened existing hwdb design_1_wrapper_0
TRACE::2026-01-08.16:52:24::SCWPlatform::Found the Hw Db part of the input DSA
TRACE::2026-01-08.16:52:24::SCWPlatform::Trying to open the hw design at H:/test/two/fpga_arm/vitis/zc706_md/hw/design_1_wrapper.xsa
TRACE::2026-01-08.16:52:24::SCWPlatform::DSA given H:/test/two/fpga_arm/vitis/zc706_md/hw/design_1_wrapper.xsa
TRACE::2026-01-08.16:52:24::SCWPlatform::DSA absoulate path H:/test/two/fpga_arm/vitis/zc706_md/hw/design_1_wrapper.xsa
TRACE::2026-01-08.16:52:24::SCWPlatform::DSA directory H:/test/two/fpga_arm/vitis/zc706_md/hw
TRACE::2026-01-08.16:52:24::SCWPlatform:: Platform Path H:/test/two/fpga_arm/vitis/zc706_md/hw/design_1_wrapper.xsa
TRACE::2026-01-08.16:52:24::SCWPlatform:: Unique name xilinx:zc706::0.0
TRACE::2026-01-08.16:52:24::SCWPlatform::Trying to set the existing hwdb with name design_1_wrapper_0
TRACE::2026-01-08.16:52:24::SCWPlatform::Opened existing hwdb design_1_wrapper_0
TRACE::2026-01-08.16:52:24::SCWPlatform::Found the Hw Db part of the input DSA
TRACE::2026-01-08.16:52:24::SCWPlatform::Trying to open the hw design at H:/test/two/fpga_arm/vitis/zc706_md/hw/design_1_wrapper.xsa
TRACE::2026-01-08.16:52:24::SCWPlatform::DSA given H:/test/two/fpga_arm/vitis/zc706_md/hw/design_1_wrapper.xsa
TRACE::2026-01-08.16:52:24::SCWPlatform::DSA absoulate path H:/test/two/fpga_arm/vitis/zc706_md/hw/design_1_wrapper.xsa
TRACE::2026-01-08.16:52:24::SCWPlatform::DSA directory H:/test/two/fpga_arm/vitis/zc706_md/hw
TRACE::2026-01-08.16:52:24::SCWPlatform:: Platform Path H:/test/two/fpga_arm/vitis/zc706_md/hw/design_1_wrapper.xsa
TRACE::2026-01-08.16:52:24::SCWPlatform:: Unique name xilinx:zc706::0.0
TRACE::2026-01-08.16:52:24::SCWPlatform::Trying to set the existing hwdb with name design_1_wrapper_0
TRACE::2026-01-08.16:52:24::SCWPlatform::Opened existing hwdb design_1_wrapper_0
TRACE::2026-01-08.16:52:24::SCWPlatform::Found the Hw Db part of the input DSA
TRACE::2026-01-08.16:52:24::SCWMssOS::Checking the sw design at  H:/test/two/fpga_arm/vitis/zc706_md/ps7_cortexa9_0/standalone_ps7_cortexa9_0/bsp/system.mss
TRACE::2026-01-08.16:52:24::SCWMssOS::DEBUG:  swdes dump  H:/test/two/fpga_arm/vitis/zc706_md/zynq_fsbl/zynq_fsbl_bsp/system.mss|system||

TRACE::2026-01-08.16:52:24::SCWMssOS::No sw design opened at  H:/test/two/fpga_arm/vitis/zc706_md/ps7_cortexa9_0/standalone_ps7_cortexa9_0/bsp/system.mss
TRACE::2026-01-08.16:52:24::SCWMssOS::mss does not exists at H:/test/two/fpga_arm/vitis/zc706_md/ps7_cortexa9_0/standalone_ps7_cortexa9_0/bsp/system.mss
TRACE::2026-01-08.16:52:24::SCWMssOS::Creating sw design at  H:/test/two/fpga_arm/vitis/zc706_md/ps7_cortexa9_0/standalone_ps7_cortexa9_0/bsp/system.mss
TRACE::2026-01-08.16:52:24::SCWMssOS::Adding the swdes entry, created swdb H:/test/two/fpga_arm/vitis/zc706_md/ps7_cortexa9_0/standalone_ps7_cortexa9_0/bsp/system.mss with des name H:/test/two/fpga_arm/vitis/zc706_md/ps7_cortexa9_0/standalone_ps7_cortexa9_0/bsp/system.mss
TRACE::2026-01-08.16:52:24::SCWMssOS::updating the scw layer changes to swdes at   H:/test/two/fpga_arm/vitis/zc706_md/ps7_cortexa9_0/standalone_ps7_cortexa9_0/bsp/system.mss
TRACE::2026-01-08.16:52:24::SCWMssOS::Writing mss at H:/test/two/fpga_arm/vitis/zc706_md/ps7_cortexa9_0/standalone_ps7_cortexa9_0/bsp/system.mss
TRACE::2026-01-08.16:52:24::SCWMssOS::Completed writing the mss file at H:/test/two/fpga_arm/vitis/zc706_md/ps7_cortexa9_0/standalone_ps7_cortexa9_0/bsp
TRACE::2026-01-08.16:52:24::SCWMssOS::Picking up changes from newly written mss file into SCW Layer. 
TRACE::2026-01-08.16:52:24::SCWMssOS::Updated the changes from newly written mss file into SCW Layer. 
TRACE::2026-01-08.16:52:24::SCWMssOS::Completed writing the mss file at H:/test/two/fpga_arm/vitis/zc706_md/ps7_cortexa9_0/standalone_ps7_cortexa9_0/bsp
TRACE::2026-01-08.16:52:24::SCWMssOS::Forcing BSP Sources regeneration.
TRACE::2026-01-08.16:52:26::SCWMssOS::Saving the mss changes H:/test/two/fpga_arm/vitis/zc706_md/zynq_fsbl/zynq_fsbl_bsp/system.mss
TRACE::2026-01-08.16:52:26::SCWMssOS::Found a swdesign opened with the mssfile.
TRACE::2026-01-08.16:52:26::SCWMssOS::Completed writemss as part of save.
TRACE::2026-01-08.16:52:26::SCWMssOS::Commit changes completed.
TRACE::2026-01-08.16:52:26::SCWMssOS::Saving the mss changes H:/test/two/fpga_arm/vitis/zc706_md/ps7_cortexa9_0/standalone_ps7_cortexa9_0/bsp/system.mss
TRACE::2026-01-08.16:52:26::SCWMssOS::Adding the swdes entry, mss present, able to open swdb H:/test/two/fpga_arm/vitis/zc706_md/ps7_cortexa9_0/standalone_ps7_cortexa9_0/bsp/system.mss with des name system_0
TRACE::2026-01-08.16:52:26::SCWMssOS::Writing the mss file completed H:/test/two/fpga_arm/vitis/zc706_md/ps7_cortexa9_0/standalone_ps7_cortexa9_0/bsp/system.mss
TRACE::2026-01-08.16:52:26::SCWMssOS::Commit changes completed.
TRACE::2026-01-08.16:52:26::SCWPlatform::Trying to open the hw design at H:/test/two/fpga_arm/vitis/zc706_md/hw/design_1_wrapper.xsa
TRACE::2026-01-08.16:52:26::SCWPlatform::DSA given H:/test/two/fpga_arm/vitis/zc706_md/hw/design_1_wrapper.xsa
TRACE::2026-01-08.16:52:26::SCWPlatform::DSA absoulate path H:/test/two/fpga_arm/vitis/zc706_md/hw/design_1_wrapper.xsa
TRACE::2026-01-08.16:52:26::SCWPlatform::DSA directory H:/test/two/fpga_arm/vitis/zc706_md/hw
TRACE::2026-01-08.16:52:26::SCWPlatform:: Platform Path H:/test/two/fpga_arm/vitis/zc706_md/hw/design_1_wrapper.xsa
TRACE::2026-01-08.16:52:26::SCWPlatform:: Unique name xilinx:zc706::0.0
TRACE::2026-01-08.16:52:26::SCWPlatform::Trying to set the existing hwdb with name design_1_wrapper_0
TRACE::2026-01-08.16:52:26::SCWPlatform::Opened existing hwdb design_1_wrapper_0
TRACE::2026-01-08.16:52:26::SCWPlatform::Found the Hw Db part of the input DSA
TRACE::2026-01-08.16:52:26::SCWMssOS::Checking the sw design at  H:/test/two/fpga_arm/vitis/zc706_md/zynq_fsbl/zynq_fsbl_bsp/system.mss
TRACE::2026-01-08.16:52:26::SCWMssOS::DEBUG:  swdes dump  H:/test/two/fpga_arm/vitis/zc706_md/ps7_cortexa9_0/standalone_ps7_cortexa9_0/bsp/system.mss|system_0||
H:/test/two/fpga_arm/vitis/zc706_md/zynq_fsbl/zynq_fsbl_bsp/system.mss|system||

TRACE::2026-01-08.16:52:26::SCWMssOS::Sw design exists and opened at  H:/test/two/fpga_arm/vitis/zc706_md/zynq_fsbl/zynq_fsbl_bsp/system.mss
TRACE::2026-01-08.16:52:26::SCWPlatform::Trying to open the hw design at H:/test/two/fpga_arm/vitis/zc706_md/hw/design_1_wrapper.xsa
TRACE::2026-01-08.16:52:26::SCWPlatform::DSA given H:/test/two/fpga_arm/vitis/zc706_md/hw/design_1_wrapper.xsa
TRACE::2026-01-08.16:52:26::SCWPlatform::DSA absoulate path H:/test/two/fpga_arm/vitis/zc706_md/hw/design_1_wrapper.xsa
TRACE::2026-01-08.16:52:26::SCWPlatform::DSA directory H:/test/two/fpga_arm/vitis/zc706_md/hw
TRACE::2026-01-08.16:52:26::SCWPlatform:: Platform Path H:/test/two/fpga_arm/vitis/zc706_md/hw/design_1_wrapper.xsa
TRACE::2026-01-08.16:52:26::SCWPlatform:: Unique name xilinx:zc706::0.0
TRACE::2026-01-08.16:52:26::SCWPlatform::Trying to set the existing hwdb with name design_1_wrapper_0
TRACE::2026-01-08.16:52:26::SCWPlatform::Opened existing hwdb design_1_wrapper_0
TRACE::2026-01-08.16:52:26::SCWPlatform::Found the Hw Db part of the input DSA
TRACE::2026-01-08.16:52:26::SCWMssOS::Checking the sw design at  H:/test/two/fpga_arm/vitis/zc706_md/zynq_fsbl/zynq_fsbl_bsp/system.mss
TRACE::2026-01-08.16:52:26::SCWMssOS::DEBUG:  swdes dump  H:/test/two/fpga_arm/vitis/zc706_md/ps7_cortexa9_0/standalone_ps7_cortexa9_0/bsp/system.mss|system_0||
H:/test/two/fpga_arm/vitis/zc706_md/zynq_fsbl/zynq_fsbl_bsp/system.mss|system||

TRACE::2026-01-08.16:52:26::SCWMssOS::Sw design exists and opened at  H:/test/two/fpga_arm/vitis/zc706_md/zynq_fsbl/zynq_fsbl_bsp/system.mss
TRACE::2026-01-08.16:52:26::SCWPlatform::Trying to open the hw design at H:/test/two/fpga_arm/vitis/zc706_md/hw/design_1_wrapper.xsa
TRACE::2026-01-08.16:52:26::SCWPlatform::DSA given H:/test/two/fpga_arm/vitis/zc706_md/hw/design_1_wrapper.xsa
TRACE::2026-01-08.16:52:26::SCWPlatform::DSA absoulate path H:/test/two/fpga_arm/vitis/zc706_md/hw/design_1_wrapper.xsa
TRACE::2026-01-08.16:52:26::SCWPlatform::DSA directory H:/test/two/fpga_arm/vitis/zc706_md/hw
TRACE::2026-01-08.16:52:26::SCWPlatform:: Platform Path H:/test/two/fpga_arm/vitis/zc706_md/hw/design_1_wrapper.xsa
TRACE::2026-01-08.16:52:26::SCWPlatform:: Unique name xilinx:zc706::0.0
TRACE::2026-01-08.16:52:26::SCWPlatform::Trying to set the existing hwdb with name design_1_wrapper_0
TRACE::2026-01-08.16:52:26::SCWPlatform::Opened existing hwdb design_1_wrapper_0
TRACE::2026-01-08.16:52:26::SCWPlatform::Found the Hw Db part of the input DSA
TRACE::2026-01-08.16:52:26::SCWMssOS::Checking the sw design at  H:/test/two/fpga_arm/vitis/zc706_md/zynq_fsbl/zynq_fsbl_bsp/system.mss
TRACE::2026-01-08.16:52:26::SCWMssOS::DEBUG:  swdes dump  H:/test/two/fpga_arm/vitis/zc706_md/ps7_cortexa9_0/standalone_ps7_cortexa9_0/bsp/system.mss|system_0||
H:/test/two/fpga_arm/vitis/zc706_md/zynq_fsbl/zynq_fsbl_bsp/system.mss|system||

TRACE::2026-01-08.16:52:26::SCWMssOS::Sw design exists and opened at  H:/test/two/fpga_arm/vitis/zc706_md/zynq_fsbl/zynq_fsbl_bsp/system.mss
TRACE::2026-01-08.16:52:26::SCWPlatform::Trying to open the hw design at H:/test/two/fpga_arm/vitis/zc706_md/hw/design_1_wrapper.xsa
TRACE::2026-01-08.16:52:26::SCWPlatform::DSA given H:/test/two/fpga_arm/vitis/zc706_md/hw/design_1_wrapper.xsa
TRACE::2026-01-08.16:52:26::SCWPlatform::DSA absoulate path H:/test/two/fpga_arm/vitis/zc706_md/hw/design_1_wrapper.xsa
TRACE::2026-01-08.16:52:26::SCWPlatform::DSA directory H:/test/two/fpga_arm/vitis/zc706_md/hw
TRACE::2026-01-08.16:52:26::SCWPlatform:: Platform Path H:/test/two/fpga_arm/vitis/zc706_md/hw/design_1_wrapper.xsa
TRACE::2026-01-08.16:52:26::SCWPlatform:: Unique name xilinx:zc706::0.0
TRACE::2026-01-08.16:52:26::SCWPlatform::Trying to set the existing hwdb with name design_1_wrapper_0
TRACE::2026-01-08.16:52:26::SCWPlatform::Opened existing hwdb design_1_wrapper_0
TRACE::2026-01-08.16:52:26::SCWPlatform::Found the Hw Db part of the input DSA
TRACE::2026-01-08.16:52:26::SCWMssOS::Checking the sw design at  H:/test/two/fpga_arm/vitis/zc706_md/ps7_cortexa9_0/standalone_ps7_cortexa9_0/bsp/system.mss
TRACE::2026-01-08.16:52:26::SCWMssOS::DEBUG:  swdes dump  H:/test/two/fpga_arm/vitis/zc706_md/ps7_cortexa9_0/standalone_ps7_cortexa9_0/bsp/system.mss|system_0||
H:/test/two/fpga_arm/vitis/zc706_md/zynq_fsbl/zynq_fsbl_bsp/system.mss|system||

TRACE::2026-01-08.16:52:26::SCWMssOS::Sw design exists and opened at  H:/test/two/fpga_arm/vitis/zc706_md/ps7_cortexa9_0/standalone_ps7_cortexa9_0/bsp/system.mss
TRACE::2026-01-08.16:52:26::SCWPlatform::Trying to open the hw design at H:/test/two/fpga_arm/vitis/zc706_md/hw/design_1_wrapper.xsa
TRACE::2026-01-08.16:52:26::SCWPlatform::DSA given H:/test/two/fpga_arm/vitis/zc706_md/hw/design_1_wrapper.xsa
TRACE::2026-01-08.16:52:26::SCWPlatform::DSA absoulate path H:/test/two/fpga_arm/vitis/zc706_md/hw/design_1_wrapper.xsa
TRACE::2026-01-08.16:52:26::SCWPlatform::DSA directory H:/test/two/fpga_arm/vitis/zc706_md/hw
TRACE::2026-01-08.16:52:26::SCWPlatform:: Platform Path H:/test/two/fpga_arm/vitis/zc706_md/hw/design_1_wrapper.xsa
TRACE::2026-01-08.16:52:26::SCWPlatform:: Unique name xilinx:zc706::0.0
TRACE::2026-01-08.16:52:26::SCWPlatform::Trying to set the existing hwdb with name design_1_wrapper_0
TRACE::2026-01-08.16:52:26::SCWPlatform::Opened existing hwdb design_1_wrapper_0
TRACE::2026-01-08.16:52:26::SCWPlatform::Found the Hw Db part of the input DSA
TRACE::2026-01-08.16:52:26::SCWMssOS::Checking the sw design at  H:/test/two/fpga_arm/vitis/zc706_md/ps7_cortexa9_0/standalone_ps7_cortexa9_0/bsp/system.mss
TRACE::2026-01-08.16:52:26::SCWMssOS::DEBUG:  swdes dump  H:/test/two/fpga_arm/vitis/zc706_md/ps7_cortexa9_0/standalone_ps7_cortexa9_0/bsp/system.mss|system_0||
H:/test/two/fpga_arm/vitis/zc706_md/zynq_fsbl/zynq_fsbl_bsp/system.mss|system||

TRACE::2026-01-08.16:52:26::SCWMssOS::Sw design exists and opened at  H:/test/two/fpga_arm/vitis/zc706_md/ps7_cortexa9_0/standalone_ps7_cortexa9_0/bsp/system.mss
TRACE::2026-01-08.16:52:26::SCWPlatform::Trying to open the hw design at H:/test/two/fpga_arm/vitis/zc706_md/hw/design_1_wrapper.xsa
TRACE::2026-01-08.16:52:26::SCWPlatform::DSA given H:/test/two/fpga_arm/vitis/zc706_md/hw/design_1_wrapper.xsa
TRACE::2026-01-08.16:52:26::SCWPlatform::DSA absoulate path H:/test/two/fpga_arm/vitis/zc706_md/hw/design_1_wrapper.xsa
TRACE::2026-01-08.16:52:26::SCWPlatform::DSA directory H:/test/two/fpga_arm/vitis/zc706_md/hw
TRACE::2026-01-08.16:52:26::SCWPlatform:: Platform Path H:/test/two/fpga_arm/vitis/zc706_md/hw/design_1_wrapper.xsa
TRACE::2026-01-08.16:52:26::SCWPlatform:: Unique name xilinx:zc706::0.0
TRACE::2026-01-08.16:52:26::SCWPlatform::Trying to set the existing hwdb with name design_1_wrapper_0
TRACE::2026-01-08.16:52:26::SCWPlatform::Opened existing hwdb design_1_wrapper_0
TRACE::2026-01-08.16:52:26::SCWPlatform::Found the Hw Db part of the input DSA
TRACE::2026-01-08.16:52:26::SCWMssOS::Checking the sw design at  H:/test/two/fpga_arm/vitis/zc706_md/ps7_cortexa9_0/standalone_ps7_cortexa9_0/bsp/system.mss
TRACE::2026-01-08.16:52:26::SCWMssOS::DEBUG:  swdes dump  H:/test/two/fpga_arm/vitis/zc706_md/ps7_cortexa9_0/standalone_ps7_cortexa9_0/bsp/system.mss|system_0||
H:/test/two/fpga_arm/vitis/zc706_md/zynq_fsbl/zynq_fsbl_bsp/system.mss|system||

TRACE::2026-01-08.16:52:26::SCWMssOS::Sw design exists and opened at  H:/test/two/fpga_arm/vitis/zc706_md/ps7_cortexa9_0/standalone_ps7_cortexa9_0/bsp/system.mss
TRACE::2026-01-08.16:52:26::SCWWriter::formatted JSON is {
	"platformName":	"zc706_md",
	"sprVersion":	"2.0",
	"mode":	"gui",
	"dsaType":	"Fixed",
	"platformDesc":	"zc706_md",
	"platHandOff":	"H:/test/two/fpga_arm/design_1_wrapper.xsa",
	"platIntHandOff":	"<platformDir>/hw/design_1_wrapper.xsa",
	"deviceType":	"zynq",
	"platIsPrebuiltAutogen":	"false",
	"platIsNoBootBsp":	"false",
	"platFsblTarget":	"ps7_cortexa9_0",
	"hasFsblMakeHasChanges":	"false",
	"hasPmufwMakeHasChanges":	"false",
	"fsblExtraCompilerFlags":	"-MMD -MP       -mcpu=cortex-a9 -mfpu=vfpv3 -mfloat-abi=hard ",
	"platPreBuiltFlag":	false,
	"platformSamplesDir":	"",
	"platActiveSys":	"zc706_md",
	"systems":	[{
			"systemName":	"zc706_md",
			"systemDesc":	"zc706_md",
			"sysIsBootAutoGen":	"true",
			"systemDispName":	"zc706_md",
			"sysActiveDom":	"standalone_ps7_cortexa9_0",
			"sysDefaultDom":	"standalone_ps7_cortexa9_0",
			"domains":	[{
					"domainName":	"zynq_fsbl",
					"domainDispName":	"zynq_fsbl",
					"domainDesc":	"FSBL Application BSP - Auto Generated.",
					"processors":	"ps7_cortexa9_0",
					"os":	"standalone",
					"sdxOs":	"standalone",
					"debugEnable":	"",
					"domRuntimes":	["cpp"],
					"swRepo":	"",
					"mssOsVer":	"7.6",
					"mssFile":	"",
					"md5Digest":	"7cd591954aef16c446ad36e1353bac9a",
					"compatibleApp":	"zynq_fsbl",
					"domType":	"bootDomain",
					"arch":	"32-bit",
					"appSettings":	{
						"appCompilerFlags":	"",
						"appLinkerFlags":	""
					},
					"addedLibs":	["xilffs:4.6", "xilrsa:1.6"],
					"libOptions":	{
						"libsContainingOptions":	[]
					},
					"prebuiltLibs":	{
						"prebuiltIncPath":	[],
						"prebuiltLibPath":	[]
					},
					"isolation":	{
					}
				}, {
					"domainName":	"standalone_ps7_cortexa9_0",
					"domainDispName":	"standalone_ps7_cortexa9_0",
					"domainDesc":	"standalone_ps7_cortexa9_0",
					"processors":	"ps7_cortexa9_0",
					"os":	"standalone",
					"sdxOs":	"standalone",
					"qemuArgs":	"E:/xilinx/Vitis/2021.2/data/emulation/platforms/zynq/sw/a9_standalone/qemu/qemu_args.txt",
					"qemuData":	"E:/xilinx/Vitis/2021.2/data/emulation/platforms/zynq/sw/a9_standalone/qemu/",
					"debugEnable":	"False",
					"domRuntimes":	["cpp"],
					"swRepo":	"",
					"mssOsVer":	"7.6",
					"mssFile":	"",
					"md5Digest":	"07cadf1f9023a964df2d4802e9afcef2",
					"compatibleApp":	"lwip_echo_server",
					"domType":	"mssDomain",
					"arch":	"32-bit",
					"appSettings":	{
						"appCompilerFlags":	"",
						"appLinkerFlags":	""
					},
					"addedLibs":	["lwip211:1.6"],
					"libOptions":	{
						"libsContainingOptions":	[]
					},
					"prebuiltLibs":	{
						"prebuiltIncPath":	[],
						"prebuiltLibPath":	[]
					},
					"isolation":	{
					}
				}]
		}]
}
LOG::2026-01-08.16:52:26::SCWPlatform::Started generating the artifacts platform zc706_md
TRACE::2026-01-08.16:52:26::SCWPlatform::Sanity checking of platform is completed
LOG::2026-01-08.16:52:26::SCWPlatform::Started generating the artifacts for system configuration zc706_md
LOG::2026-01-08.16:52:26::SCWSystem::Checking the domain zynq_fsbl
LOG::2026-01-08.16:52:26::SCWSystem::Doing application build for :  zynq_fsbl
TRACE::2026-01-08.16:52:26::SCWBDomain::Not a forced makefile updation, No changes are present. 
TRACE::2026-01-08.16:52:26::SCWDomain::Skipping the build for domain :  zynq_fsbl
LOG::2026-01-08.16:52:26::SCWSystem::Checking the domain standalone_ps7_cortexa9_0
LOG::2026-01-08.16:52:26::SCWSystem::Not a boot domain 
LOG::2026-01-08.16:52:26::SCWSystem::Started Processing the domain standalone_ps7_cortexa9_0
TRACE::2026-01-08.16:52:26::SCWDomain::Generating domain artifcats
TRACE::2026-01-08.16:52:26::SCWMssOS::Generating standalone artifcats
TRACE::2026-01-08.16:52:26::SCWMssOS::Copying the qemu file from  E:/xilinx/Vitis/2021.2/data/emulation/platforms/zynq/sw/a9_standalone/qemu/qemu_args.txt To H:/test/two/fpga_arm/vitis/zc706_md/export/zc706_md/sw/zc706_md/qemu/
TRACE::2026-01-08.16:52:26::SCWMssOS::Copying the qemu file from  E:/xilinx/Vitis/2021.2/data/emulation/platforms/zynq/sw/a9_standalone/qemu/qemu_args.txt To H:/test/two/fpga_arm/vitis/zc706_md/export/zc706_md/sw/zc706_md/standalone_ps7_cortexa9_0/qemu/
TRACE::2026-01-08.16:52:26::SCWMssOS:: Copying the user libraries. 
TRACE::2026-01-08.16:52:26::SCWPlatform::Trying to open the hw design at H:/test/two/fpga_arm/vitis/zc706_md/hw/design_1_wrapper.xsa
TRACE::2026-01-08.16:52:26::SCWPlatform::DSA given H:/test/two/fpga_arm/vitis/zc706_md/hw/design_1_wrapper.xsa
TRACE::2026-01-08.16:52:26::SCWPlatform::DSA absoulate path H:/test/two/fpga_arm/vitis/zc706_md/hw/design_1_wrapper.xsa
TRACE::2026-01-08.16:52:26::SCWPlatform::DSA directory H:/test/two/fpga_arm/vitis/zc706_md/hw
TRACE::2026-01-08.16:52:26::SCWPlatform:: Platform Path H:/test/two/fpga_arm/vitis/zc706_md/hw/design_1_wrapper.xsa
TRACE::2026-01-08.16:52:26::SCWPlatform:: Unique name xilinx:zc706::0.0
TRACE::2026-01-08.16:52:26::SCWPlatform::Trying to set the existing hwdb with name design_1_wrapper_0
TRACE::2026-01-08.16:52:26::SCWPlatform::Opened existing hwdb design_1_wrapper_0
TRACE::2026-01-08.16:52:26::SCWPlatform::Found the Hw Db part of the input DSA
TRACE::2026-01-08.16:52:26::SCWMssOS::Checking the sw design at  H:/test/two/fpga_arm/vitis/zc706_md/ps7_cortexa9_0/standalone_ps7_cortexa9_0/bsp/system.mss
TRACE::2026-01-08.16:52:26::SCWMssOS::DEBUG:  swdes dump  H:/test/two/fpga_arm/vitis/zc706_md/ps7_cortexa9_0/standalone_ps7_cortexa9_0/bsp/system.mss|system_0||
H:/test/two/fpga_arm/vitis/zc706_md/zynq_fsbl/zynq_fsbl_bsp/system.mss|system||

TRACE::2026-01-08.16:52:26::SCWMssOS::Sw design exists and opened at  H:/test/two/fpga_arm/vitis/zc706_md/ps7_cortexa9_0/standalone_ps7_cortexa9_0/bsp/system.mss
TRACE::2026-01-08.16:52:26::SCWMssOS::Completed writing the mss file at H:/test/two/fpga_arm/vitis/zc706_md/ps7_cortexa9_0/standalone_ps7_cortexa9_0/bsp
TRACE::2026-01-08.16:52:26::SCWMssOS::Mss edits present, copying mssfile into export location H:/test/two/fpga_arm/vitis/zc706_md/ps7_cortexa9_0/standalone_ps7_cortexa9_0/bsp/system.mss
TRACE::2026-01-08.16:52:26::SCWMssOS::bsp generated is upto date with the mss file. Skipping bsp generation.
TRACE::2026-01-08.16:52:26::SCWMssOS::BSP is already built. skipping the bsp build ... 
TRACE::2026-01-08.16:52:26::SCWDomain::Skipping the build for domain :  standalone_ps7_cortexa9_0
TRACE::2026-01-08.16:52:26::SCWMssOS::skipping the bsp build ... 
TRACE::2026-01-08.16:52:26::SCWMssOS::Copying to export directory.
TRACE::2026-01-08.16:52:26::SCWMssOS:: Checking if to create the Supporting Applications
TRACE::2026-01-08.16:52:26::SCWMssOS:: No Linux domain exists, trying to generate FSBL 
TRACE::2026-01-08.16:52:26::SCWMssOS:: Completed Standalone Artifacts creation 
LOG::2026-01-08.16:52:26::SCWSystem::Completed Processing the domain standalone_ps7_cortexa9_0
LOG::2026-01-08.16:52:26::SCWSystem::Completed Processing the sysconfig zc706_md
LOG::2026-01-08.16:52:26::SCWPlatform::Completed generating the artifacts for system configuration zc706_md
TRACE::2026-01-08.16:52:26::SCWPlatform::Started preparing the platform 
TRACE::2026-01-08.16:52:26::SCWSystem::Writing the bif file for system config zc706_md
TRACE::2026-01-08.16:52:26::SCWSystem::dir created 
TRACE::2026-01-08.16:52:26::SCWSystem::Writing the bif 
TRACE::2026-01-08.16:52:26::SCWPlatform::Started writing the spfm file 
TRACE::2026-01-08.16:52:26::SCWPlatform::Started writing the xpfm file 
TRACE::2026-01-08.16:52:26::SCWPlatform::Completed generating the platform
TRACE::2026-01-08.16:52:26::SCWMssOS::Saving the mss changes H:/test/two/fpga_arm/vitis/zc706_md/zynq_fsbl/zynq_fsbl_bsp/system.mss
TRACE::2026-01-08.16:52:26::SCWMssOS::Found a swdesign opened with the mssfile.
TRACE::2026-01-08.16:52:26::SCWMssOS::Completed writemss as part of save.
TRACE::2026-01-08.16:52:26::SCWMssOS::Commit changes completed.
TRACE::2026-01-08.16:52:26::SCWMssOS::Saving the mss changes H:/test/two/fpga_arm/vitis/zc706_md/ps7_cortexa9_0/standalone_ps7_cortexa9_0/bsp/system.mss
TRACE::2026-01-08.16:52:26::SCWMssOS::Found a swdesign opened with the mssfile.
TRACE::2026-01-08.16:52:26::SCWMssOS::Completed writemss as part of save.
TRACE::2026-01-08.16:52:26::SCWMssOS::Commit changes completed.
TRACE::2026-01-08.16:52:26::SCWPlatform::Trying to open the hw design at H:/test/two/fpga_arm/vitis/zc706_md/hw/design_1_wrapper.xsa
TRACE::2026-01-08.16:52:26::SCWPlatform::DSA given H:/test/two/fpga_arm/vitis/zc706_md/hw/design_1_wrapper.xsa
TRACE::2026-01-08.16:52:26::SCWPlatform::DSA absoulate path H:/test/two/fpga_arm/vitis/zc706_md/hw/design_1_wrapper.xsa
TRACE::2026-01-08.16:52:26::SCWPlatform::DSA directory H:/test/two/fpga_arm/vitis/zc706_md/hw
TRACE::2026-01-08.16:52:26::SCWPlatform:: Platform Path H:/test/two/fpga_arm/vitis/zc706_md/hw/design_1_wrapper.xsa
TRACE::2026-01-08.16:52:26::SCWPlatform:: Unique name xilinx:zc706::0.0
TRACE::2026-01-08.16:52:26::SCWPlatform::Trying to set the existing hwdb with name design_1_wrapper_0
TRACE::2026-01-08.16:52:26::SCWPlatform::Opened existing hwdb design_1_wrapper_0
TRACE::2026-01-08.16:52:26::SCWPlatform::Found the Hw Db part of the input DSA
TRACE::2026-01-08.16:52:26::SCWMssOS::Checking the sw design at  H:/test/two/fpga_arm/vitis/zc706_md/zynq_fsbl/zynq_fsbl_bsp/system.mss
TRACE::2026-01-08.16:52:26::SCWMssOS::DEBUG:  swdes dump  H:/test/two/fpga_arm/vitis/zc706_md/ps7_cortexa9_0/standalone_ps7_cortexa9_0/bsp/system.mss|system_0||
H:/test/two/fpga_arm/vitis/zc706_md/zynq_fsbl/zynq_fsbl_bsp/system.mss|system||

TRACE::2026-01-08.16:52:26::SCWMssOS::Sw design exists and opened at  H:/test/two/fpga_arm/vitis/zc706_md/zynq_fsbl/zynq_fsbl_bsp/system.mss
TRACE::2026-01-08.16:52:26::SCWPlatform::Trying to open the hw design at H:/test/two/fpga_arm/vitis/zc706_md/hw/design_1_wrapper.xsa
TRACE::2026-01-08.16:52:26::SCWPlatform::DSA given H:/test/two/fpga_arm/vitis/zc706_md/hw/design_1_wrapper.xsa
TRACE::2026-01-08.16:52:26::SCWPlatform::DSA absoulate path H:/test/two/fpga_arm/vitis/zc706_md/hw/design_1_wrapper.xsa
TRACE::2026-01-08.16:52:26::SCWPlatform::DSA directory H:/test/two/fpga_arm/vitis/zc706_md/hw
TRACE::2026-01-08.16:52:26::SCWPlatform:: Platform Path H:/test/two/fpga_arm/vitis/zc706_md/hw/design_1_wrapper.xsa
TRACE::2026-01-08.16:52:26::SCWPlatform:: Unique name xilinx:zc706::0.0
TRACE::2026-01-08.16:52:26::SCWPlatform::Trying to set the existing hwdb with name design_1_wrapper_0
TRACE::2026-01-08.16:52:26::SCWPlatform::Opened existing hwdb design_1_wrapper_0
TRACE::2026-01-08.16:52:26::SCWPlatform::Found the Hw Db part of the input DSA
TRACE::2026-01-08.16:52:26::SCWMssOS::Checking the sw design at  H:/test/two/fpga_arm/vitis/zc706_md/zynq_fsbl/zynq_fsbl_bsp/system.mss
TRACE::2026-01-08.16:52:26::SCWMssOS::DEBUG:  swdes dump  H:/test/two/fpga_arm/vitis/zc706_md/ps7_cortexa9_0/standalone_ps7_cortexa9_0/bsp/system.mss|system_0||
H:/test/two/fpga_arm/vitis/zc706_md/zynq_fsbl/zynq_fsbl_bsp/system.mss|system||

TRACE::2026-01-08.16:52:26::SCWMssOS::Sw design exists and opened at  H:/test/two/fpga_arm/vitis/zc706_md/zynq_fsbl/zynq_fsbl_bsp/system.mss
TRACE::2026-01-08.16:52:26::SCWPlatform::Trying to open the hw design at H:/test/two/fpga_arm/vitis/zc706_md/hw/design_1_wrapper.xsa
TRACE::2026-01-08.16:52:26::SCWPlatform::DSA given H:/test/two/fpga_arm/vitis/zc706_md/hw/design_1_wrapper.xsa
TRACE::2026-01-08.16:52:26::SCWPlatform::DSA absoulate path H:/test/two/fpga_arm/vitis/zc706_md/hw/design_1_wrapper.xsa
TRACE::2026-01-08.16:52:26::SCWPlatform::DSA directory H:/test/two/fpga_arm/vitis/zc706_md/hw
TRACE::2026-01-08.16:52:26::SCWPlatform:: Platform Path H:/test/two/fpga_arm/vitis/zc706_md/hw/design_1_wrapper.xsa
TRACE::2026-01-08.16:52:26::SCWPlatform:: Unique name xilinx:zc706::0.0
TRACE::2026-01-08.16:52:26::SCWPlatform::Trying to set the existing hwdb with name design_1_wrapper_0
TRACE::2026-01-08.16:52:26::SCWPlatform::Opened existing hwdb design_1_wrapper_0
TRACE::2026-01-08.16:52:26::SCWPlatform::Found the Hw Db part of the input DSA
TRACE::2026-01-08.16:52:26::SCWMssOS::Checking the sw design at  H:/test/two/fpga_arm/vitis/zc706_md/zynq_fsbl/zynq_fsbl_bsp/system.mss
TRACE::2026-01-08.16:52:26::SCWMssOS::DEBUG:  swdes dump  H:/test/two/fpga_arm/vitis/zc706_md/ps7_cortexa9_0/standalone_ps7_cortexa9_0/bsp/system.mss|system_0||
H:/test/two/fpga_arm/vitis/zc706_md/zynq_fsbl/zynq_fsbl_bsp/system.mss|system||

TRACE::2026-01-08.16:52:26::SCWMssOS::Sw design exists and opened at  H:/test/two/fpga_arm/vitis/zc706_md/zynq_fsbl/zynq_fsbl_bsp/system.mss
TRACE::2026-01-08.16:52:26::SCWPlatform::Trying to open the hw design at H:/test/two/fpga_arm/vitis/zc706_md/hw/design_1_wrapper.xsa
TRACE::2026-01-08.16:52:26::SCWPlatform::DSA given H:/test/two/fpga_arm/vitis/zc706_md/hw/design_1_wrapper.xsa
TRACE::2026-01-08.16:52:26::SCWPlatform::DSA absoulate path H:/test/two/fpga_arm/vitis/zc706_md/hw/design_1_wrapper.xsa
TRACE::2026-01-08.16:52:26::SCWPlatform::DSA directory H:/test/two/fpga_arm/vitis/zc706_md/hw
TRACE::2026-01-08.16:52:26::SCWPlatform:: Platform Path H:/test/two/fpga_arm/vitis/zc706_md/hw/design_1_wrapper.xsa
TRACE::2026-01-08.16:52:26::SCWPlatform:: Unique name xilinx:zc706::0.0
TRACE::2026-01-08.16:52:26::SCWPlatform::Trying to set the existing hwdb with name design_1_wrapper_0
TRACE::2026-01-08.16:52:26::SCWPlatform::Opened existing hwdb design_1_wrapper_0
TRACE::2026-01-08.16:52:26::SCWPlatform::Found the Hw Db part of the input DSA
TRACE::2026-01-08.16:52:26::SCWMssOS::Checking the sw design at  H:/test/two/fpga_arm/vitis/zc706_md/ps7_cortexa9_0/standalone_ps7_cortexa9_0/bsp/system.mss
TRACE::2026-01-08.16:52:26::SCWMssOS::DEBUG:  swdes dump  H:/test/two/fpga_arm/vitis/zc706_md/ps7_cortexa9_0/standalone_ps7_cortexa9_0/bsp/system.mss|system_0||
H:/test/two/fpga_arm/vitis/zc706_md/zynq_fsbl/zynq_fsbl_bsp/system.mss|system||

TRACE::2026-01-08.16:52:26::SCWMssOS::Sw design exists and opened at  H:/test/two/fpga_arm/vitis/zc706_md/ps7_cortexa9_0/standalone_ps7_cortexa9_0/bsp/system.mss
TRACE::2026-01-08.16:52:26::SCWPlatform::Trying to open the hw design at H:/test/two/fpga_arm/vitis/zc706_md/hw/design_1_wrapper.xsa
TRACE::2026-01-08.16:52:26::SCWPlatform::DSA given H:/test/two/fpga_arm/vitis/zc706_md/hw/design_1_wrapper.xsa
TRACE::2026-01-08.16:52:26::SCWPlatform::DSA absoulate path H:/test/two/fpga_arm/vitis/zc706_md/hw/design_1_wrapper.xsa
TRACE::2026-01-08.16:52:26::SCWPlatform::DSA directory H:/test/two/fpga_arm/vitis/zc706_md/hw
TRACE::2026-01-08.16:52:26::SCWPlatform:: Platform Path H:/test/two/fpga_arm/vitis/zc706_md/hw/design_1_wrapper.xsa
TRACE::2026-01-08.16:52:26::SCWPlatform:: Unique name xilinx:zc706::0.0
TRACE::2026-01-08.16:52:26::SCWPlatform::Trying to set the existing hwdb with name design_1_wrapper_0
TRACE::2026-01-08.16:52:26::SCWPlatform::Opened existing hwdb design_1_wrapper_0
TRACE::2026-01-08.16:52:26::SCWPlatform::Found the Hw Db part of the input DSA
TRACE::2026-01-08.16:52:26::SCWMssOS::Checking the sw design at  H:/test/two/fpga_arm/vitis/zc706_md/ps7_cortexa9_0/standalone_ps7_cortexa9_0/bsp/system.mss
TRACE::2026-01-08.16:52:26::SCWMssOS::DEBUG:  swdes dump  H:/test/two/fpga_arm/vitis/zc706_md/ps7_cortexa9_0/standalone_ps7_cortexa9_0/bsp/system.mss|system_0||
H:/test/two/fpga_arm/vitis/zc706_md/zynq_fsbl/zynq_fsbl_bsp/system.mss|system||

TRACE::2026-01-08.16:52:26::SCWMssOS::Sw design exists and opened at  H:/test/two/fpga_arm/vitis/zc706_md/ps7_cortexa9_0/standalone_ps7_cortexa9_0/bsp/system.mss
TRACE::2026-01-08.16:52:26::SCWPlatform::Trying to open the hw design at H:/test/two/fpga_arm/vitis/zc706_md/hw/design_1_wrapper.xsa
TRACE::2026-01-08.16:52:26::SCWPlatform::DSA given H:/test/two/fpga_arm/vitis/zc706_md/hw/design_1_wrapper.xsa
TRACE::2026-01-08.16:52:26::SCWPlatform::DSA absoulate path H:/test/two/fpga_arm/vitis/zc706_md/hw/design_1_wrapper.xsa
TRACE::2026-01-08.16:52:26::SCWPlatform::DSA directory H:/test/two/fpga_arm/vitis/zc706_md/hw
TRACE::2026-01-08.16:52:26::SCWPlatform:: Platform Path H:/test/two/fpga_arm/vitis/zc706_md/hw/design_1_wrapper.xsa
TRACE::2026-01-08.16:52:26::SCWPlatform:: Unique name xilinx:zc706::0.0
TRACE::2026-01-08.16:52:26::SCWPlatform::Trying to set the existing hwdb with name design_1_wrapper_0
TRACE::2026-01-08.16:52:26::SCWPlatform::Opened existing hwdb design_1_wrapper_0
TRACE::2026-01-08.16:52:26::SCWPlatform::Found the Hw Db part of the input DSA
TRACE::2026-01-08.16:52:26::SCWMssOS::Checking the sw design at  H:/test/two/fpga_arm/vitis/zc706_md/ps7_cortexa9_0/standalone_ps7_cortexa9_0/bsp/system.mss
TRACE::2026-01-08.16:52:26::SCWMssOS::DEBUG:  swdes dump  H:/test/two/fpga_arm/vitis/zc706_md/ps7_cortexa9_0/standalone_ps7_cortexa9_0/bsp/system.mss|system_0||
H:/test/two/fpga_arm/vitis/zc706_md/zynq_fsbl/zynq_fsbl_bsp/system.mss|system||

TRACE::2026-01-08.16:52:26::SCWMssOS::Sw design exists and opened at  H:/test/two/fpga_arm/vitis/zc706_md/ps7_cortexa9_0/standalone_ps7_cortexa9_0/bsp/system.mss
TRACE::2026-01-08.16:52:26::SCWWriter::formatted JSON is {
	"platformName":	"zc706_md",
	"sprVersion":	"2.0",
	"mode":	"gui",
	"dsaType":	"Fixed",
	"platformDesc":	"zc706_md",
	"platHandOff":	"H:/test/two/fpga_arm/design_1_wrapper.xsa",
	"platIntHandOff":	"<platformDir>/hw/design_1_wrapper.xsa",
	"deviceType":	"zynq",
	"platIsPrebuiltAutogen":	"false",
	"platIsNoBootBsp":	"false",
	"platFsblTarget":	"ps7_cortexa9_0",
	"hasFsblMakeHasChanges":	"false",
	"hasPmufwMakeHasChanges":	"false",
	"fsblExtraCompilerFlags":	"-MMD -MP       -mcpu=cortex-a9 -mfpu=vfpv3 -mfloat-abi=hard ",
	"platPreBuiltFlag":	false,
	"platformSamplesDir":	"",
	"platActiveSys":	"zc706_md",
	"systems":	[{
			"systemName":	"zc706_md",
			"systemDesc":	"zc706_md",
			"sysIsBootAutoGen":	"true",
			"systemDispName":	"zc706_md",
			"sysActiveDom":	"standalone_ps7_cortexa9_0",
			"sysDefaultDom":	"standalone_ps7_cortexa9_0",
			"domains":	[{
					"domainName":	"zynq_fsbl",
					"domainDispName":	"zynq_fsbl",
					"domainDesc":	"FSBL Application BSP - Auto Generated.",
					"processors":	"ps7_cortexa9_0",
					"os":	"standalone",
					"sdxOs":	"standalone",
					"debugEnable":	"",
					"domRuntimes":	["cpp"],
					"swRepo":	"",
					"mssOsVer":	"7.6",
					"mssFile":	"",
					"md5Digest":	"7cd591954aef16c446ad36e1353bac9a",
					"compatibleApp":	"zynq_fsbl",
					"domType":	"bootDomain",
					"arch":	"32-bit",
					"appSettings":	{
						"appCompilerFlags":	"",
						"appLinkerFlags":	""
					},
					"addedLibs":	["xilffs:4.6", "xilrsa:1.6"],
					"libOptions":	{
						"libsContainingOptions":	[]
					},
					"prebuiltLibs":	{
						"prebuiltIncPath":	[],
						"prebuiltLibPath":	[]
					},
					"isolation":	{
					}
				}, {
					"domainName":	"standalone_ps7_cortexa9_0",
					"domainDispName":	"standalone_ps7_cortexa9_0",
					"domainDesc":	"standalone_ps7_cortexa9_0",
					"processors":	"ps7_cortexa9_0",
					"os":	"standalone",
					"sdxOs":	"standalone",
					"qemuArgs":	"E:/xilinx/Vitis/2021.2/data/emulation/platforms/zynq/sw/a9_standalone/qemu/qemu_args.txt",
					"qemuData":	"E:/xilinx/Vitis/2021.2/data/emulation/platforms/zynq/sw/a9_standalone/qemu/",
					"debugEnable":	"False",
					"domRuntimes":	["cpp"],
					"swRepo":	"",
					"mssOsVer":	"7.6",
					"mssFile":	"",
					"md5Digest":	"07cadf1f9023a964df2d4802e9afcef2",
					"compatibleApp":	"lwip_echo_server",
					"domType":	"mssDomain",
					"arch":	"32-bit",
					"appSettings":	{
						"appCompilerFlags":	"",
						"appLinkerFlags":	""
					},
					"addedLibs":	["lwip211:1.6"],
					"libOptions":	{
						"libsContainingOptions":	[]
					},
					"prebuiltLibs":	{
						"prebuiltIncPath":	[],
						"prebuiltLibPath":	[]
					},
					"isolation":	{
					}
				}]
		}]
}
KEYINFO::2026-01-08.16:52:26::SCWPlatform::updated the xpfm file.
TRACE::2026-01-08.16:52:26::SCWPlatform::Trying to open the hw design at H:/test/two/fpga_arm/vitis/zc706_md/hw/design_1_wrapper.xsa
TRACE::2026-01-08.16:52:26::SCWPlatform::DSA given H:/test/two/fpga_arm/vitis/zc706_md/hw/design_1_wrapper.xsa
TRACE::2026-01-08.16:52:26::SCWPlatform::DSA absoulate path H:/test/two/fpga_arm/vitis/zc706_md/hw/design_1_wrapper.xsa
TRACE::2026-01-08.16:52:26::SCWPlatform::DSA directory H:/test/two/fpga_arm/vitis/zc706_md/hw
TRACE::2026-01-08.16:52:26::SCWPlatform:: Platform Path H:/test/two/fpga_arm/vitis/zc706_md/hw/design_1_wrapper.xsa
TRACE::2026-01-08.16:52:26::SCWPlatform:: Unique name xilinx:zc706::0.0
TRACE::2026-01-08.16:52:26::SCWPlatform::Trying to set the existing hwdb with name design_1_wrapper_0
TRACE::2026-01-08.16:52:26::SCWPlatform::Opened existing hwdb design_1_wrapper_0
TRACE::2026-01-08.16:52:26::SCWPlatform::Found the Hw Db part of the input DSA
TRACE::2026-01-08.16:52:26::SCWMssOS::Checking the sw design at  H:/test/two/fpga_arm/vitis/zc706_md/ps7_cortexa9_0/standalone_ps7_cortexa9_0/bsp/system.mss
TRACE::2026-01-08.16:52:26::SCWMssOS::DEBUG:  swdes dump  H:/test/two/fpga_arm/vitis/zc706_md/ps7_cortexa9_0/standalone_ps7_cortexa9_0/bsp/system.mss|system_0||
H:/test/two/fpga_arm/vitis/zc706_md/zynq_fsbl/zynq_fsbl_bsp/system.mss|system||

TRACE::2026-01-08.16:52:26::SCWMssOS::Sw design exists and opened at  H:/test/two/fpga_arm/vitis/zc706_md/ps7_cortexa9_0/standalone_ps7_cortexa9_0/bsp/system.mss
TRACE::2026-01-08.16:52:26::SCWMssOS::Saving the mss changes H:/test/two/fpga_arm/vitis/zc706_md/zynq_fsbl/zynq_fsbl_bsp/system.mss
TRACE::2026-01-08.16:52:26::SCWMssOS::Found a swdesign opened with the mssfile.
TRACE::2026-01-08.16:52:26::SCWMssOS::Completed writemss as part of save.
TRACE::2026-01-08.16:52:26::SCWMssOS::Commit changes completed.
TRACE::2026-01-08.16:52:26::SCWMssOS::Saving the mss changes H:/test/two/fpga_arm/vitis/zc706_md/ps7_cortexa9_0/standalone_ps7_cortexa9_0/bsp/system.mss
TRACE::2026-01-08.16:52:26::SCWMssOS::Found a swdesign opened with the mssfile.
TRACE::2026-01-08.16:52:26::SCWMssOS::Completed writemss as part of save.
TRACE::2026-01-08.16:52:26::SCWMssOS::Commit changes completed.
TRACE::2026-01-08.16:52:26::SCWPlatform::Trying to open the hw design at H:/test/two/fpga_arm/vitis/zc706_md/hw/design_1_wrapper.xsa
TRACE::2026-01-08.16:52:26::SCWPlatform::DSA given H:/test/two/fpga_arm/vitis/zc706_md/hw/design_1_wrapper.xsa
TRACE::2026-01-08.16:52:26::SCWPlatform::DSA absoulate path H:/test/two/fpga_arm/vitis/zc706_md/hw/design_1_wrapper.xsa
TRACE::2026-01-08.16:52:26::SCWPlatform::DSA directory H:/test/two/fpga_arm/vitis/zc706_md/hw
TRACE::2026-01-08.16:52:26::SCWPlatform:: Platform Path H:/test/two/fpga_arm/vitis/zc706_md/hw/design_1_wrapper.xsa
TRACE::2026-01-08.16:52:26::SCWPlatform:: Unique name xilinx:zc706::0.0
TRACE::2026-01-08.16:52:26::SCWPlatform::Trying to set the existing hwdb with name design_1_wrapper_0
TRACE::2026-01-08.16:52:26::SCWPlatform::Opened existing hwdb design_1_wrapper_0
TRACE::2026-01-08.16:52:26::SCWPlatform::Found the Hw Db part of the input DSA
TRACE::2026-01-08.16:52:26::SCWMssOS::Checking the sw design at  H:/test/two/fpga_arm/vitis/zc706_md/zynq_fsbl/zynq_fsbl_bsp/system.mss
TRACE::2026-01-08.16:52:26::SCWMssOS::DEBUG:  swdes dump  H:/test/two/fpga_arm/vitis/zc706_md/ps7_cortexa9_0/standalone_ps7_cortexa9_0/bsp/system.mss|system_0||
H:/test/two/fpga_arm/vitis/zc706_md/zynq_fsbl/zynq_fsbl_bsp/system.mss|system||

TRACE::2026-01-08.16:52:26::SCWMssOS::Sw design exists and opened at  H:/test/two/fpga_arm/vitis/zc706_md/zynq_fsbl/zynq_fsbl_bsp/system.mss
TRACE::2026-01-08.16:52:26::SCWPlatform::Trying to open the hw design at H:/test/two/fpga_arm/vitis/zc706_md/hw/design_1_wrapper.xsa
TRACE::2026-01-08.16:52:26::SCWPlatform::DSA given H:/test/two/fpga_arm/vitis/zc706_md/hw/design_1_wrapper.xsa
TRACE::2026-01-08.16:52:26::SCWPlatform::DSA absoulate path H:/test/two/fpga_arm/vitis/zc706_md/hw/design_1_wrapper.xsa
TRACE::2026-01-08.16:52:26::SCWPlatform::DSA directory H:/test/two/fpga_arm/vitis/zc706_md/hw
TRACE::2026-01-08.16:52:26::SCWPlatform:: Platform Path H:/test/two/fpga_arm/vitis/zc706_md/hw/design_1_wrapper.xsa
TRACE::2026-01-08.16:52:26::SCWPlatform:: Unique name xilinx:zc706::0.0
TRACE::2026-01-08.16:52:26::SCWPlatform::Trying to set the existing hwdb with name design_1_wrapper_0
TRACE::2026-01-08.16:52:26::SCWPlatform::Opened existing hwdb design_1_wrapper_0
TRACE::2026-01-08.16:52:26::SCWPlatform::Found the Hw Db part of the input DSA
TRACE::2026-01-08.16:52:26::SCWMssOS::Checking the sw design at  H:/test/two/fpga_arm/vitis/zc706_md/zynq_fsbl/zynq_fsbl_bsp/system.mss
TRACE::2026-01-08.16:52:26::SCWMssOS::DEBUG:  swdes dump  H:/test/two/fpga_arm/vitis/zc706_md/ps7_cortexa9_0/standalone_ps7_cortexa9_0/bsp/system.mss|system_0||
H:/test/two/fpga_arm/vitis/zc706_md/zynq_fsbl/zynq_fsbl_bsp/system.mss|system||

TRACE::2026-01-08.16:52:26::SCWMssOS::Sw design exists and opened at  H:/test/two/fpga_arm/vitis/zc706_md/zynq_fsbl/zynq_fsbl_bsp/system.mss
TRACE::2026-01-08.16:52:26::SCWPlatform::Trying to open the hw design at H:/test/two/fpga_arm/vitis/zc706_md/hw/design_1_wrapper.xsa
TRACE::2026-01-08.16:52:26::SCWPlatform::DSA given H:/test/two/fpga_arm/vitis/zc706_md/hw/design_1_wrapper.xsa
TRACE::2026-01-08.16:52:26::SCWPlatform::DSA absoulate path H:/test/two/fpga_arm/vitis/zc706_md/hw/design_1_wrapper.xsa
TRACE::2026-01-08.16:52:26::SCWPlatform::DSA directory H:/test/two/fpga_arm/vitis/zc706_md/hw
TRACE::2026-01-08.16:52:26::SCWPlatform:: Platform Path H:/test/two/fpga_arm/vitis/zc706_md/hw/design_1_wrapper.xsa
TRACE::2026-01-08.16:52:26::SCWPlatform:: Unique name xilinx:zc706::0.0
TRACE::2026-01-08.16:52:26::SCWPlatform::Trying to set the existing hwdb with name design_1_wrapper_0
TRACE::2026-01-08.16:52:26::SCWPlatform::Opened existing hwdb design_1_wrapper_0
TRACE::2026-01-08.16:52:26::SCWPlatform::Found the Hw Db part of the input DSA
TRACE::2026-01-08.16:52:26::SCWMssOS::Checking the sw design at  H:/test/two/fpga_arm/vitis/zc706_md/zynq_fsbl/zynq_fsbl_bsp/system.mss
TRACE::2026-01-08.16:52:26::SCWMssOS::DEBUG:  swdes dump  H:/test/two/fpga_arm/vitis/zc706_md/ps7_cortexa9_0/standalone_ps7_cortexa9_0/bsp/system.mss|system_0||
H:/test/two/fpga_arm/vitis/zc706_md/zynq_fsbl/zynq_fsbl_bsp/system.mss|system||

TRACE::2026-01-08.16:52:26::SCWMssOS::Sw design exists and opened at  H:/test/two/fpga_arm/vitis/zc706_md/zynq_fsbl/zynq_fsbl_bsp/system.mss
TRACE::2026-01-08.16:52:26::SCWPlatform::Trying to open the hw design at H:/test/two/fpga_arm/vitis/zc706_md/hw/design_1_wrapper.xsa
TRACE::2026-01-08.16:52:26::SCWPlatform::DSA given H:/test/two/fpga_arm/vitis/zc706_md/hw/design_1_wrapper.xsa
TRACE::2026-01-08.16:52:26::SCWPlatform::DSA absoulate path H:/test/two/fpga_arm/vitis/zc706_md/hw/design_1_wrapper.xsa
TRACE::2026-01-08.16:52:26::SCWPlatform::DSA directory H:/test/two/fpga_arm/vitis/zc706_md/hw
TRACE::2026-01-08.16:52:26::SCWPlatform:: Platform Path H:/test/two/fpga_arm/vitis/zc706_md/hw/design_1_wrapper.xsa
TRACE::2026-01-08.16:52:26::SCWPlatform:: Unique name xilinx:zc706::0.0
TRACE::2026-01-08.16:52:26::SCWPlatform::Trying to set the existing hwdb with name design_1_wrapper_0
TRACE::2026-01-08.16:52:26::SCWPlatform::Opened existing hwdb design_1_wrapper_0
TRACE::2026-01-08.16:52:26::SCWPlatform::Found the Hw Db part of the input DSA
TRACE::2026-01-08.16:52:26::SCWMssOS::Checking the sw design at  H:/test/two/fpga_arm/vitis/zc706_md/ps7_cortexa9_0/standalone_ps7_cortexa9_0/bsp/system.mss
TRACE::2026-01-08.16:52:26::SCWMssOS::DEBUG:  swdes dump  H:/test/two/fpga_arm/vitis/zc706_md/ps7_cortexa9_0/standalone_ps7_cortexa9_0/bsp/system.mss|system_0||
H:/test/two/fpga_arm/vitis/zc706_md/zynq_fsbl/zynq_fsbl_bsp/system.mss|system||

TRACE::2026-01-08.16:52:26::SCWMssOS::Sw design exists and opened at  H:/test/two/fpga_arm/vitis/zc706_md/ps7_cortexa9_0/standalone_ps7_cortexa9_0/bsp/system.mss
TRACE::2026-01-08.16:52:26::SCWPlatform::Trying to open the hw design at H:/test/two/fpga_arm/vitis/zc706_md/hw/design_1_wrapper.xsa
TRACE::2026-01-08.16:52:26::SCWPlatform::DSA given H:/test/two/fpga_arm/vitis/zc706_md/hw/design_1_wrapper.xsa
TRACE::2026-01-08.16:52:26::SCWPlatform::DSA absoulate path H:/test/two/fpga_arm/vitis/zc706_md/hw/design_1_wrapper.xsa
TRACE::2026-01-08.16:52:26::SCWPlatform::DSA directory H:/test/two/fpga_arm/vitis/zc706_md/hw
TRACE::2026-01-08.16:52:26::SCWPlatform:: Platform Path H:/test/two/fpga_arm/vitis/zc706_md/hw/design_1_wrapper.xsa
TRACE::2026-01-08.16:52:26::SCWPlatform:: Unique name xilinx:zc706::0.0
TRACE::2026-01-08.16:52:26::SCWPlatform::Trying to set the existing hwdb with name design_1_wrapper_0
TRACE::2026-01-08.16:52:26::SCWPlatform::Opened existing hwdb design_1_wrapper_0
TRACE::2026-01-08.16:52:26::SCWPlatform::Found the Hw Db part of the input DSA
TRACE::2026-01-08.16:52:26::SCWMssOS::Checking the sw design at  H:/test/two/fpga_arm/vitis/zc706_md/ps7_cortexa9_0/standalone_ps7_cortexa9_0/bsp/system.mss
TRACE::2026-01-08.16:52:26::SCWMssOS::DEBUG:  swdes dump  H:/test/two/fpga_arm/vitis/zc706_md/ps7_cortexa9_0/standalone_ps7_cortexa9_0/bsp/system.mss|system_0||
H:/test/two/fpga_arm/vitis/zc706_md/zynq_fsbl/zynq_fsbl_bsp/system.mss|system||

TRACE::2026-01-08.16:52:26::SCWMssOS::Sw design exists and opened at  H:/test/two/fpga_arm/vitis/zc706_md/ps7_cortexa9_0/standalone_ps7_cortexa9_0/bsp/system.mss
TRACE::2026-01-08.16:52:26::SCWPlatform::Trying to open the hw design at H:/test/two/fpga_arm/vitis/zc706_md/hw/design_1_wrapper.xsa
TRACE::2026-01-08.16:52:26::SCWPlatform::DSA given H:/test/two/fpga_arm/vitis/zc706_md/hw/design_1_wrapper.xsa
TRACE::2026-01-08.16:52:26::SCWPlatform::DSA absoulate path H:/test/two/fpga_arm/vitis/zc706_md/hw/design_1_wrapper.xsa
TRACE::2026-01-08.16:52:26::SCWPlatform::DSA directory H:/test/two/fpga_arm/vitis/zc706_md/hw
TRACE::2026-01-08.16:52:26::SCWPlatform:: Platform Path H:/test/two/fpga_arm/vitis/zc706_md/hw/design_1_wrapper.xsa
TRACE::2026-01-08.16:52:26::SCWPlatform:: Unique name xilinx:zc706::0.0
TRACE::2026-01-08.16:52:26::SCWPlatform::Trying to set the existing hwdb with name design_1_wrapper_0
TRACE::2026-01-08.16:52:26::SCWPlatform::Opened existing hwdb design_1_wrapper_0
TRACE::2026-01-08.16:52:26::SCWPlatform::Found the Hw Db part of the input DSA
TRACE::2026-01-08.16:52:26::SCWMssOS::Checking the sw design at  H:/test/two/fpga_arm/vitis/zc706_md/ps7_cortexa9_0/standalone_ps7_cortexa9_0/bsp/system.mss
TRACE::2026-01-08.16:52:26::SCWMssOS::DEBUG:  swdes dump  H:/test/two/fpga_arm/vitis/zc706_md/ps7_cortexa9_0/standalone_ps7_cortexa9_0/bsp/system.mss|system_0||
H:/test/two/fpga_arm/vitis/zc706_md/zynq_fsbl/zynq_fsbl_bsp/system.mss|system||

TRACE::2026-01-08.16:52:26::SCWMssOS::Sw design exists and opened at  H:/test/two/fpga_arm/vitis/zc706_md/ps7_cortexa9_0/standalone_ps7_cortexa9_0/bsp/system.mss
TRACE::2026-01-08.16:52:26::SCWWriter::formatted JSON is {
	"platformName":	"zc706_md",
	"sprVersion":	"2.0",
	"mode":	"gui",
	"dsaType":	"Fixed",
	"platformDesc":	"zc706_md",
	"platHandOff":	"H:/test/two/fpga_arm/design_1_wrapper.xsa",
	"platIntHandOff":	"<platformDir>/hw/design_1_wrapper.xsa",
	"deviceType":	"zynq",
	"platIsPrebuiltAutogen":	"false",
	"platIsNoBootBsp":	"false",
	"platFsblTarget":	"ps7_cortexa9_0",
	"hasFsblMakeHasChanges":	"false",
	"hasPmufwMakeHasChanges":	"false",
	"fsblExtraCompilerFlags":	"-MMD -MP       -mcpu=cortex-a9 -mfpu=vfpv3 -mfloat-abi=hard ",
	"platPreBuiltFlag":	false,
	"platformSamplesDir":	"",
	"platActiveSys":	"zc706_md",
	"systems":	[{
			"systemName":	"zc706_md",
			"systemDesc":	"zc706_md",
			"sysIsBootAutoGen":	"true",
			"systemDispName":	"zc706_md",
			"sysActiveDom":	"standalone_ps7_cortexa9_0",
			"sysDefaultDom":	"standalone_ps7_cortexa9_0",
			"domains":	[{
					"domainName":	"zynq_fsbl",
					"domainDispName":	"zynq_fsbl",
					"domainDesc":	"FSBL Application BSP - Auto Generated.",
					"processors":	"ps7_cortexa9_0",
					"os":	"standalone",
					"sdxOs":	"standalone",
					"debugEnable":	"",
					"domRuntimes":	["cpp"],
					"swRepo":	"",
					"mssOsVer":	"7.6",
					"mssFile":	"",
					"md5Digest":	"7cd591954aef16c446ad36e1353bac9a",
					"compatibleApp":	"zynq_fsbl",
					"domType":	"bootDomain",
					"arch":	"32-bit",
					"appSettings":	{
						"appCompilerFlags":	"",
						"appLinkerFlags":	""
					},
					"addedLibs":	["xilffs:4.6", "xilrsa:1.6"],
					"libOptions":	{
						"libsContainingOptions":	[]
					},
					"prebuiltLibs":	{
						"prebuiltIncPath":	[],
						"prebuiltLibPath":	[]
					},
					"isolation":	{
					}
				}, {
					"domainName":	"standalone_ps7_cortexa9_0",
					"domainDispName":	"standalone_ps7_cortexa9_0",
					"domainDesc":	"standalone_ps7_cortexa9_0",
					"processors":	"ps7_cortexa9_0",
					"os":	"standalone",
					"sdxOs":	"standalone",
					"qemuArgs":	"E:/xilinx/Vitis/2021.2/data/emulation/platforms/zynq/sw/a9_standalone/qemu/qemu_args.txt",
					"qemuData":	"E:/xilinx/Vitis/2021.2/data/emulation/platforms/zynq/sw/a9_standalone/qemu/",
					"debugEnable":	"False",
					"domRuntimes":	["cpp"],
					"swRepo":	"",
					"mssOsVer":	"7.6",
					"mssFile":	"",
					"md5Digest":	"07cadf1f9023a964df2d4802e9afcef2",
					"compatibleApp":	"lwip_echo_server",
					"domType":	"mssDomain",
					"arch":	"32-bit",
					"appSettings":	{
						"appCompilerFlags":	"",
						"appLinkerFlags":	""
					},
					"addedLibs":	["lwip211:1.6"],
					"libOptions":	{
						"libsContainingOptions":	[]
					},
					"prebuiltLibs":	{
						"prebuiltIncPath":	[],
						"prebuiltLibPath":	[]
					},
					"isolation":	{
					}
				}]
		}]
}
TRACE::2026-01-08.16:52:26::SCWPlatform::Trying to open the hw design at H:/test/two/fpga_arm/vitis/zc706_md/hw/design_1_wrapper.xsa
TRACE::2026-01-08.16:52:26::SCWPlatform::DSA given H:/test/two/fpga_arm/vitis/zc706_md/hw/design_1_wrapper.xsa
TRACE::2026-01-08.16:52:26::SCWPlatform::DSA absoulate path H:/test/two/fpga_arm/vitis/zc706_md/hw/design_1_wrapper.xsa
TRACE::2026-01-08.16:52:26::SCWPlatform::DSA directory H:/test/two/fpga_arm/vitis/zc706_md/hw
TRACE::2026-01-08.16:52:26::SCWPlatform:: Platform Path H:/test/two/fpga_arm/vitis/zc706_md/hw/design_1_wrapper.xsa
TRACE::2026-01-08.16:52:26::SCWPlatform:: Unique name xilinx:zc706::0.0
TRACE::2026-01-08.16:52:26::SCWPlatform::Trying to set the existing hwdb with name design_1_wrapper_0
TRACE::2026-01-08.16:52:26::SCWPlatform::Opened existing hwdb design_1_wrapper_0
TRACE::2026-01-08.16:52:26::SCWPlatform::Found the Hw Db part of the input DSA
TRACE::2026-01-08.16:52:26::SCWMssOS::Checking the sw design at  H:/test/two/fpga_arm/vitis/zc706_md/ps7_cortexa9_0/standalone_ps7_cortexa9_0/bsp/system.mss
TRACE::2026-01-08.16:52:26::SCWMssOS::DEBUG:  swdes dump  H:/test/two/fpga_arm/vitis/zc706_md/ps7_cortexa9_0/standalone_ps7_cortexa9_0/bsp/system.mss|system_0||
H:/test/two/fpga_arm/vitis/zc706_md/zynq_fsbl/zynq_fsbl_bsp/system.mss|system||

TRACE::2026-01-08.16:52:26::SCWMssOS::Sw design exists and opened at  H:/test/two/fpga_arm/vitis/zc706_md/ps7_cortexa9_0/standalone_ps7_cortexa9_0/bsp/system.mss
TRACE::2026-01-08.16:52:26::SCWPlatform::Trying to open the hw design at H:/test/two/fpga_arm/vitis/zc706_md/hw/design_1_wrapper.xsa
TRACE::2026-01-08.16:52:26::SCWPlatform::DSA given H:/test/two/fpga_arm/vitis/zc706_md/hw/design_1_wrapper.xsa
TRACE::2026-01-08.16:52:26::SCWPlatform::DSA absoulate path H:/test/two/fpga_arm/vitis/zc706_md/hw/design_1_wrapper.xsa
TRACE::2026-01-08.16:52:26::SCWPlatform::DSA directory H:/test/two/fpga_arm/vitis/zc706_md/hw
TRACE::2026-01-08.16:52:26::SCWPlatform:: Platform Path H:/test/two/fpga_arm/vitis/zc706_md/hw/design_1_wrapper.xsa
TRACE::2026-01-08.16:52:26::SCWPlatform:: Unique name xilinx:zc706::0.0
TRACE::2026-01-08.16:52:26::SCWPlatform::Trying to set the existing hwdb with name design_1_wrapper_0
TRACE::2026-01-08.16:52:26::SCWPlatform::Opened existing hwdb design_1_wrapper_0
TRACE::2026-01-08.16:52:26::SCWPlatform::Found the Hw Db part of the input DSA
TRACE::2026-01-08.16:52:26::SCWMssOS::Checking the sw design at  H:/test/two/fpga_arm/vitis/zc706_md/ps7_cortexa9_0/standalone_ps7_cortexa9_0/bsp/system.mss
TRACE::2026-01-08.16:52:26::SCWMssOS::DEBUG:  swdes dump  H:/test/two/fpga_arm/vitis/zc706_md/ps7_cortexa9_0/standalone_ps7_cortexa9_0/bsp/system.mss|system_0||
H:/test/two/fpga_arm/vitis/zc706_md/zynq_fsbl/zynq_fsbl_bsp/system.mss|system||

TRACE::2026-01-08.16:52:26::SCWMssOS::Sw design exists and opened at  H:/test/two/fpga_arm/vitis/zc706_md/ps7_cortexa9_0/standalone_ps7_cortexa9_0/bsp/system.mss
TRACE::2026-01-08.16:52:26::SCWMssOS::Saving the mss changes H:/test/two/fpga_arm/vitis/zc706_md/zynq_fsbl/zynq_fsbl_bsp/system.mss
TRACE::2026-01-08.16:52:26::SCWMssOS::Found a swdesign opened with the mssfile.
TRACE::2026-01-08.16:52:26::SCWMssOS::Completed writemss as part of save.
TRACE::2026-01-08.16:52:26::SCWMssOS::Commit changes completed.
TRACE::2026-01-08.16:52:26::SCWMssOS::Saving the mss changes H:/test/two/fpga_arm/vitis/zc706_md/ps7_cortexa9_0/standalone_ps7_cortexa9_0/bsp/system.mss
TRACE::2026-01-08.16:52:26::SCWMssOS::Found a swdesign opened with the mssfile.
TRACE::2026-01-08.16:52:26::SCWMssOS::Completed writemss as part of save.
TRACE::2026-01-08.16:52:26::SCWMssOS::Commit changes completed.
TRACE::2026-01-08.16:52:26::SCWPlatform::Trying to open the hw design at H:/test/two/fpga_arm/vitis/zc706_md/hw/design_1_wrapper.xsa
TRACE::2026-01-08.16:52:26::SCWPlatform::DSA given H:/test/two/fpga_arm/vitis/zc706_md/hw/design_1_wrapper.xsa
TRACE::2026-01-08.16:52:26::SCWPlatform::DSA absoulate path H:/test/two/fpga_arm/vitis/zc706_md/hw/design_1_wrapper.xsa
TRACE::2026-01-08.16:52:26::SCWPlatform::DSA directory H:/test/two/fpga_arm/vitis/zc706_md/hw
TRACE::2026-01-08.16:52:26::SCWPlatform:: Platform Path H:/test/two/fpga_arm/vitis/zc706_md/hw/design_1_wrapper.xsa
TRACE::2026-01-08.16:52:26::SCWPlatform:: Unique name xilinx:zc706::0.0
TRACE::2026-01-08.16:52:26::SCWPlatform::Trying to set the existing hwdb with name design_1_wrapper_0
TRACE::2026-01-08.16:52:26::SCWPlatform::Opened existing hwdb design_1_wrapper_0
TRACE::2026-01-08.16:52:26::SCWPlatform::Found the Hw Db part of the input DSA
TRACE::2026-01-08.16:52:26::SCWMssOS::Checking the sw design at  H:/test/two/fpga_arm/vitis/zc706_md/zynq_fsbl/zynq_fsbl_bsp/system.mss
TRACE::2026-01-08.16:52:26::SCWMssOS::DEBUG:  swdes dump  H:/test/two/fpga_arm/vitis/zc706_md/ps7_cortexa9_0/standalone_ps7_cortexa9_0/bsp/system.mss|system_0||
H:/test/two/fpga_arm/vitis/zc706_md/zynq_fsbl/zynq_fsbl_bsp/system.mss|system||

TRACE::2026-01-08.16:52:26::SCWMssOS::Sw design exists and opened at  H:/test/two/fpga_arm/vitis/zc706_md/zynq_fsbl/zynq_fsbl_bsp/system.mss
TRACE::2026-01-08.16:52:26::SCWPlatform::Trying to open the hw design at H:/test/two/fpga_arm/vitis/zc706_md/hw/design_1_wrapper.xsa
TRACE::2026-01-08.16:52:26::SCWPlatform::DSA given H:/test/two/fpga_arm/vitis/zc706_md/hw/design_1_wrapper.xsa
TRACE::2026-01-08.16:52:26::SCWPlatform::DSA absoulate path H:/test/two/fpga_arm/vitis/zc706_md/hw/design_1_wrapper.xsa
TRACE::2026-01-08.16:52:26::SCWPlatform::DSA directory H:/test/two/fpga_arm/vitis/zc706_md/hw
TRACE::2026-01-08.16:52:26::SCWPlatform:: Platform Path H:/test/two/fpga_arm/vitis/zc706_md/hw/design_1_wrapper.xsa
TRACE::2026-01-08.16:52:26::SCWPlatform:: Unique name xilinx:zc706::0.0
TRACE::2026-01-08.16:52:26::SCWPlatform::Trying to set the existing hwdb with name design_1_wrapper_0
TRACE::2026-01-08.16:52:26::SCWPlatform::Opened existing hwdb design_1_wrapper_0
TRACE::2026-01-08.16:52:26::SCWPlatform::Found the Hw Db part of the input DSA
TRACE::2026-01-08.16:52:26::SCWMssOS::Checking the sw design at  H:/test/two/fpga_arm/vitis/zc706_md/zynq_fsbl/zynq_fsbl_bsp/system.mss
TRACE::2026-01-08.16:52:26::SCWMssOS::DEBUG:  swdes dump  H:/test/two/fpga_arm/vitis/zc706_md/ps7_cortexa9_0/standalone_ps7_cortexa9_0/bsp/system.mss|system_0||
H:/test/two/fpga_arm/vitis/zc706_md/zynq_fsbl/zynq_fsbl_bsp/system.mss|system||

TRACE::2026-01-08.16:52:26::SCWMssOS::Sw design exists and opened at  H:/test/two/fpga_arm/vitis/zc706_md/zynq_fsbl/zynq_fsbl_bsp/system.mss
TRACE::2026-01-08.16:52:26::SCWPlatform::Trying to open the hw design at H:/test/two/fpga_arm/vitis/zc706_md/hw/design_1_wrapper.xsa
TRACE::2026-01-08.16:52:26::SCWPlatform::DSA given H:/test/two/fpga_arm/vitis/zc706_md/hw/design_1_wrapper.xsa
TRACE::2026-01-08.16:52:26::SCWPlatform::DSA absoulate path H:/test/two/fpga_arm/vitis/zc706_md/hw/design_1_wrapper.xsa
TRACE::2026-01-08.16:52:26::SCWPlatform::DSA directory H:/test/two/fpga_arm/vitis/zc706_md/hw
TRACE::2026-01-08.16:52:26::SCWPlatform:: Platform Path H:/test/two/fpga_arm/vitis/zc706_md/hw/design_1_wrapper.xsa
TRACE::2026-01-08.16:52:26::SCWPlatform:: Unique name xilinx:zc706::0.0
TRACE::2026-01-08.16:52:26::SCWPlatform::Trying to set the existing hwdb with name design_1_wrapper_0
TRACE::2026-01-08.16:52:26::SCWPlatform::Opened existing hwdb design_1_wrapper_0
TRACE::2026-01-08.16:52:26::SCWPlatform::Found the Hw Db part of the input DSA
TRACE::2026-01-08.16:52:26::SCWMssOS::Checking the sw design at  H:/test/two/fpga_arm/vitis/zc706_md/zynq_fsbl/zynq_fsbl_bsp/system.mss
TRACE::2026-01-08.16:52:26::SCWMssOS::DEBUG:  swdes dump  H:/test/two/fpga_arm/vitis/zc706_md/ps7_cortexa9_0/standalone_ps7_cortexa9_0/bsp/system.mss|system_0||
H:/test/two/fpga_arm/vitis/zc706_md/zynq_fsbl/zynq_fsbl_bsp/system.mss|system||

TRACE::2026-01-08.16:52:26::SCWMssOS::Sw design exists and opened at  H:/test/two/fpga_arm/vitis/zc706_md/zynq_fsbl/zynq_fsbl_bsp/system.mss
TRACE::2026-01-08.16:52:26::SCWPlatform::Trying to open the hw design at H:/test/two/fpga_arm/vitis/zc706_md/hw/design_1_wrapper.xsa
TRACE::2026-01-08.16:52:26::SCWPlatform::DSA given H:/test/two/fpga_arm/vitis/zc706_md/hw/design_1_wrapper.xsa
TRACE::2026-01-08.16:52:26::SCWPlatform::DSA absoulate path H:/test/two/fpga_arm/vitis/zc706_md/hw/design_1_wrapper.xsa
TRACE::2026-01-08.16:52:26::SCWPlatform::DSA directory H:/test/two/fpga_arm/vitis/zc706_md/hw
TRACE::2026-01-08.16:52:26::SCWPlatform:: Platform Path H:/test/two/fpga_arm/vitis/zc706_md/hw/design_1_wrapper.xsa
TRACE::2026-01-08.16:52:26::SCWPlatform:: Unique name xilinx:zc706::0.0
TRACE::2026-01-08.16:52:26::SCWPlatform::Trying to set the existing hwdb with name design_1_wrapper_0
TRACE::2026-01-08.16:52:26::SCWPlatform::Opened existing hwdb design_1_wrapper_0
TRACE::2026-01-08.16:52:26::SCWPlatform::Found the Hw Db part of the input DSA
TRACE::2026-01-08.16:52:26::SCWMssOS::Checking the sw design at  H:/test/two/fpga_arm/vitis/zc706_md/ps7_cortexa9_0/standalone_ps7_cortexa9_0/bsp/system.mss
TRACE::2026-01-08.16:52:26::SCWMssOS::DEBUG:  swdes dump  H:/test/two/fpga_arm/vitis/zc706_md/ps7_cortexa9_0/standalone_ps7_cortexa9_0/bsp/system.mss|system_0||
H:/test/two/fpga_arm/vitis/zc706_md/zynq_fsbl/zynq_fsbl_bsp/system.mss|system||

TRACE::2026-01-08.16:52:26::SCWMssOS::Sw design exists and opened at  H:/test/two/fpga_arm/vitis/zc706_md/ps7_cortexa9_0/standalone_ps7_cortexa9_0/bsp/system.mss
TRACE::2026-01-08.16:52:26::SCWPlatform::Trying to open the hw design at H:/test/two/fpga_arm/vitis/zc706_md/hw/design_1_wrapper.xsa
TRACE::2026-01-08.16:52:26::SCWPlatform::DSA given H:/test/two/fpga_arm/vitis/zc706_md/hw/design_1_wrapper.xsa
TRACE::2026-01-08.16:52:26::SCWPlatform::DSA absoulate path H:/test/two/fpga_arm/vitis/zc706_md/hw/design_1_wrapper.xsa
TRACE::2026-01-08.16:52:26::SCWPlatform::DSA directory H:/test/two/fpga_arm/vitis/zc706_md/hw
TRACE::2026-01-08.16:52:26::SCWPlatform:: Platform Path H:/test/two/fpga_arm/vitis/zc706_md/hw/design_1_wrapper.xsa
TRACE::2026-01-08.16:52:26::SCWPlatform:: Unique name xilinx:zc706::0.0
TRACE::2026-01-08.16:52:26::SCWPlatform::Trying to set the existing hwdb with name design_1_wrapper_0
TRACE::2026-01-08.16:52:26::SCWPlatform::Opened existing hwdb design_1_wrapper_0
TRACE::2026-01-08.16:52:26::SCWPlatform::Found the Hw Db part of the input DSA
TRACE::2026-01-08.16:52:26::SCWMssOS::Checking the sw design at  H:/test/two/fpga_arm/vitis/zc706_md/ps7_cortexa9_0/standalone_ps7_cortexa9_0/bsp/system.mss
TRACE::2026-01-08.16:52:26::SCWMssOS::DEBUG:  swdes dump  H:/test/two/fpga_arm/vitis/zc706_md/ps7_cortexa9_0/standalone_ps7_cortexa9_0/bsp/system.mss|system_0||
H:/test/two/fpga_arm/vitis/zc706_md/zynq_fsbl/zynq_fsbl_bsp/system.mss|system||

TRACE::2026-01-08.16:52:26::SCWMssOS::Sw design exists and opened at  H:/test/two/fpga_arm/vitis/zc706_md/ps7_cortexa9_0/standalone_ps7_cortexa9_0/bsp/system.mss
TRACE::2026-01-08.16:52:26::SCWPlatform::Trying to open the hw design at H:/test/two/fpga_arm/vitis/zc706_md/hw/design_1_wrapper.xsa
TRACE::2026-01-08.16:52:26::SCWPlatform::DSA given H:/test/two/fpga_arm/vitis/zc706_md/hw/design_1_wrapper.xsa
TRACE::2026-01-08.16:52:26::SCWPlatform::DSA absoulate path H:/test/two/fpga_arm/vitis/zc706_md/hw/design_1_wrapper.xsa
TRACE::2026-01-08.16:52:26::SCWPlatform::DSA directory H:/test/two/fpga_arm/vitis/zc706_md/hw
TRACE::2026-01-08.16:52:26::SCWPlatform:: Platform Path H:/test/two/fpga_arm/vitis/zc706_md/hw/design_1_wrapper.xsa
TRACE::2026-01-08.16:52:26::SCWPlatform:: Unique name xilinx:zc706::0.0
TRACE::2026-01-08.16:52:26::SCWPlatform::Trying to set the existing hwdb with name design_1_wrapper_0
TRACE::2026-01-08.16:52:26::SCWPlatform::Opened existing hwdb design_1_wrapper_0
TRACE::2026-01-08.16:52:26::SCWPlatform::Found the Hw Db part of the input DSA
TRACE::2026-01-08.16:52:26::SCWMssOS::Checking the sw design at  H:/test/two/fpga_arm/vitis/zc706_md/ps7_cortexa9_0/standalone_ps7_cortexa9_0/bsp/system.mss
TRACE::2026-01-08.16:52:26::SCWMssOS::DEBUG:  swdes dump  H:/test/two/fpga_arm/vitis/zc706_md/ps7_cortexa9_0/standalone_ps7_cortexa9_0/bsp/system.mss|system_0||
H:/test/two/fpga_arm/vitis/zc706_md/zynq_fsbl/zynq_fsbl_bsp/system.mss|system||

TRACE::2026-01-08.16:52:26::SCWMssOS::Sw design exists and opened at  H:/test/two/fpga_arm/vitis/zc706_md/ps7_cortexa9_0/standalone_ps7_cortexa9_0/bsp/system.mss
TRACE::2026-01-08.16:52:26::SCWWriter::formatted JSON is {
	"platformName":	"zc706_md",
	"sprVersion":	"2.0",
	"mode":	"gui",
	"dsaType":	"Fixed",
	"platformDesc":	"zc706_md",
	"platHandOff":	"H:/test/two/fpga_arm/design_1_wrapper.xsa",
	"platIntHandOff":	"<platformDir>/hw/design_1_wrapper.xsa",
	"deviceType":	"zynq",
	"platIsPrebuiltAutogen":	"false",
	"platIsNoBootBsp":	"false",
	"platFsblTarget":	"ps7_cortexa9_0",
	"hasFsblMakeHasChanges":	"false",
	"hasPmufwMakeHasChanges":	"false",
	"fsblExtraCompilerFlags":	"-MMD -MP       -mcpu=cortex-a9 -mfpu=vfpv3 -mfloat-abi=hard ",
	"platPreBuiltFlag":	false,
	"platformSamplesDir":	"",
	"platActiveSys":	"zc706_md",
	"systems":	[{
			"systemName":	"zc706_md",
			"systemDesc":	"zc706_md",
			"sysIsBootAutoGen":	"true",
			"systemDispName":	"zc706_md",
			"sysActiveDom":	"standalone_ps7_cortexa9_0",
			"sysDefaultDom":	"standalone_ps7_cortexa9_0",
			"domains":	[{
					"domainName":	"zynq_fsbl",
					"domainDispName":	"zynq_fsbl",
					"domainDesc":	"FSBL Application BSP - Auto Generated.",
					"processors":	"ps7_cortexa9_0",
					"os":	"standalone",
					"sdxOs":	"standalone",
					"debugEnable":	"",
					"domRuntimes":	["cpp"],
					"swRepo":	"",
					"mssOsVer":	"7.6",
					"mssFile":	"",
					"md5Digest":	"7cd591954aef16c446ad36e1353bac9a",
					"compatibleApp":	"zynq_fsbl",
					"domType":	"bootDomain",
					"arch":	"32-bit",
					"appSettings":	{
						"appCompilerFlags":	"",
						"appLinkerFlags":	""
					},
					"addedLibs":	["xilffs:4.6", "xilrsa:1.6"],
					"libOptions":	{
						"libsContainingOptions":	[]
					},
					"prebuiltLibs":	{
						"prebuiltIncPath":	[],
						"prebuiltLibPath":	[]
					},
					"isolation":	{
					}
				}, {
					"domainName":	"standalone_ps7_cortexa9_0",
					"domainDispName":	"standalone_ps7_cortexa9_0",
					"domainDesc":	"standalone_ps7_cortexa9_0",
					"processors":	"ps7_cortexa9_0",
					"os":	"standalone",
					"sdxOs":	"standalone",
					"qemuArgs":	"E:/xilinx/Vitis/2021.2/data/emulation/platforms/zynq/sw/a9_standalone/qemu/qemu_args.txt",
					"qemuData":	"E:/xilinx/Vitis/2021.2/data/emulation/platforms/zynq/sw/a9_standalone/qemu/",
					"debugEnable":	"False",
					"domRuntimes":	["cpp"],
					"swRepo":	"",
					"mssOsVer":	"7.6",
					"mssFile":	"",
					"md5Digest":	"07cadf1f9023a964df2d4802e9afcef2",
					"compatibleApp":	"lwip_echo_server",
					"domType":	"mssDomain",
					"arch":	"32-bit",
					"appSettings":	{
						"appCompilerFlags":	"",
						"appLinkerFlags":	""
					},
					"addedLibs":	["lwip211:1.6"],
					"libOptions":	{
						"libsContainingOptions":	[]
					},
					"prebuiltLibs":	{
						"prebuiltIncPath":	[],
						"prebuiltLibPath":	[]
					},
					"isolation":	{
					}
				}]
		}]
}
LOG::2026-01-08.16:52:27::SCWPlatform::Started generating the artifacts platform zc706_md
TRACE::2026-01-08.16:52:27::SCWPlatform::Sanity checking of platform is completed
LOG::2026-01-08.16:52:27::SCWPlatform::Started generating the artifacts for system configuration zc706_md
LOG::2026-01-08.16:52:27::SCWSystem::Started Processing the domain standalone_ps7_cortexa9_0
TRACE::2026-01-08.16:52:27::SCWDomain::Generating domain artifcats
TRACE::2026-01-08.16:52:27::SCWMssOS::Generating standalone artifcats
TRACE::2026-01-08.16:52:27::SCWMssOS::Copying the qemu file from  E:/xilinx/Vitis/2021.2/data/emulation/platforms/zynq/sw/a9_standalone/qemu/qemu_args.txt To H:/test/two/fpga_arm/vitis/zc706_md/export/zc706_md/sw/zc706_md/qemu/
TRACE::2026-01-08.16:52:27::SCWMssOS::Copying the qemu file from  E:/xilinx/Vitis/2021.2/data/emulation/platforms/zynq/sw/a9_standalone/qemu/qemu_args.txt To H:/test/two/fpga_arm/vitis/zc706_md/export/zc706_md/sw/zc706_md/standalone_ps7_cortexa9_0/qemu/
TRACE::2026-01-08.16:52:27::SCWMssOS:: Copying the user libraries. 
TRACE::2026-01-08.16:52:27::SCWPlatform::Trying to open the hw design at H:/test/two/fpga_arm/vitis/zc706_md/hw/design_1_wrapper.xsa
TRACE::2026-01-08.16:52:27::SCWPlatform::DSA given H:/test/two/fpga_arm/vitis/zc706_md/hw/design_1_wrapper.xsa
TRACE::2026-01-08.16:52:27::SCWPlatform::DSA absoulate path H:/test/two/fpga_arm/vitis/zc706_md/hw/design_1_wrapper.xsa
TRACE::2026-01-08.16:52:27::SCWPlatform::DSA directory H:/test/two/fpga_arm/vitis/zc706_md/hw
TRACE::2026-01-08.16:52:27::SCWPlatform:: Platform Path H:/test/two/fpga_arm/vitis/zc706_md/hw/design_1_wrapper.xsa
TRACE::2026-01-08.16:52:27::SCWPlatform:: Unique name xilinx:zc706::0.0
TRACE::2026-01-08.16:52:27::SCWPlatform::Trying to set the existing hwdb with name design_1_wrapper_0
TRACE::2026-01-08.16:52:27::SCWPlatform::Opened existing hwdb design_1_wrapper_0
TRACE::2026-01-08.16:52:27::SCWPlatform::Found the Hw Db part of the input DSA
TRACE::2026-01-08.16:52:27::SCWMssOS::Checking the sw design at  H:/test/two/fpga_arm/vitis/zc706_md/ps7_cortexa9_0/standalone_ps7_cortexa9_0/bsp/system.mss
TRACE::2026-01-08.16:52:27::SCWMssOS::DEBUG:  swdes dump  H:/test/two/fpga_arm/vitis/zc706_md/ps7_cortexa9_0/standalone_ps7_cortexa9_0/bsp/system.mss|system_0||
H:/test/two/fpga_arm/vitis/zc706_md/zynq_fsbl/zynq_fsbl_bsp/system.mss|system||

TRACE::2026-01-08.16:52:27::SCWMssOS::Sw design exists and opened at  H:/test/two/fpga_arm/vitis/zc706_md/ps7_cortexa9_0/standalone_ps7_cortexa9_0/bsp/system.mss
TRACE::2026-01-08.16:52:27::SCWMssOS::Completed writing the mss file at H:/test/two/fpga_arm/vitis/zc706_md/ps7_cortexa9_0/standalone_ps7_cortexa9_0/bsp
TRACE::2026-01-08.16:52:27::SCWMssOS::Mss edits present, copying mssfile into export location H:/test/two/fpga_arm/vitis/zc706_md/ps7_cortexa9_0/standalone_ps7_cortexa9_0/bsp/system.mss
TRACE::2026-01-08.16:52:27::SCWMssOS::bsp generated is upto date with the mss file. Skipping bsp generation.
TRACE::2026-01-08.16:52:27::SCWMssOS::BSP is already built. skipping the bsp build ... 
TRACE::2026-01-08.16:52:27::SCWDomain::Building the domain as part of full build :  standalone_ps7_cortexa9_0
TRACE::2026-01-08.16:52:27::SCWMssOS::skipping the bsp build ... 
TRACE::2026-01-08.16:52:27::SCWMssOS::Copying to export directory.
TRACE::2026-01-08.16:52:27::SCWMssOS:: Checking if to create the Supporting Applications
TRACE::2026-01-08.16:52:27::SCWMssOS:: No Linux domain exists, trying to generate FSBL 
TRACE::2026-01-08.16:52:27::SCWMssOS:: Completed Standalone Artifacts creation 
LOG::2026-01-08.16:52:27::SCWSystem::Completed Processing the domain standalone_ps7_cortexa9_0
LOG::2026-01-08.16:52:27::SCWSystem::Completed Processing the sysconfig zc706_md
LOG::2026-01-08.16:52:27::SCWPlatform::Completed generating the artifacts for system configuration zc706_md
TRACE::2026-01-08.16:52:27::SCWPlatform::Started preparing the platform 
TRACE::2026-01-08.16:52:27::SCWSystem::Writing the bif file for system config zc706_md
TRACE::2026-01-08.16:52:27::SCWSystem::dir created 
TRACE::2026-01-08.16:52:27::SCWSystem::Writing the bif 
TRACE::2026-01-08.16:52:27::SCWPlatform::Started writing the spfm file 
TRACE::2026-01-08.16:52:27::SCWPlatform::Started writing the xpfm file 
TRACE::2026-01-08.16:52:27::SCWPlatform::Completed generating the platform
TRACE::2026-01-08.16:52:27::SCWMssOS::Saving the mss changes H:/test/two/fpga_arm/vitis/zc706_md/zynq_fsbl/zynq_fsbl_bsp/system.mss
TRACE::2026-01-08.16:52:27::SCWMssOS::Found a swdesign opened with the mssfile.
TRACE::2026-01-08.16:52:27::SCWMssOS::Completed writemss as part of save.
TRACE::2026-01-08.16:52:27::SCWMssOS::Commit changes completed.
TRACE::2026-01-08.16:52:27::SCWMssOS::Saving the mss changes H:/test/two/fpga_arm/vitis/zc706_md/ps7_cortexa9_0/standalone_ps7_cortexa9_0/bsp/system.mss
TRACE::2026-01-08.16:52:27::SCWMssOS::Found a swdesign opened with the mssfile.
TRACE::2026-01-08.16:52:27::SCWMssOS::Completed writemss as part of save.
TRACE::2026-01-08.16:52:27::SCWMssOS::Commit changes completed.
TRACE::2026-01-08.16:52:27::SCWPlatform::Trying to open the hw design at H:/test/two/fpga_arm/vitis/zc706_md/hw/design_1_wrapper.xsa
TRACE::2026-01-08.16:52:27::SCWPlatform::DSA given H:/test/two/fpga_arm/vitis/zc706_md/hw/design_1_wrapper.xsa
TRACE::2026-01-08.16:52:27::SCWPlatform::DSA absoulate path H:/test/two/fpga_arm/vitis/zc706_md/hw/design_1_wrapper.xsa
TRACE::2026-01-08.16:52:27::SCWPlatform::DSA directory H:/test/two/fpga_arm/vitis/zc706_md/hw
TRACE::2026-01-08.16:52:27::SCWPlatform:: Platform Path H:/test/two/fpga_arm/vitis/zc706_md/hw/design_1_wrapper.xsa
TRACE::2026-01-08.16:52:27::SCWPlatform:: Unique name xilinx:zc706::0.0
TRACE::2026-01-08.16:52:27::SCWPlatform::Trying to set the existing hwdb with name design_1_wrapper_0
TRACE::2026-01-08.16:52:27::SCWPlatform::Opened existing hwdb design_1_wrapper_0
TRACE::2026-01-08.16:52:27::SCWPlatform::Found the Hw Db part of the input DSA
TRACE::2026-01-08.16:52:27::SCWMssOS::Checking the sw design at  H:/test/two/fpga_arm/vitis/zc706_md/zynq_fsbl/zynq_fsbl_bsp/system.mss
TRACE::2026-01-08.16:52:27::SCWMssOS::DEBUG:  swdes dump  H:/test/two/fpga_arm/vitis/zc706_md/ps7_cortexa9_0/standalone_ps7_cortexa9_0/bsp/system.mss|system_0||
H:/test/two/fpga_arm/vitis/zc706_md/zynq_fsbl/zynq_fsbl_bsp/system.mss|system||

TRACE::2026-01-08.16:52:27::SCWMssOS::Sw design exists and opened at  H:/test/two/fpga_arm/vitis/zc706_md/zynq_fsbl/zynq_fsbl_bsp/system.mss
TRACE::2026-01-08.16:52:27::SCWPlatform::Trying to open the hw design at H:/test/two/fpga_arm/vitis/zc706_md/hw/design_1_wrapper.xsa
TRACE::2026-01-08.16:52:27::SCWPlatform::DSA given H:/test/two/fpga_arm/vitis/zc706_md/hw/design_1_wrapper.xsa
TRACE::2026-01-08.16:52:27::SCWPlatform::DSA absoulate path H:/test/two/fpga_arm/vitis/zc706_md/hw/design_1_wrapper.xsa
TRACE::2026-01-08.16:52:27::SCWPlatform::DSA directory H:/test/two/fpga_arm/vitis/zc706_md/hw
TRACE::2026-01-08.16:52:27::SCWPlatform:: Platform Path H:/test/two/fpga_arm/vitis/zc706_md/hw/design_1_wrapper.xsa
TRACE::2026-01-08.16:52:27::SCWPlatform:: Unique name xilinx:zc706::0.0
TRACE::2026-01-08.16:52:27::SCWPlatform::Trying to set the existing hwdb with name design_1_wrapper_0
TRACE::2026-01-08.16:52:27::SCWPlatform::Opened existing hwdb design_1_wrapper_0
TRACE::2026-01-08.16:52:27::SCWPlatform::Found the Hw Db part of the input DSA
TRACE::2026-01-08.16:52:27::SCWMssOS::Checking the sw design at  H:/test/two/fpga_arm/vitis/zc706_md/zynq_fsbl/zynq_fsbl_bsp/system.mss
TRACE::2026-01-08.16:52:27::SCWMssOS::DEBUG:  swdes dump  H:/test/two/fpga_arm/vitis/zc706_md/ps7_cortexa9_0/standalone_ps7_cortexa9_0/bsp/system.mss|system_0||
H:/test/two/fpga_arm/vitis/zc706_md/zynq_fsbl/zynq_fsbl_bsp/system.mss|system||

TRACE::2026-01-08.16:52:27::SCWMssOS::Sw design exists and opened at  H:/test/two/fpga_arm/vitis/zc706_md/zynq_fsbl/zynq_fsbl_bsp/system.mss
TRACE::2026-01-08.16:52:27::SCWPlatform::Trying to open the hw design at H:/test/two/fpga_arm/vitis/zc706_md/hw/design_1_wrapper.xsa
TRACE::2026-01-08.16:52:27::SCWPlatform::DSA given H:/test/two/fpga_arm/vitis/zc706_md/hw/design_1_wrapper.xsa
TRACE::2026-01-08.16:52:27::SCWPlatform::DSA absoulate path H:/test/two/fpga_arm/vitis/zc706_md/hw/design_1_wrapper.xsa
TRACE::2026-01-08.16:52:27::SCWPlatform::DSA directory H:/test/two/fpga_arm/vitis/zc706_md/hw
TRACE::2026-01-08.16:52:27::SCWPlatform:: Platform Path H:/test/two/fpga_arm/vitis/zc706_md/hw/design_1_wrapper.xsa
TRACE::2026-01-08.16:52:27::SCWPlatform:: Unique name xilinx:zc706::0.0
TRACE::2026-01-08.16:52:27::SCWPlatform::Trying to set the existing hwdb with name design_1_wrapper_0
TRACE::2026-01-08.16:52:27::SCWPlatform::Opened existing hwdb design_1_wrapper_0
TRACE::2026-01-08.16:52:27::SCWPlatform::Found the Hw Db part of the input DSA
TRACE::2026-01-08.16:52:27::SCWMssOS::Checking the sw design at  H:/test/two/fpga_arm/vitis/zc706_md/zynq_fsbl/zynq_fsbl_bsp/system.mss
TRACE::2026-01-08.16:52:27::SCWMssOS::DEBUG:  swdes dump  H:/test/two/fpga_arm/vitis/zc706_md/ps7_cortexa9_0/standalone_ps7_cortexa9_0/bsp/system.mss|system_0||
H:/test/two/fpga_arm/vitis/zc706_md/zynq_fsbl/zynq_fsbl_bsp/system.mss|system||

TRACE::2026-01-08.16:52:27::SCWMssOS::Sw design exists and opened at  H:/test/two/fpga_arm/vitis/zc706_md/zynq_fsbl/zynq_fsbl_bsp/system.mss
TRACE::2026-01-08.16:52:27::SCWPlatform::Trying to open the hw design at H:/test/two/fpga_arm/vitis/zc706_md/hw/design_1_wrapper.xsa
TRACE::2026-01-08.16:52:27::SCWPlatform::DSA given H:/test/two/fpga_arm/vitis/zc706_md/hw/design_1_wrapper.xsa
TRACE::2026-01-08.16:52:27::SCWPlatform::DSA absoulate path H:/test/two/fpga_arm/vitis/zc706_md/hw/design_1_wrapper.xsa
TRACE::2026-01-08.16:52:27::SCWPlatform::DSA directory H:/test/two/fpga_arm/vitis/zc706_md/hw
TRACE::2026-01-08.16:52:27::SCWPlatform:: Platform Path H:/test/two/fpga_arm/vitis/zc706_md/hw/design_1_wrapper.xsa
TRACE::2026-01-08.16:52:27::SCWPlatform:: Unique name xilinx:zc706::0.0
TRACE::2026-01-08.16:52:27::SCWPlatform::Trying to set the existing hwdb with name design_1_wrapper_0
TRACE::2026-01-08.16:52:27::SCWPlatform::Opened existing hwdb design_1_wrapper_0
TRACE::2026-01-08.16:52:27::SCWPlatform::Found the Hw Db part of the input DSA
TRACE::2026-01-08.16:52:27::SCWMssOS::Checking the sw design at  H:/test/two/fpga_arm/vitis/zc706_md/ps7_cortexa9_0/standalone_ps7_cortexa9_0/bsp/system.mss
TRACE::2026-01-08.16:52:27::SCWMssOS::DEBUG:  swdes dump  H:/test/two/fpga_arm/vitis/zc706_md/ps7_cortexa9_0/standalone_ps7_cortexa9_0/bsp/system.mss|system_0||
H:/test/two/fpga_arm/vitis/zc706_md/zynq_fsbl/zynq_fsbl_bsp/system.mss|system||

TRACE::2026-01-08.16:52:27::SCWMssOS::Sw design exists and opened at  H:/test/two/fpga_arm/vitis/zc706_md/ps7_cortexa9_0/standalone_ps7_cortexa9_0/bsp/system.mss
TRACE::2026-01-08.16:52:27::SCWPlatform::Trying to open the hw design at H:/test/two/fpga_arm/vitis/zc706_md/hw/design_1_wrapper.xsa
TRACE::2026-01-08.16:52:27::SCWPlatform::DSA given H:/test/two/fpga_arm/vitis/zc706_md/hw/design_1_wrapper.xsa
TRACE::2026-01-08.16:52:27::SCWPlatform::DSA absoulate path H:/test/two/fpga_arm/vitis/zc706_md/hw/design_1_wrapper.xsa
TRACE::2026-01-08.16:52:27::SCWPlatform::DSA directory H:/test/two/fpga_arm/vitis/zc706_md/hw
TRACE::2026-01-08.16:52:27::SCWPlatform:: Platform Path H:/test/two/fpga_arm/vitis/zc706_md/hw/design_1_wrapper.xsa
TRACE::2026-01-08.16:52:27::SCWPlatform:: Unique name xilinx:zc706::0.0
TRACE::2026-01-08.16:52:27::SCWPlatform::Trying to set the existing hwdb with name design_1_wrapper_0
TRACE::2026-01-08.16:52:27::SCWPlatform::Opened existing hwdb design_1_wrapper_0
TRACE::2026-01-08.16:52:27::SCWPlatform::Found the Hw Db part of the input DSA
TRACE::2026-01-08.16:52:27::SCWMssOS::Checking the sw design at  H:/test/two/fpga_arm/vitis/zc706_md/ps7_cortexa9_0/standalone_ps7_cortexa9_0/bsp/system.mss
TRACE::2026-01-08.16:52:27::SCWMssOS::DEBUG:  swdes dump  H:/test/two/fpga_arm/vitis/zc706_md/ps7_cortexa9_0/standalone_ps7_cortexa9_0/bsp/system.mss|system_0||
H:/test/two/fpga_arm/vitis/zc706_md/zynq_fsbl/zynq_fsbl_bsp/system.mss|system||

TRACE::2026-01-08.16:52:27::SCWMssOS::Sw design exists and opened at  H:/test/two/fpga_arm/vitis/zc706_md/ps7_cortexa9_0/standalone_ps7_cortexa9_0/bsp/system.mss
TRACE::2026-01-08.16:52:27::SCWPlatform::Trying to open the hw design at H:/test/two/fpga_arm/vitis/zc706_md/hw/design_1_wrapper.xsa
TRACE::2026-01-08.16:52:27::SCWPlatform::DSA given H:/test/two/fpga_arm/vitis/zc706_md/hw/design_1_wrapper.xsa
TRACE::2026-01-08.16:52:27::SCWPlatform::DSA absoulate path H:/test/two/fpga_arm/vitis/zc706_md/hw/design_1_wrapper.xsa
TRACE::2026-01-08.16:52:27::SCWPlatform::DSA directory H:/test/two/fpga_arm/vitis/zc706_md/hw
TRACE::2026-01-08.16:52:27::SCWPlatform:: Platform Path H:/test/two/fpga_arm/vitis/zc706_md/hw/design_1_wrapper.xsa
TRACE::2026-01-08.16:52:27::SCWPlatform:: Unique name xilinx:zc706::0.0
TRACE::2026-01-08.16:52:27::SCWPlatform::Trying to set the existing hwdb with name design_1_wrapper_0
TRACE::2026-01-08.16:52:27::SCWPlatform::Opened existing hwdb design_1_wrapper_0
TRACE::2026-01-08.16:52:27::SCWPlatform::Found the Hw Db part of the input DSA
TRACE::2026-01-08.16:52:27::SCWMssOS::Checking the sw design at  H:/test/two/fpga_arm/vitis/zc706_md/ps7_cortexa9_0/standalone_ps7_cortexa9_0/bsp/system.mss
TRACE::2026-01-08.16:52:27::SCWMssOS::DEBUG:  swdes dump  H:/test/two/fpga_arm/vitis/zc706_md/ps7_cortexa9_0/standalone_ps7_cortexa9_0/bsp/system.mss|system_0||
H:/test/two/fpga_arm/vitis/zc706_md/zynq_fsbl/zynq_fsbl_bsp/system.mss|system||

TRACE::2026-01-08.16:52:27::SCWMssOS::Sw design exists and opened at  H:/test/two/fpga_arm/vitis/zc706_md/ps7_cortexa9_0/standalone_ps7_cortexa9_0/bsp/system.mss
TRACE::2026-01-08.16:52:27::SCWWriter::formatted JSON is {
	"platformName":	"zc706_md",
	"sprVersion":	"2.0",
	"mode":	"gui",
	"dsaType":	"Fixed",
	"platformDesc":	"zc706_md",
	"platHandOff":	"H:/test/two/fpga_arm/design_1_wrapper.xsa",
	"platIntHandOff":	"<platformDir>/hw/design_1_wrapper.xsa",
	"deviceType":	"zynq",
	"platIsPrebuiltAutogen":	"false",
	"platIsNoBootBsp":	"false",
	"platFsblTarget":	"ps7_cortexa9_0",
	"hasFsblMakeHasChanges":	"false",
	"hasPmufwMakeHasChanges":	"false",
	"fsblExtraCompilerFlags":	"-MMD -MP       -mcpu=cortex-a9 -mfpu=vfpv3 -mfloat-abi=hard ",
	"platPreBuiltFlag":	false,
	"platformSamplesDir":	"",
	"platActiveSys":	"zc706_md",
	"systems":	[{
			"systemName":	"zc706_md",
			"systemDesc":	"zc706_md",
			"sysIsBootAutoGen":	"true",
			"systemDispName":	"zc706_md",
			"sysActiveDom":	"standalone_ps7_cortexa9_0",
			"sysDefaultDom":	"standalone_ps7_cortexa9_0",
			"domains":	[{
					"domainName":	"zynq_fsbl",
					"domainDispName":	"zynq_fsbl",
					"domainDesc":	"FSBL Application BSP - Auto Generated.",
					"processors":	"ps7_cortexa9_0",
					"os":	"standalone",
					"sdxOs":	"standalone",
					"debugEnable":	"",
					"domRuntimes":	["cpp"],
					"swRepo":	"",
					"mssOsVer":	"7.6",
					"mssFile":	"",
					"md5Digest":	"7cd591954aef16c446ad36e1353bac9a",
					"compatibleApp":	"zynq_fsbl",
					"domType":	"bootDomain",
					"arch":	"32-bit",
					"appSettings":	{
						"appCompilerFlags":	"",
						"appLinkerFlags":	""
					},
					"addedLibs":	["xilffs:4.6", "xilrsa:1.6"],
					"libOptions":	{
						"libsContainingOptions":	[]
					},
					"prebuiltLibs":	{
						"prebuiltIncPath":	[],
						"prebuiltLibPath":	[]
					},
					"isolation":	{
					}
				}, {
					"domainName":	"standalone_ps7_cortexa9_0",
					"domainDispName":	"standalone_ps7_cortexa9_0",
					"domainDesc":	"standalone_ps7_cortexa9_0",
					"processors":	"ps7_cortexa9_0",
					"os":	"standalone",
					"sdxOs":	"standalone",
					"qemuArgs":	"E:/xilinx/Vitis/2021.2/data/emulation/platforms/zynq/sw/a9_standalone/qemu/qemu_args.txt",
					"qemuData":	"E:/xilinx/Vitis/2021.2/data/emulation/platforms/zynq/sw/a9_standalone/qemu/",
					"debugEnable":	"False",
					"domRuntimes":	["cpp"],
					"swRepo":	"",
					"mssOsVer":	"7.6",
					"mssFile":	"",
					"md5Digest":	"07cadf1f9023a964df2d4802e9afcef2",
					"compatibleApp":	"lwip_echo_server",
					"domType":	"mssDomain",
					"arch":	"32-bit",
					"appSettings":	{
						"appCompilerFlags":	"",
						"appLinkerFlags":	""
					},
					"addedLibs":	["lwip211:1.6"],
					"libOptions":	{
						"libsContainingOptions":	[]
					},
					"prebuiltLibs":	{
						"prebuiltIncPath":	[],
						"prebuiltLibPath":	[]
					},
					"isolation":	{
					}
				}]
		}]
}
KEYINFO::2026-01-08.16:52:27::SCWPlatform::updated the xpfm file.
TRACE::2026-01-08.16:53:20::SCWPlatform::Clearing the existing platform
TRACE::2026-01-08.16:53:20::SCWSystem::Clearing the existing sysconfig
TRACE::2026-01-08.16:53:20::SCWBDomain::clearing the fsbl build
TRACE::2026-01-08.16:53:20::SCWMssOS::Removing the swdes entry for  H:/test/two/fpga_arm/vitis/zc706_md/zynq_fsbl/zynq_fsbl_bsp/system.mss
TRACE::2026-01-08.16:53:20::SCWMssOS::Removing the swdes entry for  H:/test/two/fpga_arm/vitis/zc706_md/ps7_cortexa9_0/standalone_ps7_cortexa9_0/bsp/system.mss
TRACE::2026-01-08.16:53:20::SCWSystem::Clearing the domains completed.
TRACE::2026-01-08.16:53:20::SCWPlatform::Clearing the opened hw db.
TRACE::2026-01-08.16:53:20::SCWPlatform::DSA given H:/test/two/fpga_arm/vitis/zc706_md/hw/design_1_wrapper.xsa
TRACE::2026-01-08.16:53:20::SCWPlatform::DSA absoulate path H:/test/two/fpga_arm/vitis/zc706_md/hw/design_1_wrapper.xsa
TRACE::2026-01-08.16:53:20::SCWPlatform:: Platform location is H:/test/two/fpga_arm/vitis/zc706_md/hw
TRACE::2026-01-08.16:53:20::SCWPlatform:: Platform Path H:/test/two/fpga_arm/vitis/zc706_md/hw/design_1_wrapper.xsa
TRACE::2026-01-08.16:53:20::SCWPlatform:: Unique name xilinx:zc706::0.0
TRACE::2026-01-08.16:53:20::SCWPlatform::Removing the HwDB with name H:/test/two/fpga_arm/vitis/zc706_md/hw/design_1_wrapper.xsa
TRACE::2026-01-08.16:53:20::SCWPlatform::Trying to open the hw design at H:/test/two/fpga_arm/vitis/zc706_md/hw/design_1_wrapper.xsa
TRACE::2026-01-08.16:53:20::SCWPlatform::DSA given H:/test/two/fpga_arm/vitis/zc706_md/hw/design_1_wrapper.xsa
TRACE::2026-01-08.16:53:20::SCWPlatform::DSA absoulate path H:/test/two/fpga_arm/vitis/zc706_md/hw/design_1_wrapper.xsa
TRACE::2026-01-08.16:53:20::SCWPlatform::DSA directory H:/test/two/fpga_arm/vitis/zc706_md/hw
TRACE::2026-01-08.16:53:20::SCWPlatform:: Platform Path H:/test/two/fpga_arm/vitis/zc706_md/hw/design_1_wrapper.xsa
TRACE::2026-01-08.16:53:20::SCWPlatform:: Unique name xilinx:zc706::0.0
TRACE::2026-01-08.16:53:20::SCWPlatform::Do not have an existing db opened. 
TRACE::2026-01-08.16:53:24::SCWPlatform::Opened new HwDB with name design_1_wrapper_2
TRACE::2026-01-08.16:53:24::SCWReader::Active system found as  zc706_md
TRACE::2026-01-08.16:53:24::SCWReader::Handling sysconfig zc706_md
TRACE::2026-01-08.16:53:24::SCWDomain::checking for install qemu data   : 
TRACE::2026-01-08.16:53:24::SCWDomain:: Using the QEMU Data from install at  : E:/xilinx/Vitis/2021.2/data/emulation/platforms/zynq/sw/a9_standalone/qemu/
TRACE::2026-01-08.16:53:24::SCWDomain:: Using the QEMU args  from install at  : E:/xilinx/Vitis/2021.2/data/emulation/platforms/zynq/sw/a9_standalone/qemu/qemu_args.txt
TRACE::2026-01-08.16:53:24::SCWPlatform::Trying to open the hw design at H:/test/two/fpga_arm/vitis/zc706_md/hw/design_1_wrapper.xsa
TRACE::2026-01-08.16:53:25::SCWPlatform::DSA given H:/test/two/fpga_arm/vitis/zc706_md/hw/design_1_wrapper.xsa
TRACE::2026-01-08.16:53:25::SCWPlatform::DSA absoulate path H:/test/two/fpga_arm/vitis/zc706_md/hw/design_1_wrapper.xsa
TRACE::2026-01-08.16:53:25::SCWPlatform::DSA directory H:/test/two/fpga_arm/vitis/zc706_md/hw
TRACE::2026-01-08.16:53:25::SCWPlatform:: Platform Path H:/test/two/fpga_arm/vitis/zc706_md/hw/design_1_wrapper.xsa
TRACE::2026-01-08.16:53:25::SCWPlatform:: Unique name xilinx:zc706::0.0
TRACE::2026-01-08.16:53:25::SCWPlatform::Trying to set the existing hwdb with name design_1_wrapper_2
TRACE::2026-01-08.16:53:25::SCWPlatform::Opened existing hwdb design_1_wrapper_2
TRACE::2026-01-08.16:53:25::SCWPlatform::Found the Hw Db part of the input DSA
TRACE::2026-01-08.16:53:25::SCWPlatform::Trying to open the hw design at H:/test/two/fpga_arm/vitis/zc706_md/hw/design_1_wrapper.xsa
TRACE::2026-01-08.16:53:25::SCWPlatform::DSA given H:/test/two/fpga_arm/vitis/zc706_md/hw/design_1_wrapper.xsa
TRACE::2026-01-08.16:53:25::SCWPlatform::DSA absoulate path H:/test/two/fpga_arm/vitis/zc706_md/hw/design_1_wrapper.xsa
TRACE::2026-01-08.16:53:25::SCWPlatform::DSA directory H:/test/two/fpga_arm/vitis/zc706_md/hw
TRACE::2026-01-08.16:53:25::SCWPlatform:: Platform Path H:/test/two/fpga_arm/vitis/zc706_md/hw/design_1_wrapper.xsa
TRACE::2026-01-08.16:53:25::SCWPlatform:: Unique name xilinx:zc706::0.0
TRACE::2026-01-08.16:53:25::SCWPlatform::Trying to set the existing hwdb with name design_1_wrapper_2
TRACE::2026-01-08.16:53:25::SCWPlatform::Opened existing hwdb design_1_wrapper_2
TRACE::2026-01-08.16:53:25::SCWPlatform::Found the Hw Db part of the input DSA
TRACE::2026-01-08.16:53:25::SCWPlatform::Trying to open the hw design at H:/test/two/fpga_arm/vitis/zc706_md/hw/design_1_wrapper.xsa
TRACE::2026-01-08.16:53:25::SCWPlatform::DSA given H:/test/two/fpga_arm/vitis/zc706_md/hw/design_1_wrapper.xsa
TRACE::2026-01-08.16:53:25::SCWPlatform::DSA absoulate path H:/test/two/fpga_arm/vitis/zc706_md/hw/design_1_wrapper.xsa
TRACE::2026-01-08.16:53:25::SCWPlatform::DSA directory H:/test/two/fpga_arm/vitis/zc706_md/hw
TRACE::2026-01-08.16:53:25::SCWPlatform:: Platform Path H:/test/two/fpga_arm/vitis/zc706_md/hw/design_1_wrapper.xsa
TRACE::2026-01-08.16:53:25::SCWPlatform:: Unique name xilinx:zc706::0.0
TRACE::2026-01-08.16:53:25::SCWPlatform::Trying to set the existing hwdb with name design_1_wrapper_2
TRACE::2026-01-08.16:53:25::SCWPlatform::Opened existing hwdb design_1_wrapper_2
TRACE::2026-01-08.16:53:25::SCWPlatform::Found the Hw Db part of the input DSA
TRACE::2026-01-08.16:53:25::SCWReader::Boot application domain added for zynq_fsbl
TRACE::2026-01-08.16:53:25::SCWPlatform::Trying to open the hw design at H:/test/two/fpga_arm/vitis/zc706_md/hw/design_1_wrapper.xsa
TRACE::2026-01-08.16:53:25::SCWPlatform::DSA given H:/test/two/fpga_arm/vitis/zc706_md/hw/design_1_wrapper.xsa
TRACE::2026-01-08.16:53:25::SCWPlatform::DSA absoulate path H:/test/two/fpga_arm/vitis/zc706_md/hw/design_1_wrapper.xsa
TRACE::2026-01-08.16:53:25::SCWPlatform::DSA directory H:/test/two/fpga_arm/vitis/zc706_md/hw
TRACE::2026-01-08.16:53:25::SCWPlatform:: Platform Path H:/test/two/fpga_arm/vitis/zc706_md/hw/design_1_wrapper.xsa
TRACE::2026-01-08.16:53:25::SCWPlatform:: Unique name xilinx:zc706::0.0
TRACE::2026-01-08.16:53:25::SCWPlatform::Trying to set the existing hwdb with name design_1_wrapper_2
TRACE::2026-01-08.16:53:25::SCWPlatform::Opened existing hwdb design_1_wrapper_2
TRACE::2026-01-08.16:53:25::SCWPlatform::Found the Hw Db part of the input DSA
TRACE::2026-01-08.16:53:25::SCWMssOS::Checking the sw design at  H:/test/two/fpga_arm/vitis/zc706_md/zynq_fsbl/zynq_fsbl_bsp/system.mss
TRACE::2026-01-08.16:53:25::SCWMssOS::DEBUG:  swdes dump  
TRACE::2026-01-08.16:53:25::SCWMssOS::No sw design opened at  H:/test/two/fpga_arm/vitis/zc706_md/zynq_fsbl/zynq_fsbl_bsp/system.mss
TRACE::2026-01-08.16:53:25::SCWMssOS::mss exists loading the mss file  H:/test/two/fpga_arm/vitis/zc706_md/zynq_fsbl/zynq_fsbl_bsp/system.mss
TRACE::2026-01-08.16:53:25::SCWMssOS::Opened the sw design from mss  H:/test/two/fpga_arm/vitis/zc706_md/zynq_fsbl/zynq_fsbl_bsp/system.mss
TRACE::2026-01-08.16:53:25::SCWMssOS::Adding the swdes entry H:/test/two/fpga_arm/vitis/zc706_md/zynq_fsbl/zynq_fsbl_bsp/system.mss with des name system
TRACE::2026-01-08.16:53:25::SCWMssOS::updating the scw layer about changes
TRACE::2026-01-08.16:53:25::SCWMssOS::Opened the sw design.  H:/test/two/fpga_arm/vitis/zc706_md/zynq_fsbl/zynq_fsbl_bsp/system.mss
TRACE::2026-01-08.16:53:25::SCWPlatform::Trying to open the hw design at H:/test/two/fpga_arm/vitis/zc706_md/hw/design_1_wrapper.xsa
TRACE::2026-01-08.16:53:25::SCWPlatform::DSA given H:/test/two/fpga_arm/vitis/zc706_md/hw/design_1_wrapper.xsa
TRACE::2026-01-08.16:53:25::SCWPlatform::DSA absoulate path H:/test/two/fpga_arm/vitis/zc706_md/hw/design_1_wrapper.xsa
TRACE::2026-01-08.16:53:25::SCWPlatform::DSA directory H:/test/two/fpga_arm/vitis/zc706_md/hw
TRACE::2026-01-08.16:53:25::SCWPlatform:: Platform Path H:/test/two/fpga_arm/vitis/zc706_md/hw/design_1_wrapper.xsa
TRACE::2026-01-08.16:53:25::SCWPlatform:: Unique name xilinx:zc706::0.0
TRACE::2026-01-08.16:53:25::SCWPlatform::Trying to set the existing hwdb with name design_1_wrapper_2
TRACE::2026-01-08.16:53:25::SCWPlatform::Opened existing hwdb design_1_wrapper_2
TRACE::2026-01-08.16:53:25::SCWPlatform::Found the Hw Db part of the input DSA
TRACE::2026-01-08.16:53:25::SCWMssOS::Checking the sw design at  H:/test/two/fpga_arm/vitis/zc706_md/zynq_fsbl/zynq_fsbl_bsp/system.mss
TRACE::2026-01-08.16:53:25::SCWMssOS::DEBUG:  swdes dump  H:/test/two/fpga_arm/vitis/zc706_md/zynq_fsbl/zynq_fsbl_bsp/system.mss|system||

TRACE::2026-01-08.16:53:25::SCWMssOS::Sw design exists and opened at  H:/test/two/fpga_arm/vitis/zc706_md/zynq_fsbl/zynq_fsbl_bsp/system.mss
TRACE::2026-01-08.16:53:25::SCWMssOS:: library already available in sw design:  xilffs:4.6
TRACE::2026-01-08.16:53:25::SCWPlatform::Trying to open the hw design at H:/test/two/fpga_arm/vitis/zc706_md/hw/design_1_wrapper.xsa
TRACE::2026-01-08.16:53:25::SCWPlatform::DSA given H:/test/two/fpga_arm/vitis/zc706_md/hw/design_1_wrapper.xsa
TRACE::2026-01-08.16:53:25::SCWPlatform::DSA absoulate path H:/test/two/fpga_arm/vitis/zc706_md/hw/design_1_wrapper.xsa
TRACE::2026-01-08.16:53:25::SCWPlatform::DSA directory H:/test/two/fpga_arm/vitis/zc706_md/hw
TRACE::2026-01-08.16:53:25::SCWPlatform:: Platform Path H:/test/two/fpga_arm/vitis/zc706_md/hw/design_1_wrapper.xsa
TRACE::2026-01-08.16:53:25::SCWPlatform:: Unique name xilinx:zc706::0.0
TRACE::2026-01-08.16:53:25::SCWPlatform::Trying to set the existing hwdb with name design_1_wrapper_2
TRACE::2026-01-08.16:53:25::SCWPlatform::Opened existing hwdb design_1_wrapper_2
TRACE::2026-01-08.16:53:25::SCWPlatform::Found the Hw Db part of the input DSA
TRACE::2026-01-08.16:53:25::SCWMssOS::Checking the sw design at  H:/test/two/fpga_arm/vitis/zc706_md/zynq_fsbl/zynq_fsbl_bsp/system.mss
TRACE::2026-01-08.16:53:25::SCWMssOS::DEBUG:  swdes dump  H:/test/two/fpga_arm/vitis/zc706_md/zynq_fsbl/zynq_fsbl_bsp/system.mss|system||

TRACE::2026-01-08.16:53:25::SCWMssOS::Sw design exists and opened at  H:/test/two/fpga_arm/vitis/zc706_md/zynq_fsbl/zynq_fsbl_bsp/system.mss
TRACE::2026-01-08.16:53:25::SCWMssOS:: library already available in sw design:  xilrsa:1.6
TRACE::2026-01-08.16:53:25::SCWMssOS::Saving the mss changes H:/test/two/fpga_arm/vitis/zc706_md/zynq_fsbl/zynq_fsbl_bsp/system.mss
TRACE::2026-01-08.16:53:25::SCWMssOS::Found a swdesign opened with the mssfile.
TRACE::2026-01-08.16:53:25::SCWMssOS::Completed writemss as part of save.
TRACE::2026-01-08.16:53:25::SCWMssOS::Commit changes completed.
TRACE::2026-01-08.16:53:25::SCWReader::Adding prebuilt librarypaths as   
TRACE::2026-01-08.16:53:25::SCWReader::Adding prebuilt incpaths  as   
TRACE::2026-01-08.16:53:25::SCWPlatform::Trying to open the hw design at H:/test/two/fpga_arm/vitis/zc706_md/hw/design_1_wrapper.xsa
TRACE::2026-01-08.16:53:25::SCWPlatform::DSA given H:/test/two/fpga_arm/vitis/zc706_md/hw/design_1_wrapper.xsa
TRACE::2026-01-08.16:53:25::SCWPlatform::DSA absoulate path H:/test/two/fpga_arm/vitis/zc706_md/hw/design_1_wrapper.xsa
TRACE::2026-01-08.16:53:25::SCWPlatform::DSA directory H:/test/two/fpga_arm/vitis/zc706_md/hw
TRACE::2026-01-08.16:53:25::SCWPlatform:: Platform Path H:/test/two/fpga_arm/vitis/zc706_md/hw/design_1_wrapper.xsa
TRACE::2026-01-08.16:53:25::SCWPlatform:: Unique name xilinx:zc706::0.0
TRACE::2026-01-08.16:53:25::SCWPlatform::Trying to set the existing hwdb with name design_1_wrapper_2
TRACE::2026-01-08.16:53:25::SCWPlatform::Opened existing hwdb design_1_wrapper_2
TRACE::2026-01-08.16:53:25::SCWPlatform::Found the Hw Db part of the input DSA
TRACE::2026-01-08.16:53:25::SCWMssOS::Checking the sw design at  H:/test/two/fpga_arm/vitis/zc706_md/zynq_fsbl/zynq_fsbl_bsp/system.mss
TRACE::2026-01-08.16:53:25::SCWMssOS::DEBUG:  swdes dump  H:/test/two/fpga_arm/vitis/zc706_md/zynq_fsbl/zynq_fsbl_bsp/system.mss|system||

TRACE::2026-01-08.16:53:25::SCWMssOS::Sw design exists and opened at  H:/test/two/fpga_arm/vitis/zc706_md/zynq_fsbl/zynq_fsbl_bsp/system.mss
TRACE::2026-01-08.16:53:25::SCWReader::No isolation master present  
TRACE::2026-01-08.16:53:25::SCWDomain::checking for install qemu data   : 
TRACE::2026-01-08.16:53:25::SCWDomain:: Using the QEMU Data from install at  : E:/xilinx/Vitis/2021.2/data/emulation/platforms/zynq/sw/a9_standalone/qemu/
TRACE::2026-01-08.16:53:25::SCWDomain:: Using the QEMU args  from install at  : E:/xilinx/Vitis/2021.2/data/emulation/platforms/zynq/sw/a9_standalone/qemu/qemu_args.txt
TRACE::2026-01-08.16:53:25::SCWPlatform::Trying to open the hw design at H:/test/two/fpga_arm/vitis/zc706_md/hw/design_1_wrapper.xsa
TRACE::2026-01-08.16:53:25::SCWPlatform::DSA given H:/test/two/fpga_arm/vitis/zc706_md/hw/design_1_wrapper.xsa
TRACE::2026-01-08.16:53:25::SCWPlatform::DSA absoulate path H:/test/two/fpga_arm/vitis/zc706_md/hw/design_1_wrapper.xsa
TRACE::2026-01-08.16:53:25::SCWPlatform::DSA directory H:/test/two/fpga_arm/vitis/zc706_md/hw
TRACE::2026-01-08.16:53:25::SCWPlatform:: Platform Path H:/test/two/fpga_arm/vitis/zc706_md/hw/design_1_wrapper.xsa
TRACE::2026-01-08.16:53:25::SCWPlatform:: Unique name xilinx:zc706::0.0
TRACE::2026-01-08.16:53:25::SCWPlatform::Trying to set the existing hwdb with name design_1_wrapper_2
TRACE::2026-01-08.16:53:25::SCWPlatform::Opened existing hwdb design_1_wrapper_2
TRACE::2026-01-08.16:53:25::SCWPlatform::Found the Hw Db part of the input DSA
TRACE::2026-01-08.16:53:25::SCWPlatform::Trying to open the hw design at H:/test/two/fpga_arm/vitis/zc706_md/hw/design_1_wrapper.xsa
TRACE::2026-01-08.16:53:25::SCWPlatform::DSA given H:/test/two/fpga_arm/vitis/zc706_md/hw/design_1_wrapper.xsa
TRACE::2026-01-08.16:53:25::SCWPlatform::DSA absoulate path H:/test/two/fpga_arm/vitis/zc706_md/hw/design_1_wrapper.xsa
TRACE::2026-01-08.16:53:25::SCWPlatform::DSA directory H:/test/two/fpga_arm/vitis/zc706_md/hw
TRACE::2026-01-08.16:53:25::SCWPlatform:: Platform Path H:/test/two/fpga_arm/vitis/zc706_md/hw/design_1_wrapper.xsa
TRACE::2026-01-08.16:53:25::SCWPlatform:: Unique name xilinx:zc706::0.0
TRACE::2026-01-08.16:53:25::SCWPlatform::Trying to set the existing hwdb with name design_1_wrapper_2
TRACE::2026-01-08.16:53:25::SCWPlatform::Opened existing hwdb design_1_wrapper_2
TRACE::2026-01-08.16:53:25::SCWPlatform::Found the Hw Db part of the input DSA
TRACE::2026-01-08.16:53:25::SCWPlatform::Trying to open the hw design at H:/test/two/fpga_arm/vitis/zc706_md/hw/design_1_wrapper.xsa
TRACE::2026-01-08.16:53:25::SCWPlatform::DSA given H:/test/two/fpga_arm/vitis/zc706_md/hw/design_1_wrapper.xsa
TRACE::2026-01-08.16:53:25::SCWPlatform::DSA absoulate path H:/test/two/fpga_arm/vitis/zc706_md/hw/design_1_wrapper.xsa
TRACE::2026-01-08.16:53:25::SCWPlatform::DSA directory H:/test/two/fpga_arm/vitis/zc706_md/hw
TRACE::2026-01-08.16:53:25::SCWPlatform:: Platform Path H:/test/two/fpga_arm/vitis/zc706_md/hw/design_1_wrapper.xsa
TRACE::2026-01-08.16:53:25::SCWPlatform:: Unique name xilinx:zc706::0.0
TRACE::2026-01-08.16:53:25::SCWPlatform::Trying to set the existing hwdb with name design_1_wrapper_2
TRACE::2026-01-08.16:53:25::SCWPlatform::Opened existing hwdb design_1_wrapper_2
TRACE::2026-01-08.16:53:25::SCWPlatform::Found the Hw Db part of the input DSA
TRACE::2026-01-08.16:53:25::SCWMssOS::Checking the sw design at  H:/test/two/fpga_arm/vitis/zc706_md/ps7_cortexa9_0/standalone_ps7_cortexa9_0/bsp/system.mss
TRACE::2026-01-08.16:53:25::SCWMssOS::DEBUG:  swdes dump  H:/test/two/fpga_arm/vitis/zc706_md/zynq_fsbl/zynq_fsbl_bsp/system.mss|system||

TRACE::2026-01-08.16:53:25::SCWMssOS::No sw design opened at  H:/test/two/fpga_arm/vitis/zc706_md/ps7_cortexa9_0/standalone_ps7_cortexa9_0/bsp/system.mss
TRACE::2026-01-08.16:53:25::SCWMssOS::mss exists loading the mss file  H:/test/two/fpga_arm/vitis/zc706_md/ps7_cortexa9_0/standalone_ps7_cortexa9_0/bsp/system.mss
TRACE::2026-01-08.16:53:25::SCWMssOS::Opened the sw design from mss  H:/test/two/fpga_arm/vitis/zc706_md/ps7_cortexa9_0/standalone_ps7_cortexa9_0/bsp/system.mss
TRACE::2026-01-08.16:53:25::SCWMssOS::Adding the swdes entry H:/test/two/fpga_arm/vitis/zc706_md/ps7_cortexa9_0/standalone_ps7_cortexa9_0/bsp/system.mss with des name system_0
TRACE::2026-01-08.16:53:25::SCWMssOS::updating the scw layer about changes
TRACE::2026-01-08.16:53:25::SCWMssOS::Opened the sw design.  H:/test/two/fpga_arm/vitis/zc706_md/ps7_cortexa9_0/standalone_ps7_cortexa9_0/bsp/system.mss
TRACE::2026-01-08.16:53:25::SCWPlatform::Trying to open the hw design at H:/test/two/fpga_arm/vitis/zc706_md/hw/design_1_wrapper.xsa
TRACE::2026-01-08.16:53:25::SCWPlatform::DSA given H:/test/two/fpga_arm/vitis/zc706_md/hw/design_1_wrapper.xsa
TRACE::2026-01-08.16:53:25::SCWPlatform::DSA absoulate path H:/test/two/fpga_arm/vitis/zc706_md/hw/design_1_wrapper.xsa
TRACE::2026-01-08.16:53:25::SCWPlatform::DSA directory H:/test/two/fpga_arm/vitis/zc706_md/hw
TRACE::2026-01-08.16:53:25::SCWPlatform:: Platform Path H:/test/two/fpga_arm/vitis/zc706_md/hw/design_1_wrapper.xsa
TRACE::2026-01-08.16:53:25::SCWPlatform:: Unique name xilinx:zc706::0.0
TRACE::2026-01-08.16:53:25::SCWPlatform::Trying to set the existing hwdb with name design_1_wrapper_2
TRACE::2026-01-08.16:53:25::SCWPlatform::Opened existing hwdb design_1_wrapper_2
TRACE::2026-01-08.16:53:25::SCWPlatform::Found the Hw Db part of the input DSA
TRACE::2026-01-08.16:53:25::SCWMssOS::Checking the sw design at  H:/test/two/fpga_arm/vitis/zc706_md/ps7_cortexa9_0/standalone_ps7_cortexa9_0/bsp/system.mss
TRACE::2026-01-08.16:53:25::SCWMssOS::DEBUG:  swdes dump  H:/test/two/fpga_arm/vitis/zc706_md/ps7_cortexa9_0/standalone_ps7_cortexa9_0/bsp/system.mss|system_0||
H:/test/two/fpga_arm/vitis/zc706_md/zynq_fsbl/zynq_fsbl_bsp/system.mss|system||

TRACE::2026-01-08.16:53:25::SCWMssOS::Sw design exists and opened at  H:/test/two/fpga_arm/vitis/zc706_md/ps7_cortexa9_0/standalone_ps7_cortexa9_0/bsp/system.mss
TRACE::2026-01-08.16:53:25::SCWMssOS:: library already available in sw design:  lwip211:1.6
TRACE::2026-01-08.16:53:25::SCWMssOS::Saving the mss changes H:/test/two/fpga_arm/vitis/zc706_md/ps7_cortexa9_0/standalone_ps7_cortexa9_0/bsp/system.mss
TRACE::2026-01-08.16:53:25::SCWMssOS::Found a swdesign opened with the mssfile.
TRACE::2026-01-08.16:53:25::SCWMssOS::Completed writemss as part of save.
TRACE::2026-01-08.16:53:25::SCWMssOS::Commit changes completed.
TRACE::2026-01-08.16:53:25::SCWReader::Adding prebuilt librarypaths as   
TRACE::2026-01-08.16:53:25::SCWReader::Adding prebuilt incpaths  as   
TRACE::2026-01-08.16:53:25::SCWPlatform::Trying to open the hw design at H:/test/two/fpga_arm/vitis/zc706_md/hw/design_1_wrapper.xsa
TRACE::2026-01-08.16:53:25::SCWPlatform::DSA given H:/test/two/fpga_arm/vitis/zc706_md/hw/design_1_wrapper.xsa
TRACE::2026-01-08.16:53:25::SCWPlatform::DSA absoulate path H:/test/two/fpga_arm/vitis/zc706_md/hw/design_1_wrapper.xsa
TRACE::2026-01-08.16:53:25::SCWPlatform::DSA directory H:/test/two/fpga_arm/vitis/zc706_md/hw
TRACE::2026-01-08.16:53:25::SCWPlatform:: Platform Path H:/test/two/fpga_arm/vitis/zc706_md/hw/design_1_wrapper.xsa
TRACE::2026-01-08.16:53:25::SCWPlatform:: Unique name xilinx:zc706::0.0
TRACE::2026-01-08.16:53:25::SCWPlatform::Trying to set the existing hwdb with name design_1_wrapper_2
TRACE::2026-01-08.16:53:25::SCWPlatform::Opened existing hwdb design_1_wrapper_2
TRACE::2026-01-08.16:53:25::SCWPlatform::Found the Hw Db part of the input DSA
TRACE::2026-01-08.16:53:25::SCWMssOS::Checking the sw design at  H:/test/two/fpga_arm/vitis/zc706_md/ps7_cortexa9_0/standalone_ps7_cortexa9_0/bsp/system.mss
TRACE::2026-01-08.16:53:25::SCWMssOS::DEBUG:  swdes dump  H:/test/two/fpga_arm/vitis/zc706_md/ps7_cortexa9_0/standalone_ps7_cortexa9_0/bsp/system.mss|system_0||
H:/test/two/fpga_arm/vitis/zc706_md/zynq_fsbl/zynq_fsbl_bsp/system.mss|system||

TRACE::2026-01-08.16:53:25::SCWMssOS::Sw design exists and opened at  H:/test/two/fpga_arm/vitis/zc706_md/ps7_cortexa9_0/standalone_ps7_cortexa9_0/bsp/system.mss
TRACE::2026-01-08.16:53:25::SCWReader::No isolation master present  
TRACE::2026-01-08.16:53:25::SCWPlatform::Trying to open the hw design at H:/test/two/fpga_arm/vitis/zc706_md/hw/design_1_wrapper.xsa
TRACE::2026-01-08.16:53:25::SCWPlatform::DSA given H:/test/two/fpga_arm/vitis/zc706_md/hw/design_1_wrapper.xsa
TRACE::2026-01-08.16:53:25::SCWPlatform::DSA absoulate path H:/test/two/fpga_arm/vitis/zc706_md/hw/design_1_wrapper.xsa
TRACE::2026-01-08.16:53:25::SCWPlatform::DSA directory H:/test/two/fpga_arm/vitis/zc706_md/hw
TRACE::2026-01-08.16:53:25::SCWPlatform:: Platform Path H:/test/two/fpga_arm/vitis/zc706_md/hw/design_1_wrapper.xsa
TRACE::2026-01-08.16:53:25::SCWPlatform:: Unique name xilinx:zc706::0.0
TRACE::2026-01-08.16:53:25::SCWPlatform::Trying to set the existing hwdb with name design_1_wrapper_2
TRACE::2026-01-08.16:53:25::SCWPlatform::Opened existing hwdb design_1_wrapper_2
TRACE::2026-01-08.16:53:25::SCWPlatform::Found the Hw Db part of the input DSA
TRACE::2026-01-08.16:53:25::SCWMssOS::Checking the sw design at  H:/test/two/fpga_arm/vitis/zc706_md/ps7_cortexa9_0/standalone_ps7_cortexa9_0/bsp/system.mss
TRACE::2026-01-08.16:53:25::SCWMssOS::DEBUG:  swdes dump  H:/test/two/fpga_arm/vitis/zc706_md/ps7_cortexa9_0/standalone_ps7_cortexa9_0/bsp/system.mss|system_0||
H:/test/two/fpga_arm/vitis/zc706_md/zynq_fsbl/zynq_fsbl_bsp/system.mss|system||

TRACE::2026-01-08.16:53:25::SCWMssOS::Sw design exists and opened at  H:/test/two/fpga_arm/vitis/zc706_md/ps7_cortexa9_0/standalone_ps7_cortexa9_0/bsp/system.mss
TRACE::2026-01-08.16:53:25::SCWMssOS::In reload Mss file.
TRACE::2026-01-08.16:53:25::SCWPlatform::Trying to open the hw design at H:/test/two/fpga_arm/vitis/zc706_md/hw/design_1_wrapper.xsa
TRACE::2026-01-08.16:53:25::SCWPlatform::DSA given H:/test/two/fpga_arm/vitis/zc706_md/hw/design_1_wrapper.xsa
TRACE::2026-01-08.16:53:25::SCWPlatform::DSA absoulate path H:/test/two/fpga_arm/vitis/zc706_md/hw/design_1_wrapper.xsa
TRACE::2026-01-08.16:53:25::SCWPlatform::DSA directory H:/test/two/fpga_arm/vitis/zc706_md/hw
TRACE::2026-01-08.16:53:25::SCWPlatform:: Platform Path H:/test/two/fpga_arm/vitis/zc706_md/hw/design_1_wrapper.xsa
TRACE::2026-01-08.16:53:25::SCWPlatform:: Unique name xilinx:zc706::0.0
TRACE::2026-01-08.16:53:25::SCWPlatform::Trying to set the existing hwdb with name design_1_wrapper_2
TRACE::2026-01-08.16:53:25::SCWPlatform::Opened existing hwdb design_1_wrapper_2
TRACE::2026-01-08.16:53:25::SCWPlatform::Found the Hw Db part of the input DSA
TRACE::2026-01-08.16:53:25::SCWMssOS::Checking the sw design at  H:/test/two/fpga_arm/vitis/zc706_md/ps7_cortexa9_0/standalone_ps7_cortexa9_0/bsp/system.mss
TRACE::2026-01-08.16:53:25::SCWMssOS::DEBUG:  swdes dump  H:/test/two/fpga_arm/vitis/zc706_md/zynq_fsbl/zynq_fsbl_bsp/system.mss|system||

TRACE::2026-01-08.16:53:25::SCWMssOS::No sw design opened at  H:/test/two/fpga_arm/vitis/zc706_md/ps7_cortexa9_0/standalone_ps7_cortexa9_0/bsp/system.mss
TRACE::2026-01-08.16:53:25::SCWMssOS::mss exists loading the mss file  H:/test/two/fpga_arm/vitis/zc706_md/ps7_cortexa9_0/standalone_ps7_cortexa9_0/bsp/system.mss
TRACE::2026-01-08.16:53:25::SCWMssOS::Opened the sw design from mss  H:/test/two/fpga_arm/vitis/zc706_md/ps7_cortexa9_0/standalone_ps7_cortexa9_0/bsp/system.mss
TRACE::2026-01-08.16:53:25::SCWMssOS::Adding the swdes entry H:/test/two/fpga_arm/vitis/zc706_md/ps7_cortexa9_0/standalone_ps7_cortexa9_0/bsp/system.mss with des name system_0
TRACE::2026-01-08.16:53:25::SCWMssOS::updating the scw layer about changes
TRACE::2026-01-08.16:53:25::SCWMssOS::Opened the sw design.  H:/test/two/fpga_arm/vitis/zc706_md/ps7_cortexa9_0/standalone_ps7_cortexa9_0/bsp/system.mss
TRACE::2026-01-08.16:53:25::SCWPlatform::Trying to open the hw design at H:/test/two/fpga_arm/vitis/zc706_md/hw/design_1_wrapper.xsa
TRACE::2026-01-08.16:53:25::SCWPlatform::DSA given H:/test/two/fpga_arm/vitis/zc706_md/hw/design_1_wrapper.xsa
TRACE::2026-01-08.16:53:25::SCWPlatform::DSA absoulate path H:/test/two/fpga_arm/vitis/zc706_md/hw/design_1_wrapper.xsa
TRACE::2026-01-08.16:53:25::SCWPlatform::DSA directory H:/test/two/fpga_arm/vitis/zc706_md/hw
TRACE::2026-01-08.16:53:25::SCWPlatform:: Platform Path H:/test/two/fpga_arm/vitis/zc706_md/hw/design_1_wrapper.xsa
TRACE::2026-01-08.16:53:25::SCWPlatform:: Unique name xilinx:zc706::0.0
TRACE::2026-01-08.16:53:25::SCWPlatform::Trying to set the existing hwdb with name design_1_wrapper_2
TRACE::2026-01-08.16:53:25::SCWPlatform::Opened existing hwdb design_1_wrapper_2
TRACE::2026-01-08.16:53:25::SCWPlatform::Found the Hw Db part of the input DSA
TRACE::2026-01-08.16:53:25::SCWMssOS::Checking the sw design at  H:/test/two/fpga_arm/vitis/zc706_md/ps7_cortexa9_0/standalone_ps7_cortexa9_0/bsp/system.mss
TRACE::2026-01-08.16:53:25::SCWMssOS::DEBUG:  swdes dump  H:/test/two/fpga_arm/vitis/zc706_md/ps7_cortexa9_0/standalone_ps7_cortexa9_0/bsp/system.mss|system_0||
H:/test/two/fpga_arm/vitis/zc706_md/zynq_fsbl/zynq_fsbl_bsp/system.mss|system||

TRACE::2026-01-08.16:53:25::SCWMssOS::Sw design exists and opened at  H:/test/two/fpga_arm/vitis/zc706_md/ps7_cortexa9_0/standalone_ps7_cortexa9_0/bsp/system.mss
TRACE::2026-01-08.16:53:25::SCWMssOS:: library already available in sw design:  lwip211:1.6
TRACE::2026-01-08.16:53:25::SCWMssOS::Saving the mss changes H:/test/two/fpga_arm/vitis/zc706_md/ps7_cortexa9_0/standalone_ps7_cortexa9_0/bsp/system.mss
TRACE::2026-01-08.16:53:25::SCWMssOS::Found a swdesign opened with the mssfile.
TRACE::2026-01-08.16:53:25::SCWMssOS::Completed writemss as part of save.
TRACE::2026-01-08.16:53:25::SCWMssOS::Commit changes completed.
TRACE::2026-01-08.16:53:25::SCWPlatform::Trying to open the hw design at H:/test/two/fpga_arm/vitis/zc706_md/hw/design_1_wrapper.xsa
TRACE::2026-01-08.16:53:25::SCWPlatform::DSA given H:/test/two/fpga_arm/vitis/zc706_md/hw/design_1_wrapper.xsa
TRACE::2026-01-08.16:53:25::SCWPlatform::DSA absoulate path H:/test/two/fpga_arm/vitis/zc706_md/hw/design_1_wrapper.xsa
TRACE::2026-01-08.16:53:25::SCWPlatform::DSA directory H:/test/two/fpga_arm/vitis/zc706_md/hw
TRACE::2026-01-08.16:53:25::SCWPlatform:: Platform Path H:/test/two/fpga_arm/vitis/zc706_md/hw/design_1_wrapper.xsa
TRACE::2026-01-08.16:53:25::SCWPlatform:: Unique name xilinx:zc706::0.0
TRACE::2026-01-08.16:53:25::SCWPlatform::Trying to set the existing hwdb with name design_1_wrapper_2
TRACE::2026-01-08.16:53:25::SCWPlatform::Opened existing hwdb design_1_wrapper_2
TRACE::2026-01-08.16:53:25::SCWPlatform::Found the Hw Db part of the input DSA
TRACE::2026-01-08.16:53:25::SCWMssOS::Checking the sw design at  H:/test/two/fpga_arm/vitis/zc706_md/ps7_cortexa9_0/standalone_ps7_cortexa9_0/bsp/system.mss
TRACE::2026-01-08.16:53:25::SCWMssOS::DEBUG:  swdes dump  H:/test/two/fpga_arm/vitis/zc706_md/ps7_cortexa9_0/standalone_ps7_cortexa9_0/bsp/system.mss|system_0||
H:/test/two/fpga_arm/vitis/zc706_md/zynq_fsbl/zynq_fsbl_bsp/system.mss|system||

TRACE::2026-01-08.16:53:25::SCWMssOS::Sw design exists and opened at  H:/test/two/fpga_arm/vitis/zc706_md/ps7_cortexa9_0/standalone_ps7_cortexa9_0/bsp/system.mss
TRACE::2026-01-08.16:53:25::SCWMssOS::Removing the swdes entry for  H:/test/two/fpga_arm/vitis/zc706_md/ps7_cortexa9_0/standalone_ps7_cortexa9_0/bsp/system.mss
TRACE::2026-01-08.16:53:27::SCWPlatform::Trying to open the hw design at H:/test/two/fpga_arm/vitis/zc706_md/hw/design_1_wrapper.xsa
TRACE::2026-01-08.16:53:27::SCWPlatform::DSA given H:/test/two/fpga_arm/vitis/zc706_md/hw/design_1_wrapper.xsa
TRACE::2026-01-08.16:53:27::SCWPlatform::DSA absoulate path H:/test/two/fpga_arm/vitis/zc706_md/hw/design_1_wrapper.xsa
TRACE::2026-01-08.16:53:27::SCWPlatform::DSA directory H:/test/two/fpga_arm/vitis/zc706_md/hw
TRACE::2026-01-08.16:53:27::SCWPlatform:: Platform Path H:/test/two/fpga_arm/vitis/zc706_md/hw/design_1_wrapper.xsa
TRACE::2026-01-08.16:53:27::SCWPlatform:: Unique name xilinx:zc706::0.0
TRACE::2026-01-08.16:53:27::SCWPlatform::Trying to set the existing hwdb with name design_1_wrapper_2
TRACE::2026-01-08.16:53:27::SCWPlatform::Opened existing hwdb design_1_wrapper_2
TRACE::2026-01-08.16:53:27::SCWPlatform::Found the Hw Db part of the input DSA
TRACE::2026-01-08.16:53:27::SCWMssOS::Checking the sw design at  H:/test/two/fpga_arm/vitis/zc706_md/ps7_cortexa9_0/standalone_ps7_cortexa9_0/bsp/system.mss
TRACE::2026-01-08.16:53:27::SCWMssOS::DEBUG:  swdes dump  H:/test/two/fpga_arm/vitis/zc706_md/zynq_fsbl/zynq_fsbl_bsp/system.mss|system||

TRACE::2026-01-08.16:53:27::SCWMssOS::No sw design opened at  H:/test/two/fpga_arm/vitis/zc706_md/ps7_cortexa9_0/standalone_ps7_cortexa9_0/bsp/system.mss
TRACE::2026-01-08.16:53:27::SCWMssOS::mss exists loading the mss file  H:/test/two/fpga_arm/vitis/zc706_md/ps7_cortexa9_0/standalone_ps7_cortexa9_0/bsp/system.mss
TRACE::2026-01-08.16:53:27::SCWMssOS::Opened the sw design from mss  H:/test/two/fpga_arm/vitis/zc706_md/ps7_cortexa9_0/standalone_ps7_cortexa9_0/bsp/system.mss
TRACE::2026-01-08.16:53:27::SCWMssOS::Adding the swdes entry H:/test/two/fpga_arm/vitis/zc706_md/ps7_cortexa9_0/standalone_ps7_cortexa9_0/bsp/system.mss with des name system_0
TRACE::2026-01-08.16:53:27::SCWMssOS::updating the scw layer about changes
TRACE::2026-01-08.16:53:27::SCWMssOS::Opened the sw design.  H:/test/two/fpga_arm/vitis/zc706_md/ps7_cortexa9_0/standalone_ps7_cortexa9_0/bsp/system.mss
TRACE::2026-01-08.16:53:33::SCWPlatform::Trying to open the hw design at H:/test/two/fpga_arm/vitis/zc706_md/hw/design_1_wrapper.xsa
TRACE::2026-01-08.16:53:33::SCWPlatform::DSA given H:/test/two/fpga_arm/vitis/zc706_md/hw/design_1_wrapper.xsa
TRACE::2026-01-08.16:53:33::SCWPlatform::DSA absoulate path H:/test/two/fpga_arm/vitis/zc706_md/hw/design_1_wrapper.xsa
TRACE::2026-01-08.16:53:33::SCWPlatform::DSA directory H:/test/two/fpga_arm/vitis/zc706_md/hw
TRACE::2026-01-08.16:53:33::SCWPlatform:: Platform Path H:/test/two/fpga_arm/vitis/zc706_md/hw/design_1_wrapper.xsa
TRACE::2026-01-08.16:53:33::SCWPlatform:: Unique name xilinx:zc706::0.0
TRACE::2026-01-08.16:53:33::SCWPlatform::Trying to set the existing hwdb with name design_1_wrapper_2
TRACE::2026-01-08.16:53:33::SCWPlatform::Opened existing hwdb design_1_wrapper_2
TRACE::2026-01-08.16:53:33::SCWPlatform::Found the Hw Db part of the input DSA
TRACE::2026-01-08.16:53:33::SCWMssOS::Checking the sw design at  H:/test/two/fpga_arm/vitis/zc706_md/ps7_cortexa9_0/standalone_ps7_cortexa9_0/bsp/system.mss
TRACE::2026-01-08.16:53:33::SCWMssOS::DEBUG:  swdes dump  H:/test/two/fpga_arm/vitis/zc706_md/ps7_cortexa9_0/standalone_ps7_cortexa9_0/bsp/system.mss|system_0||
H:/test/two/fpga_arm/vitis/zc706_md/zynq_fsbl/zynq_fsbl_bsp/system.mss|system||

TRACE::2026-01-08.16:53:33::SCWMssOS::Sw design exists and opened at  H:/test/two/fpga_arm/vitis/zc706_md/ps7_cortexa9_0/standalone_ps7_cortexa9_0/bsp/system.mss
TRACE::2026-01-08.16:53:33::SCWMssOS::Adding Library:  xilffs:4.6
TRACE::2026-01-08.16:53:33::SCWMssOS::Added Library:  xilffs
TRACE::2026-01-08.16:53:33::SCWPlatform::Trying to open the hw design at H:/test/two/fpga_arm/vitis/zc706_md/hw/design_1_wrapper.xsa
TRACE::2026-01-08.16:53:33::SCWPlatform::DSA given H:/test/two/fpga_arm/vitis/zc706_md/hw/design_1_wrapper.xsa
TRACE::2026-01-08.16:53:33::SCWPlatform::DSA absoulate path H:/test/two/fpga_arm/vitis/zc706_md/hw/design_1_wrapper.xsa
TRACE::2026-01-08.16:53:33::SCWPlatform::DSA directory H:/test/two/fpga_arm/vitis/zc706_md/hw
TRACE::2026-01-08.16:53:33::SCWPlatform:: Platform Path H:/test/two/fpga_arm/vitis/zc706_md/hw/design_1_wrapper.xsa
TRACE::2026-01-08.16:53:33::SCWPlatform:: Unique name xilinx:zc706::0.0
TRACE::2026-01-08.16:53:33::SCWPlatform::Trying to set the existing hwdb with name design_1_wrapper_2
TRACE::2026-01-08.16:53:33::SCWPlatform::Opened existing hwdb design_1_wrapper_2
TRACE::2026-01-08.16:53:33::SCWPlatform::Found the Hw Db part of the input DSA
TRACE::2026-01-08.16:53:33::SCWMssOS::Checking the sw design at  H:/test/two/fpga_arm/vitis/zc706_md/ps7_cortexa9_0/standalone_ps7_cortexa9_0/bsp/system.mss
TRACE::2026-01-08.16:53:33::SCWMssOS::DEBUG:  swdes dump  H:/test/two/fpga_arm/vitis/zc706_md/ps7_cortexa9_0/standalone_ps7_cortexa9_0/bsp/system.mss|system_0||
H:/test/two/fpga_arm/vitis/zc706_md/zynq_fsbl/zynq_fsbl_bsp/system.mss|system||

TRACE::2026-01-08.16:53:33::SCWMssOS::Sw design exists and opened at  H:/test/two/fpga_arm/vitis/zc706_md/ps7_cortexa9_0/standalone_ps7_cortexa9_0/bsp/system.mss
TRACE::2026-01-08.16:53:38::SCWMssOS::Saving the mss changes H:/test/two/fpga_arm/vitis/zc706_md/zynq_fsbl/zynq_fsbl_bsp/system.mss
TRACE::2026-01-08.16:53:38::SCWMssOS::Found a swdesign opened with the mssfile.
TRACE::2026-01-08.16:53:38::SCWMssOS::Completed writemss as part of save.
TRACE::2026-01-08.16:53:38::SCWMssOS::Commit changes completed.
TRACE::2026-01-08.16:53:38::SCWMssOS::Saving the mss changes H:/test/two/fpga_arm/vitis/zc706_md/ps7_cortexa9_0/standalone_ps7_cortexa9_0/bsp/system.mss
TRACE::2026-01-08.16:53:38::SCWMssOS::Found a swdesign opened with the mssfile.
TRACE::2026-01-08.16:53:38::SCWMssOS::Completed writemss as part of save.
TRACE::2026-01-08.16:53:38::SCWMssOS::Commit changes completed.
TRACE::2026-01-08.16:53:38::SCWPlatform::Trying to open the hw design at H:/test/two/fpga_arm/vitis/zc706_md/hw/design_1_wrapper.xsa
TRACE::2026-01-08.16:53:38::SCWPlatform::DSA given H:/test/two/fpga_arm/vitis/zc706_md/hw/design_1_wrapper.xsa
TRACE::2026-01-08.16:53:38::SCWPlatform::DSA absoulate path H:/test/two/fpga_arm/vitis/zc706_md/hw/design_1_wrapper.xsa
TRACE::2026-01-08.16:53:38::SCWPlatform::DSA directory H:/test/two/fpga_arm/vitis/zc706_md/hw
TRACE::2026-01-08.16:53:38::SCWPlatform:: Platform Path H:/test/two/fpga_arm/vitis/zc706_md/hw/design_1_wrapper.xsa
TRACE::2026-01-08.16:53:38::SCWPlatform:: Unique name xilinx:zc706::0.0
TRACE::2026-01-08.16:53:38::SCWPlatform::Trying to set the existing hwdb with name design_1_wrapper_2
TRACE::2026-01-08.16:53:38::SCWPlatform::Opened existing hwdb design_1_wrapper_2
TRACE::2026-01-08.16:53:38::SCWPlatform::Found the Hw Db part of the input DSA
TRACE::2026-01-08.16:53:38::SCWMssOS::Checking the sw design at  H:/test/two/fpga_arm/vitis/zc706_md/zynq_fsbl/zynq_fsbl_bsp/system.mss
TRACE::2026-01-08.16:53:38::SCWMssOS::DEBUG:  swdes dump  H:/test/two/fpga_arm/vitis/zc706_md/ps7_cortexa9_0/standalone_ps7_cortexa9_0/bsp/system.mss|system_0||
H:/test/two/fpga_arm/vitis/zc706_md/zynq_fsbl/zynq_fsbl_bsp/system.mss|system||

TRACE::2026-01-08.16:53:38::SCWMssOS::Sw design exists and opened at  H:/test/two/fpga_arm/vitis/zc706_md/zynq_fsbl/zynq_fsbl_bsp/system.mss
TRACE::2026-01-08.16:53:38::SCWPlatform::Trying to open the hw design at H:/test/two/fpga_arm/vitis/zc706_md/hw/design_1_wrapper.xsa
TRACE::2026-01-08.16:53:38::SCWPlatform::DSA given H:/test/two/fpga_arm/vitis/zc706_md/hw/design_1_wrapper.xsa
TRACE::2026-01-08.16:53:38::SCWPlatform::DSA absoulate path H:/test/two/fpga_arm/vitis/zc706_md/hw/design_1_wrapper.xsa
TRACE::2026-01-08.16:53:38::SCWPlatform::DSA directory H:/test/two/fpga_arm/vitis/zc706_md/hw
TRACE::2026-01-08.16:53:38::SCWPlatform:: Platform Path H:/test/two/fpga_arm/vitis/zc706_md/hw/design_1_wrapper.xsa
TRACE::2026-01-08.16:53:38::SCWPlatform:: Unique name xilinx:zc706::0.0
TRACE::2026-01-08.16:53:38::SCWPlatform::Trying to set the existing hwdb with name design_1_wrapper_2
TRACE::2026-01-08.16:53:38::SCWPlatform::Opened existing hwdb design_1_wrapper_2
TRACE::2026-01-08.16:53:38::SCWPlatform::Found the Hw Db part of the input DSA
TRACE::2026-01-08.16:53:38::SCWMssOS::Checking the sw design at  H:/test/two/fpga_arm/vitis/zc706_md/ps7_cortexa9_0/standalone_ps7_cortexa9_0/bsp/system.mss
TRACE::2026-01-08.16:53:38::SCWMssOS::DEBUG:  swdes dump  H:/test/two/fpga_arm/vitis/zc706_md/ps7_cortexa9_0/standalone_ps7_cortexa9_0/bsp/system.mss|system_0||
H:/test/two/fpga_arm/vitis/zc706_md/zynq_fsbl/zynq_fsbl_bsp/system.mss|system||

TRACE::2026-01-08.16:53:38::SCWMssOS::Sw design exists and opened at  H:/test/two/fpga_arm/vitis/zc706_md/ps7_cortexa9_0/standalone_ps7_cortexa9_0/bsp/system.mss
TRACE::2026-01-08.16:53:38::SCWWriter::formatted JSON is {
	"platformName":	"zc706_md",
	"sprVersion":	"2.0",
	"mode":	"gui",
	"dsaType":	"Fixed",
	"platformDesc":	"zc706_md",
	"platHandOff":	"H:/test/two/fpga_arm/design_1_wrapper.xsa",
	"platIntHandOff":	"<platformDir>/hw/design_1_wrapper.xsa",
	"deviceType":	"zynq",
	"platIsPrebuiltAutogen":	"false",
	"platIsNoBootBsp":	"false",
	"hasFsblMakeHasChanges":	"false",
	"hasPmufwMakeHasChanges":	"false",
	"fsblExtraCompilerFlags":	"-MMD -MP       -mcpu=cortex-a9 -mfpu=vfpv3 -mfloat-abi=hard ",
	"platPreBuiltFlag":	false,
	"platformSamplesDir":	"",
	"platActiveSys":	"zc706_md",
	"systems":	[{
			"systemName":	"zc706_md",
			"systemDesc":	"zc706_md",
			"sysIsBootAutoGen":	"true",
			"systemDispName":	"zc706_md",
			"sysActiveDom":	"standalone_ps7_cortexa9_0",
			"sysDefaultDom":	"standalone_ps7_cortexa9_0",
			"domains":	[{
					"domainName":	"zynq_fsbl",
					"domainDispName":	"zynq_fsbl",
					"domainDesc":	"FSBL Application BSP - Auto Generated.",
					"processors":	"ps7_cortexa9_0",
					"os":	"standalone",
					"sdxOs":	"standalone",
					"debugEnable":	"",
					"domRuntimes":	["cpp"],
					"swRepo":	"",
					"mssOsVer":	"7.6",
					"mssFile":	"",
					"md5Digest":	"7cd591954aef16c446ad36e1353bac9a",
					"compatibleApp":	"zynq_fsbl",
					"domType":	"bootDomain",
					"arch":	"32-bit",
					"appSettings":	{
						"appCompilerFlags":	"",
						"appLinkerFlags":	""
					},
					"addedLibs":	["xilffs:4.6", "xilrsa:1.6"],
					"libOptions":	{
						"libsContainingOptions":	[]
					},
					"prebuiltLibs":	{
						"prebuiltIncPath":	[],
						"prebuiltLibPath":	[]
					},
					"isolation":	{
					}
				}, {
					"domainName":	"standalone_ps7_cortexa9_0",
					"domainDispName":	"standalone_ps7_cortexa9_0",
					"domainDesc":	"standalone_ps7_cortexa9_0",
					"processors":	"ps7_cortexa9_0",
					"os":	"standalone",
					"sdxOs":	"standalone",
					"qemuArgs":	"E:/xilinx/Vitis/2021.2/data/emulation/platforms/zynq/sw/a9_standalone/qemu/qemu_args.txt",
					"qemuData":	"E:/xilinx/Vitis/2021.2/data/emulation/platforms/zynq/sw/a9_standalone/qemu/",
					"debugEnable":	"False",
					"domRuntimes":	["cpp"],
					"swRepo":	"",
					"mssOsVer":	"7.6",
					"mssFile":	"",
					"md5Digest":	"07cadf1f9023a964df2d4802e9afcef2",
					"compatibleApp":	"",
					"domType":	"mssDomain",
					"arch":	"32-bit",
					"appSettings":	{
						"appCompilerFlags":	"",
						"appLinkerFlags":	""
					},
					"addedLibs":	["lwip211:1.6", "xilffs:4.6"],
					"libOptions":	{
						"lwip211":	{
							"dhcp_does_arp_check":	"true",
							"lwip_dhcp":	"true",
							"pbuf_pool_size":	"2048",
							"libOptionNames":	["dhcp_does_arp_check", "lwip_dhcp", "pbuf_pool_size"]
						},
						"libsContainingOptions":	["lwip211"]
					},
					"prebuiltLibs":	{
						"prebuiltIncPath":	[],
						"prebuiltLibPath":	[]
					},
					"isolation":	{
					}
				}]
		}]
}
TRACE::2026-01-08.16:53:38::SCWMssOS::Saving the mss changes H:/test/two/fpga_arm/vitis/zc706_md/ps7_cortexa9_0/standalone_ps7_cortexa9_0/bsp/system.mss
TRACE::2026-01-08.16:53:38::SCWMssOS::Found a swdesign opened with the mssfile.
TRACE::2026-01-08.16:53:38::SCWMssOS::Completed writemss as part of save.
TRACE::2026-01-08.16:53:38::SCWMssOS::Commit changes completed.
TRACE::2026-01-08.16:53:38::SCWPlatform::Trying to open the hw design at H:/test/two/fpga_arm/vitis/zc706_md/hw/design_1_wrapper.xsa
TRACE::2026-01-08.16:53:38::SCWPlatform::DSA given H:/test/two/fpga_arm/vitis/zc706_md/hw/design_1_wrapper.xsa
TRACE::2026-01-08.16:53:38::SCWPlatform::DSA absoulate path H:/test/two/fpga_arm/vitis/zc706_md/hw/design_1_wrapper.xsa
TRACE::2026-01-08.16:53:38::SCWPlatform::DSA directory H:/test/two/fpga_arm/vitis/zc706_md/hw
TRACE::2026-01-08.16:53:38::SCWPlatform:: Platform Path H:/test/two/fpga_arm/vitis/zc706_md/hw/design_1_wrapper.xsa
TRACE::2026-01-08.16:53:38::SCWPlatform:: Unique name xilinx:zc706::0.0
TRACE::2026-01-08.16:53:38::SCWPlatform::Trying to set the existing hwdb with name design_1_wrapper_2
TRACE::2026-01-08.16:53:38::SCWPlatform::Opened existing hwdb design_1_wrapper_2
TRACE::2026-01-08.16:53:38::SCWPlatform::Found the Hw Db part of the input DSA
TRACE::2026-01-08.16:53:38::SCWMssOS::Checking the sw design at  H:/test/two/fpga_arm/vitis/zc706_md/ps7_cortexa9_0/standalone_ps7_cortexa9_0/bsp/system.mss
TRACE::2026-01-08.16:53:38::SCWMssOS::DEBUG:  swdes dump  H:/test/two/fpga_arm/vitis/zc706_md/ps7_cortexa9_0/standalone_ps7_cortexa9_0/bsp/system.mss|system_0||
H:/test/two/fpga_arm/vitis/zc706_md/zynq_fsbl/zynq_fsbl_bsp/system.mss|system||

TRACE::2026-01-08.16:53:38::SCWMssOS::Sw design exists and opened at  H:/test/two/fpga_arm/vitis/zc706_md/ps7_cortexa9_0/standalone_ps7_cortexa9_0/bsp/system.mss
TRACE::2026-01-08.16:53:38::SCWMssOS::Removing the swdes entry for  H:/test/two/fpga_arm/vitis/zc706_md/ps7_cortexa9_0/standalone_ps7_cortexa9_0/bsp/system.mss
TRACE::2026-01-08.16:53:38::SCWMssOS::In reload Mss file.
TRACE::2026-01-08.16:53:38::SCWPlatform::Trying to open the hw design at H:/test/two/fpga_arm/vitis/zc706_md/hw/design_1_wrapper.xsa
TRACE::2026-01-08.16:53:38::SCWPlatform::DSA given H:/test/two/fpga_arm/vitis/zc706_md/hw/design_1_wrapper.xsa
TRACE::2026-01-08.16:53:38::SCWPlatform::DSA absoulate path H:/test/two/fpga_arm/vitis/zc706_md/hw/design_1_wrapper.xsa
TRACE::2026-01-08.16:53:38::SCWPlatform::DSA directory H:/test/two/fpga_arm/vitis/zc706_md/hw
TRACE::2026-01-08.16:53:38::SCWPlatform:: Platform Path H:/test/two/fpga_arm/vitis/zc706_md/hw/design_1_wrapper.xsa
TRACE::2026-01-08.16:53:38::SCWPlatform:: Unique name xilinx:zc706::0.0
TRACE::2026-01-08.16:53:38::SCWPlatform::Trying to set the existing hwdb with name design_1_wrapper_2
TRACE::2026-01-08.16:53:38::SCWPlatform::Opened existing hwdb design_1_wrapper_2
TRACE::2026-01-08.16:53:38::SCWPlatform::Found the Hw Db part of the input DSA
TRACE::2026-01-08.16:53:38::SCWMssOS::Checking the sw design at  H:/test/two/fpga_arm/vitis/zc706_md/ps7_cortexa9_0/standalone_ps7_cortexa9_0/bsp/system.mss
TRACE::2026-01-08.16:53:38::SCWMssOS::DEBUG:  swdes dump  H:/test/two/fpga_arm/vitis/zc706_md/zynq_fsbl/zynq_fsbl_bsp/system.mss|system||

TRACE::2026-01-08.16:53:38::SCWMssOS::No sw design opened at  H:/test/two/fpga_arm/vitis/zc706_md/ps7_cortexa9_0/standalone_ps7_cortexa9_0/bsp/system.mss
TRACE::2026-01-08.16:53:38::SCWMssOS::mss exists loading the mss file  H:/test/two/fpga_arm/vitis/zc706_md/ps7_cortexa9_0/standalone_ps7_cortexa9_0/bsp/system.mss
TRACE::2026-01-08.16:53:38::SCWMssOS::Opened the sw design from mss  H:/test/two/fpga_arm/vitis/zc706_md/ps7_cortexa9_0/standalone_ps7_cortexa9_0/bsp/system.mss
TRACE::2026-01-08.16:53:38::SCWMssOS::Adding the swdes entry H:/test/two/fpga_arm/vitis/zc706_md/ps7_cortexa9_0/standalone_ps7_cortexa9_0/bsp/system.mss with des name system_0
TRACE::2026-01-08.16:53:38::SCWMssOS::updating the scw layer about changes
TRACE::2026-01-08.16:53:38::SCWMssOS::Opened the sw design.  H:/test/two/fpga_arm/vitis/zc706_md/ps7_cortexa9_0/standalone_ps7_cortexa9_0/bsp/system.mss
TRACE::2026-01-08.16:53:38::SCWPlatform::Trying to open the hw design at H:/test/two/fpga_arm/vitis/zc706_md/hw/design_1_wrapper.xsa
TRACE::2026-01-08.16:53:38::SCWPlatform::DSA given H:/test/two/fpga_arm/vitis/zc706_md/hw/design_1_wrapper.xsa
TRACE::2026-01-08.16:53:38::SCWPlatform::DSA absoulate path H:/test/two/fpga_arm/vitis/zc706_md/hw/design_1_wrapper.xsa
TRACE::2026-01-08.16:53:38::SCWPlatform::DSA directory H:/test/two/fpga_arm/vitis/zc706_md/hw
TRACE::2026-01-08.16:53:38::SCWPlatform:: Platform Path H:/test/two/fpga_arm/vitis/zc706_md/hw/design_1_wrapper.xsa
TRACE::2026-01-08.16:53:38::SCWPlatform:: Unique name xilinx:zc706::0.0
TRACE::2026-01-08.16:53:38::SCWPlatform::Trying to set the existing hwdb with name design_1_wrapper_2
TRACE::2026-01-08.16:53:38::SCWPlatform::Opened existing hwdb design_1_wrapper_2
TRACE::2026-01-08.16:53:38::SCWPlatform::Found the Hw Db part of the input DSA
TRACE::2026-01-08.16:53:38::SCWMssOS::Checking the sw design at  H:/test/two/fpga_arm/vitis/zc706_md/ps7_cortexa9_0/standalone_ps7_cortexa9_0/bsp/system.mss
TRACE::2026-01-08.16:53:38::SCWMssOS::DEBUG:  swdes dump  H:/test/two/fpga_arm/vitis/zc706_md/ps7_cortexa9_0/standalone_ps7_cortexa9_0/bsp/system.mss|system_0||
H:/test/two/fpga_arm/vitis/zc706_md/zynq_fsbl/zynq_fsbl_bsp/system.mss|system||

TRACE::2026-01-08.16:53:38::SCWMssOS::Sw design exists and opened at  H:/test/two/fpga_arm/vitis/zc706_md/ps7_cortexa9_0/standalone_ps7_cortexa9_0/bsp/system.mss
TRACE::2026-01-08.16:53:38::SCWMssOS:: library already available in sw design:  lwip211:1.6
TRACE::2026-01-08.16:53:38::SCWPlatform::Trying to open the hw design at H:/test/two/fpga_arm/vitis/zc706_md/hw/design_1_wrapper.xsa
TRACE::2026-01-08.16:53:38::SCWPlatform::DSA given H:/test/two/fpga_arm/vitis/zc706_md/hw/design_1_wrapper.xsa
TRACE::2026-01-08.16:53:38::SCWPlatform::DSA absoulate path H:/test/two/fpga_arm/vitis/zc706_md/hw/design_1_wrapper.xsa
TRACE::2026-01-08.16:53:38::SCWPlatform::DSA directory H:/test/two/fpga_arm/vitis/zc706_md/hw
TRACE::2026-01-08.16:53:38::SCWPlatform:: Platform Path H:/test/two/fpga_arm/vitis/zc706_md/hw/design_1_wrapper.xsa
TRACE::2026-01-08.16:53:38::SCWPlatform:: Unique name xilinx:zc706::0.0
TRACE::2026-01-08.16:53:38::SCWPlatform::Trying to set the existing hwdb with name design_1_wrapper_2
TRACE::2026-01-08.16:53:38::SCWPlatform::Opened existing hwdb design_1_wrapper_2
TRACE::2026-01-08.16:53:38::SCWPlatform::Found the Hw Db part of the input DSA
TRACE::2026-01-08.16:53:38::SCWMssOS::Checking the sw design at  H:/test/two/fpga_arm/vitis/zc706_md/ps7_cortexa9_0/standalone_ps7_cortexa9_0/bsp/system.mss
TRACE::2026-01-08.16:53:38::SCWMssOS::DEBUG:  swdes dump  H:/test/two/fpga_arm/vitis/zc706_md/ps7_cortexa9_0/standalone_ps7_cortexa9_0/bsp/system.mss|system_0||
H:/test/two/fpga_arm/vitis/zc706_md/zynq_fsbl/zynq_fsbl_bsp/system.mss|system||

TRACE::2026-01-08.16:53:38::SCWMssOS::Sw design exists and opened at  H:/test/two/fpga_arm/vitis/zc706_md/ps7_cortexa9_0/standalone_ps7_cortexa9_0/bsp/system.mss
TRACE::2026-01-08.16:53:38::SCWMssOS:: library already available in sw design:  xilffs:4.6
TRACE::2026-01-08.16:53:38::SCWPlatform::Trying to open the hw design at H:/test/two/fpga_arm/vitis/zc706_md/hw/design_1_wrapper.xsa
TRACE::2026-01-08.16:53:38::SCWPlatform::DSA given H:/test/two/fpga_arm/vitis/zc706_md/hw/design_1_wrapper.xsa
TRACE::2026-01-08.16:53:38::SCWPlatform::DSA absoulate path H:/test/two/fpga_arm/vitis/zc706_md/hw/design_1_wrapper.xsa
TRACE::2026-01-08.16:53:38::SCWPlatform::DSA directory H:/test/two/fpga_arm/vitis/zc706_md/hw
TRACE::2026-01-08.16:53:38::SCWPlatform:: Platform Path H:/test/two/fpga_arm/vitis/zc706_md/hw/design_1_wrapper.xsa
TRACE::2026-01-08.16:53:38::SCWPlatform:: Unique name xilinx:zc706::0.0
TRACE::2026-01-08.16:53:38::SCWPlatform::Trying to set the existing hwdb with name design_1_wrapper_2
TRACE::2026-01-08.16:53:38::SCWPlatform::Opened existing hwdb design_1_wrapper_2
TRACE::2026-01-08.16:53:38::SCWPlatform::Found the Hw Db part of the input DSA
TRACE::2026-01-08.16:53:38::SCWMssOS::Checking the sw design at  H:/test/two/fpga_arm/vitis/zc706_md/ps7_cortexa9_0/standalone_ps7_cortexa9_0/bsp/system.mss
TRACE::2026-01-08.16:53:38::SCWMssOS::DEBUG:  swdes dump  H:/test/two/fpga_arm/vitis/zc706_md/ps7_cortexa9_0/standalone_ps7_cortexa9_0/bsp/system.mss|system_0||
H:/test/two/fpga_arm/vitis/zc706_md/zynq_fsbl/zynq_fsbl_bsp/system.mss|system||

TRACE::2026-01-08.16:53:38::SCWMssOS::Sw design exists and opened at  H:/test/two/fpga_arm/vitis/zc706_md/ps7_cortexa9_0/standalone_ps7_cortexa9_0/bsp/system.mss
TRACE::2026-01-08.16:53:38::SCWPlatform::Trying to open the hw design at H:/test/two/fpga_arm/vitis/zc706_md/hw/design_1_wrapper.xsa
TRACE::2026-01-08.16:53:38::SCWPlatform::DSA given H:/test/two/fpga_arm/vitis/zc706_md/hw/design_1_wrapper.xsa
TRACE::2026-01-08.16:53:38::SCWPlatform::DSA absoulate path H:/test/two/fpga_arm/vitis/zc706_md/hw/design_1_wrapper.xsa
TRACE::2026-01-08.16:53:38::SCWPlatform::DSA directory H:/test/two/fpga_arm/vitis/zc706_md/hw
TRACE::2026-01-08.16:53:38::SCWPlatform:: Platform Path H:/test/two/fpga_arm/vitis/zc706_md/hw/design_1_wrapper.xsa
TRACE::2026-01-08.16:53:38::SCWPlatform:: Unique name xilinx:zc706::0.0
TRACE::2026-01-08.16:53:38::SCWPlatform::Trying to set the existing hwdb with name design_1_wrapper_2
TRACE::2026-01-08.16:53:38::SCWPlatform::Opened existing hwdb design_1_wrapper_2
TRACE::2026-01-08.16:53:38::SCWPlatform::Found the Hw Db part of the input DSA
TRACE::2026-01-08.16:53:38::SCWMssOS::Checking the sw design at  H:/test/two/fpga_arm/vitis/zc706_md/ps7_cortexa9_0/standalone_ps7_cortexa9_0/bsp/system.mss
TRACE::2026-01-08.16:53:38::SCWMssOS::DEBUG:  swdes dump  H:/test/two/fpga_arm/vitis/zc706_md/ps7_cortexa9_0/standalone_ps7_cortexa9_0/bsp/system.mss|system_0||
H:/test/two/fpga_arm/vitis/zc706_md/zynq_fsbl/zynq_fsbl_bsp/system.mss|system||

TRACE::2026-01-08.16:53:38::SCWMssOS::Sw design exists and opened at  H:/test/two/fpga_arm/vitis/zc706_md/ps7_cortexa9_0/standalone_ps7_cortexa9_0/bsp/system.mss
TRACE::2026-01-08.16:53:38::SCWPlatform::Trying to open the hw design at H:/test/two/fpga_arm/vitis/zc706_md/hw/design_1_wrapper.xsa
TRACE::2026-01-08.16:53:38::SCWPlatform::DSA given H:/test/two/fpga_arm/vitis/zc706_md/hw/design_1_wrapper.xsa
TRACE::2026-01-08.16:53:38::SCWPlatform::DSA absoulate path H:/test/two/fpga_arm/vitis/zc706_md/hw/design_1_wrapper.xsa
TRACE::2026-01-08.16:53:38::SCWPlatform::DSA directory H:/test/two/fpga_arm/vitis/zc706_md/hw
TRACE::2026-01-08.16:53:38::SCWPlatform:: Platform Path H:/test/two/fpga_arm/vitis/zc706_md/hw/design_1_wrapper.xsa
TRACE::2026-01-08.16:53:38::SCWPlatform:: Unique name xilinx:zc706::0.0
TRACE::2026-01-08.16:53:38::SCWPlatform::Trying to set the existing hwdb with name design_1_wrapper_2
TRACE::2026-01-08.16:53:38::SCWPlatform::Opened existing hwdb design_1_wrapper_2
TRACE::2026-01-08.16:53:38::SCWPlatform::Found the Hw Db part of the input DSA
TRACE::2026-01-08.16:53:38::SCWMssOS::Checking the sw design at  H:/test/two/fpga_arm/vitis/zc706_md/ps7_cortexa9_0/standalone_ps7_cortexa9_0/bsp/system.mss
TRACE::2026-01-08.16:53:38::SCWMssOS::DEBUG:  swdes dump  H:/test/two/fpga_arm/vitis/zc706_md/ps7_cortexa9_0/standalone_ps7_cortexa9_0/bsp/system.mss|system_0||
H:/test/two/fpga_arm/vitis/zc706_md/zynq_fsbl/zynq_fsbl_bsp/system.mss|system||

TRACE::2026-01-08.16:53:38::SCWMssOS::Sw design exists and opened at  H:/test/two/fpga_arm/vitis/zc706_md/ps7_cortexa9_0/standalone_ps7_cortexa9_0/bsp/system.mss
TRACE::2026-01-08.16:53:38::SCWPlatform::Trying to open the hw design at H:/test/two/fpga_arm/vitis/zc706_md/hw/design_1_wrapper.xsa
TRACE::2026-01-08.16:53:38::SCWPlatform::DSA given H:/test/two/fpga_arm/vitis/zc706_md/hw/design_1_wrapper.xsa
TRACE::2026-01-08.16:53:38::SCWPlatform::DSA absoulate path H:/test/two/fpga_arm/vitis/zc706_md/hw/design_1_wrapper.xsa
TRACE::2026-01-08.16:53:38::SCWPlatform::DSA directory H:/test/two/fpga_arm/vitis/zc706_md/hw
TRACE::2026-01-08.16:53:38::SCWPlatform:: Platform Path H:/test/two/fpga_arm/vitis/zc706_md/hw/design_1_wrapper.xsa
TRACE::2026-01-08.16:53:38::SCWPlatform:: Unique name xilinx:zc706::0.0
TRACE::2026-01-08.16:53:38::SCWPlatform::Trying to set the existing hwdb with name design_1_wrapper_2
TRACE::2026-01-08.16:53:38::SCWPlatform::Opened existing hwdb design_1_wrapper_2
TRACE::2026-01-08.16:53:38::SCWPlatform::Found the Hw Db part of the input DSA
TRACE::2026-01-08.16:53:38::SCWMssOS::Checking the sw design at  H:/test/two/fpga_arm/vitis/zc706_md/ps7_cortexa9_0/standalone_ps7_cortexa9_0/bsp/system.mss
TRACE::2026-01-08.16:53:38::SCWMssOS::DEBUG:  swdes dump  H:/test/two/fpga_arm/vitis/zc706_md/ps7_cortexa9_0/standalone_ps7_cortexa9_0/bsp/system.mss|system_0||
H:/test/two/fpga_arm/vitis/zc706_md/zynq_fsbl/zynq_fsbl_bsp/system.mss|system||

TRACE::2026-01-08.16:53:38::SCWMssOS::Sw design exists and opened at  H:/test/two/fpga_arm/vitis/zc706_md/ps7_cortexa9_0/standalone_ps7_cortexa9_0/bsp/system.mss
TRACE::2026-01-08.16:53:38::SCWPlatform::Trying to open the hw design at H:/test/two/fpga_arm/vitis/zc706_md/hw/design_1_wrapper.xsa
TRACE::2026-01-08.16:53:38::SCWPlatform::DSA given H:/test/two/fpga_arm/vitis/zc706_md/hw/design_1_wrapper.xsa
TRACE::2026-01-08.16:53:38::SCWPlatform::DSA absoulate path H:/test/two/fpga_arm/vitis/zc706_md/hw/design_1_wrapper.xsa
TRACE::2026-01-08.16:53:38::SCWPlatform::DSA directory H:/test/two/fpga_arm/vitis/zc706_md/hw
TRACE::2026-01-08.16:53:38::SCWPlatform:: Platform Path H:/test/two/fpga_arm/vitis/zc706_md/hw/design_1_wrapper.xsa
TRACE::2026-01-08.16:53:38::SCWPlatform:: Unique name xilinx:zc706::0.0
TRACE::2026-01-08.16:53:38::SCWPlatform::Trying to set the existing hwdb with name design_1_wrapper_2
TRACE::2026-01-08.16:53:38::SCWPlatform::Opened existing hwdb design_1_wrapper_2
TRACE::2026-01-08.16:53:38::SCWPlatform::Found the Hw Db part of the input DSA
TRACE::2026-01-08.16:53:38::SCWMssOS::Checking the sw design at  H:/test/two/fpga_arm/vitis/zc706_md/ps7_cortexa9_0/standalone_ps7_cortexa9_0/bsp/system.mss
TRACE::2026-01-08.16:53:38::SCWMssOS::DEBUG:  swdes dump  H:/test/two/fpga_arm/vitis/zc706_md/ps7_cortexa9_0/standalone_ps7_cortexa9_0/bsp/system.mss|system_0||
H:/test/two/fpga_arm/vitis/zc706_md/zynq_fsbl/zynq_fsbl_bsp/system.mss|system||

TRACE::2026-01-08.16:53:38::SCWMssOS::Sw design exists and opened at  H:/test/two/fpga_arm/vitis/zc706_md/ps7_cortexa9_0/standalone_ps7_cortexa9_0/bsp/system.mss
TRACE::2026-01-08.16:53:38::SCWPlatform::Trying to open the hw design at H:/test/two/fpga_arm/vitis/zc706_md/hw/design_1_wrapper.xsa
TRACE::2026-01-08.16:53:38::SCWPlatform::DSA given H:/test/two/fpga_arm/vitis/zc706_md/hw/design_1_wrapper.xsa
TRACE::2026-01-08.16:53:38::SCWPlatform::DSA absoulate path H:/test/two/fpga_arm/vitis/zc706_md/hw/design_1_wrapper.xsa
TRACE::2026-01-08.16:53:38::SCWPlatform::DSA directory H:/test/two/fpga_arm/vitis/zc706_md/hw
TRACE::2026-01-08.16:53:38::SCWPlatform:: Platform Path H:/test/two/fpga_arm/vitis/zc706_md/hw/design_1_wrapper.xsa
TRACE::2026-01-08.16:53:38::SCWPlatform:: Unique name xilinx:zc706::0.0
TRACE::2026-01-08.16:53:38::SCWPlatform::Trying to set the existing hwdb with name design_1_wrapper_2
TRACE::2026-01-08.16:53:38::SCWPlatform::Opened existing hwdb design_1_wrapper_2
TRACE::2026-01-08.16:53:38::SCWPlatform::Found the Hw Db part of the input DSA
TRACE::2026-01-08.16:53:38::SCWMssOS::Checking the sw design at  H:/test/two/fpga_arm/vitis/zc706_md/ps7_cortexa9_0/standalone_ps7_cortexa9_0/bsp/system.mss
TRACE::2026-01-08.16:53:38::SCWMssOS::DEBUG:  swdes dump  H:/test/two/fpga_arm/vitis/zc706_md/ps7_cortexa9_0/standalone_ps7_cortexa9_0/bsp/system.mss|system_0||
H:/test/two/fpga_arm/vitis/zc706_md/zynq_fsbl/zynq_fsbl_bsp/system.mss|system||

TRACE::2026-01-08.16:53:38::SCWMssOS::Sw design exists and opened at  H:/test/two/fpga_arm/vitis/zc706_md/ps7_cortexa9_0/standalone_ps7_cortexa9_0/bsp/system.mss
TRACE::2026-01-08.16:53:38::SCWMssOS::Saving the mss changes H:/test/two/fpga_arm/vitis/zc706_md/ps7_cortexa9_0/standalone_ps7_cortexa9_0/bsp/system.mss
TRACE::2026-01-08.16:53:38::SCWMssOS::Found a swdesign opened with the mssfile.
TRACE::2026-01-08.16:53:38::SCWMssOS::Completed writemss as part of save.
TRACE::2026-01-08.16:53:38::SCWMssOS::Commit changes completed.
TRACE::2026-01-08.16:53:38::SCWPlatform::Trying to open the hw design at H:/test/two/fpga_arm/vitis/zc706_md/hw/design_1_wrapper.xsa
TRACE::2026-01-08.16:53:38::SCWPlatform::DSA given H:/test/two/fpga_arm/vitis/zc706_md/hw/design_1_wrapper.xsa
TRACE::2026-01-08.16:53:38::SCWPlatform::DSA absoulate path H:/test/two/fpga_arm/vitis/zc706_md/hw/design_1_wrapper.xsa
TRACE::2026-01-08.16:53:38::SCWPlatform::DSA directory H:/test/two/fpga_arm/vitis/zc706_md/hw
TRACE::2026-01-08.16:53:38::SCWPlatform:: Platform Path H:/test/two/fpga_arm/vitis/zc706_md/hw/design_1_wrapper.xsa
TRACE::2026-01-08.16:53:38::SCWPlatform:: Unique name xilinx:zc706::0.0
TRACE::2026-01-08.16:53:38::SCWPlatform::Trying to set the existing hwdb with name design_1_wrapper_2
TRACE::2026-01-08.16:53:38::SCWPlatform::Opened existing hwdb design_1_wrapper_2
TRACE::2026-01-08.16:53:38::SCWPlatform::Found the Hw Db part of the input DSA
TRACE::2026-01-08.16:53:38::SCWMssOS::Checking the sw design at  H:/test/two/fpga_arm/vitis/zc706_md/ps7_cortexa9_0/standalone_ps7_cortexa9_0/bsp/system.mss
TRACE::2026-01-08.16:53:38::SCWMssOS::DEBUG:  swdes dump  H:/test/two/fpga_arm/vitis/zc706_md/ps7_cortexa9_0/standalone_ps7_cortexa9_0/bsp/system.mss|system_0||
H:/test/two/fpga_arm/vitis/zc706_md/zynq_fsbl/zynq_fsbl_bsp/system.mss|system||

TRACE::2026-01-08.16:53:38::SCWMssOS::Sw design exists and opened at  H:/test/two/fpga_arm/vitis/zc706_md/ps7_cortexa9_0/standalone_ps7_cortexa9_0/bsp/system.mss
TRACE::2026-01-08.16:53:38::SCWMssOS::Removing the swdes entry for  H:/test/two/fpga_arm/vitis/zc706_md/ps7_cortexa9_0/standalone_ps7_cortexa9_0/bsp/system.mss
TRACE::2026-01-08.16:53:38::SCWPlatform::Trying to open the hw design at H:/test/two/fpga_arm/vitis/zc706_md/hw/design_1_wrapper.xsa
TRACE::2026-01-08.16:53:38::SCWPlatform::DSA given H:/test/two/fpga_arm/vitis/zc706_md/hw/design_1_wrapper.xsa
TRACE::2026-01-08.16:53:38::SCWPlatform::DSA absoulate path H:/test/two/fpga_arm/vitis/zc706_md/hw/design_1_wrapper.xsa
TRACE::2026-01-08.16:53:38::SCWPlatform::DSA directory H:/test/two/fpga_arm/vitis/zc706_md/hw
TRACE::2026-01-08.16:53:38::SCWPlatform:: Platform Path H:/test/two/fpga_arm/vitis/zc706_md/hw/design_1_wrapper.xsa
TRACE::2026-01-08.16:53:38::SCWPlatform:: Unique name xilinx:zc706::0.0
TRACE::2026-01-08.16:53:38::SCWPlatform::Trying to set the existing hwdb with name design_1_wrapper_2
TRACE::2026-01-08.16:53:38::SCWPlatform::Opened existing hwdb design_1_wrapper_2
TRACE::2026-01-08.16:53:38::SCWPlatform::Found the Hw Db part of the input DSA
TRACE::2026-01-08.16:53:38::SCWMssOS::Checking the sw design at  H:/test/two/fpga_arm/vitis/zc706_md/ps7_cortexa9_0/standalone_ps7_cortexa9_0/bsp/system.mss
TRACE::2026-01-08.16:53:38::SCWMssOS::DEBUG:  swdes dump  H:/test/two/fpga_arm/vitis/zc706_md/zynq_fsbl/zynq_fsbl_bsp/system.mss|system||

TRACE::2026-01-08.16:53:38::SCWMssOS::No sw design opened at  H:/test/two/fpga_arm/vitis/zc706_md/ps7_cortexa9_0/standalone_ps7_cortexa9_0/bsp/system.mss
TRACE::2026-01-08.16:53:38::SCWMssOS::mss exists loading the mss file  H:/test/two/fpga_arm/vitis/zc706_md/ps7_cortexa9_0/standalone_ps7_cortexa9_0/bsp/system.mss
TRACE::2026-01-08.16:53:38::SCWMssOS::Opened the sw design from mss  H:/test/two/fpga_arm/vitis/zc706_md/ps7_cortexa9_0/standalone_ps7_cortexa9_0/bsp/system.mss
TRACE::2026-01-08.16:53:38::SCWMssOS::Adding the swdes entry H:/test/two/fpga_arm/vitis/zc706_md/ps7_cortexa9_0/standalone_ps7_cortexa9_0/bsp/system.mss with des name system_0
TRACE::2026-01-08.16:53:38::SCWMssOS::updating the scw layer about changes
TRACE::2026-01-08.16:53:38::SCWMssOS::Opened the sw design.  H:/test/two/fpga_arm/vitis/zc706_md/ps7_cortexa9_0/standalone_ps7_cortexa9_0/bsp/system.mss
TRACE::2026-01-08.16:53:38::SCWMssOS::Completed writing the mss file at H:/test/two/fpga_arm/vitis/zc706_md/ps7_cortexa9_0/standalone_ps7_cortexa9_0/bsp
TRACE::2026-01-08.16:53:39::SCWMssOS::Forcing BSP Sources regeneration.
KEYINFO::2026-01-08.16:53:41::SCWMssOS::Removing file H:/test/two/fpga_arm/vitis/zc706_md/ps7_cortexa9_0/standalone_ps7_cortexa9_0/bsp\system_0.mss
LOG::2026-01-08.16:53:45::SCWPlatform::Started generating the artifacts platform zc706_md
TRACE::2026-01-08.16:53:45::SCWPlatform::Sanity checking of platform is completed
LOG::2026-01-08.16:53:45::SCWPlatform::Started generating the artifacts for system configuration zc706_md
LOG::2026-01-08.16:53:45::SCWSystem::Checking the domain zynq_fsbl
LOG::2026-01-08.16:53:45::SCWSystem::Doing application build for :  zynq_fsbl
TRACE::2026-01-08.16:53:45::SCWBDomain::Not a forced makefile updation, No changes are present. 
TRACE::2026-01-08.16:53:45::SCWDomain::Building the domain as part of full build :  zynq_fsbl
TRACE::2026-01-08.16:53:45::SCWPlatform::Trying to open the hw design at H:/test/two/fpga_arm/vitis/zc706_md/hw/design_1_wrapper.xsa
TRACE::2026-01-08.16:53:45::SCWPlatform::DSA given H:/test/two/fpga_arm/vitis/zc706_md/hw/design_1_wrapper.xsa
TRACE::2026-01-08.16:53:45::SCWPlatform::DSA absoulate path H:/test/two/fpga_arm/vitis/zc706_md/hw/design_1_wrapper.xsa
TRACE::2026-01-08.16:53:45::SCWPlatform::DSA directory H:/test/two/fpga_arm/vitis/zc706_md/hw
TRACE::2026-01-08.16:53:45::SCWPlatform:: Platform Path H:/test/two/fpga_arm/vitis/zc706_md/hw/design_1_wrapper.xsa
TRACE::2026-01-08.16:53:45::SCWPlatform:: Unique name xilinx:zc706::0.0
TRACE::2026-01-08.16:53:45::SCWPlatform::Trying to set the existing hwdb with name design_1_wrapper_2
TRACE::2026-01-08.16:53:45::SCWPlatform::Opened existing hwdb design_1_wrapper_2
TRACE::2026-01-08.16:53:45::SCWPlatform::Found the Hw Db part of the input DSA
TRACE::2026-01-08.16:53:45::SCWMssOS::Checking the sw design at  H:/test/two/fpga_arm/vitis/zc706_md/zynq_fsbl/zynq_fsbl_bsp/system.mss
TRACE::2026-01-08.16:53:45::SCWMssOS::DEBUG:  swdes dump  H:/test/two/fpga_arm/vitis/zc706_md/zynq_fsbl/zynq_fsbl_bsp/system.mss|system||

TRACE::2026-01-08.16:53:45::SCWMssOS::Sw design exists and opened at  H:/test/two/fpga_arm/vitis/zc706_md/zynq_fsbl/zynq_fsbl_bsp/system.mss
TRACE::2026-01-08.16:53:45::SCWBDomain::Completed writing the mss file at H:/test/two/fpga_arm/vitis/zc706_md/zynq_fsbl/zynq_fsbl_bsp
TRACE::2026-01-08.16:53:45::SCWBDomain::bsp generated is upto date with the mss file. Skipping bsp generation.
TRACE::2026-01-08.16:53:45::SCWBDomain::Not a forced makefile updation, No changes are present. 
TRACE::2026-01-08.16:53:45::SCWBDomain::System Command Ran  H:&  cd  H:/test/two/fpga_arm/vitis/zc706_md/zynq_fsbl& make -C  zynq_fsbl_bsp & make 
TRACE::2026-01-08.16:53:45::SCWBDomain::make: Entering directory 'H:/test/two/fpga_arm/vitis/zc706_md/zynq_fsbl/zynq_fsbl_bsp'

TRACE::2026-01-08.16:53:45::SCWBDomain::make --no-print-directory seq_libs

TRACE::2026-01-08.16:53:45::SCWBDomain::"Running Make include in ps7_cortexa9_0/libsrc/axivdma_v6_10/src"

TRACE::2026-01-08.16:53:46::SCWBDomain::make -C ps7_cortexa9_0/libsrc/axivdma_v6_10/src -s include  "SHELL=CMD" "COMPILER=arm-none-eabi-gcc" "ASSEMBLER=arm-none-eabi-a
TRACE::2026-01-08.16:53:46::SCWBDomain::s" "ARCHIVER=arm-none-eabi-ar" "COMPILER_FLAGS=  -O2 -c" "EXTRA_COMPILER_FLAGS=-mcpu=cortex-a9 -mfpu=vfpv3 -mfloat-abi=hard -no
TRACE::2026-01-08.16:53:46::SCWBDomain::startfiles -g -Wall -Wextra -fno-tree-loop-distribute-patterns"

TRACE::2026-01-08.16:53:46::SCWBDomain::"Running Make include in ps7_cortexa9_0/libsrc/coresightps_dcc_v1_8/src"

TRACE::2026-01-08.16:53:46::SCWBDomain::make -C ps7_cortexa9_0/libsrc/coresightps_dcc_v1_8/src -s include  "SHELL=CMD" "COMPILER=arm-none-eabi-gcc" "ASSEMBLER=arm-none
TRACE::2026-01-08.16:53:46::SCWBDomain::-eabi-as" "ARCHIVER=arm-none-eabi-ar" "COMPILER_FLAGS=  -O2 -c" "EXTRA_COMPILER_FLAGS=-mcpu=cortex-a9 -mfpu=vfpv3 -mfloat-abi=h
TRACE::2026-01-08.16:53:46::SCWBDomain::ard -nostartfiles -g -Wall -Wextra -fno-tree-loop-distribute-patterns"

TRACE::2026-01-08.16:53:46::SCWBDomain::"Running Make include in ps7_cortexa9_0/libsrc/cpu_cortexa9_v2_11/src"

TRACE::2026-01-08.16:53:46::SCWBDomain::make -C ps7_cortexa9_0/libsrc/cpu_cortexa9_v2_11/src -s include  "SHELL=CMD" "COMPILER=arm-none-eabi-gcc" "ASSEMBLER=arm-none-e
TRACE::2026-01-08.16:53:46::SCWBDomain::abi-as" "ARCHIVER=arm-none-eabi-ar" "COMPILER_FLAGS=  -O2 -c" "EXTRA_COMPILER_FLAGS=-mcpu=cortex-a9 -mfpu=vfpv3 -mfloat-abi=har
TRACE::2026-01-08.16:53:46::SCWBDomain::d -nostartfiles -g -Wall -Wextra -fno-tree-loop-distribute-patterns"

TRACE::2026-01-08.16:53:47::SCWBDomain::"Running Make include in ps7_cortexa9_0/libsrc/ddrps_v1_2/src"

TRACE::2026-01-08.16:53:47::SCWBDomain::make -C ps7_cortexa9_0/libsrc/ddrps_v1_2/src -s include  "SHELL=CMD" "COMPILER=arm-none-eabi-gcc" "ASSEMBLER=arm-none-eabi-as" 
TRACE::2026-01-08.16:53:47::SCWBDomain::"ARCHIVER=arm-none-eabi-ar" "COMPILER_FLAGS=  -O2 -c" "EXTRA_COMPILER_FLAGS=-mcpu=cortex-a9 -mfpu=vfpv3 -mfloat-abi=hard -nosta
TRACE::2026-01-08.16:53:47::SCWBDomain::rtfiles -g -Wall -Wextra -fno-tree-loop-distribute-patterns"

TRACE::2026-01-08.16:53:47::SCWBDomain::"Running Make include in ps7_cortexa9_0/libsrc/devcfg_v3_7/src"

TRACE::2026-01-08.16:53:47::SCWBDomain::make -C ps7_cortexa9_0/libsrc/devcfg_v3_7/src -s include  "SHELL=CMD" "COMPILER=arm-none-eabi-gcc" "ASSEMBLER=arm-none-eabi-as"
TRACE::2026-01-08.16:53:47::SCWBDomain:: "ARCHIVER=arm-none-eabi-ar" "COMPILER_FLAGS=  -O2 -c" "EXTRA_COMPILER_FLAGS=-mcpu=cortex-a9 -mfpu=vfpv3 -mfloat-abi=hard -nost
TRACE::2026-01-08.16:53:47::SCWBDomain::artfiles -g -Wall -Wextra -fno-tree-loop-distribute-patterns"

TRACE::2026-01-08.16:53:47::SCWBDomain::"Running Make include in ps7_cortexa9_0/libsrc/dmaps_v2_8/src"

TRACE::2026-01-08.16:53:47::SCWBDomain::make -C ps7_cortexa9_0/libsrc/dmaps_v2_8/src -s include  "SHELL=CMD" "COMPILER=arm-none-eabi-gcc" "ASSEMBLER=arm-none-eabi-as" 
TRACE::2026-01-08.16:53:47::SCWBDomain::"ARCHIVER=arm-none-eabi-ar" "COMPILER_FLAGS=  -O2 -c" "EXTRA_COMPILER_FLAGS=-mcpu=cortex-a9 -mfpu=vfpv3 -mfloat-abi=hard -nosta
TRACE::2026-01-08.16:53:47::SCWBDomain::rtfiles -g -Wall -Wextra -fno-tree-loop-distribute-patterns"

TRACE::2026-01-08.16:53:47::SCWBDomain::"Running Make include in ps7_cortexa9_0/libsrc/emacps_v3_15/src"

TRACE::2026-01-08.16:53:47::SCWBDomain::make -C ps7_cortexa9_0/libsrc/emacps_v3_15/src -s include  "SHELL=CMD" "COMPILER=arm-none-eabi-gcc" "ASSEMBLER=arm-none-eabi-as
TRACE::2026-01-08.16:53:47::SCWBDomain::" "ARCHIVER=arm-none-eabi-ar" "COMPILER_FLAGS=  -O2 -c" "EXTRA_COMPILER_FLAGS=-mcpu=cortex-a9 -mfpu=vfpv3 -mfloat-abi=hard -nos
TRACE::2026-01-08.16:53:47::SCWBDomain::tartfiles -g -Wall -Wextra -fno-tree-loop-distribute-patterns"

TRACE::2026-01-08.16:53:48::SCWBDomain::"Running Make include in ps7_cortexa9_0/libsrc/gpiops_v3_9/src"

TRACE::2026-01-08.16:53:48::SCWBDomain::make -C ps7_cortexa9_0/libsrc/gpiops_v3_9/src -s include  "SHELL=CMD" "COMPILER=arm-none-eabi-gcc" "ASSEMBLER=arm-none-eabi-as"
TRACE::2026-01-08.16:53:48::SCWBDomain:: "ARCHIVER=arm-none-eabi-ar" "COMPILER_FLAGS=  -O2 -c" "EXTRA_COMPILER_FLAGS=-mcpu=cortex-a9 -mfpu=vfpv3 -mfloat-abi=hard -nost
TRACE::2026-01-08.16:53:48::SCWBDomain::artfiles -g -Wall -Wextra -fno-tree-loop-distribute-patterns"

TRACE::2026-01-08.16:53:48::SCWBDomain::"Running Make include in ps7_cortexa9_0/libsrc/iicps_v3_14/src"

TRACE::2026-01-08.16:53:48::SCWBDomain::make -C ps7_cortexa9_0/libsrc/iicps_v3_14/src -s include  "SHELL=CMD" "COMPILER=arm-none-eabi-gcc" "ASSEMBLER=arm-none-eabi-as"
TRACE::2026-01-08.16:53:48::SCWBDomain:: "ARCHIVER=arm-none-eabi-ar" "COMPILER_FLAGS=  -O2 -c" "EXTRA_COMPILER_FLAGS=-mcpu=cortex-a9 -mfpu=vfpv3 -mfloat-abi=hard -nost
TRACE::2026-01-08.16:53:48::SCWBDomain::artfiles -g -Wall -Wextra -fno-tree-loop-distribute-patterns"

TRACE::2026-01-08.16:53:49::SCWBDomain::"Running Make include in ps7_cortexa9_0/libsrc/qspips_v3_9/src"

TRACE::2026-01-08.16:53:49::SCWBDomain::make -C ps7_cortexa9_0/libsrc/qspips_v3_9/src -s include  "SHELL=CMD" "COMPILER=arm-none-eabi-gcc" "ASSEMBLER=arm-none-eabi-as"
TRACE::2026-01-08.16:53:49::SCWBDomain:: "ARCHIVER=arm-none-eabi-ar" "COMPILER_FLAGS=  -O2 -c" "EXTRA_COMPILER_FLAGS=-mcpu=cortex-a9 -mfpu=vfpv3 -mfloat-abi=hard -nost
TRACE::2026-01-08.16:53:49::SCWBDomain::artfiles -g -Wall -Wextra -fno-tree-loop-distribute-patterns"

TRACE::2026-01-08.16:53:49::SCWBDomain::"Running Make include in ps7_cortexa9_0/libsrc/scugic_v4_6/src"

TRACE::2026-01-08.16:53:49::SCWBDomain::make -C ps7_cortexa9_0/libsrc/scugic_v4_6/src -s include  "SHELL=CMD" "COMPILER=arm-none-eabi-gcc" "ASSEMBLER=arm-none-eabi-as"
TRACE::2026-01-08.16:53:49::SCWBDomain:: "ARCHIVER=arm-none-eabi-ar" "COMPILER_FLAGS=  -O2 -c" "EXTRA_COMPILER_FLAGS=-mcpu=cortex-a9 -mfpu=vfpv3 -mfloat-abi=hard -nost
TRACE::2026-01-08.16:53:49::SCWBDomain::artfiles -g -Wall -Wextra -fno-tree-loop-distribute-patterns"

TRACE::2026-01-08.16:53:50::SCWBDomain::"Running Make include in ps7_cortexa9_0/libsrc/scutimer_v2_3/src"

TRACE::2026-01-08.16:53:50::SCWBDomain::make -C ps7_cortexa9_0/libsrc/scutimer_v2_3/src -s include  "SHELL=CMD" "COMPILER=arm-none-eabi-gcc" "ASSEMBLER=arm-none-eabi-a
TRACE::2026-01-08.16:53:50::SCWBDomain::s" "ARCHIVER=arm-none-eabi-ar" "COMPILER_FLAGS=  -O2 -c" "EXTRA_COMPILER_FLAGS=-mcpu=cortex-a9 -mfpu=vfpv3 -mfloat-abi=hard -no
TRACE::2026-01-08.16:53:50::SCWBDomain::startfiles -g -Wall -Wextra -fno-tree-loop-distribute-patterns"

TRACE::2026-01-08.16:53:50::SCWBDomain::"Running Make include in ps7_cortexa9_0/libsrc/scuwdt_v2_4/src"

TRACE::2026-01-08.16:53:50::SCWBDomain::make -C ps7_cortexa9_0/libsrc/scuwdt_v2_4/src -s include  "SHELL=CMD" "COMPILER=arm-none-eabi-gcc" "ASSEMBLER=arm-none-eabi-as"
TRACE::2026-01-08.16:53:50::SCWBDomain:: "ARCHIVER=arm-none-eabi-ar" "COMPILER_FLAGS=  -O2 -c" "EXTRA_COMPILER_FLAGS=-mcpu=cortex-a9 -mfpu=vfpv3 -mfloat-abi=hard -nost
TRACE::2026-01-08.16:53:50::SCWBDomain::artfiles -g -Wall -Wextra -fno-tree-loop-distribute-patterns"

TRACE::2026-01-08.16:53:51::SCWBDomain::"Running Make include in ps7_cortexa9_0/libsrc/sdps_v3_13/src"

TRACE::2026-01-08.16:53:51::SCWBDomain::make -C ps7_cortexa9_0/libsrc/sdps_v3_13/src -s include  "SHELL=CMD" "COMPILER=arm-none-eabi-gcc" "ASSEMBLER=arm-none-eabi-as" 
TRACE::2026-01-08.16:53:51::SCWBDomain::"ARCHIVER=arm-none-eabi-ar" "COMPILER_FLAGS=  -O2 -c" "EXTRA_COMPILER_FLAGS=-mcpu=cortex-a9 -mfpu=vfpv3 -mfloat-abi=hard -nosta
TRACE::2026-01-08.16:53:51::SCWBDomain::rtfiles -g -Wall -Wextra -fno-tree-loop-distribute-patterns"

TRACE::2026-01-08.16:53:51::SCWBDomain::"Running Make include in ps7_cortexa9_0/libsrc/standalone_v7_6/src"

TRACE::2026-01-08.16:53:51::SCWBDomain::make -C ps7_cortexa9_0/libsrc/standalone_v7_6/src -s include  "SHELL=CMD" "COMPILER=arm-none-eabi-gcc" "ASSEMBLER=arm-none-eabi
TRACE::2026-01-08.16:53:51::SCWBDomain::-as" "ARCHIVER=arm-none-eabi-ar" "COMPILER_FLAGS=  -O2 -c" "EXTRA_COMPILER_FLAGS=-mcpu=cortex-a9 -mfpu=vfpv3 -mfloat-abi=hard -
TRACE::2026-01-08.16:53:51::SCWBDomain::nostartfiles -g -Wall -Wextra -fno-tree-loop-distribute-patterns"

TRACE::2026-01-08.16:53:54::SCWBDomain::"Running Make include in ps7_cortexa9_0/libsrc/ttcps_v3_14/src"

TRACE::2026-01-08.16:53:55::SCWBDomain::make -C ps7_cortexa9_0/libsrc/ttcps_v3_14/src -s include  "SHELL=CMD" "COMPILER=arm-none-eabi-gcc" "ASSEMBLER=arm-none-eabi-as"
TRACE::2026-01-08.16:53:55::SCWBDomain:: "ARCHIVER=arm-none-eabi-ar" "COMPILER_FLAGS=  -O2 -c" "EXTRA_COMPILER_FLAGS=-mcpu=cortex-a9 -mfpu=vfpv3 -mfloat-abi=hard -nost
TRACE::2026-01-08.16:53:55::SCWBDomain::artfiles -g -Wall -Wextra -fno-tree-loop-distribute-patterns"

TRACE::2026-01-08.16:53:55::SCWBDomain::"Running Make include in ps7_cortexa9_0/libsrc/uartps_v3_11/src"

TRACE::2026-01-08.16:53:55::SCWBDomain::make -C ps7_cortexa9_0/libsrc/uartps_v3_11/src -s include  "SHELL=CMD" "COMPILER=arm-none-eabi-gcc" "ASSEMBLER=arm-none-eabi-as
TRACE::2026-01-08.16:53:55::SCWBDomain::" "ARCHIVER=arm-none-eabi-ar" "COMPILER_FLAGS=  -O2 -c" "EXTRA_COMPILER_FLAGS=-mcpu=cortex-a9 -mfpu=vfpv3 -mfloat-abi=hard -nos
TRACE::2026-01-08.16:53:55::SCWBDomain::tartfiles -g -Wall -Wextra -fno-tree-loop-distribute-patterns"

TRACE::2026-01-08.16:53:55::SCWBDomain::"Running Make include in ps7_cortexa9_0/libsrc/usbps_v2_7/src"

TRACE::2026-01-08.16:53:55::SCWBDomain::make -C ps7_cortexa9_0/libsrc/usbps_v2_7/src -s include  "SHELL=CMD" "COMPILER=arm-none-eabi-gcc" "ASSEMBLER=arm-none-eabi-as" 
TRACE::2026-01-08.16:53:55::SCWBDomain::"ARCHIVER=arm-none-eabi-ar" "COMPILER_FLAGS=  -O2 -c" "EXTRA_COMPILER_FLAGS=-mcpu=cortex-a9 -mfpu=vfpv3 -mfloat-abi=hard -nosta
TRACE::2026-01-08.16:53:55::SCWBDomain::rtfiles -g -Wall -Wextra -fno-tree-loop-distribute-patterns"

TRACE::2026-01-08.16:53:56::SCWBDomain::"Running Make include in ps7_cortexa9_0/libsrc/xadcps_v2_6/src"

TRACE::2026-01-08.16:53:56::SCWBDomain::make -C ps7_cortexa9_0/libsrc/xadcps_v2_6/src -s include  "SHELL=CMD" "COMPILER=arm-none-eabi-gcc" "ASSEMBLER=arm-none-eabi-as"
TRACE::2026-01-08.16:53:56::SCWBDomain:: "ARCHIVER=arm-none-eabi-ar" "COMPILER_FLAGS=  -O2 -c" "EXTRA_COMPILER_FLAGS=-mcpu=cortex-a9 -mfpu=vfpv3 -mfloat-abi=hard -nost
TRACE::2026-01-08.16:53:56::SCWBDomain::artfiles -g -Wall -Wextra -fno-tree-loop-distribute-patterns"

TRACE::2026-01-08.16:53:56::SCWBDomain::"Running Make include in ps7_cortexa9_0/libsrc/xilffs_v4_6/src"

TRACE::2026-01-08.16:53:56::SCWBDomain::make -C ps7_cortexa9_0/libsrc/xilffs_v4_6/src -s include  "SHELL=CMD" "COMPILER=arm-none-eabi-gcc" "ASSEMBLER=arm-none-eabi-as"
TRACE::2026-01-08.16:53:56::SCWBDomain:: "ARCHIVER=arm-none-eabi-ar" "COMPILER_FLAGS=  -O2 -c" "EXTRA_COMPILER_FLAGS=-mcpu=cortex-a9 -mfpu=vfpv3 -mfloat-abi=hard -nost
TRACE::2026-01-08.16:53:56::SCWBDomain::artfiles -g -Wall -Wextra -fno-tree-loop-distribute-patterns"

TRACE::2026-01-08.16:53:56::SCWBDomain::"Running Make include in ps7_cortexa9_0/libsrc/xilrsa_v1_6/src"

TRACE::2026-01-08.16:53:56::SCWBDomain::make -C ps7_cortexa9_0/libsrc/xilrsa_v1_6/src -s include  "SHELL=CMD" "COMPILER=arm-none-eabi-gcc" "ASSEMBLER=arm-none-eabi-as"
TRACE::2026-01-08.16:53:56::SCWBDomain:: "ARCHIVER=arm-none-eabi-ar" "COMPILER_FLAGS=  -O2 -c" "EXTRA_COMPILER_FLAGS=-mcpu=cortex-a9 -mfpu=vfpv3 -mfloat-abi=hard -nost
TRACE::2026-01-08.16:53:56::SCWBDomain::artfiles -g -Wall -Wextra -fno-tree-loop-distribute-patterns"

TRACE::2026-01-08.16:53:56::SCWBDomain::"Running Make libs in ps7_cortexa9_0/libsrc/xilrsa_v1_6/src"

TRACE::2026-01-08.16:53:57::SCWBDomain::make -C ps7_cortexa9_0/libsrc/xilrsa_v1_6/src -s libs  "SHELL=CMD" "COMPILER=arm-none-eabi-gcc" "ASSEMBLER=arm-none-eabi-as" "A
TRACE::2026-01-08.16:53:57::SCWBDomain::RCHIVER=arm-none-eabi-ar" "COMPILER_FLAGS=  -O2 -c" "EXTRA_COMPILER_FLAGS=-mcpu=cortex-a9 -mfpu=vfpv3 -mfloat-abi=hard -nostart
TRACE::2026-01-08.16:53:57::SCWBDomain::files -g -Wall -Wextra -fno-tree-loop-distribute-patterns"

TRACE::2026-01-08.16:53:57::SCWBDomain::'Finished building libraries sequentially.'

TRACE::2026-01-08.16:53:57::SCWBDomain::make -j 14 --no-print-directory par_libs

TRACE::2026-01-08.16:53:57::SCWBDomain::"Running Make include in ps7_cortexa9_0/libsrc/axivdma_v6_10/src"

TRACE::2026-01-08.16:53:57::SCWBDomain::make -C ps7_cortexa9_0/libsrc/axivdma_v6_10/src -s include  "SHELL=CMD" "COMPILER=arm-none-eabi-gcc" "ASSEMBLER=arm-none-eabi-a
TRACE::2026-01-08.16:53:57::SCWBDomain::s" "ARCHIVER=arm-none-eabi-ar" "COMPILER_FLAGS=  -O2 -c" "EXTRA_COMPILER_FLAGS=-mcpu=cortex-a9 -mfpu=vfpv3 -mfloat-abi=hard -no
TRACE::2026-01-08.16:53:57::SCWBDomain::startfiles -g -Wall -Wextra -fno-tree-loop-distribute-patterns"

TRACE::2026-01-08.16:53:57::SCWBDomain::"Running Make include in ps7_cortexa9_0/libsrc/coresightps_dcc_v1_8/src"

TRACE::2026-01-08.16:53:57::SCWBDomain::"Running Make include in ps7_cortexa9_0/libsrc/cpu_cortexa9_v2_11/src"

TRACE::2026-01-08.16:53:57::SCWBDomain::"Running Make include in ps7_cortexa9_0/libsrc/ddrps_v1_2/src"

TRACE::2026-01-08.16:53:57::SCWBDomain::"Running Make include in ps7_cortexa9_0/libsrc/devcfg_v3_7/src"

TRACE::2026-01-08.16:53:57::SCWBDomain::"Running Make include in ps7_cortexa9_0/libsrc/dmaps_v2_8/src"

TRACE::2026-01-08.16:53:57::SCWBDomain::"Running Make include in ps7_cortexa9_0/libsrc/emacps_v3_15/src"

TRACE::2026-01-08.16:53:57::SCWBDomain::"Running Make include in ps7_cortexa9_0/libsrc/gpiops_v3_9/src"

TRACE::2026-01-08.16:53:57::SCWBDomain::make -C ps7_cortexa9_0/libsrc/coresightps_dcc_v1_8/src -s include  "SHELL=CMD" "COMPILER=arm-none-eabi-gcc" "ASSEMBLER=arm-none
TRACE::2026-01-08.16:53:57::SCWBDomain::-eabi-as" "ARCHIVER=arm-none-eabi-ar" "COMPILER_FLAGS=  -O2 -c" "EXTRA_COMPILER_FLAGS=-mcpu=cortex-a9 -mfpu=vfpv3 -mfloat-abi=h
TRACE::2026-01-08.16:53:57::SCWBDomain::ard -nostartfiles -g -Wall -Wextra -fno-tree-loop-distribute-patterns"

TRACE::2026-01-08.16:53:57::SCWBDomain::make -C ps7_cortexa9_0/libsrc/cpu_cortexa9_v2_11/src -s include  "SHELL=CMD" "COMPILER=arm-none-eabi-gcc" "ASSEMBLER=arm-none-e
TRACE::2026-01-08.16:53:57::SCWBDomain::abi-as" "ARCHIVER=arm-none-eabi-ar" "COMPILER_FLAGS=  -O2 -c" "EXTRA_COMPILER_FLAGS=-mcpu=cortex-a9 -mfpu=vfpv3 -mfloat-abi=har
TRACE::2026-01-08.16:53:57::SCWBDomain::d -nostartfiles -g -Wall -Wextra -fno-tree-loop-distribute-patterns"

TRACE::2026-01-08.16:53:57::SCWBDomain::make -C ps7_cortexa9_0/libsrc/ddrps_v1_2/src -s include  "SHELL=CMD" "COMPILER=arm-none-eabi-gcc" "ASSEMBLER=arm-none-eabi-as" 
TRACE::2026-01-08.16:53:57::SCWBDomain::"ARCHIVER=arm-none-eabi-ar" "COMPILER_FLAGS=  -O2 -c" "EXTRA_COMPILER_FLAGS=-mcpu=cortex-a9 -mfpu=vfpv3 -mfloat-abi=hard -nosta
TRACE::2026-01-08.16:53:57::SCWBDomain::rtfiles -g -Wall -Wextra -fno-tree-loop-distribute-patterns"

TRACE::2026-01-08.16:53:57::SCWBDomain::"Running Make include in ps7_cortexa9_0/libsrc/iicps_v3_14/src"

TRACE::2026-01-08.16:53:57::SCWBDomain::make -C ps7_cortexa9_0/libsrc/devcfg_v3_7/src -s include  "SHELL=CMD" "COMPILER=arm-none-eabi-gcc" "ASSEMBLER=arm-none-eabi-as"
TRACE::2026-01-08.16:53:57::SCWBDomain:: "ARCHIVER=arm-none-eabi-ar" "COMPILER_FLAGS=  -O2 -c" "EXTRA_COMPILER_FLAGS=-mcpu=cortex-a9 -mfpu=vfpv3 -mfloat-abi=hard -nost
TRACE::2026-01-08.16:53:57::SCWBDomain::artfiles -g -Wall -Wextra -fno-tree-loop-distribute-patterns"

TRACE::2026-01-08.16:53:57::SCWBDomain::make -C ps7_cortexa9_0/libsrc/dmaps_v2_8/src -s include  "SHELL=CMD" "COMPILER=arm-none-eabi-gcc" "ASSEMBLER=arm-none-eabi-as" 
TRACE::2026-01-08.16:53:57::SCWBDomain::"ARCHIVER=arm-none-eabi-ar" "COMPILER_FLAGS=  -O2 -c" "EXTRA_COMPILER_FLAGS=-mcpu=cortex-a9 -mfpu=vfpv3 -mfloat-abi=hard -nosta
TRACE::2026-01-08.16:53:57::SCWBDomain::rtfiles -g -Wall -Wextra -fno-tree-loop-distribute-patterns"

TRACE::2026-01-08.16:53:57::SCWBDomain::make -C ps7_cortexa9_0/libsrc/emacps_v3_15/src -s include  "SHELL=CMD" "COMPILER=arm-none-eabi-gcc" "ASSEMBLER=arm-none-eabi-as
TRACE::2026-01-08.16:53:57::SCWBDomain::" "ARCHIVER=arm-none-eabi-ar" "COMPILER_FLAGS=  -O2 -c" "EXTRA_COMPILER_FLAGS=-mcpu=cortex-a9 -mfpu=vfpv3 -mfloat-abi=hard -nos
TRACE::2026-01-08.16:53:57::SCWBDomain::tartfiles -g -Wall -Wextra -fno-tree-loop-distribute-patterns"

TRACE::2026-01-08.16:53:57::SCWBDomain::"Running Make include in ps7_cortexa9_0/libsrc/qspips_v3_9/src"

TRACE::2026-01-08.16:53:57::SCWBDomain::"Running Make include in ps7_cortexa9_0/libsrc/scugic_v4_6/src"

TRACE::2026-01-08.16:53:57::SCWBDomain::"Running Make include in ps7_cortexa9_0/libsrc/scutimer_v2_3/src"

TRACE::2026-01-08.16:53:57::SCWBDomain::"Running Make include in ps7_cortexa9_0/libsrc/scuwdt_v2_4/src"

TRACE::2026-01-08.16:53:57::SCWBDomain::"Running Make include in ps7_cortexa9_0/libsrc/sdps_v3_13/src"

TRACE::2026-01-08.16:53:57::SCWBDomain::"Running Make include in ps7_cortexa9_0/libsrc/standalone_v7_6/src"

TRACE::2026-01-08.16:53:57::SCWBDomain::make -C ps7_cortexa9_0/libsrc/gpiops_v3_9/src -s include  "SHELL=CMD" "COMPILER=arm-none-eabi-gcc" "ASSEMBLER=arm-none-eabi-as"
TRACE::2026-01-08.16:53:57::SCWBDomain:: "ARCHIVER=arm-none-eabi-ar" "COMPILER_FLAGS=  -O2 -c" "EXTRA_COMPILER_FLAGS=-mcpu=cortex-a9 -mfpu=vfpv3 -mfloat-abi=hard -nost
TRACE::2026-01-08.16:53:57::SCWBDomain::artfiles -g -Wall -Wextra -fno-tree-loop-distribute-patterns"

TRACE::2026-01-08.16:53:57::SCWBDomain::make -C ps7_cortexa9_0/libsrc/iicps_v3_14/src -s include  "SHELL=CMD" "COMPILER=arm-none-eabi-gcc" "ASSEMBLER=arm-none-eabi-as"
TRACE::2026-01-08.16:53:57::SCWBDomain:: "ARCHIVER=arm-none-eabi-ar" "COMPILER_FLAGS=  -O2 -c" "EXTRA_COMPILER_FLAGS=-mcpu=cortex-a9 -mfpu=vfpv3 -mfloat-abi=hard -nost
TRACE::2026-01-08.16:53:57::SCWBDomain::artfiles -g -Wall -Wextra -fno-tree-loop-distribute-patterns"

TRACE::2026-01-08.16:53:57::SCWBDomain::make -C ps7_cortexa9_0/libsrc/qspips_v3_9/src -s include  "SHELL=CMD" "COMPILER=arm-none-eabi-gcc" "ASSEMBLER=arm-none-eabi-as"
TRACE::2026-01-08.16:53:57::SCWBDomain:: "ARCHIVER=arm-none-eabi-ar" "COMPILER_FLAGS=  -O2 -c" "EXTRA_COMPILER_FLAGS=-mcpu=cortex-a9 -mfpu=vfpv3 -mfloat-abi=hard -nost
TRACE::2026-01-08.16:53:57::SCWBDomain::artfiles -g -Wall -Wextra -fno-tree-loop-distribute-patterns"

TRACE::2026-01-08.16:53:57::SCWBDomain::make -C ps7_cortexa9_0/libsrc/scugic_v4_6/src -s include  "SHELL=CMD" "COMPILER=arm-none-eabi-gcc" "ASSEMBLER=arm-none-eabi-as"
TRACE::2026-01-08.16:53:57::SCWBDomain:: "ARCHIVER=arm-none-eabi-ar" "COMPILER_FLAGS=  -O2 -c" "EXTRA_COMPILER_FLAGS=-mcpu=cortex-a9 -mfpu=vfpv3 -mfloat-abi=hard -nost
TRACE::2026-01-08.16:53:57::SCWBDomain::artfiles -g -Wall -Wextra -fno-tree-loop-distribute-patterns"

TRACE::2026-01-08.16:53:57::SCWBDomain::make -C ps7_cortexa9_0/libsrc/scutimer_v2_3/src -s include  "SHELL=CMD" "COMPILER=arm-none-eabi-gcc" "ASSEMBLER=arm-none-eabi-a
TRACE::2026-01-08.16:53:57::SCWBDomain::s" "ARCHIVER=arm-none-eabi-ar" "COMPILER_FLAGS=  -O2 -c" "EXTRA_COMPILER_FLAGS=-mcpu=cortex-a9 -mfpu=vfpv3 -mfloat-abi=hard -no
TRACE::2026-01-08.16:53:57::SCWBDomain::startfiles -g -Wall -Wextra -fno-tree-loop-distribute-patterns"

TRACE::2026-01-08.16:53:57::SCWBDomain::make -C ps7_cortexa9_0/libsrc/scuwdt_v2_4/src -s include  "SHELL=CMD" "COMPILER=arm-none-eabi-gcc" "ASSEMBLER=arm-none-eabi-as"
TRACE::2026-01-08.16:53:57::SCWBDomain:: "ARCHIVER=arm-none-eabi-ar" "COMPILER_FLAGS=  -O2 -c" "EXTRA_COMPILER_FLAGS=-mcpu=cortex-a9 -mfpu=vfpv3 -mfloat-abi=hard -nost
TRACE::2026-01-08.16:53:57::SCWBDomain::artfiles -g -Wall -Wextra -fno-tree-loop-distribute-patterns"

TRACE::2026-01-08.16:53:57::SCWBDomain::make -C ps7_cortexa9_0/libsrc/sdps_v3_13/src -s include  "SHELL=CMD" "COMPILER=arm-none-eabi-gcc" "ASSEMBLER=arm-none-eabi-as" 
TRACE::2026-01-08.16:53:57::SCWBDomain::"ARCHIVER=arm-none-eabi-ar" "COMPILER_FLAGS=  -O2 -c" "EXTRA_COMPILER_FLAGS=-mcpu=cortex-a9 -mfpu=vfpv3 -mfloat-abi=hard -nosta
TRACE::2026-01-08.16:53:57::SCWBDomain::rtfiles -g -Wall -Wextra -fno-tree-loop-distribute-patterns"

TRACE::2026-01-08.16:53:57::SCWBDomain::make -C ps7_cortexa9_0/libsrc/standalone_v7_6/src -s include  "SHELL=CMD" "COMPILER=arm-none-eabi-gcc" "ASSEMBLER=arm-none-eabi
TRACE::2026-01-08.16:53:57::SCWBDomain::-as" "ARCHIVER=arm-none-eabi-ar" "COMPILER_FLAGS=  -O2 -c" "EXTRA_COMPILER_FLAGS=-mcpu=cortex-a9 -mfpu=vfpv3 -mfloat-abi=hard -
TRACE::2026-01-08.16:53:57::SCWBDomain::nostartfiles -g -Wall -Wextra -fno-tree-loop-distribute-patterns"

TRACE::2026-01-08.16:53:57::SCWBDomain::"Running Make include in ps7_cortexa9_0/libsrc/ttcps_v3_14/src"

TRACE::2026-01-08.16:53:57::SCWBDomain::"Running Make include in ps7_cortexa9_0/libsrc/uartps_v3_11/src"

TRACE::2026-01-08.16:53:58::SCWBDomain::"Running Make include in ps7_cortexa9_0/libsrc/usbps_v2_7/src"

TRACE::2026-01-08.16:53:58::SCWBDomain::"Running Make include in ps7_cortexa9_0/libsrc/xadcps_v2_6/src"

TRACE::2026-01-08.16:53:58::SCWBDomain::"Running Make include in ps7_cortexa9_0/libsrc/xilffs_v4_6/src"

TRACE::2026-01-08.16:53:58::SCWBDomain::"Running Make include in ps7_cortexa9_0/libsrc/xilrsa_v1_6/src"

TRACE::2026-01-08.16:53:58::SCWBDomain::make -C ps7_cortexa9_0/libsrc/ttcps_v3_14/src -s include  "SHELL=CMD" "COMPILER=arm-none-eabi-gcc" "ASSEMBLER=arm-none-eabi-as"
TRACE::2026-01-08.16:53:58::SCWBDomain:: "ARCHIVER=arm-none-eabi-ar" "COMPILER_FLAGS=  -O2 -c" "EXTRA_COMPILER_FLAGS=-mcpu=cortex-a9 -mfpu=vfpv3 -mfloat-abi=hard -nost
TRACE::2026-01-08.16:53:58::SCWBDomain::artfiles -g -Wall -Wextra -fno-tree-loop-distribute-patterns"

TRACE::2026-01-08.16:53:58::SCWBDomain::make -C ps7_cortexa9_0/libsrc/uartps_v3_11/src -s include  "SHELL=CMD" "COMPILER=arm-none-eabi-gcc" "ASSEMBLER=arm-none-eabi-as
TRACE::2026-01-08.16:53:58::SCWBDomain::" "ARCHIVER=arm-none-eabi-ar" "COMPILER_FLAGS=  -O2 -c" "EXTRA_COMPILER_FLAGS=-mcpu=cortex-a9 -mfpu=vfpv3 -mfloat-abi=hard -nos
TRACE::2026-01-08.16:53:58::SCWBDomain::tartfiles -g -Wall -Wextra -fno-tree-loop-distribute-patterns"

TRACE::2026-01-08.16:53:58::SCWBDomain::make -C ps7_cortexa9_0/libsrc/usbps_v2_7/src -s include  "SHELL=CMD" "COMPILER=arm-none-eabi-gcc" "ASSEMBLER=arm-none-eabi-as" 
TRACE::2026-01-08.16:53:58::SCWBDomain::"ARCHIVER=arm-none-eabi-ar" "COMPILER_FLAGS=  -O2 -c" "EXTRA_COMPILER_FLAGS=-mcpu=cortex-a9 -mfpu=vfpv3 -mfloat-abi=hard -nosta
TRACE::2026-01-08.16:53:58::SCWBDomain::rtfiles -g -Wall -Wextra -fno-tree-loop-distribute-patterns"

TRACE::2026-01-08.16:53:58::SCWBDomain::make -C ps7_cortexa9_0/libsrc/xadcps_v2_6/src -s include  "SHELL=CMD" "COMPILER=arm-none-eabi-gcc" "ASSEMBLER=arm-none-eabi-as"
TRACE::2026-01-08.16:53:58::SCWBDomain:: "ARCHIVER=arm-none-eabi-ar" "COMPILER_FLAGS=  -O2 -c" "EXTRA_COMPILER_FLAGS=-mcpu=cortex-a9 -mfpu=vfpv3 -mfloat-abi=hard -nost
TRACE::2026-01-08.16:53:58::SCWBDomain::artfiles -g -Wall -Wextra -fno-tree-loop-distribute-patterns"

TRACE::2026-01-08.16:53:58::SCWBDomain::make -C ps7_cortexa9_0/libsrc/xilffs_v4_6/src -s include  "SHELL=CMD" "COMPILER=arm-none-eabi-gcc" "ASSEMBLER=arm-none-eabi-as"
TRACE::2026-01-08.16:53:58::SCWBDomain:: "ARCHIVER=arm-none-eabi-ar" "COMPILER_FLAGS=  -O2 -c" "EXTRA_COMPILER_FLAGS=-mcpu=cortex-a9 -mfpu=vfpv3 -mfloat-abi=hard -nost
TRACE::2026-01-08.16:53:58::SCWBDomain::artfiles -g -Wall -Wextra -fno-tree-loop-distribute-patterns"

TRACE::2026-01-08.16:53:58::SCWBDomain::make -C ps7_cortexa9_0/libsrc/xilrsa_v1_6/src -s include  "SHELL=CMD" "COMPILER=arm-none-eabi-gcc" "ASSEMBLER=arm-none-eabi-as"
TRACE::2026-01-08.16:53:58::SCWBDomain:: "ARCHIVER=arm-none-eabi-ar" "COMPILER_FLAGS=  -O2 -c" "EXTRA_COMPILER_FLAGS=-mcpu=cortex-a9 -mfpu=vfpv3 -mfloat-abi=hard -nost
TRACE::2026-01-08.16:53:58::SCWBDomain::artfiles -g -Wall -Wextra -fno-tree-loop-distribute-patterns"

TRACE::2026-01-08.16:53:58::SCWBDomain::"Running Make libs in ps7_cortexa9_0/libsrc/axivdma_v6_10/src"

TRACE::2026-01-08.16:53:58::SCWBDomain::"Running Make libs in ps7_cortexa9_0/libsrc/coresightps_dcc_v1_8/src"

TRACE::2026-01-08.16:53:58::SCWBDomain::"Running Make libs in ps7_cortexa9_0/libsrc/cpu_cortexa9_v2_11/src"

TRACE::2026-01-08.16:53:58::SCWBDomain::make -C ps7_cortexa9_0/libsrc/axivdma_v6_10/src -s libs  "SHELL=CMD" "COMPILER=arm-none-eabi-gcc" "ASSEMBLER=arm-none-eabi-as" 
TRACE::2026-01-08.16:53:58::SCWBDomain::"ARCHIVER=arm-none-eabi-ar" "COMPILER_FLAGS=  -O2 -c" "EXTRA_COMPILER_FLAGS=-mcpu=cortex-a9 -mfpu=vfpv3 -mfloat-abi=hard -nosta
TRACE::2026-01-08.16:53:58::SCWBDomain::rtfiles -g -Wall -Wextra -fno-tree-loop-distribute-patterns"

TRACE::2026-01-08.16:53:58::SCWBDomain::make -C ps7_cortexa9_0/libsrc/coresightps_dcc_v1_8/src -s libs  "SHELL=CMD" "COMPILER=arm-none-eabi-gcc" "ASSEMBLER=arm-none-ea
TRACE::2026-01-08.16:53:58::SCWBDomain::bi-as" "ARCHIVER=arm-none-eabi-ar" "COMPILER_FLAGS=  -O2 -c" "EXTRA_COMPILER_FLAGS=-mcpu=cortex-a9 -mfpu=vfpv3 -mfloat-abi=hard
TRACE::2026-01-08.16:53:58::SCWBDomain:: -nostartfiles -g -Wall -Wextra -fno-tree-loop-distribute-patterns"

TRACE::2026-01-08.16:53:58::SCWBDomain::"Running Make libs in ps7_cortexa9_0/libsrc/ddrps_v1_2/src"

TRACE::2026-01-08.16:53:58::SCWBDomain::"Running Make libs in ps7_cortexa9_0/libsrc/devcfg_v3_7/src"

TRACE::2026-01-08.16:53:58::SCWBDomain::"Running Make libs in ps7_cortexa9_0/libsrc/dmaps_v2_8/src"

TRACE::2026-01-08.16:53:58::SCWBDomain::"Running Make libs in ps7_cortexa9_0/libsrc/emacps_v3_15/src"

TRACE::2026-01-08.16:53:58::SCWBDomain::"Running Make libs in ps7_cortexa9_0/libsrc/gpiops_v3_9/src"

TRACE::2026-01-08.16:53:58::SCWBDomain::"Running Make libs in ps7_cortexa9_0/libsrc/iicps_v3_14/src"

TRACE::2026-01-08.16:53:58::SCWBDomain::make -C ps7_cortexa9_0/libsrc/cpu_cortexa9_v2_11/src -s libs  "SHELL=CMD" "COMPILER=arm-none-eabi-gcc" "ASSEMBLER=arm-none-eabi
TRACE::2026-01-08.16:53:58::SCWBDomain::-as" "ARCHIVER=arm-none-eabi-ar" "COMPILER_FLAGS=  -O2 -c" "EXTRA_COMPILER_FLAGS=-mcpu=cortex-a9 -mfpu=vfpv3 -mfloat-abi=hard -
TRACE::2026-01-08.16:53:58::SCWBDomain::nostartfiles -g -Wall -Wextra -fno-tree-loop-distribute-patterns"

TRACE::2026-01-08.16:53:58::SCWBDomain::make -C ps7_cortexa9_0/libsrc/ddrps_v1_2/src -s libs  "SHELL=CMD" "COMPILER=arm-none-eabi-gcc" "ASSEMBLER=arm-none-eabi-as" "AR
TRACE::2026-01-08.16:53:58::SCWBDomain::CHIVER=arm-none-eabi-ar" "COMPILER_FLAGS=  -O2 -c" "EXTRA_COMPILER_FLAGS=-mcpu=cortex-a9 -mfpu=vfpv3 -mfloat-abi=hard -nostartf
TRACE::2026-01-08.16:53:58::SCWBDomain::iles -g -Wall -Wextra -fno-tree-loop-distribute-patterns"

TRACE::2026-01-08.16:53:58::SCWBDomain::make -C ps7_cortexa9_0/libsrc/devcfg_v3_7/src -s libs  "SHELL=CMD" "COMPILER=arm-none-eabi-gcc" "ASSEMBLER=arm-none-eabi-as" "A
TRACE::2026-01-08.16:53:58::SCWBDomain::RCHIVER=arm-none-eabi-ar" "COMPILER_FLAGS=  -O2 -c" "EXTRA_COMPILER_FLAGS=-mcpu=cortex-a9 -mfpu=vfpv3 -mfloat-abi=hard -nostart
TRACE::2026-01-08.16:53:58::SCWBDomain::files -g -Wall -Wextra -fno-tree-loop-distribute-patterns"

TRACE::2026-01-08.16:53:58::SCWBDomain::make -C ps7_cortexa9_0/libsrc/dmaps_v2_8/src -s libs  "SHELL=CMD" "COMPILER=arm-none-eabi-gcc" "ASSEMBLER=arm-none-eabi-as" "AR
TRACE::2026-01-08.16:53:58::SCWBDomain::CHIVER=arm-none-eabi-ar" "COMPILER_FLAGS=  -O2 -c" "EXTRA_COMPILER_FLAGS=-mcpu=cortex-a9 -mfpu=vfpv3 -mfloat-abi=hard -nostartf
TRACE::2026-01-08.16:53:58::SCWBDomain::iles -g -Wall -Wextra -fno-tree-loop-distribute-patterns"

TRACE::2026-01-08.16:53:58::SCWBDomain::make -C ps7_cortexa9_0/libsrc/emacps_v3_15/src -s libs  "SHELL=CMD" "COMPILER=arm-none-eabi-gcc" "ASSEMBLER=arm-none-eabi-as" "
TRACE::2026-01-08.16:53:58::SCWBDomain::ARCHIVER=arm-none-eabi-ar" "COMPILER_FLAGS=  -O2 -c" "EXTRA_COMPILER_FLAGS=-mcpu=cortex-a9 -mfpu=vfpv3 -mfloat-abi=hard -nostar
TRACE::2026-01-08.16:53:58::SCWBDomain::tfiles -g -Wall -Wextra -fno-tree-loop-distribute-patterns"

TRACE::2026-01-08.16:53:58::SCWBDomain::make -C ps7_cortexa9_0/libsrc/gpiops_v3_9/src -s libs  "SHELL=CMD" "COMPILER=arm-none-eabi-gcc" "ASSEMBLER=arm-none-eabi-as" "A
TRACE::2026-01-08.16:53:58::SCWBDomain::RCHIVER=arm-none-eabi-ar" "COMPILER_FLAGS=  -O2 -c" "EXTRA_COMPILER_FLAGS=-mcpu=cortex-a9 -mfpu=vfpv3 -mfloat-abi=hard -nostart
TRACE::2026-01-08.16:53:58::SCWBDomain::files -g -Wall -Wextra -fno-tree-loop-distribute-patterns"

TRACE::2026-01-08.16:53:58::SCWBDomain::make -C ps7_cortexa9_0/libsrc/iicps_v3_14/src -s libs  "SHELL=CMD" "COMPILER=arm-none-eabi-gcc" "ASSEMBLER=arm-none-eabi-as" "A
TRACE::2026-01-08.16:53:58::SCWBDomain::RCHIVER=arm-none-eabi-ar" "COMPILER_FLAGS=  -O2 -c" "EXTRA_COMPILER_FLAGS=-mcpu=cortex-a9 -mfpu=vfpv3 -mfloat-abi=hard -nostart
TRACE::2026-01-08.16:53:58::SCWBDomain::files -g -Wall -Wextra -fno-tree-loop-distribute-patterns"

TRACE::2026-01-08.16:53:59::SCWBDomain::"Running Make libs in ps7_cortexa9_0/libsrc/qspips_v3_9/src"

TRACE::2026-01-08.16:53:59::SCWBDomain::make -C ps7_cortexa9_0/libsrc/qspips_v3_9/src -s libs  "SHELL=CMD" "COMPILER=arm-none-eabi-gcc" "ASSEMBLER=arm-none-eabi-as" "A
TRACE::2026-01-08.16:53:59::SCWBDomain::RCHIVER=arm-none-eabi-ar" "COMPILER_FLAGS=  -O2 -c" "EXTRA_COMPILER_FLAGS=-mcpu=cortex-a9 -mfpu=vfpv3 -mfloat-abi=hard -nostart
TRACE::2026-01-08.16:53:59::SCWBDomain::files -g -Wall -Wextra -fno-tree-loop-distribute-patterns"

TRACE::2026-01-08.16:54:00::SCWBDomain::"Running Make libs in ps7_cortexa9_0/libsrc/scugic_v4_6/src"

TRACE::2026-01-08.16:54:00::SCWBDomain::make -C ps7_cortexa9_0/libsrc/scugic_v4_6/src -s libs  "SHELL=CMD" "COMPILER=arm-none-eabi-gcc" "ASSEMBLER=arm-none-eabi-as" "A
TRACE::2026-01-08.16:54:00::SCWBDomain::RCHIVER=arm-none-eabi-ar" "COMPILER_FLAGS=  -O2 -c" "EXTRA_COMPILER_FLAGS=-mcpu=cortex-a9 -mfpu=vfpv3 -mfloat-abi=hard -nostart
TRACE::2026-01-08.16:54:00::SCWBDomain::files -g -Wall -Wextra -fno-tree-loop-distribute-patterns"

TRACE::2026-01-08.16:54:00::SCWBDomain::"Running Make libs in ps7_cortexa9_0/libsrc/scutimer_v2_3/src"

TRACE::2026-01-08.16:54:00::SCWBDomain::make -C ps7_cortexa9_0/libsrc/scutimer_v2_3/src -s libs  "SHELL=CMD" "COMPILER=arm-none-eabi-gcc" "ASSEMBLER=arm-none-eabi-as" 
TRACE::2026-01-08.16:54:00::SCWBDomain::"ARCHIVER=arm-none-eabi-ar" "COMPILER_FLAGS=  -O2 -c" "EXTRA_COMPILER_FLAGS=-mcpu=cortex-a9 -mfpu=vfpv3 -mfloat-abi=hard -nosta
TRACE::2026-01-08.16:54:00::SCWBDomain::rtfiles -g -Wall -Wextra -fno-tree-loop-distribute-patterns"

TRACE::2026-01-08.16:54:00::SCWBDomain::"Running Make libs in ps7_cortexa9_0/libsrc/scuwdt_v2_4/src"

TRACE::2026-01-08.16:54:00::SCWBDomain::make -C ps7_cortexa9_0/libsrc/scuwdt_v2_4/src -s libs  "SHELL=CMD" "COMPILER=arm-none-eabi-gcc" "ASSEMBLER=arm-none-eabi-as" "A
TRACE::2026-01-08.16:54:00::SCWBDomain::RCHIVER=arm-none-eabi-ar" "COMPILER_FLAGS=  -O2 -c" "EXTRA_COMPILER_FLAGS=-mcpu=cortex-a9 -mfpu=vfpv3 -mfloat-abi=hard -nostart
TRACE::2026-01-08.16:54:00::SCWBDomain::files -g -Wall -Wextra -fno-tree-loop-distribute-patterns"

TRACE::2026-01-08.16:54:01::SCWBDomain::"Running Make libs in ps7_cortexa9_0/libsrc/sdps_v3_13/src"

TRACE::2026-01-08.16:54:01::SCWBDomain::make -C ps7_cortexa9_0/libsrc/sdps_v3_13/src -s libs  "SHELL=CMD" "COMPILER=arm-none-eabi-gcc" "ASSEMBLER=arm-none-eabi-as" "AR
TRACE::2026-01-08.16:54:01::SCWBDomain::CHIVER=arm-none-eabi-ar" "COMPILER_FLAGS=  -O2 -c" "EXTRA_COMPILER_FLAGS=-mcpu=cortex-a9 -mfpu=vfpv3 -mfloat-abi=hard -nostartf
TRACE::2026-01-08.16:54:01::SCWBDomain::iles -g -Wall -Wextra -fno-tree-loop-distribute-patterns"

TRACE::2026-01-08.16:54:01::SCWBDomain::"Running Make libs in ps7_cortexa9_0/libsrc/standalone_v7_6/src"

TRACE::2026-01-08.16:54:01::SCWBDomain::make -C ps7_cortexa9_0/libsrc/standalone_v7_6/src -s libs  "SHELL=CMD" "COMPILER=arm-none-eabi-gcc" "ASSEMBLER=arm-none-eabi-as
TRACE::2026-01-08.16:54:01::SCWBDomain::" "ARCHIVER=arm-none-eabi-ar" "COMPILER_FLAGS=  -O2 -c" "EXTRA_COMPILER_FLAGS=-mcpu=cortex-a9 -mfpu=vfpv3 -mfloat-abi=hard -nos
TRACE::2026-01-08.16:54:01::SCWBDomain::tartfiles -g -Wall -Wextra -fno-tree-loop-distribute-patterns"

TRACE::2026-01-08.16:54:01::SCWBDomain::"Running Make libs in ps7_cortexa9_0/libsrc/ttcps_v3_14/src"

TRACE::2026-01-08.16:54:02::SCWBDomain::make -C ps7_cortexa9_0/libsrc/ttcps_v3_14/src -s libs  "SHELL=CMD" "COMPILER=arm-none-eabi-gcc" "ASSEMBLER=arm-none-eabi-as" "A
TRACE::2026-01-08.16:54:02::SCWBDomain::RCHIVER=arm-none-eabi-ar" "COMPILER_FLAGS=  -O2 -c" "EXTRA_COMPILER_FLAGS=-mcpu=cortex-a9 -mfpu=vfpv3 -mfloat-abi=hard -nostart
TRACE::2026-01-08.16:54:02::SCWBDomain::files -g -Wall -Wextra -fno-tree-loop-distribute-patterns"

TRACE::2026-01-08.16:54:02::SCWBDomain::"Running Make libs in ps7_cortexa9_0/libsrc/uartps_v3_11/src"

TRACE::2026-01-08.16:54:02::SCWBDomain::make -C ps7_cortexa9_0/libsrc/uartps_v3_11/src -s libs  "SHELL=CMD" "COMPILER=arm-none-eabi-gcc" "ASSEMBLER=arm-none-eabi-as" "
TRACE::2026-01-08.16:54:02::SCWBDomain::ARCHIVER=arm-none-eabi-ar" "COMPILER_FLAGS=  -O2 -c" "EXTRA_COMPILER_FLAGS=-mcpu=cortex-a9 -mfpu=vfpv3 -mfloat-abi=hard -nostar
TRACE::2026-01-08.16:54:02::SCWBDomain::tfiles -g -Wall -Wextra -fno-tree-loop-distribute-patterns"

TRACE::2026-01-08.16:54:02::SCWBDomain::"Running Make libs in ps7_cortexa9_0/libsrc/usbps_v2_7/src"

TRACE::2026-01-08.16:54:02::SCWBDomain::make -C ps7_cortexa9_0/libsrc/usbps_v2_7/src -s libs  "SHELL=CMD" "COMPILER=arm-none-eabi-gcc" "ASSEMBLER=arm-none-eabi-as" "AR
TRACE::2026-01-08.16:54:02::SCWBDomain::CHIVER=arm-none-eabi-ar" "COMPILER_FLAGS=  -O2 -c" "EXTRA_COMPILER_FLAGS=-mcpu=cortex-a9 -mfpu=vfpv3 -mfloat-abi=hard -nostartf
TRACE::2026-01-08.16:54:02::SCWBDomain::iles -g -Wall -Wextra -fno-tree-loop-distribute-patterns"

TRACE::2026-01-08.16:54:02::SCWBDomain::"Running Make libs in ps7_cortexa9_0/libsrc/xadcps_v2_6/src"

TRACE::2026-01-08.16:54:02::SCWBDomain::make -C ps7_cortexa9_0/libsrc/xadcps_v2_6/src -s libs  "SHELL=CMD" "COMPILER=arm-none-eabi-gcc" "ASSEMBLER=arm-none-eabi-as" "A
TRACE::2026-01-08.16:54:02::SCWBDomain::RCHIVER=arm-none-eabi-ar" "COMPILER_FLAGS=  -O2 -c" "EXTRA_COMPILER_FLAGS=-mcpu=cortex-a9 -mfpu=vfpv3 -mfloat-abi=hard -nostart
TRACE::2026-01-08.16:54:02::SCWBDomain::files -g -Wall -Wextra -fno-tree-loop-distribute-patterns"

TRACE::2026-01-08.16:54:03::SCWBDomain::"Running Make libs in ps7_cortexa9_0/libsrc/xilffs_v4_6/src"

TRACE::2026-01-08.16:54:03::SCWBDomain::make -C ps7_cortexa9_0/libsrc/xilffs_v4_6/src -s libs  "SHELL=CMD" "COMPILER=arm-none-eabi-gcc" "ASSEMBLER=arm-none-eabi-as" "A
TRACE::2026-01-08.16:54:03::SCWBDomain::RCHIVER=arm-none-eabi-ar" "COMPILER_FLAGS=  -O2 -c" "EXTRA_COMPILER_FLAGS=-mcpu=cortex-a9 -mfpu=vfpv3 -mfloat-abi=hard -nostart
TRACE::2026-01-08.16:54:03::SCWBDomain::files -g -Wall -Wextra -fno-tree-loop-distribute-patterns"

TRACE::2026-01-08.16:54:07::SCWBDomain::'Finished building libraries parallelly.'

TRACE::2026-01-08.16:54:07::SCWBDomain::make --no-print-directory archive

TRACE::2026-01-08.16:54:07::SCWBDomain::arm-none-eabi-ar -r  ps7_cortexa9_0/lib/libxil.a ps7_cortexa9_0/lib/xadcps_selftest.o ps7_cortexa9_0/lib/xplatform_info.o ps7_c
TRACE::2026-01-08.16:54:07::SCWBDomain::ortexa9_0/lib/xil_mem.o ps7_cortexa9_0/lib/_exit.o ps7_cortexa9_0/lib/xusbps_sinit.o ps7_cortexa9_0/lib/xdevcfg_hw.o ps7_cortex
TRACE::2026-01-08.16:54:07::SCWBDomain::a9_0/lib/xil_sleeptimer.o ps7_cortexa9_0/lib/xqspips_options.o ps7_cortexa9_0/lib/xdmaps_g.o ps7_cortexa9_0/lib/xscutimer_g.o p
TRACE::2026-01-08.16:54:07::SCWBDomain::s7_cortexa9_0/lib/xsdps_options.o ps7_cortexa9_0/lib/xil_misc_psreset_api.o ps7_cortexa9_0/lib/xdmaps_sinit.o ps7_cortexa9_0/li
TRACE::2026-01-08.16:54:07::SCWBDomain::b/xscutimer_sinit.o ps7_cortexa9_0/lib/xemacps_hw.o ps7_cortexa9_0/lib/inbyte.o ps7_cortexa9_0/lib/xdmaps_selftest.o ps7_cortex
TRACE::2026-01-08.16:54:07::SCWBDomain::a9_0/lib/xscutimer_selftest.o ps7_cortexa9_0/lib/putnum.o ps7_cortexa9_0/lib/xttcps_selftest.o ps7_cortexa9_0/lib/xqspips_hw.o 
TRACE::2026-01-08.16:54:07::SCWBDomain::ps7_cortexa9_0/lib/xgpiops_g.o ps7_cortexa9_0/lib/xsdps.o ps7_cortexa9_0/lib/close.o ps7_cortexa9_0/lib/xemacps_g.o ps7_cortexa
TRACE::2026-01-08.16:54:07::SCWBDomain::9_0/lib/xgpiops_sinit.o ps7_cortexa9_0/lib/xgpiops_selftest.o ps7_cortexa9_0/lib/xscuwdt.o ps7_cortexa9_0/lib/xaxivdma_g.o ps7_
TRACE::2026-01-08.16:54:07::SCWBDomain::cortexa9_0/lib/xil_clocking.o ps7_cortexa9_0/lib/xiicps_intr.o ps7_cortexa9_0/lib/xaxivdma_sinit.o ps7_cortexa9_0/lib/xuartps_s
TRACE::2026-01-08.16:54:07::SCWBDomain::init.o ps7_cortexa9_0/lib/time.o ps7_cortexa9_0/lib/xaxivdma_selftest.o ps7_cortexa9_0/lib/xiicps_slave.o ps7_cortexa9_0/lib/xi
TRACE::2026-01-08.16:54:07::SCWBDomain::l_printf.o ps7_cortexa9_0/lib/kill.o ps7_cortexa9_0/lib/xadcps.o ps7_cortexa9_0/lib/xiicps_options.o ps7_cortexa9_0/lib/xuartps
TRACE::2026-01-08.16:54:07::SCWBDomain::_selftest.o ps7_cortexa9_0/lib/xuartps_g.o ps7_cortexa9_0/lib/lseek.o ps7_cortexa9_0/lib/xgpiops.o ps7_cortexa9_0/lib/xl2cc_cou
TRACE::2026-01-08.16:54:07::SCWBDomain::nter.o ps7_cortexa9_0/lib/xiicps_hw.o ps7_cortexa9_0/lib/asm_vectors.o ps7_cortexa9_0/lib/usleep.o ps7_cortexa9_0/lib/abort.o p
TRACE::2026-01-08.16:54:07::SCWBDomain::s7_cortexa9_0/lib/xscugic_intr.o ps7_cortexa9_0/lib/getpid.o ps7_cortexa9_0/lib/xiicps_selftest.o ps7_cortexa9_0/lib/xil_testca
TRACE::2026-01-08.16:54:07::SCWBDomain::che.o ps7_cortexa9_0/lib/xdevcfg_sinit.o ps7_cortexa9_0/lib/xdmaps.o ps7_cortexa9_0/lib/xscutimer.o ps7_cortexa9_0/lib/xdevcfg_
TRACE::2026-01-08.16:54:07::SCWBDomain::selftest.o ps7_cortexa9_0/lib/xttcps.o ps7_cortexa9_0/lib/xpm_counter.o ps7_cortexa9_0/lib/xiicps.o ps7_cortexa9_0/lib/_sbrk.o 
TRACE::2026-01-08.16:54:07::SCWBDomain::ps7_cortexa9_0/lib/xiicps_master.o ps7_cortexa9_0/lib/xqspips_g.o ps7_cortexa9_0/lib/xemacps_bdring.o ps7_cortexa9_0/lib/xusbps
TRACE::2026-01-08.16:54:07::SCWBDomain::_endpoint.o ps7_cortexa9_0/lib/xusbps_g.o ps7_cortexa9_0/lib/xsdps_sinit.o ps7_cortexa9_0/lib/xqspips_selftest.o ps7_cortexa9_0
TRACE::2026-01-08.16:54:07::SCWBDomain::/lib/xil_exception.o ps7_cortexa9_0/lib/sbrk.o ps7_cortexa9_0/lib/xil_testmem.o ps7_cortexa9_0/lib/xaxivdma.o ps7_cortexa9_0/li
TRACE::2026-01-08.16:54:07::SCWBDomain::b/xemacps_control.o ps7_cortexa9_0/lib/open.o ps7_cortexa9_0/lib/xil_assert.o ps7_cortexa9_0/lib/xaxivdma_intr.o ps7_cortexa9_0
TRACE::2026-01-08.16:54:07::SCWBDomain::/lib/xusbps_intr.o ps7_cortexa9_0/lib/xsdps_host.o ps7_cortexa9_0/lib/xcoresightpsdcc.o ps7_cortexa9_0/lib/xiicps_xfer.o ps7_co
TRACE::2026-01-08.16:54:07::SCWBDomain::rtexa9_0/lib/xscugic_hw.o ps7_cortexa9_0/lib/sleep.o ps7_cortexa9_0/lib/cpputest_time.o ps7_cortexa9_0/lib/_open.o ps7_cortexa9
TRACE::2026-01-08.16:54:07::SCWBDomain::_0/lib/xttcps_options.o ps7_cortexa9_0/lib/print.o ps7_cortexa9_0/lib/read.o ps7_cortexa9_0/lib/xdevcfg.o ps7_cortexa9_0/lib/xa
TRACE::2026-01-08.16:54:07::SCWBDomain::dcps_intr.o ps7_cortexa9_0/lib/xqspips.o ps7_cortexa9_0/lib/xemacps.o ps7_cortexa9_0/lib/xil_cache.o ps7_cortexa9_0/lib/xil_tes
TRACE::2026-01-08.16:54:07::SCWBDomain::tio.o ps7_cortexa9_0/lib/unlink.o ps7_cortexa9_0/lib/xusbps.o ps7_cortexa9_0/lib/xil_spinlock.o ps7_cortexa9_0/lib/xiicps_g.o p
TRACE::2026-01-08.16:54:07::SCWBDomain::s7_cortexa9_0/lib/translation_table.o ps7_cortexa9_0/lib/xusbps_hw.o ps7_cortexa9_0/lib/write.o ps7_cortexa9_0/lib/xil_mmu.o ps
TRACE::2026-01-08.16:54:07::SCWBDomain::7_cortexa9_0/lib/boot.o ps7_cortexa9_0/lib/xaxivdma_channel.o ps7_cortexa9_0/lib/cpu_init.o ps7_cortexa9_0/lib/xil_sleepcommon.
TRACE::2026-01-08.16:54:07::SCWBDomain::o ps7_cortexa9_0/lib/xgpiops_intr.o ps7_cortexa9_0/lib/xscugic_sinit.o ps7_cortexa9_0/lib/fcntl.o ps7_cortexa9_0/lib/xdevcfg_g.
TRACE::2026-01-08.16:54:07::SCWBDomain::o ps7_cortexa9_0/lib/outbyte.o ps7_cortexa9_0/lib/xuartps_hw.o ps7_cortexa9_0/lib/xttcps_g.o ps7_cortexa9_0/lib/xtime_l.o ps7_c
TRACE::2026-01-08.16:54:07::SCWBDomain::ortexa9_0/lib/xemacps_sinit.o ps7_cortexa9_0/lib/xscugic_selftest.o ps7_cortexa9_0/lib/xil_util.o ps7_cortexa9_0/lib/xuartps_in
TRACE::2026-01-08.16:54:07::SCWBDomain::tr.o ps7_cortexa9_0/lib/xuartps.o ps7_cortexa9_0/lib/xsdps_card.o ps7_cortexa9_0/lib/xdmaps_hw.o ps7_cortexa9_0/lib/xttcps_sini
TRACE::2026-01-08.16:54:07::SCWBDomain::t.o ps7_cortexa9_0/lib/xgpiops_hw.o ps7_cortexa9_0/lib/xsdps_g.o ps7_cortexa9_0/lib/fstat.o ps7_cortexa9_0/lib/errno.o ps7_cort
TRACE::2026-01-08.16:54:07::SCWBDomain::exa9_0/lib/xdevcfg_intr.o ps7_cortexa9_0/lib/xuartps_options.o ps7_cortexa9_0/lib/vectors.o ps7_cortexa9_0/lib/xscuwdt_g.o ps7_
TRACE::2026-01-08.16:54:07::SCWBDomain::cortexa9_0/lib/xscuwdt_sinit.o ps7_cortexa9_0/lib/xemacps_intr.o ps7_cortexa9_0/lib/xscuwdt_selftest.o ps7_cortexa9_0/lib/xscug
TRACE::2026-01-08.16:54:07::SCWBDomain::ic_g.o ps7_cortexa9_0/lib/isatty.o ps7_cortexa9_0/lib/xil-crt0.o ps7_cortexa9_0/lib/xscugic.o ps7_cortexa9_0/lib/xiicps_sinit.o
TRACE::2026-01-08.16:54:07::SCWBDomain:: ps7_cortexa9_0/lib/xadcps_g.o ps7_cortexa9_0/lib/xqspips_sinit.o ps7_cortexa9_0/lib/xadcps_sinit.o

TRACE::2026-01-08.16:54:07::SCWBDomain::'Finished building libraries'

TRACE::2026-01-08.16:54:07::SCWBDomain::make: Leaving directory 'H:/test/two/fpga_arm/vitis/zc706_md/zynq_fsbl/zynq_fsbl_bsp'

TRACE::2026-01-08.16:54:08::SCWBDomain::arm-none-eabi-gcc  -O2 -c -MMD -MP       -mcpu=cortex-a9 -mfpu=vfpv3 -mfloat-abi=hard  -c sd.c -o sd.o -Izynq_fsbl_bsp/ps7_cort
TRACE::2026-01-08.16:54:08::SCWBDomain::exa9_0/include -I.

TRACE::2026-01-08.16:54:08::SCWBDomain::arm-none-eabi-gcc  -O2 -c -MMD -MP       -mcpu=cortex-a9 -mfpu=vfpv3 -mfloat-abi=hard  -c nand.c -o nand.o -Izynq_fsbl_bsp/ps7_
TRACE::2026-01-08.16:54:08::SCWBDomain::cortexa9_0/include -I.

TRACE::2026-01-08.16:54:08::SCWBDomain::arm-none-eabi-gcc  -O2 -c -MMD -MP       -mcpu=cortex-a9 -mfpu=vfpv3 -mfloat-abi=hard  -c nor.c -o nor.o -Izynq_fsbl_bsp/ps7_co
TRACE::2026-01-08.16:54:08::SCWBDomain::rtexa9_0/include -I.

TRACE::2026-01-08.16:54:09::SCWBDomain::arm-none-eabi-gcc  -O2 -c -MMD -MP       -mcpu=cortex-a9 -mfpu=vfpv3 -mfloat-abi=hard  -c image_mover.c -o image_mover.o -Izynq
TRACE::2026-01-08.16:54:09::SCWBDomain::_fsbl_bsp/ps7_cortexa9_0/include -I.

TRACE::2026-01-08.16:54:09::SCWBDomain::arm-none-eabi-gcc  -O2 -c -MMD -MP       -mcpu=cortex-a9 -mfpu=vfpv3 -mfloat-abi=hard  -c md5.c -o md5.o -Izynq_fsbl_bsp/ps7_co
TRACE::2026-01-08.16:54:09::SCWBDomain::rtexa9_0/include -I.

TRACE::2026-01-08.16:54:10::SCWBDomain::arm-none-eabi-gcc  -O2 -c -MMD -MP       -mcpu=cortex-a9 -mfpu=vfpv3 -mfloat-abi=hard  -c fsbl_hooks.c -o fsbl_hooks.o -Izynq_f
TRACE::2026-01-08.16:54:10::SCWBDomain::sbl_bsp/ps7_cortexa9_0/include -I.

TRACE::2026-01-08.16:54:10::SCWBDomain::arm-none-eabi-gcc  -O2 -c -MMD -MP       -mcpu=cortex-a9 -mfpu=vfpv3 -mfloat-abi=hard  -c main.c -o main.o -Izynq_fsbl_bsp/ps7_
TRACE::2026-01-08.16:54:10::SCWBDomain::cortexa9_0/include -I.

TRACE::2026-01-08.16:54:10::SCWBDomain::arm-none-eabi-gcc  -O2 -c -MMD -MP       -mcpu=cortex-a9 -mfpu=vfpv3 -mfloat-abi=hard  -c rsa.c -o rsa.o -Izynq_fsbl_bsp/ps7_co
TRACE::2026-01-08.16:54:10::SCWBDomain::rtexa9_0/include -I.

TRACE::2026-01-08.16:54:10::SCWBDomain::arm-none-eabi-gcc  -O2 -c -MMD -MP       -mcpu=cortex-a9 -mfpu=vfpv3 -mfloat-abi=hard  -c qspi.c -o qspi.o -Izynq_fsbl_bsp/ps7_
TRACE::2026-01-08.16:54:10::SCWBDomain::cortexa9_0/include -I.

TRACE::2026-01-08.16:54:11::SCWBDomain::arm-none-eabi-gcc  -O2 -c -MMD -MP       -mcpu=cortex-a9 -mfpu=vfpv3 -mfloat-abi=hard  -c ps7_init.c -o ps7_init.o -Izynq_fsbl_
TRACE::2026-01-08.16:54:11::SCWBDomain::bsp/ps7_cortexa9_0/include -I.

TRACE::2026-01-08.16:54:11::SCWBDomain::arm-none-eabi-gcc  -O2 -c -MMD -MP       -mcpu=cortex-a9 -mfpu=vfpv3 -mfloat-abi=hard  -c pcap.c -o pcap.o -Izynq_fsbl_bsp/ps7_
TRACE::2026-01-08.16:54:11::SCWBDomain::cortexa9_0/include -I.

TRACE::2026-01-08.16:54:11::SCWBDomain::arm-none-eabi-gcc  -O2 -c -MMD -MP       -mcpu=cortex-a9 -mfpu=vfpv3 -mfloat-abi=hard  -c fsbl_handoff.S -o fsbl_handoff.o -Izy
TRACE::2026-01-08.16:54:11::SCWBDomain::nq_fsbl_bsp/ps7_cortexa9_0/include -I.

TRACE::2026-01-08.16:54:12::SCWBDomain::arm-none-eabi-gcc -o fsbl.elf fsbl_handoff.o fsbl_hooks.o image_mover.o main.o md5.o nand.o nor.o pcap.o ps7_init.o qspi.o rsa.
TRACE::2026-01-08.16:54:12::SCWBDomain::o sd.o -MMD -MP       -mcpu=cortex-a9 -mfpu=vfpv3 -mfloat-abi=hard   -mcpu=cortex-a9 -mfpu=vfpv3 -mfloat-abi=hard -Wl,-build-id
TRACE::2026-01-08.16:54:12::SCWBDomain::=none -specs=Xilinx.spec  -lrsa -Wl,--start-group,-lxil,-lgcc,-lc,--end-group -Wl,--start-group,-lxilffs,-lxil,-lgcc,-lc,--end-
TRACE::2026-01-08.16:54:12::SCWBDomain::group -Wl,--start-group,-lrsa,-lxil,-lgcc,-lc,--end-group                                      -Wl,--gc-sections -Lzynq_fsbl_bs
TRACE::2026-01-08.16:54:12::SCWBDomain::p/ps7_cortexa9_0/lib -L./ -Tlscript.ld

LOG::2026-01-08.16:54:12::SCWSystem::Checking the domain standalone_ps7_cortexa9_0
LOG::2026-01-08.16:54:12::SCWSystem::Not a boot domain 
LOG::2026-01-08.16:54:12::SCWSystem::Started Processing the domain standalone_ps7_cortexa9_0
TRACE::2026-01-08.16:54:12::SCWDomain::Generating domain artifcats
TRACE::2026-01-08.16:54:12::SCWMssOS::Generating standalone artifcats
TRACE::2026-01-08.16:54:12::SCWMssOS::Copying the qemu file from  E:/xilinx/Vitis/2021.2/data/emulation/platforms/zynq/sw/a9_standalone/qemu/qemu_args.txt To H:/test/two/fpga_arm/vitis/zc706_md/export/zc706_md/sw/zc706_md/qemu/
TRACE::2026-01-08.16:54:12::SCWMssOS::Copying the qemu file from  E:/xilinx/Vitis/2021.2/data/emulation/platforms/zynq/sw/a9_standalone/qemu/qemu_args.txt To H:/test/two/fpga_arm/vitis/zc706_md/export/zc706_md/sw/zc706_md/standalone_ps7_cortexa9_0/qemu/
TRACE::2026-01-08.16:54:12::SCWMssOS:: Copying the user libraries. 
TRACE::2026-01-08.16:54:12::SCWPlatform::Trying to open the hw design at H:/test/two/fpga_arm/vitis/zc706_md/hw/design_1_wrapper.xsa
TRACE::2026-01-08.16:54:12::SCWPlatform::DSA given H:/test/two/fpga_arm/vitis/zc706_md/hw/design_1_wrapper.xsa
TRACE::2026-01-08.16:54:12::SCWPlatform::DSA absoulate path H:/test/two/fpga_arm/vitis/zc706_md/hw/design_1_wrapper.xsa
TRACE::2026-01-08.16:54:12::SCWPlatform::DSA directory H:/test/two/fpga_arm/vitis/zc706_md/hw
TRACE::2026-01-08.16:54:12::SCWPlatform:: Platform Path H:/test/two/fpga_arm/vitis/zc706_md/hw/design_1_wrapper.xsa
TRACE::2026-01-08.16:54:12::SCWPlatform:: Unique name xilinx:zc706::0.0
TRACE::2026-01-08.16:54:12::SCWPlatform::Trying to set the existing hwdb with name design_1_wrapper_2
TRACE::2026-01-08.16:54:12::SCWPlatform::Opened existing hwdb design_1_wrapper_2
TRACE::2026-01-08.16:54:12::SCWPlatform::Found the Hw Db part of the input DSA
TRACE::2026-01-08.16:54:12::SCWMssOS::Checking the sw design at  H:/test/two/fpga_arm/vitis/zc706_md/ps7_cortexa9_0/standalone_ps7_cortexa9_0/bsp/system.mss
TRACE::2026-01-08.16:54:12::SCWMssOS::DEBUG:  swdes dump  H:/test/two/fpga_arm/vitis/zc706_md/zynq_fsbl/zynq_fsbl_bsp/system.mss|system||

TRACE::2026-01-08.16:54:12::SCWMssOS::No sw design opened at  H:/test/two/fpga_arm/vitis/zc706_md/ps7_cortexa9_0/standalone_ps7_cortexa9_0/bsp/system.mss
TRACE::2026-01-08.16:54:12::SCWMssOS::mss exists loading the mss file  H:/test/two/fpga_arm/vitis/zc706_md/ps7_cortexa9_0/standalone_ps7_cortexa9_0/bsp/system.mss
TRACE::2026-01-08.16:54:12::SCWMssOS::Opened the sw design from mss  H:/test/two/fpga_arm/vitis/zc706_md/ps7_cortexa9_0/standalone_ps7_cortexa9_0/bsp/system.mss
TRACE::2026-01-08.16:54:12::SCWMssOS::Adding the swdes entry H:/test/two/fpga_arm/vitis/zc706_md/ps7_cortexa9_0/standalone_ps7_cortexa9_0/bsp/system.mss with des name system_0
TRACE::2026-01-08.16:54:12::SCWMssOS::updating the scw layer about changes
TRACE::2026-01-08.16:54:12::SCWMssOS::Opened the sw design.  H:/test/two/fpga_arm/vitis/zc706_md/ps7_cortexa9_0/standalone_ps7_cortexa9_0/bsp/system.mss
TRACE::2026-01-08.16:54:12::SCWMssOS::Completed writing the mss file at H:/test/two/fpga_arm/vitis/zc706_md/ps7_cortexa9_0/standalone_ps7_cortexa9_0/bsp
TRACE::2026-01-08.16:54:12::SCWMssOS::Mss edits present, copying mssfile into export location H:/test/two/fpga_arm/vitis/zc706_md/ps7_cortexa9_0/standalone_ps7_cortexa9_0/bsp/system.mss
TRACE::2026-01-08.16:54:12::SCWMssOS::bsp generated is upto date with the mss file. Skipping bsp generation.
TRACE::2026-01-08.16:54:12::SCWMssOS::BSP is already built. skipping the bsp build ... 
TRACE::2026-01-08.16:54:12::SCWDomain::Building the domain as part of full build :  standalone_ps7_cortexa9_0
TRACE::2026-01-08.16:54:12::SCWMssOS::doing bsp build ... 
TRACE::2026-01-08.16:54:12::SCWMssOS::System Command Ran  H: & cd  H:/test/two/fpga_arm/vitis/zc706_md/ps7_cortexa9_0/standalone_ps7_cortexa9_0/bsp & make 
TRACE::2026-01-08.16:54:12::SCWMssOS::make --no-print-directory seq_libs

TRACE::2026-01-08.16:54:12::SCWMssOS::"Running Make include in ps7_cortexa9_0/libsrc/axivdma_v6_10/src"

TRACE::2026-01-08.16:54:12::SCWMssOS::make -C ps7_cortexa9_0/libsrc/axivdma_v6_10/src -s include  "SHELL=CMD" "COMPILER=arm-none-eabi-gcc" "ASSEMBLER=arm-none-eabi-a
TRACE::2026-01-08.16:54:12::SCWMssOS::s" "ARCHIVER=arm-none-eabi-ar" "COMPILER_FLAGS=  -O2 -c" "EXTRA_COMPILER_FLAGS=-mcpu=cortex-a9 -mfpu=vfpv3 -mfloat-abi=hard -no
TRACE::2026-01-08.16:54:12::SCWMssOS::startfiles -g -Wall -Wextra -fno-tree-loop-distribute-patterns"

TRACE::2026-01-08.16:54:13::SCWMssOS::"Running Make include in ps7_cortexa9_0/libsrc/coresightps_dcc_v1_8/src"

TRACE::2026-01-08.16:54:13::SCWMssOS::make -C ps7_cortexa9_0/libsrc/coresightps_dcc_v1_8/src -s include  "SHELL=CMD" "COMPILER=arm-none-eabi-gcc" "ASSEMBLER=arm-none
TRACE::2026-01-08.16:54:13::SCWMssOS::-eabi-as" "ARCHIVER=arm-none-eabi-ar" "COMPILER_FLAGS=  -O2 -c" "EXTRA_COMPILER_FLAGS=-mcpu=cortex-a9 -mfpu=vfpv3 -mfloat-abi=h
TRACE::2026-01-08.16:54:13::SCWMssOS::ard -nostartfiles -g -Wall -Wextra -fno-tree-loop-distribute-patterns"

TRACE::2026-01-08.16:54:13::SCWMssOS::"Running Make include in ps7_cortexa9_0/libsrc/cpu_cortexa9_v2_11/src"

TRACE::2026-01-08.16:54:13::SCWMssOS::make -C ps7_cortexa9_0/libsrc/cpu_cortexa9_v2_11/src -s include  "SHELL=CMD" "COMPILER=arm-none-eabi-gcc" "ASSEMBLER=arm-none-e
TRACE::2026-01-08.16:54:13::SCWMssOS::abi-as" "ARCHIVER=arm-none-eabi-ar" "COMPILER_FLAGS=  -O2 -c" "EXTRA_COMPILER_FLAGS=-mcpu=cortex-a9 -mfpu=vfpv3 -mfloat-abi=har
TRACE::2026-01-08.16:54:13::SCWMssOS::d -nostartfiles -g -Wall -Wextra -fno-tree-loop-distribute-patterns"

TRACE::2026-01-08.16:54:14::SCWMssOS::"Running Make include in ps7_cortexa9_0/libsrc/ddrps_v1_2/src"

TRACE::2026-01-08.16:54:14::SCWMssOS::make -C ps7_cortexa9_0/libsrc/ddrps_v1_2/src -s include  "SHELL=CMD" "COMPILER=arm-none-eabi-gcc" "ASSEMBLER=arm-none-eabi-as" 
TRACE::2026-01-08.16:54:14::SCWMssOS::"ARCHIVER=arm-none-eabi-ar" "COMPILER_FLAGS=  -O2 -c" "EXTRA_COMPILER_FLAGS=-mcpu=cortex-a9 -mfpu=vfpv3 -mfloat-abi=hard -nosta
TRACE::2026-01-08.16:54:14::SCWMssOS::rtfiles -g -Wall -Wextra -fno-tree-loop-distribute-patterns"

TRACE::2026-01-08.16:54:14::SCWMssOS::"Running Make include in ps7_cortexa9_0/libsrc/devcfg_v3_7/src"

TRACE::2026-01-08.16:54:14::SCWMssOS::make -C ps7_cortexa9_0/libsrc/devcfg_v3_7/src -s include  "SHELL=CMD" "COMPILER=arm-none-eabi-gcc" "ASSEMBLER=arm-none-eabi-as"
TRACE::2026-01-08.16:54:14::SCWMssOS:: "ARCHIVER=arm-none-eabi-ar" "COMPILER_FLAGS=  -O2 -c" "EXTRA_COMPILER_FLAGS=-mcpu=cortex-a9 -mfpu=vfpv3 -mfloat-abi=hard -nost
TRACE::2026-01-08.16:54:14::SCWMssOS::artfiles -g -Wall -Wextra -fno-tree-loop-distribute-patterns"

TRACE::2026-01-08.16:54:14::SCWMssOS::"Running Make include in ps7_cortexa9_0/libsrc/dmaps_v2_8/src"

TRACE::2026-01-08.16:54:14::SCWMssOS::make -C ps7_cortexa9_0/libsrc/dmaps_v2_8/src -s include  "SHELL=CMD" "COMPILER=arm-none-eabi-gcc" "ASSEMBLER=arm-none-eabi-as" 
TRACE::2026-01-08.16:54:14::SCWMssOS::"ARCHIVER=arm-none-eabi-ar" "COMPILER_FLAGS=  -O2 -c" "EXTRA_COMPILER_FLAGS=-mcpu=cortex-a9 -mfpu=vfpv3 -mfloat-abi=hard -nosta
TRACE::2026-01-08.16:54:14::SCWMssOS::rtfiles -g -Wall -Wextra -fno-tree-loop-distribute-patterns"

TRACE::2026-01-08.16:54:14::SCWMssOS::"Running Make include in ps7_cortexa9_0/libsrc/emacps_v3_15/src"

TRACE::2026-01-08.16:54:14::SCWMssOS::make -C ps7_cortexa9_0/libsrc/emacps_v3_15/src -s include  "SHELL=CMD" "COMPILER=arm-none-eabi-gcc" "ASSEMBLER=arm-none-eabi-as
TRACE::2026-01-08.16:54:14::SCWMssOS::" "ARCHIVER=arm-none-eabi-ar" "COMPILER_FLAGS=  -O2 -c" "EXTRA_COMPILER_FLAGS=-mcpu=cortex-a9 -mfpu=vfpv3 -mfloat-abi=hard -nos
TRACE::2026-01-08.16:54:14::SCWMssOS::tartfiles -g -Wall -Wextra -fno-tree-loop-distribute-patterns"

TRACE::2026-01-08.16:54:15::SCWMssOS::"Running Make include in ps7_cortexa9_0/libsrc/gpiops_v3_9/src"

TRACE::2026-01-08.16:54:15::SCWMssOS::make -C ps7_cortexa9_0/libsrc/gpiops_v3_9/src -s include  "SHELL=CMD" "COMPILER=arm-none-eabi-gcc" "ASSEMBLER=arm-none-eabi-as"
TRACE::2026-01-08.16:54:15::SCWMssOS:: "ARCHIVER=arm-none-eabi-ar" "COMPILER_FLAGS=  -O2 -c" "EXTRA_COMPILER_FLAGS=-mcpu=cortex-a9 -mfpu=vfpv3 -mfloat-abi=hard -nost
TRACE::2026-01-08.16:54:15::SCWMssOS::artfiles -g -Wall -Wextra -fno-tree-loop-distribute-patterns"

TRACE::2026-01-08.16:54:15::SCWMssOS::"Running Make include in ps7_cortexa9_0/libsrc/iicps_v3_14/src"

TRACE::2026-01-08.16:54:16::SCWMssOS::make -C ps7_cortexa9_0/libsrc/iicps_v3_14/src -s include  "SHELL=CMD" "COMPILER=arm-none-eabi-gcc" "ASSEMBLER=arm-none-eabi-as"
TRACE::2026-01-08.16:54:16::SCWMssOS:: "ARCHIVER=arm-none-eabi-ar" "COMPILER_FLAGS=  -O2 -c" "EXTRA_COMPILER_FLAGS=-mcpu=cortex-a9 -mfpu=vfpv3 -mfloat-abi=hard -nost
TRACE::2026-01-08.16:54:16::SCWMssOS::artfiles -g -Wall -Wextra -fno-tree-loop-distribute-patterns"

TRACE::2026-01-08.16:54:16::SCWMssOS::"Running Make include in ps7_cortexa9_0/libsrc/lwip211_v1_6/src"

TRACE::2026-01-08.16:54:16::SCWMssOS::make -C ps7_cortexa9_0/libsrc/lwip211_v1_6/src -s include  "SHELL=CMD" "COMPILER=arm-none-eabi-gcc" "ASSEMBLER=arm-none-eabi-as
TRACE::2026-01-08.16:54:16::SCWMssOS::" "ARCHIVER=arm-none-eabi-ar" "COMPILER_FLAGS=  -O2 -c" "EXTRA_COMPILER_FLAGS=-mcpu=cortex-a9 -mfpu=vfpv3 -mfloat-abi=hard -nos
TRACE::2026-01-08.16:54:16::SCWMssOS::tartfiles -g -Wall -Wextra -fno-tree-loop-distribute-patterns"

TRACE::2026-01-08.16:54:18::SCWMssOS::"Running Make include in ps7_cortexa9_0/libsrc/qspips_v3_9/src"

TRACE::2026-01-08.16:54:18::SCWMssOS::make -C ps7_cortexa9_0/libsrc/qspips_v3_9/src -s include  "SHELL=CMD" "COMPILER=arm-none-eabi-gcc" "ASSEMBLER=arm-none-eabi-as"
TRACE::2026-01-08.16:54:18::SCWMssOS:: "ARCHIVER=arm-none-eabi-ar" "COMPILER_FLAGS=  -O2 -c" "EXTRA_COMPILER_FLAGS=-mcpu=cortex-a9 -mfpu=vfpv3 -mfloat-abi=hard -nost
TRACE::2026-01-08.16:54:18::SCWMssOS::artfiles -g -Wall -Wextra -fno-tree-loop-distribute-patterns"

TRACE::2026-01-08.16:54:19::SCWMssOS::"Running Make include in ps7_cortexa9_0/libsrc/scugic_v4_6/src"

TRACE::2026-01-08.16:54:19::SCWMssOS::make -C ps7_cortexa9_0/libsrc/scugic_v4_6/src -s include  "SHELL=CMD" "COMPILER=arm-none-eabi-gcc" "ASSEMBLER=arm-none-eabi-as"
TRACE::2026-01-08.16:54:19::SCWMssOS:: "ARCHIVER=arm-none-eabi-ar" "COMPILER_FLAGS=  -O2 -c" "EXTRA_COMPILER_FLAGS=-mcpu=cortex-a9 -mfpu=vfpv3 -mfloat-abi=hard -nost
TRACE::2026-01-08.16:54:19::SCWMssOS::artfiles -g -Wall -Wextra -fno-tree-loop-distribute-patterns"

TRACE::2026-01-08.16:54:19::SCWMssOS::"Running Make include in ps7_cortexa9_0/libsrc/scutimer_v2_3/src"

TRACE::2026-01-08.16:54:19::SCWMssOS::make -C ps7_cortexa9_0/libsrc/scutimer_v2_3/src -s include  "SHELL=CMD" "COMPILER=arm-none-eabi-gcc" "ASSEMBLER=arm-none-eabi-a
TRACE::2026-01-08.16:54:19::SCWMssOS::s" "ARCHIVER=arm-none-eabi-ar" "COMPILER_FLAGS=  -O2 -c" "EXTRA_COMPILER_FLAGS=-mcpu=cortex-a9 -mfpu=vfpv3 -mfloat-abi=hard -no
TRACE::2026-01-08.16:54:19::SCWMssOS::startfiles -g -Wall -Wextra -fno-tree-loop-distribute-patterns"

TRACE::2026-01-08.16:54:19::SCWMssOS::"Running Make include in ps7_cortexa9_0/libsrc/scuwdt_v2_4/src"

TRACE::2026-01-08.16:54:19::SCWMssOS::make -C ps7_cortexa9_0/libsrc/scuwdt_v2_4/src -s include  "SHELL=CMD" "COMPILER=arm-none-eabi-gcc" "ASSEMBLER=arm-none-eabi-as"
TRACE::2026-01-08.16:54:20::SCWMssOS:: "ARCHIVER=arm-none-eabi-ar" "COMPILER_FLAGS=  -O2 -c" "EXTRA_COMPILER_FLAGS=-mcpu=cortex-a9 -mfpu=vfpv3 -mfloat-abi=hard -nost
TRACE::2026-01-08.16:54:20::SCWMssOS::artfiles -g -Wall -Wextra -fno-tree-loop-distribute-patterns"

TRACE::2026-01-08.16:54:20::SCWMssOS::"Running Make include in ps7_cortexa9_0/libsrc/sdps_v3_13/src"

TRACE::2026-01-08.16:54:20::SCWMssOS::make -C ps7_cortexa9_0/libsrc/sdps_v3_13/src -s include  "SHELL=CMD" "COMPILER=arm-none-eabi-gcc" "ASSEMBLER=arm-none-eabi-as" 
TRACE::2026-01-08.16:54:20::SCWMssOS::"ARCHIVER=arm-none-eabi-ar" "COMPILER_FLAGS=  -O2 -c" "EXTRA_COMPILER_FLAGS=-mcpu=cortex-a9 -mfpu=vfpv3 -mfloat-abi=hard -nosta
TRACE::2026-01-08.16:54:20::SCWMssOS::rtfiles -g -Wall -Wextra -fno-tree-loop-distribute-patterns"

TRACE::2026-01-08.16:54:21::SCWMssOS::"Running Make include in ps7_cortexa9_0/libsrc/standalone_v7_6/src"

TRACE::2026-01-08.16:54:21::SCWMssOS::make -C ps7_cortexa9_0/libsrc/standalone_v7_6/src -s include  "SHELL=CMD" "COMPILER=arm-none-eabi-gcc" "ASSEMBLER=arm-none-eabi
TRACE::2026-01-08.16:54:21::SCWMssOS::-as" "ARCHIVER=arm-none-eabi-ar" "COMPILER_FLAGS=  -O2 -c" "EXTRA_COMPILER_FLAGS=-mcpu=cortex-a9 -mfpu=vfpv3 -mfloat-abi=hard -
TRACE::2026-01-08.16:54:21::SCWMssOS::nostartfiles -g -Wall -Wextra -fno-tree-loop-distribute-patterns"

TRACE::2026-01-08.16:54:24::SCWMssOS::"Running Make include in ps7_cortexa9_0/libsrc/ttcps_v3_14/src"

TRACE::2026-01-08.16:54:24::SCWMssOS::make -C ps7_cortexa9_0/libsrc/ttcps_v3_14/src -s include  "SHELL=CMD" "COMPILER=arm-none-eabi-gcc" "ASSEMBLER=arm-none-eabi-as"
TRACE::2026-01-08.16:54:24::SCWMssOS:: "ARCHIVER=arm-none-eabi-ar" "COMPILER_FLAGS=  -O2 -c" "EXTRA_COMPILER_FLAGS=-mcpu=cortex-a9 -mfpu=vfpv3 -mfloat-abi=hard -nost
TRACE::2026-01-08.16:54:24::SCWMssOS::artfiles -g -Wall -Wextra -fno-tree-loop-distribute-patterns"

TRACE::2026-01-08.16:54:24::SCWMssOS::"Running Make include in ps7_cortexa9_0/libsrc/uartps_v3_11/src"

TRACE::2026-01-08.16:54:25::SCWMssOS::make -C ps7_cortexa9_0/libsrc/uartps_v3_11/src -s include  "SHELL=CMD" "COMPILER=arm-none-eabi-gcc" "ASSEMBLER=arm-none-eabi-as
TRACE::2026-01-08.16:54:25::SCWMssOS::" "ARCHIVER=arm-none-eabi-ar" "COMPILER_FLAGS=  -O2 -c" "EXTRA_COMPILER_FLAGS=-mcpu=cortex-a9 -mfpu=vfpv3 -mfloat-abi=hard -nos
TRACE::2026-01-08.16:54:25::SCWMssOS::tartfiles -g -Wall -Wextra -fno-tree-loop-distribute-patterns"

TRACE::2026-01-08.16:54:25::SCWMssOS::"Running Make include in ps7_cortexa9_0/libsrc/usbps_v2_7/src"

TRACE::2026-01-08.16:54:25::SCWMssOS::make -C ps7_cortexa9_0/libsrc/usbps_v2_7/src -s include  "SHELL=CMD" "COMPILER=arm-none-eabi-gcc" "ASSEMBLER=arm-none-eabi-as" 
TRACE::2026-01-08.16:54:25::SCWMssOS::"ARCHIVER=arm-none-eabi-ar" "COMPILER_FLAGS=  -O2 -c" "EXTRA_COMPILER_FLAGS=-mcpu=cortex-a9 -mfpu=vfpv3 -mfloat-abi=hard -nosta
TRACE::2026-01-08.16:54:25::SCWMssOS::rtfiles -g -Wall -Wextra -fno-tree-loop-distribute-patterns"

TRACE::2026-01-08.16:54:25::SCWMssOS::"Running Make include in ps7_cortexa9_0/libsrc/xadcps_v2_6/src"

TRACE::2026-01-08.16:54:26::SCWMssOS::make -C ps7_cortexa9_0/libsrc/xadcps_v2_6/src -s include  "SHELL=CMD" "COMPILER=arm-none-eabi-gcc" "ASSEMBLER=arm-none-eabi-as"
TRACE::2026-01-08.16:54:26::SCWMssOS:: "ARCHIVER=arm-none-eabi-ar" "COMPILER_FLAGS=  -O2 -c" "EXTRA_COMPILER_FLAGS=-mcpu=cortex-a9 -mfpu=vfpv3 -mfloat-abi=hard -nost
TRACE::2026-01-08.16:54:26::SCWMssOS::artfiles -g -Wall -Wextra -fno-tree-loop-distribute-patterns"

TRACE::2026-01-08.16:54:26::SCWMssOS::"Running Make include in ps7_cortexa9_0/libsrc/xilffs_v4_6/src"

TRACE::2026-01-08.16:54:26::SCWMssOS::make -C ps7_cortexa9_0/libsrc/xilffs_v4_6/src -s include  "SHELL=CMD" "COMPILER=arm-none-eabi-gcc" "ASSEMBLER=arm-none-eabi-as"
TRACE::2026-01-08.16:54:26::SCWMssOS:: "ARCHIVER=arm-none-eabi-ar" "COMPILER_FLAGS=  -O2 -c" "EXTRA_COMPILER_FLAGS=-mcpu=cortex-a9 -mfpu=vfpv3 -mfloat-abi=hard -nost
TRACE::2026-01-08.16:54:26::SCWMssOS::artfiles -g -Wall -Wextra -fno-tree-loop-distribute-patterns"

TRACE::2026-01-08.16:54:26::SCWMssOS::"Running Make libs in ps7_cortexa9_0/libsrc/lwip211_v1_6/src"

TRACE::2026-01-08.16:54:26::SCWMssOS::make -C ps7_cortexa9_0/libsrc/lwip211_v1_6/src -s libs  "SHELL=CMD" "COMPILER=arm-none-eabi-gcc" "ASSEMBLER=arm-none-eabi-as" "
TRACE::2026-01-08.16:54:26::SCWMssOS::ARCHIVER=arm-none-eabi-ar" "COMPILER_FLAGS=  -O2 -c" "EXTRA_COMPILER_FLAGS=-mcpu=cortex-a9 -mfpu=vfpv3 -mfloat-abi=hard -nostar
TRACE::2026-01-08.16:54:26::SCWMssOS::tfiles -g -Wall -Wextra -fno-tree-loop-distribute-patterns"

TRACE::2026-01-08.16:54:26::SCWMssOS::"Compiling lwip src and adapter files"

TRACE::2026-01-08.16:54:42::SCWMssOS::'Finished building libraries sequentially.'

TRACE::2026-01-08.16:54:42::SCWMssOS::make -j 14 --no-print-directory par_libs

TRACE::2026-01-08.16:54:42::SCWMssOS::"Running Make include in ps7_cortexa9_0/libsrc/axivdma_v6_10/src"

TRACE::2026-01-08.16:54:42::SCWMssOS::"Running Make include in ps7_cortexa9_0/libsrc/coresightps_dcc_v1_8/src"

TRACE::2026-01-08.16:54:42::SCWMssOS::make -C ps7_cortexa9_0/libsrc/axivdma_v6_10/src -s include  "SHELL=CMD" "COMPILER=arm-none-eabi-gcc" "ASSEMBLER=arm-none-eabi-a
TRACE::2026-01-08.16:54:42::SCWMssOS::s" "ARCHIVER=arm-none-eabi-ar" "COMPILER_FLAGS=  -O2 -c" "EXTRA_COMPILER_FLAGS=-mcpu=cortex-a9 -mfpu=vfpv3 -mfloat-abi=hard -no
TRACE::2026-01-08.16:54:42::SCWMssOS::startfiles -g -Wall -Wextra -fno-tree-loop-distribute-patterns"

TRACE::2026-01-08.16:54:42::SCWMssOS::"Running Make include in ps7_cortexa9_0/libsrc/cpu_cortexa9_v2_11/src"

TRACE::2026-01-08.16:54:42::SCWMssOS::"Running Make include in ps7_cortexa9_0/libsrc/ddrps_v1_2/src"

TRACE::2026-01-08.16:54:42::SCWMssOS::"Running Make include in ps7_cortexa9_0/libsrc/devcfg_v3_7/src"

TRACE::2026-01-08.16:54:43::SCWMssOS::"Running Make include in ps7_cortexa9_0/libsrc/dmaps_v2_8/src"

TRACE::2026-01-08.16:54:43::SCWMssOS::make -C ps7_cortexa9_0/libsrc/coresightps_dcc_v1_8/src -s include  "SHELL=CMD" "COMPILER=arm-none-eabi-gcc" "ASSEMBLER=arm-none
TRACE::2026-01-08.16:54:43::SCWMssOS::-eabi-as" "ARCHIVER=arm-none-eabi-ar" "COMPILER_FLAGS=  -O2 -c" "EXTRA_COMPILER_FLAGS=-mcpu=cortex-a9 -mfpu=vfpv3 -mfloat-abi=h
TRACE::2026-01-08.16:54:43::SCWMssOS::ard -nostartfiles -g -Wall -Wextra -fno-tree-loop-distribute-patterns"

TRACE::2026-01-08.16:54:43::SCWMssOS::make -C ps7_cortexa9_0/libsrc/cpu_cortexa9_v2_11/src -s include  "SHELL=CMD" "COMPILER=arm-none-eabi-gcc" "ASSEMBLER=arm-none-e
TRACE::2026-01-08.16:54:43::SCWMssOS::abi-as" "ARCHIVER=arm-none-eabi-ar" "COMPILER_FLAGS=  -O2 -c" "EXTRA_COMPILER_FLAGS=-mcpu=cortex-a9 -mfpu=vfpv3 -mfloat-abi=har
TRACE::2026-01-08.16:54:43::SCWMssOS::d -nostartfiles -g -Wall -Wextra -fno-tree-loop-distribute-patterns"

TRACE::2026-01-08.16:54:43::SCWMssOS::make -C ps7_cortexa9_0/libsrc/ddrps_v1_2/src -s include  "SHELL=CMD" "COMPILER=arm-none-eabi-gcc" "ASSEMBLER=arm-none-eabi-as" 
TRACE::2026-01-08.16:54:43::SCWMssOS::"ARCHIVER=arm-none-eabi-ar" "COMPILER_FLAGS=  -O2 -c" "EXTRA_COMPILER_FLAGS=-mcpu=cortex-a9 -mfpu=vfpv3 -mfloat-abi=hard -nosta
TRACE::2026-01-08.16:54:43::SCWMssOS::rtfiles -g -Wall -Wextra -fno-tree-loop-distribute-patterns"

TRACE::2026-01-08.16:54:43::SCWMssOS::"Running Make include in ps7_cortexa9_0/libsrc/emacps_v3_15/src"

TRACE::2026-01-08.16:54:43::SCWMssOS::make -C ps7_cortexa9_0/libsrc/devcfg_v3_7/src -s include  "SHELL=CMD" "COMPILER=arm-none-eabi-gcc" "ASSEMBLER=arm-none-eabi-as"
TRACE::2026-01-08.16:54:43::SCWMssOS:: "ARCHIVER=arm-none-eabi-ar" "COMPILER_FLAGS=  -O2 -c" "EXTRA_COMPILER_FLAGS=-mcpu=cortex-a9 -mfpu=vfpv3 -mfloat-abi=hard -nost
TRACE::2026-01-08.16:54:43::SCWMssOS::artfiles -g -Wall -Wextra -fno-tree-loop-distribute-patterns"

TRACE::2026-01-08.16:54:43::SCWMssOS::make -C ps7_cortexa9_0/libsrc/dmaps_v2_8/src -s include  "SHELL=CMD" "COMPILER=arm-none-eabi-gcc" "ASSEMBLER=arm-none-eabi-as" 
TRACE::2026-01-08.16:54:43::SCWMssOS::"ARCHIVER=arm-none-eabi-ar" "COMPILER_FLAGS=  -O2 -c" "EXTRA_COMPILER_FLAGS=-mcpu=cortex-a9 -mfpu=vfpv3 -mfloat-abi=hard -nosta
TRACE::2026-01-08.16:54:43::SCWMssOS::rtfiles -g -Wall -Wextra -fno-tree-loop-distribute-patterns"

TRACE::2026-01-08.16:54:43::SCWMssOS::"Running Make include in ps7_cortexa9_0/libsrc/gpiops_v3_9/src"

TRACE::2026-01-08.16:54:43::SCWMssOS::"Running Make include in ps7_cortexa9_0/libsrc/iicps_v3_14/src"

TRACE::2026-01-08.16:54:43::SCWMssOS::"Running Make include in ps7_cortexa9_0/libsrc/lwip211_v1_6/src"

TRACE::2026-01-08.16:54:43::SCWMssOS::"Running Make include in ps7_cortexa9_0/libsrc/qspips_v3_9/src"

TRACE::2026-01-08.16:54:43::SCWMssOS::"Running Make include in ps7_cortexa9_0/libsrc/scugic_v4_6/src"

TRACE::2026-01-08.16:54:43::SCWMssOS::"Running Make include in ps7_cortexa9_0/libsrc/scutimer_v2_3/src"

TRACE::2026-01-08.16:54:43::SCWMssOS::"Running Make include in ps7_cortexa9_0/libsrc/scuwdt_v2_4/src"

TRACE::2026-01-08.16:54:43::SCWMssOS::"Running Make include in ps7_cortexa9_0/libsrc/sdps_v3_13/src"

TRACE::2026-01-08.16:54:43::SCWMssOS::make -C ps7_cortexa9_0/libsrc/emacps_v3_15/src -s include  "SHELL=CMD" "COMPILER=arm-none-eabi-gcc" "ASSEMBLER=arm-none-eabi-as
TRACE::2026-01-08.16:54:43::SCWMssOS::" "ARCHIVER=arm-none-eabi-ar" "COMPILER_FLAGS=  -O2 -c" "EXTRA_COMPILER_FLAGS=-mcpu=cortex-a9 -mfpu=vfpv3 -mfloat-abi=hard -nos
TRACE::2026-01-08.16:54:43::SCWMssOS::tartfiles -g -Wall -Wextra -fno-tree-loop-distribute-patterns"

TRACE::2026-01-08.16:54:43::SCWMssOS::make -C ps7_cortexa9_0/libsrc/gpiops_v3_9/src -s include  "SHELL=CMD" "COMPILER=arm-none-eabi-gcc" "ASSEMBLER=arm-none-eabi-as"
TRACE::2026-01-08.16:54:43::SCWMssOS:: "ARCHIVER=arm-none-eabi-ar" "COMPILER_FLAGS=  -O2 -c" "EXTRA_COMPILER_FLAGS=-mcpu=cortex-a9 -mfpu=vfpv3 -mfloat-abi=hard -nost
TRACE::2026-01-08.16:54:43::SCWMssOS::artfiles -g -Wall -Wextra -fno-tree-loop-distribute-patterns"

TRACE::2026-01-08.16:54:43::SCWMssOS::make -C ps7_cortexa9_0/libsrc/iicps_v3_14/src -s include  "SHELL=CMD" "COMPILER=arm-none-eabi-gcc" "ASSEMBLER=arm-none-eabi-as"
TRACE::2026-01-08.16:54:43::SCWMssOS:: "ARCHIVER=arm-none-eabi-ar" "COMPILER_FLAGS=  -O2 -c" "EXTRA_COMPILER_FLAGS=-mcpu=cortex-a9 -mfpu=vfpv3 -mfloat-abi=hard -nost
TRACE::2026-01-08.16:54:43::SCWMssOS::artfiles -g -Wall -Wextra -fno-tree-loop-distribute-patterns"

TRACE::2026-01-08.16:54:43::SCWMssOS::make -C ps7_cortexa9_0/libsrc/lwip211_v1_6/src -s include  "SHELL=CMD" "COMPILER=arm-none-eabi-gcc" "ASSEMBLER=arm-none-eabi-as
TRACE::2026-01-08.16:54:43::SCWMssOS::" "ARCHIVER=arm-none-eabi-ar" "COMPILER_FLAGS=  -O2 -c" "EXTRA_COMPILER_FLAGS=-mcpu=cortex-a9 -mfpu=vfpv3 -mfloat-abi=hard -nos
TRACE::2026-01-08.16:54:43::SCWMssOS::tartfiles -g -Wall -Wextra -fno-tree-loop-distribute-patterns"

TRACE::2026-01-08.16:54:43::SCWMssOS::make -C ps7_cortexa9_0/libsrc/qspips_v3_9/src -s include  "SHELL=CMD" "COMPILER=arm-none-eabi-gcc" "ASSEMBLER=arm-none-eabi-as"
TRACE::2026-01-08.16:54:43::SCWMssOS:: "ARCHIVER=arm-none-eabi-ar" "COMPILER_FLAGS=  -O2 -c" "EXTRA_COMPILER_FLAGS=-mcpu=cortex-a9 -mfpu=vfpv3 -mfloat-abi=hard -nost
TRACE::2026-01-08.16:54:43::SCWMssOS::artfiles -g -Wall -Wextra -fno-tree-loop-distribute-patterns"

TRACE::2026-01-08.16:54:43::SCWMssOS::make -C ps7_cortexa9_0/libsrc/scugic_v4_6/src -s include  "SHELL=CMD" "COMPILER=arm-none-eabi-gcc" "ASSEMBLER=arm-none-eabi-as"
TRACE::2026-01-08.16:54:43::SCWMssOS:: "ARCHIVER=arm-none-eabi-ar" "COMPILER_FLAGS=  -O2 -c" "EXTRA_COMPILER_FLAGS=-mcpu=cortex-a9 -mfpu=vfpv3 -mfloat-abi=hard -nost
TRACE::2026-01-08.16:54:43::SCWMssOS::artfiles -g -Wall -Wextra -fno-tree-loop-distribute-patterns"

TRACE::2026-01-08.16:54:43::SCWMssOS::make -C ps7_cortexa9_0/libsrc/scutimer_v2_3/src -s include  "SHELL=CMD" "COMPILER=arm-none-eabi-gcc" "ASSEMBLER=arm-none-eabi-a
TRACE::2026-01-08.16:54:43::SCWMssOS::s" "ARCHIVER=arm-none-eabi-ar" "COMPILER_FLAGS=  -O2 -c" "EXTRA_COMPILER_FLAGS=-mcpu=cortex-a9 -mfpu=vfpv3 -mfloat-abi=hard -no
TRACE::2026-01-08.16:54:43::SCWMssOS::startfiles -g -Wall -Wextra -fno-tree-loop-distribute-patterns"

TRACE::2026-01-08.16:54:43::SCWMssOS::make -C ps7_cortexa9_0/libsrc/scuwdt_v2_4/src -s include  "SHELL=CMD" "COMPILER=arm-none-eabi-gcc" "ASSEMBLER=arm-none-eabi-as"
TRACE::2026-01-08.16:54:43::SCWMssOS:: "ARCHIVER=arm-none-eabi-ar" "COMPILER_FLAGS=  -O2 -c" "EXTRA_COMPILER_FLAGS=-mcpu=cortex-a9 -mfpu=vfpv3 -mfloat-abi=hard -nost
TRACE::2026-01-08.16:54:43::SCWMssOS::artfiles -g -Wall -Wextra -fno-tree-loop-distribute-patterns"

TRACE::2026-01-08.16:54:43::SCWMssOS::make -C ps7_cortexa9_0/libsrc/sdps_v3_13/src -s include  "SHELL=CMD" "COMPILER=arm-none-eabi-gcc" "ASSEMBLER=arm-none-eabi-as" 
TRACE::2026-01-08.16:54:43::SCWMssOS::"ARCHIVER=arm-none-eabi-ar" "COMPILER_FLAGS=  -O2 -c" "EXTRA_COMPILER_FLAGS=-mcpu=cortex-a9 -mfpu=vfpv3 -mfloat-abi=hard -nosta
TRACE::2026-01-08.16:54:43::SCWMssOS::rtfiles -g -Wall -Wextra -fno-tree-loop-distribute-patterns"

TRACE::2026-01-08.16:54:43::SCWMssOS::"Running Make include in ps7_cortexa9_0/libsrc/standalone_v7_6/src"

TRACE::2026-01-08.16:54:43::SCWMssOS::make -C ps7_cortexa9_0/libsrc/standalone_v7_6/src -s include  "SHELL=CMD" "COMPILER=arm-none-eabi-gcc" "ASSEMBLER=arm-none-eabi
TRACE::2026-01-08.16:54:43::SCWMssOS::-as" "ARCHIVER=arm-none-eabi-ar" "COMPILER_FLAGS=  -O2 -c" "EXTRA_COMPILER_FLAGS=-mcpu=cortex-a9 -mfpu=vfpv3 -mfloat-abi=hard -
TRACE::2026-01-08.16:54:43::SCWMssOS::nostartfiles -g -Wall -Wextra -fno-tree-loop-distribute-patterns"

TRACE::2026-01-08.16:54:43::SCWMssOS::"Running Make include in ps7_cortexa9_0/libsrc/ttcps_v3_14/src"

TRACE::2026-01-08.16:54:43::SCWMssOS::"Running Make include in ps7_cortexa9_0/libsrc/uartps_v3_11/src"

TRACE::2026-01-08.16:54:43::SCWMssOS::make -C ps7_cortexa9_0/libsrc/ttcps_v3_14/src -s include  "SHELL=CMD" "COMPILER=arm-none-eabi-gcc" "ASSEMBLER=arm-none-eabi-as"
TRACE::2026-01-08.16:54:43::SCWMssOS:: "ARCHIVER=arm-none-eabi-ar" "COMPILER_FLAGS=  -O2 -c" "EXTRA_COMPILER_FLAGS=-mcpu=cortex-a9 -mfpu=vfpv3 -mfloat-abi=hard -nost
TRACE::2026-01-08.16:54:43::SCWMssOS::artfiles -g -Wall -Wextra -fno-tree-loop-distribute-patterns"

TRACE::2026-01-08.16:54:43::SCWMssOS::make -C ps7_cortexa9_0/libsrc/uartps_v3_11/src -s include  "SHELL=CMD" "COMPILER=arm-none-eabi-gcc" "ASSEMBLER=arm-none-eabi-as
TRACE::2026-01-08.16:54:43::SCWMssOS::" "ARCHIVER=arm-none-eabi-ar" "COMPILER_FLAGS=  -O2 -c" "EXTRA_COMPILER_FLAGS=-mcpu=cortex-a9 -mfpu=vfpv3 -mfloat-abi=hard -nos
TRACE::2026-01-08.16:54:43::SCWMssOS::tartfiles -g -Wall -Wextra -fno-tree-loop-distribute-patterns"

TRACE::2026-01-08.16:54:43::SCWMssOS::"Running Make include in ps7_cortexa9_0/libsrc/usbps_v2_7/src"

TRACE::2026-01-08.16:54:43::SCWMssOS::"Running Make include in ps7_cortexa9_0/libsrc/xadcps_v2_6/src"

TRACE::2026-01-08.16:54:43::SCWMssOS::"Running Make include in ps7_cortexa9_0/libsrc/xilffs_v4_6/src"

TRACE::2026-01-08.16:54:43::SCWMssOS::make -C ps7_cortexa9_0/libsrc/usbps_v2_7/src -s include  "SHELL=CMD" "COMPILER=arm-none-eabi-gcc" "ASSEMBLER=arm-none-eabi-as" 
TRACE::2026-01-08.16:54:43::SCWMssOS::"ARCHIVER=arm-none-eabi-ar" "COMPILER_FLAGS=  -O2 -c" "EXTRA_COMPILER_FLAGS=-mcpu=cortex-a9 -mfpu=vfpv3 -mfloat-abi=hard -nosta
TRACE::2026-01-08.16:54:43::SCWMssOS::rtfiles -g -Wall -Wextra -fno-tree-loop-distribute-patterns"

TRACE::2026-01-08.16:54:43::SCWMssOS::make -C ps7_cortexa9_0/libsrc/xadcps_v2_6/src -s include  "SHELL=CMD" "COMPILER=arm-none-eabi-gcc" "ASSEMBLER=arm-none-eabi-as"
TRACE::2026-01-08.16:54:43::SCWMssOS:: "ARCHIVER=arm-none-eabi-ar" "COMPILER_FLAGS=  -O2 -c" "EXTRA_COMPILER_FLAGS=-mcpu=cortex-a9 -mfpu=vfpv3 -mfloat-abi=hard -nost
TRACE::2026-01-08.16:54:43::SCWMssOS::artfiles -g -Wall -Wextra -fno-tree-loop-distribute-patterns"

TRACE::2026-01-08.16:54:43::SCWMssOS::make -C ps7_cortexa9_0/libsrc/xilffs_v4_6/src -s include  "SHELL=CMD" "COMPILER=arm-none-eabi-gcc" "ASSEMBLER=arm-none-eabi-as"
TRACE::2026-01-08.16:54:43::SCWMssOS:: "ARCHIVER=arm-none-eabi-ar" "COMPILER_FLAGS=  -O2 -c" "EXTRA_COMPILER_FLAGS=-mcpu=cortex-a9 -mfpu=vfpv3 -mfloat-abi=hard -nost
TRACE::2026-01-08.16:54:43::SCWMssOS::artfiles -g -Wall -Wextra -fno-tree-loop-distribute-patterns"

TRACE::2026-01-08.16:54:44::SCWMssOS::"Running Make libs in ps7_cortexa9_0/libsrc/axivdma_v6_10/src"

TRACE::2026-01-08.16:54:45::SCWMssOS::"Running Make libs in ps7_cortexa9_0/libsrc/coresightps_dcc_v1_8/src"

TRACE::2026-01-08.16:54:45::SCWMssOS::"Running Make libs in ps7_cortexa9_0/libsrc/cpu_cortexa9_v2_11/src"

TRACE::2026-01-08.16:54:45::SCWMssOS::"Running Make libs in ps7_cortexa9_0/libsrc/ddrps_v1_2/src"

TRACE::2026-01-08.16:54:45::SCWMssOS::"Running Make libs in ps7_cortexa9_0/libsrc/devcfg_v3_7/src"

TRACE::2026-01-08.16:54:45::SCWMssOS::make -C ps7_cortexa9_0/libsrc/axivdma_v6_10/src -s libs  "SHELL=CMD" "COMPILER=arm-none-eabi-gcc" "ASSEMBLER=arm-none-eabi-as" 
TRACE::2026-01-08.16:54:45::SCWMssOS::"ARCHIVER=arm-none-eabi-ar" "COMPILER_FLAGS=  -O2 -c" "EXTRA_COMPILER_FLAGS=-mcpu=cortex-a9 -mfpu=vfpv3 -mfloat-abi=hard -nosta
TRACE::2026-01-08.16:54:45::SCWMssOS::rtfiles -g -Wall -Wextra -fno-tree-loop-distribute-patterns"

TRACE::2026-01-08.16:54:45::SCWMssOS::make -C ps7_cortexa9_0/libsrc/coresightps_dcc_v1_8/src -s libs  "SHELL=CMD" "COMPILER=arm-none-eabi-gcc" "ASSEMBLER=arm-none-ea
TRACE::2026-01-08.16:54:45::SCWMssOS::bi-as" "ARCHIVER=arm-none-eabi-ar" "COMPILER_FLAGS=  -O2 -c" "EXTRA_COMPILER_FLAGS=-mcpu=cortex-a9 -mfpu=vfpv3 -mfloat-abi=hard
TRACE::2026-01-08.16:54:45::SCWMssOS:: -nostartfiles -g -Wall -Wextra -fno-tree-loop-distribute-patterns"

TRACE::2026-01-08.16:54:45::SCWMssOS::make -C ps7_cortexa9_0/libsrc/cpu_cortexa9_v2_11/src -s libs  "SHELL=CMD" "COMPILER=arm-none-eabi-gcc" "ASSEMBLER=arm-none-eabi
TRACE::2026-01-08.16:54:45::SCWMssOS::-as" "ARCHIVER=arm-none-eabi-ar" "COMPILER_FLAGS=  -O2 -c" "EXTRA_COMPILER_FLAGS=-mcpu=cortex-a9 -mfpu=vfpv3 -mfloat-abi=hard -
TRACE::2026-01-08.16:54:45::SCWMssOS::nostartfiles -g -Wall -Wextra -fno-tree-loop-distribute-patterns"

TRACE::2026-01-08.16:54:45::SCWMssOS::"Running Make libs in ps7_cortexa9_0/libsrc/dmaps_v2_8/src"

TRACE::2026-01-08.16:54:45::SCWMssOS::make -C ps7_cortexa9_0/libsrc/ddrps_v1_2/src -s libs  "SHELL=CMD" "COMPILER=arm-none-eabi-gcc" "ASSEMBLER=arm-none-eabi-as" "AR
TRACE::2026-01-08.16:54:45::SCWMssOS::CHIVER=arm-none-eabi-ar" "COMPILER_FLAGS=  -O2 -c" "EXTRA_COMPILER_FLAGS=-mcpu=cortex-a9 -mfpu=vfpv3 -mfloat-abi=hard -nostartf
TRACE::2026-01-08.16:54:45::SCWMssOS::iles -g -Wall -Wextra -fno-tree-loop-distribute-patterns"

TRACE::2026-01-08.16:54:45::SCWMssOS::"Running Make libs in ps7_cortexa9_0/libsrc/emacps_v3_15/src"

TRACE::2026-01-08.16:54:45::SCWMssOS::"Running Make libs in ps7_cortexa9_0/libsrc/gpiops_v3_9/src"

TRACE::2026-01-08.16:54:45::SCWMssOS::"Running Make libs in ps7_cortexa9_0/libsrc/iicps_v3_14/src"

TRACE::2026-01-08.16:54:45::SCWMssOS::make -C ps7_cortexa9_0/libsrc/devcfg_v3_7/src -s libs  "SHELL=CMD" "COMPILER=arm-none-eabi-gcc" "ASSEMBLER=arm-none-eabi-as" "A
TRACE::2026-01-08.16:54:45::SCWMssOS::RCHIVER=arm-none-eabi-ar" "COMPILER_FLAGS=  -O2 -c" "EXTRA_COMPILER_FLAGS=-mcpu=cortex-a9 -mfpu=vfpv3 -mfloat-abi=hard -nostart
TRACE::2026-01-08.16:54:45::SCWMssOS::files -g -Wall -Wextra -fno-tree-loop-distribute-patterns"

TRACE::2026-01-08.16:54:45::SCWMssOS::make -C ps7_cortexa9_0/libsrc/dmaps_v2_8/src -s libs  "SHELL=CMD" "COMPILER=arm-none-eabi-gcc" "ASSEMBLER=arm-none-eabi-as" "AR
TRACE::2026-01-08.16:54:45::SCWMssOS::CHIVER=arm-none-eabi-ar" "COMPILER_FLAGS=  -O2 -c" "EXTRA_COMPILER_FLAGS=-mcpu=cortex-a9 -mfpu=vfpv3 -mfloat-abi=hard -nostartf
TRACE::2026-01-08.16:54:45::SCWMssOS::iles -g -Wall -Wextra -fno-tree-loop-distribute-patterns"

TRACE::2026-01-08.16:54:45::SCWMssOS::make -C ps7_cortexa9_0/libsrc/emacps_v3_15/src -s libs  "SHELL=CMD" "COMPILER=arm-none-eabi-gcc" "ASSEMBLER=arm-none-eabi-as" "
TRACE::2026-01-08.16:54:45::SCWMssOS::ARCHIVER=arm-none-eabi-ar" "COMPILER_FLAGS=  -O2 -c" "EXTRA_COMPILER_FLAGS=-mcpu=cortex-a9 -mfpu=vfpv3 -mfloat-abi=hard -nostar
TRACE::2026-01-08.16:54:45::SCWMssOS::tfiles -g -Wall -Wextra -fno-tree-loop-distribute-patterns"

TRACE::2026-01-08.16:54:45::SCWMssOS::make -C ps7_cortexa9_0/libsrc/gpiops_v3_9/src -s libs  "SHELL=CMD" "COMPILER=arm-none-eabi-gcc" "ASSEMBLER=arm-none-eabi-as" "A
TRACE::2026-01-08.16:54:45::SCWMssOS::RCHIVER=arm-none-eabi-ar" "COMPILER_FLAGS=  -O2 -c" "EXTRA_COMPILER_FLAGS=-mcpu=cortex-a9 -mfpu=vfpv3 -mfloat-abi=hard -nostart
TRACE::2026-01-08.16:54:45::SCWMssOS::files -g -Wall -Wextra -fno-tree-loop-distribute-patterns"

TRACE::2026-01-08.16:54:45::SCWMssOS::make -C ps7_cortexa9_0/libsrc/iicps_v3_14/src -s libs  "SHELL=CMD" "COMPILER=arm-none-eabi-gcc" "ASSEMBLER=arm-none-eabi-as" "A
TRACE::2026-01-08.16:54:45::SCWMssOS::RCHIVER=arm-none-eabi-ar" "COMPILER_FLAGS=  -O2 -c" "EXTRA_COMPILER_FLAGS=-mcpu=cortex-a9 -mfpu=vfpv3 -mfloat-abi=hard -nostart
TRACE::2026-01-08.16:54:45::SCWMssOS::files -g -Wall -Wextra -fno-tree-loop-distribute-patterns"

TRACE::2026-01-08.16:54:45::SCWMssOS::"Running Make libs in ps7_cortexa9_0/libsrc/qspips_v3_9/src"

TRACE::2026-01-08.16:54:45::SCWMssOS::make -C ps7_cortexa9_0/libsrc/qspips_v3_9/src -s libs  "SHELL=CMD" "COMPILER=arm-none-eabi-gcc" "ASSEMBLER=arm-none-eabi-as" "A
TRACE::2026-01-08.16:54:45::SCWMssOS::RCHIVER=arm-none-eabi-ar" "COMPILER_FLAGS=  -O2 -c" "EXTRA_COMPILER_FLAGS=-mcpu=cortex-a9 -mfpu=vfpv3 -mfloat-abi=hard -nostart
TRACE::2026-01-08.16:54:45::SCWMssOS::files -g -Wall -Wextra -fno-tree-loop-distribute-patterns"

TRACE::2026-01-08.16:54:46::SCWMssOS::"Running Make libs in ps7_cortexa9_0/libsrc/scugic_v4_6/src"

TRACE::2026-01-08.16:54:46::SCWMssOS::make -C ps7_cortexa9_0/libsrc/scugic_v4_6/src -s libs  "SHELL=CMD" "COMPILER=arm-none-eabi-gcc" "ASSEMBLER=arm-none-eabi-as" "A
TRACE::2026-01-08.16:54:46::SCWMssOS::RCHIVER=arm-none-eabi-ar" "COMPILER_FLAGS=  -O2 -c" "EXTRA_COMPILER_FLAGS=-mcpu=cortex-a9 -mfpu=vfpv3 -mfloat-abi=hard -nostart
TRACE::2026-01-08.16:54:46::SCWMssOS::files -g -Wall -Wextra -fno-tree-loop-distribute-patterns"

TRACE::2026-01-08.16:54:46::SCWMssOS::"Running Make libs in ps7_cortexa9_0/libsrc/scutimer_v2_3/src"

TRACE::2026-01-08.16:54:46::SCWMssOS::make -C ps7_cortexa9_0/libsrc/scutimer_v2_3/src -s libs  "SHELL=CMD" "COMPILER=arm-none-eabi-gcc" "ASSEMBLER=arm-none-eabi-as" 
TRACE::2026-01-08.16:54:46::SCWMssOS::"ARCHIVER=arm-none-eabi-ar" "COMPILER_FLAGS=  -O2 -c" "EXTRA_COMPILER_FLAGS=-mcpu=cortex-a9 -mfpu=vfpv3 -mfloat-abi=hard -nosta
TRACE::2026-01-08.16:54:46::SCWMssOS::rtfiles -g -Wall -Wextra -fno-tree-loop-distribute-patterns"

TRACE::2026-01-08.16:54:47::SCWMssOS::"Running Make libs in ps7_cortexa9_0/libsrc/scuwdt_v2_4/src"

TRACE::2026-01-08.16:54:47::SCWMssOS::make -C ps7_cortexa9_0/libsrc/scuwdt_v2_4/src -s libs  "SHELL=CMD" "COMPILER=arm-none-eabi-gcc" "ASSEMBLER=arm-none-eabi-as" "A
TRACE::2026-01-08.16:54:47::SCWMssOS::RCHIVER=arm-none-eabi-ar" "COMPILER_FLAGS=  -O2 -c" "EXTRA_COMPILER_FLAGS=-mcpu=cortex-a9 -mfpu=vfpv3 -mfloat-abi=hard -nostart
TRACE::2026-01-08.16:54:47::SCWMssOS::files -g -Wall -Wextra -fno-tree-loop-distribute-patterns"

TRACE::2026-01-08.16:54:47::SCWMssOS::"Running Make libs in ps7_cortexa9_0/libsrc/sdps_v3_13/src"

TRACE::2026-01-08.16:54:48::SCWMssOS::make -C ps7_cortexa9_0/libsrc/sdps_v3_13/src -s libs  "SHELL=CMD" "COMPILER=arm-none-eabi-gcc" "ASSEMBLER=arm-none-eabi-as" "AR
TRACE::2026-01-08.16:54:48::SCWMssOS::CHIVER=arm-none-eabi-ar" "COMPILER_FLAGS=  -O2 -c" "EXTRA_COMPILER_FLAGS=-mcpu=cortex-a9 -mfpu=vfpv3 -mfloat-abi=hard -nostartf
TRACE::2026-01-08.16:54:48::SCWMssOS::iles -g -Wall -Wextra -fno-tree-loop-distribute-patterns"

TRACE::2026-01-08.16:54:48::SCWMssOS::"Running Make libs in ps7_cortexa9_0/libsrc/standalone_v7_6/src"

TRACE::2026-01-08.16:54:48::SCWMssOS::make -C ps7_cortexa9_0/libsrc/standalone_v7_6/src -s libs  "SHELL=CMD" "COMPILER=arm-none-eabi-gcc" "ASSEMBLER=arm-none-eabi-as
TRACE::2026-01-08.16:54:48::SCWMssOS::" "ARCHIVER=arm-none-eabi-ar" "COMPILER_FLAGS=  -O2 -c" "EXTRA_COMPILER_FLAGS=-mcpu=cortex-a9 -mfpu=vfpv3 -mfloat-abi=hard -nos
TRACE::2026-01-08.16:54:48::SCWMssOS::tartfiles -g -Wall -Wextra -fno-tree-loop-distribute-patterns"

TRACE::2026-01-08.16:54:48::SCWMssOS::"Running Make libs in ps7_cortexa9_0/libsrc/ttcps_v3_14/src"

TRACE::2026-01-08.16:54:48::SCWMssOS::make -C ps7_cortexa9_0/libsrc/ttcps_v3_14/src -s libs  "SHELL=CMD" "COMPILER=arm-none-eabi-gcc" "ASSEMBLER=arm-none-eabi-as" "A
TRACE::2026-01-08.16:54:48::SCWMssOS::RCHIVER=arm-none-eabi-ar" "COMPILER_FLAGS=  -O2 -c" "EXTRA_COMPILER_FLAGS=-mcpu=cortex-a9 -mfpu=vfpv3 -mfloat-abi=hard -nostart
TRACE::2026-01-08.16:54:48::SCWMssOS::files -g -Wall -Wextra -fno-tree-loop-distribute-patterns"

TRACE::2026-01-08.16:54:48::SCWMssOS::"Running Make libs in ps7_cortexa9_0/libsrc/uartps_v3_11/src"

TRACE::2026-01-08.16:54:48::SCWMssOS::make -C ps7_cortexa9_0/libsrc/uartps_v3_11/src -s libs  "SHELL=CMD" "COMPILER=arm-none-eabi-gcc" "ASSEMBLER=arm-none-eabi-as" "
TRACE::2026-01-08.16:54:48::SCWMssOS::ARCHIVER=arm-none-eabi-ar" "COMPILER_FLAGS=  -O2 -c" "EXTRA_COMPILER_FLAGS=-mcpu=cortex-a9 -mfpu=vfpv3 -mfloat-abi=hard -nostar
TRACE::2026-01-08.16:54:48::SCWMssOS::tfiles -g -Wall -Wextra -fno-tree-loop-distribute-patterns"

TRACE::2026-01-08.16:54:48::SCWMssOS::"Running Make libs in ps7_cortexa9_0/libsrc/usbps_v2_7/src"

TRACE::2026-01-08.16:54:48::SCWMssOS::make -C ps7_cortexa9_0/libsrc/usbps_v2_7/src -s libs  "SHELL=CMD" "COMPILER=arm-none-eabi-gcc" "ASSEMBLER=arm-none-eabi-as" "AR
TRACE::2026-01-08.16:54:48::SCWMssOS::CHIVER=arm-none-eabi-ar" "COMPILER_FLAGS=  -O2 -c" "EXTRA_COMPILER_FLAGS=-mcpu=cortex-a9 -mfpu=vfpv3 -mfloat-abi=hard -nostartf
TRACE::2026-01-08.16:54:48::SCWMssOS::iles -g -Wall -Wextra -fno-tree-loop-distribute-patterns"

TRACE::2026-01-08.16:54:49::SCWMssOS::"Running Make libs in ps7_cortexa9_0/libsrc/xadcps_v2_6/src"

TRACE::2026-01-08.16:54:49::SCWMssOS::make -C ps7_cortexa9_0/libsrc/xadcps_v2_6/src -s libs  "SHELL=CMD" "COMPILER=arm-none-eabi-gcc" "ASSEMBLER=arm-none-eabi-as" "A
TRACE::2026-01-08.16:54:49::SCWMssOS::RCHIVER=arm-none-eabi-ar" "COMPILER_FLAGS=  -O2 -c" "EXTRA_COMPILER_FLAGS=-mcpu=cortex-a9 -mfpu=vfpv3 -mfloat-abi=hard -nostart
TRACE::2026-01-08.16:54:49::SCWMssOS::files -g -Wall -Wextra -fno-tree-loop-distribute-patterns"

TRACE::2026-01-08.16:54:49::SCWMssOS::"Running Make libs in ps7_cortexa9_0/libsrc/xilffs_v4_6/src"

TRACE::2026-01-08.16:54:49::SCWMssOS::make -C ps7_cortexa9_0/libsrc/xilffs_v4_6/src -s libs  "SHELL=CMD" "COMPILER=arm-none-eabi-gcc" "ASSEMBLER=arm-none-eabi-as" "A
TRACE::2026-01-08.16:54:49::SCWMssOS::RCHIVER=arm-none-eabi-ar" "COMPILER_FLAGS=  -O2 -c" "EXTRA_COMPILER_FLAGS=-mcpu=cortex-a9 -mfpu=vfpv3 -mfloat-abi=hard -nostart
TRACE::2026-01-08.16:54:49::SCWMssOS::files -g -Wall -Wextra -fno-tree-loop-distribute-patterns"

TRACE::2026-01-08.16:54:53::SCWMssOS::'Finished building libraries parallelly.'

TRACE::2026-01-08.16:54:54::SCWMssOS::make --no-print-directory archive

TRACE::2026-01-08.16:54:54::SCWMssOS::arm-none-eabi-ar -r  ps7_cortexa9_0/lib/libxil.a ps7_cortexa9_0/lib/xadcps_selftest.o ps7_cortexa9_0/lib/xplatform_info.o ps7_c
TRACE::2026-01-08.16:54:54::SCWMssOS::ortexa9_0/lib/xil_mem.o ps7_cortexa9_0/lib/_exit.o ps7_cortexa9_0/lib/xusbps_sinit.o ps7_cortexa9_0/lib/xdevcfg_hw.o ps7_cortex
TRACE::2026-01-08.16:54:54::SCWMssOS::a9_0/lib/xil_sleeptimer.o ps7_cortexa9_0/lib/xqspips_options.o ps7_cortexa9_0/lib/xdmaps_g.o ps7_cortexa9_0/lib/xscutimer_g.o p
TRACE::2026-01-08.16:54:54::SCWMssOS::s7_cortexa9_0/lib/xsdps_options.o ps7_cortexa9_0/lib/xil_misc_psreset_api.o ps7_cortexa9_0/lib/xdmaps_sinit.o ps7_cortexa9_0/li
TRACE::2026-01-08.16:54:54::SCWMssOS::b/xscutimer_sinit.o ps7_cortexa9_0/lib/xemacps_hw.o ps7_cortexa9_0/lib/inbyte.o ps7_cortexa9_0/lib/xdmaps_selftest.o ps7_cortex
TRACE::2026-01-08.16:54:54::SCWMssOS::a9_0/lib/xscutimer_selftest.o ps7_cortexa9_0/lib/putnum.o ps7_cortexa9_0/lib/xttcps_selftest.o ps7_cortexa9_0/lib/xqspips_hw.o 
TRACE::2026-01-08.16:54:54::SCWMssOS::ps7_cortexa9_0/lib/xgpiops_g.o ps7_cortexa9_0/lib/xsdps.o ps7_cortexa9_0/lib/close.o ps7_cortexa9_0/lib/xemacps_g.o ps7_cortexa
TRACE::2026-01-08.16:54:54::SCWMssOS::9_0/lib/xgpiops_sinit.o ps7_cortexa9_0/lib/xgpiops_selftest.o ps7_cortexa9_0/lib/xscuwdt.o ps7_cortexa9_0/lib/xaxivdma_g.o ps7_
TRACE::2026-01-08.16:54:54::SCWMssOS::cortexa9_0/lib/xil_clocking.o ps7_cortexa9_0/lib/xiicps_intr.o ps7_cortexa9_0/lib/xaxivdma_sinit.o ps7_cortexa9_0/lib/xuartps_s
TRACE::2026-01-08.16:54:54::SCWMssOS::init.o ps7_cortexa9_0/lib/time.o ps7_cortexa9_0/lib/xaxivdma_selftest.o ps7_cortexa9_0/lib/xiicps_slave.o ps7_cortexa9_0/lib/xi
TRACE::2026-01-08.16:54:54::SCWMssOS::l_printf.o ps7_cortexa9_0/lib/kill.o ps7_cortexa9_0/lib/xadcps.o ps7_cortexa9_0/lib/xiicps_options.o ps7_cortexa9_0/lib/xuartps
TRACE::2026-01-08.16:54:54::SCWMssOS::_selftest.o ps7_cortexa9_0/lib/xuartps_g.o ps7_cortexa9_0/lib/lseek.o ps7_cortexa9_0/lib/xgpiops.o ps7_cortexa9_0/lib/xl2cc_cou
TRACE::2026-01-08.16:54:54::SCWMssOS::nter.o ps7_cortexa9_0/lib/xiicps_hw.o ps7_cortexa9_0/lib/asm_vectors.o ps7_cortexa9_0/lib/usleep.o ps7_cortexa9_0/lib/abort.o p
TRACE::2026-01-08.16:54:54::SCWMssOS::s7_cortexa9_0/lib/xscugic_intr.o ps7_cortexa9_0/lib/getpid.o ps7_cortexa9_0/lib/xiicps_selftest.o ps7_cortexa9_0/lib/xil_testca
TRACE::2026-01-08.16:54:54::SCWMssOS::che.o ps7_cortexa9_0/lib/xdevcfg_sinit.o ps7_cortexa9_0/lib/xdmaps.o ps7_cortexa9_0/lib/xscutimer.o ps7_cortexa9_0/lib/xdevcfg_
TRACE::2026-01-08.16:54:54::SCWMssOS::selftest.o ps7_cortexa9_0/lib/xttcps.o ps7_cortexa9_0/lib/xpm_counter.o ps7_cortexa9_0/lib/xiicps.o ps7_cortexa9_0/lib/_sbrk.o 
TRACE::2026-01-08.16:54:54::SCWMssOS::ps7_cortexa9_0/lib/xiicps_master.o ps7_cortexa9_0/lib/xqspips_g.o ps7_cortexa9_0/lib/xemacps_bdring.o ps7_cortexa9_0/lib/xusbps
TRACE::2026-01-08.16:54:54::SCWMssOS::_endpoint.o ps7_cortexa9_0/lib/xusbps_g.o ps7_cortexa9_0/lib/xsdps_sinit.o ps7_cortexa9_0/lib/xqspips_selftest.o ps7_cortexa9_0
TRACE::2026-01-08.16:54:54::SCWMssOS::/lib/xil_exception.o ps7_cortexa9_0/lib/sbrk.o ps7_cortexa9_0/lib/xil_testmem.o ps7_cortexa9_0/lib/xaxivdma.o ps7_cortexa9_0/li
TRACE::2026-01-08.16:54:54::SCWMssOS::b/xemacps_control.o ps7_cortexa9_0/lib/open.o ps7_cortexa9_0/lib/xil_assert.o ps7_cortexa9_0/lib/xaxivdma_intr.o ps7_cortexa9_0
TRACE::2026-01-08.16:54:54::SCWMssOS::/lib/xusbps_intr.o ps7_cortexa9_0/lib/xsdps_host.o ps7_cortexa9_0/lib/xcoresightpsdcc.o ps7_cortexa9_0/lib/xiicps_xfer.o ps7_co
TRACE::2026-01-08.16:54:54::SCWMssOS::rtexa9_0/lib/xscugic_hw.o ps7_cortexa9_0/lib/sleep.o ps7_cortexa9_0/lib/cpputest_time.o ps7_cortexa9_0/lib/_open.o ps7_cortexa9
TRACE::2026-01-08.16:54:54::SCWMssOS::_0/lib/xttcps_options.o ps7_cortexa9_0/lib/print.o ps7_cortexa9_0/lib/read.o ps7_cortexa9_0/lib/xdevcfg.o ps7_cortexa9_0/lib/xa
TRACE::2026-01-08.16:54:54::SCWMssOS::dcps_intr.o ps7_cortexa9_0/lib/xqspips.o ps7_cortexa9_0/lib/xemacps.o ps7_cortexa9_0/lib/xil_cache.o ps7_cortexa9_0/lib/xil_tes
TRACE::2026-01-08.16:54:54::SCWMssOS::tio.o ps7_cortexa9_0/lib/unlink.o ps7_cortexa9_0/lib/xusbps.o ps7_cortexa9_0/lib/xil_spinlock.o ps7_cortexa9_0/lib/xiicps_g.o p
TRACE::2026-01-08.16:54:54::SCWMssOS::s7_cortexa9_0/lib/translation_table.o ps7_cortexa9_0/lib/xusbps_hw.o ps7_cortexa9_0/lib/write.o ps7_cortexa9_0/lib/xil_mmu.o ps
TRACE::2026-01-08.16:54:54::SCWMssOS::7_cortexa9_0/lib/boot.o ps7_cortexa9_0/lib/xaxivdma_channel.o ps7_cortexa9_0/lib/cpu_init.o ps7_cortexa9_0/lib/xil_sleepcommon.
TRACE::2026-01-08.16:54:54::SCWMssOS::o ps7_cortexa9_0/lib/xgpiops_intr.o ps7_cortexa9_0/lib/xscugic_sinit.o ps7_cortexa9_0/lib/fcntl.o ps7_cortexa9_0/lib/xdevcfg_g.
TRACE::2026-01-08.16:54:54::SCWMssOS::o ps7_cortexa9_0/lib/outbyte.o ps7_cortexa9_0/lib/xuartps_hw.o ps7_cortexa9_0/lib/xttcps_g.o ps7_cortexa9_0/lib/xtime_l.o ps7_c
TRACE::2026-01-08.16:54:54::SCWMssOS::ortexa9_0/lib/xemacps_sinit.o ps7_cortexa9_0/lib/xscugic_selftest.o ps7_cortexa9_0/lib/xil_util.o ps7_cortexa9_0/lib/xuartps_in
TRACE::2026-01-08.16:54:54::SCWMssOS::tr.o ps7_cortexa9_0/lib/xuartps.o ps7_cortexa9_0/lib/xsdps_card.o ps7_cortexa9_0/lib/xdmaps_hw.o ps7_cortexa9_0/lib/xttcps_sini
TRACE::2026-01-08.16:54:54::SCWMssOS::t.o ps7_cortexa9_0/lib/xgpiops_hw.o ps7_cortexa9_0/lib/xsdps_g.o ps7_cortexa9_0/lib/fstat.o ps7_cortexa9_0/lib/errno.o ps7_cort
TRACE::2026-01-08.16:54:54::SCWMssOS::exa9_0/lib/xdevcfg_intr.o ps7_cortexa9_0/lib/xuartps_options.o ps7_cortexa9_0/lib/vectors.o ps7_cortexa9_0/lib/xscuwdt_g.o ps7_
TRACE::2026-01-08.16:54:54::SCWMssOS::cortexa9_0/lib/xscuwdt_sinit.o ps7_cortexa9_0/lib/xemacps_intr.o ps7_cortexa9_0/lib/xscuwdt_selftest.o ps7_cortexa9_0/lib/xscug
TRACE::2026-01-08.16:54:54::SCWMssOS::ic_g.o ps7_cortexa9_0/lib/isatty.o ps7_cortexa9_0/lib/xil-crt0.o ps7_cortexa9_0/lib/xscugic.o ps7_cortexa9_0/lib/xiicps_sinit.o
TRACE::2026-01-08.16:54:54::SCWMssOS:: ps7_cortexa9_0/lib/xadcps_g.o ps7_cortexa9_0/lib/xqspips_sinit.o ps7_cortexa9_0/lib/xadcps_sinit.o

TRACE::2026-01-08.16:54:54::SCWMssOS::'Finished building libraries'

TRACE::2026-01-08.16:54:55::SCWMssOS::Copying to export directory.
TRACE::2026-01-08.16:54:56::SCWMssOS:: Checking if to create the Supporting Applications
TRACE::2026-01-08.16:54:56::SCWMssOS:: No Linux domain exists, trying to generate FSBL 
LOG::2026-01-08.16:54:56::SCWSystem::Completed Processing the domain standalone_ps7_cortexa9_0
LOG::2026-01-08.16:54:56::SCWSystem::Completed Processing the sysconfig zc706_md
LOG::2026-01-08.16:54:56::SCWPlatform::Completed generating the artifacts for system configuration zc706_md
TRACE::2026-01-08.16:54:56::SCWPlatform::Started preparing the platform 
TRACE::2026-01-08.16:54:56::SCWSystem::Writing the bif file for system config zc706_md
TRACE::2026-01-08.16:54:56::SCWSystem::dir created 
TRACE::2026-01-08.16:54:56::SCWSystem::Writing the bif 
TRACE::2026-01-08.16:54:56::SCWPlatform::Started writing the spfm file 
TRACE::2026-01-08.16:54:56::SCWPlatform::Started writing the xpfm file 
TRACE::2026-01-08.16:54:56::SCWPlatform::Completed generating the platform
TRACE::2026-01-08.16:54:56::SCWMssOS::Saving the mss changes H:/test/two/fpga_arm/vitis/zc706_md/zynq_fsbl/zynq_fsbl_bsp/system.mss
TRACE::2026-01-08.16:54:56::SCWMssOS::Found a swdesign opened with the mssfile.
TRACE::2026-01-08.16:54:56::SCWMssOS::Completed writemss as part of save.
TRACE::2026-01-08.16:54:56::SCWMssOS::Commit changes completed.
TRACE::2026-01-08.16:54:56::SCWMssOS::Saving the mss changes H:/test/two/fpga_arm/vitis/zc706_md/ps7_cortexa9_0/standalone_ps7_cortexa9_0/bsp/system.mss
TRACE::2026-01-08.16:54:56::SCWMssOS::Found a swdesign opened with the mssfile.
TRACE::2026-01-08.16:54:56::SCWMssOS::Completed writemss as part of save.
TRACE::2026-01-08.16:54:56::SCWMssOS::Commit changes completed.
TRACE::2026-01-08.16:54:56::SCWPlatform::Trying to open the hw design at H:/test/two/fpga_arm/vitis/zc706_md/hw/design_1_wrapper.xsa
TRACE::2026-01-08.16:54:56::SCWPlatform::DSA given H:/test/two/fpga_arm/vitis/zc706_md/hw/design_1_wrapper.xsa
TRACE::2026-01-08.16:54:56::SCWPlatform::DSA absoulate path H:/test/two/fpga_arm/vitis/zc706_md/hw/design_1_wrapper.xsa
TRACE::2026-01-08.16:54:56::SCWPlatform::DSA directory H:/test/two/fpga_arm/vitis/zc706_md/hw
TRACE::2026-01-08.16:54:56::SCWPlatform:: Platform Path H:/test/two/fpga_arm/vitis/zc706_md/hw/design_1_wrapper.xsa
TRACE::2026-01-08.16:54:56::SCWPlatform:: Unique name xilinx:zc706::0.0
TRACE::2026-01-08.16:54:56::SCWPlatform::Trying to set the existing hwdb with name design_1_wrapper_2
TRACE::2026-01-08.16:54:56::SCWPlatform::Opened existing hwdb design_1_wrapper_2
TRACE::2026-01-08.16:54:56::SCWPlatform::Found the Hw Db part of the input DSA
TRACE::2026-01-08.16:54:56::SCWMssOS::Checking the sw design at  H:/test/two/fpga_arm/vitis/zc706_md/zynq_fsbl/zynq_fsbl_bsp/system.mss
TRACE::2026-01-08.16:54:56::SCWMssOS::DEBUG:  swdes dump  H:/test/two/fpga_arm/vitis/zc706_md/ps7_cortexa9_0/standalone_ps7_cortexa9_0/bsp/system.mss|system_0||
H:/test/two/fpga_arm/vitis/zc706_md/zynq_fsbl/zynq_fsbl_bsp/system.mss|system||

TRACE::2026-01-08.16:54:56::SCWMssOS::Sw design exists and opened at  H:/test/two/fpga_arm/vitis/zc706_md/zynq_fsbl/zynq_fsbl_bsp/system.mss
TRACE::2026-01-08.16:54:56::SCWPlatform::Trying to open the hw design at H:/test/two/fpga_arm/vitis/zc706_md/hw/design_1_wrapper.xsa
TRACE::2026-01-08.16:54:56::SCWPlatform::DSA given H:/test/two/fpga_arm/vitis/zc706_md/hw/design_1_wrapper.xsa
TRACE::2026-01-08.16:54:56::SCWPlatform::DSA absoulate path H:/test/two/fpga_arm/vitis/zc706_md/hw/design_1_wrapper.xsa
TRACE::2026-01-08.16:54:56::SCWPlatform::DSA directory H:/test/two/fpga_arm/vitis/zc706_md/hw
TRACE::2026-01-08.16:54:56::SCWPlatform:: Platform Path H:/test/two/fpga_arm/vitis/zc706_md/hw/design_1_wrapper.xsa
TRACE::2026-01-08.16:54:56::SCWPlatform:: Unique name xilinx:zc706::0.0
TRACE::2026-01-08.16:54:56::SCWPlatform::Trying to set the existing hwdb with name design_1_wrapper_2
TRACE::2026-01-08.16:54:56::SCWPlatform::Opened existing hwdb design_1_wrapper_2
TRACE::2026-01-08.16:54:56::SCWPlatform::Found the Hw Db part of the input DSA
TRACE::2026-01-08.16:54:56::SCWMssOS::Checking the sw design at  H:/test/two/fpga_arm/vitis/zc706_md/ps7_cortexa9_0/standalone_ps7_cortexa9_0/bsp/system.mss
TRACE::2026-01-08.16:54:56::SCWMssOS::DEBUG:  swdes dump  H:/test/two/fpga_arm/vitis/zc706_md/ps7_cortexa9_0/standalone_ps7_cortexa9_0/bsp/system.mss|system_0||
H:/test/two/fpga_arm/vitis/zc706_md/zynq_fsbl/zynq_fsbl_bsp/system.mss|system||

TRACE::2026-01-08.16:54:56::SCWMssOS::Sw design exists and opened at  H:/test/two/fpga_arm/vitis/zc706_md/ps7_cortexa9_0/standalone_ps7_cortexa9_0/bsp/system.mss
TRACE::2026-01-08.16:54:56::SCWWriter::formatted JSON is {
	"platformName":	"zc706_md",
	"sprVersion":	"2.0",
	"mode":	"gui",
	"dsaType":	"Fixed",
	"platformDesc":	"zc706_md",
	"platHandOff":	"H:/test/two/fpga_arm/design_1_wrapper.xsa",
	"platIntHandOff":	"<platformDir>/hw/design_1_wrapper.xsa",
	"deviceType":	"zynq",
	"platIsPrebuiltAutogen":	"false",
	"platIsNoBootBsp":	"false",
	"hasFsblMakeHasChanges":	"false",
	"hasPmufwMakeHasChanges":	"false",
	"fsblExtraCompilerFlags":	"-MMD -MP       -mcpu=cortex-a9 -mfpu=vfpv3 -mfloat-abi=hard ",
	"platPreBuiltFlag":	false,
	"platformSamplesDir":	"",
	"platActiveSys":	"zc706_md",
	"systems":	[{
			"systemName":	"zc706_md",
			"systemDesc":	"zc706_md",
			"sysIsBootAutoGen":	"true",
			"systemDispName":	"zc706_md",
			"sysActiveDom":	"standalone_ps7_cortexa9_0",
			"sysDefaultDom":	"standalone_ps7_cortexa9_0",
			"domains":	[{
					"domainName":	"zynq_fsbl",
					"domainDispName":	"zynq_fsbl",
					"domainDesc":	"FSBL Application BSP - Auto Generated.",
					"processors":	"ps7_cortexa9_0",
					"os":	"standalone",
					"sdxOs":	"standalone",
					"debugEnable":	"",
					"domRuntimes":	["cpp"],
					"swRepo":	"",
					"mssOsVer":	"7.6",
					"mssFile":	"",
					"md5Digest":	"7cd591954aef16c446ad36e1353bac9a",
					"compatibleApp":	"zynq_fsbl",
					"domType":	"bootDomain",
					"arch":	"32-bit",
					"appSettings":	{
						"appCompilerFlags":	"",
						"appLinkerFlags":	""
					},
					"addedLibs":	["xilffs:4.6", "xilrsa:1.6"],
					"libOptions":	{
						"libsContainingOptions":	[]
					},
					"prebuiltLibs":	{
						"prebuiltIncPath":	[],
						"prebuiltLibPath":	[]
					},
					"isolation":	{
					}
				}, {
					"domainName":	"standalone_ps7_cortexa9_0",
					"domainDispName":	"standalone_ps7_cortexa9_0",
					"domainDesc":	"standalone_ps7_cortexa9_0",
					"processors":	"ps7_cortexa9_0",
					"os":	"standalone",
					"sdxOs":	"standalone",
					"qemuArgs":	"E:/xilinx/Vitis/2021.2/data/emulation/platforms/zynq/sw/a9_standalone/qemu/qemu_args.txt",
					"qemuData":	"E:/xilinx/Vitis/2021.2/data/emulation/platforms/zynq/sw/a9_standalone/qemu/",
					"debugEnable":	"False",
					"domRuntimes":	["cpp"],
					"swRepo":	"",
					"mssOsVer":	"7.6",
					"mssFile":	"",
					"md5Digest":	"62c9962af44135ffdbd239044094cdcd",
					"compatibleApp":	"",
					"domType":	"mssDomain",
					"arch":	"32-bit",
					"appSettings":	{
						"appCompilerFlags":	"",
						"appLinkerFlags":	""
					},
					"addedLibs":	["lwip211:1.6", "xilffs:4.6"],
					"libOptions":	{
						"lwip211":	{
							"dhcp_does_arp_check":	"true",
							"lwip_dhcp":	"true",
							"pbuf_pool_size":	"2048",
							"libOptionNames":	["dhcp_does_arp_check", "lwip_dhcp", "pbuf_pool_size"]
						},
						"libsContainingOptions":	["lwip211"]
					},
					"prebuiltLibs":	{
						"prebuiltIncPath":	[],
						"prebuiltLibPath":	[]
					},
					"isolation":	{
					}
				}]
		}]
}
KEYINFO::2026-01-08.16:54:56::SCWPlatform::updated the xpfm file.
TRACE::2026-01-08.16:54:56::SCWPlatform::Trying to open the hw design at H:/test/two/fpga_arm/vitis/zc706_md/hw/design_1_wrapper.xsa
TRACE::2026-01-08.16:54:56::SCWPlatform::DSA given H:/test/two/fpga_arm/vitis/zc706_md/hw/design_1_wrapper.xsa
TRACE::2026-01-08.16:54:56::SCWPlatform::DSA absoulate path H:/test/two/fpga_arm/vitis/zc706_md/hw/design_1_wrapper.xsa
TRACE::2026-01-08.16:54:56::SCWPlatform::DSA directory H:/test/two/fpga_arm/vitis/zc706_md/hw
TRACE::2026-01-08.16:54:56::SCWPlatform:: Platform Path H:/test/two/fpga_arm/vitis/zc706_md/hw/design_1_wrapper.xsa
TRACE::2026-01-08.16:54:56::SCWPlatform:: Unique name xilinx:zc706::0.0
TRACE::2026-01-08.16:54:56::SCWPlatform::Trying to set the existing hwdb with name design_1_wrapper_2
TRACE::2026-01-08.16:54:56::SCWPlatform::Opened existing hwdb design_1_wrapper_2
TRACE::2026-01-08.16:54:56::SCWPlatform::Found the Hw Db part of the input DSA
TRACE::2026-01-08.16:54:56::SCWMssOS::Checking the sw design at  H:/test/two/fpga_arm/vitis/zc706_md/ps7_cortexa9_0/standalone_ps7_cortexa9_0/bsp/system.mss
TRACE::2026-01-08.16:54:56::SCWMssOS::DEBUG:  swdes dump  H:/test/two/fpga_arm/vitis/zc706_md/ps7_cortexa9_0/standalone_ps7_cortexa9_0/bsp/system.mss|system_0||
H:/test/two/fpga_arm/vitis/zc706_md/zynq_fsbl/zynq_fsbl_bsp/system.mss|system||

TRACE::2026-01-08.16:54:56::SCWMssOS::Sw design exists and opened at  H:/test/two/fpga_arm/vitis/zc706_md/ps7_cortexa9_0/standalone_ps7_cortexa9_0/bsp/system.mss
TRACE::2026-01-08.17:31:08::SCWPlatform::DSA given H:/test/two/fpga_arm/vitis/zc706_md/tempdsa/design_1_wrapper.xsa
TRACE::2026-01-08.17:31:08::SCWPlatform::DSA absoulate path H:/test/two/fpga_arm/vitis/zc706_md/tempdsa/design_1_wrapper.xsa
TRACE::2026-01-08.17:31:08::SCWPlatform:: Platform location is H:/test/two/fpga_arm/vitis/zc706_md/tempdsa
TRACE::2026-01-08.17:31:08::SCWPlatform:: Platform Path H:/test/two/fpga_arm/vitis/zc706_md/tempdsa/design_1_wrapper.xsa
TRACE::2026-01-08.17:31:08::SCWPlatform:: Unique name xilinx:zc706::0.0
TRACE::2026-01-08.17:31:12::SCWPlatform::Found the Hw Db part of the input DSA
TRACE::2026-01-08.17:31:12::SCWMssOS::Doing hw sync for the mss in domain: zynq_fsbl
TRACE::2026-01-08.17:31:12::SCWPlatform::Trying to open the hw design at H:/test/two/fpga_arm/vitis/zc706_md/hw/design_1_wrapper.xsa
TRACE::2026-01-08.17:31:12::SCWPlatform::DSA given H:/test/two/fpga_arm/vitis/zc706_md/hw/design_1_wrapper.xsa
TRACE::2026-01-08.17:31:12::SCWPlatform::DSA absoulate path H:/test/two/fpga_arm/vitis/zc706_md/hw/design_1_wrapper.xsa
TRACE::2026-01-08.17:31:12::SCWPlatform::DSA directory H:/test/two/fpga_arm/vitis/zc706_md/hw
TRACE::2026-01-08.17:31:12::SCWPlatform:: Platform Path H:/test/two/fpga_arm/vitis/zc706_md/hw/design_1_wrapper.xsa
TRACE::2026-01-08.17:31:12::SCWPlatform:: Unique name xilinx:zc706::0.0
TRACE::2026-01-08.17:31:12::SCWPlatform::Trying to set the existing hwdb with name design_1_wrapper_2
TRACE::2026-01-08.17:31:12::SCWPlatform::Opened existing hwdb design_1_wrapper_2
TRACE::2026-01-08.17:31:12::SCWPlatform::Found the Hw Db part of the input DSA
TRACE::2026-01-08.17:31:12::SCWPlatform::Trying to open the hw design at H:/test/two/fpga_arm/vitis/zc706_md/hw/design_1_wrapper.xsa
TRACE::2026-01-08.17:31:12::SCWPlatform::DSA given H:/test/two/fpga_arm/vitis/zc706_md/hw/design_1_wrapper.xsa
TRACE::2026-01-08.17:31:12::SCWPlatform::DSA absoulate path H:/test/two/fpga_arm/vitis/zc706_md/hw/design_1_wrapper.xsa
TRACE::2026-01-08.17:31:12::SCWPlatform::DSA directory H:/test/two/fpga_arm/vitis/zc706_md/hw
TRACE::2026-01-08.17:31:12::SCWPlatform:: Platform Path H:/test/two/fpga_arm/vitis/zc706_md/hw/design_1_wrapper.xsa
TRACE::2026-01-08.17:31:12::SCWPlatform:: Unique name xilinx:zc706::0.0
TRACE::2026-01-08.17:31:12::SCWPlatform::Trying to set the existing hwdb with name design_1_wrapper_2
TRACE::2026-01-08.17:31:12::SCWPlatform::Opened existing hwdb design_1_wrapper_2
TRACE::2026-01-08.17:31:12::SCWPlatform::Found the Hw Db part of the input DSA
TRACE::2026-01-08.17:31:12::SCWMssOS::Checking the sw design at  H:/test/two/fpga_arm/vitis/zc706_md/zynq_fsbl/zynq_fsbl_bsp/system.mss
TRACE::2026-01-08.17:31:12::SCWMssOS::DEBUG:  swdes dump  H:/test/two/fpga_arm/vitis/zc706_md/ps7_cortexa9_0/standalone_ps7_cortexa9_0/bsp/system.mss|system_0||
H:/test/two/fpga_arm/vitis/zc706_md/zynq_fsbl/zynq_fsbl_bsp/system.mss|system||

TRACE::2026-01-08.17:31:12::SCWMssOS::Sw design exists and opened at  H:/test/two/fpga_arm/vitis/zc706_md/zynq_fsbl/zynq_fsbl_bsp/system.mss
TRACE::2026-01-08.17:31:12::SCWPlatform::Trying to open the hw design at H:/test/two/fpga_arm/vitis/zc706_md/tempdsa/design_1_wrapper.xsa
TRACE::2026-01-08.17:31:12::SCWPlatform::DSA given H:/test/two/fpga_arm/vitis/zc706_md/tempdsa/design_1_wrapper.xsa
TRACE::2026-01-08.17:31:12::SCWPlatform::DSA absoulate path H:/test/two/fpga_arm/vitis/zc706_md/tempdsa/design_1_wrapper.xsa
TRACE::2026-01-08.17:31:12::SCWPlatform::DSA directory H:/test/two/fpga_arm/vitis/zc706_md/tempdsa
TRACE::2026-01-08.17:31:12::SCWPlatform:: Platform Path H:/test/two/fpga_arm/vitis/zc706_md/tempdsa/design_1_wrapper.xsa
TRACE::2026-01-08.17:31:12::SCWPlatform:: Unique name xilinx:zc706::0.0
TRACE::2026-01-08.17:31:12::SCWPlatform::update - Opened existing hwdb design_1_wrapper_3
TRACE::2026-01-08.17:31:12::SCWPlatform::Found the Hw Db part of the input DSA
TRACE::2026-01-08.17:31:12::SCWMssOS::Doing hw sync for the mss in domain: standalone_ps7_cortexa9_0
TRACE::2026-01-08.17:31:12::SCWPlatform::Trying to open the hw design at H:/test/two/fpga_arm/vitis/zc706_md/hw/design_1_wrapper.xsa
TRACE::2026-01-08.17:31:12::SCWPlatform::DSA given H:/test/two/fpga_arm/vitis/zc706_md/hw/design_1_wrapper.xsa
TRACE::2026-01-08.17:31:12::SCWPlatform::DSA absoulate path H:/test/two/fpga_arm/vitis/zc706_md/hw/design_1_wrapper.xsa
TRACE::2026-01-08.17:31:12::SCWPlatform::DSA directory H:/test/two/fpga_arm/vitis/zc706_md/hw
TRACE::2026-01-08.17:31:12::SCWPlatform:: Platform Path H:/test/two/fpga_arm/vitis/zc706_md/hw/design_1_wrapper.xsa
TRACE::2026-01-08.17:31:12::SCWPlatform:: Unique name xilinx:zc706::0.0
TRACE::2026-01-08.17:31:12::SCWPlatform::Trying to set the existing hwdb with name design_1_wrapper_2
TRACE::2026-01-08.17:31:12::SCWPlatform::Opened existing hwdb design_1_wrapper_2
TRACE::2026-01-08.17:31:12::SCWPlatform::Found the Hw Db part of the input DSA
TRACE::2026-01-08.17:31:12::SCWPlatform::Trying to open the hw design at H:/test/two/fpga_arm/vitis/zc706_md/hw/design_1_wrapper.xsa
TRACE::2026-01-08.17:31:12::SCWPlatform::DSA given H:/test/two/fpga_arm/vitis/zc706_md/hw/design_1_wrapper.xsa
TRACE::2026-01-08.17:31:12::SCWPlatform::DSA absoulate path H:/test/two/fpga_arm/vitis/zc706_md/hw/design_1_wrapper.xsa
TRACE::2026-01-08.17:31:12::SCWPlatform::DSA directory H:/test/two/fpga_arm/vitis/zc706_md/hw
TRACE::2026-01-08.17:31:12::SCWPlatform:: Platform Path H:/test/two/fpga_arm/vitis/zc706_md/hw/design_1_wrapper.xsa
TRACE::2026-01-08.17:31:12::SCWPlatform:: Unique name xilinx:zc706::0.0
TRACE::2026-01-08.17:31:12::SCWPlatform::Trying to set the existing hwdb with name design_1_wrapper_2
TRACE::2026-01-08.17:31:12::SCWPlatform::Opened existing hwdb design_1_wrapper_2
TRACE::2026-01-08.17:31:12::SCWPlatform::Found the Hw Db part of the input DSA
TRACE::2026-01-08.17:31:12::SCWMssOS::Checking the sw design at  H:/test/two/fpga_arm/vitis/zc706_md/ps7_cortexa9_0/standalone_ps7_cortexa9_0/bsp/system.mss
TRACE::2026-01-08.17:31:12::SCWMssOS::DEBUG:  swdes dump  H:/test/two/fpga_arm/vitis/zc706_md/ps7_cortexa9_0/standalone_ps7_cortexa9_0/bsp/system.mss|system_0||
H:/test/two/fpga_arm/vitis/zc706_md/zynq_fsbl/zynq_fsbl_bsp/system.mss|system||

TRACE::2026-01-08.17:31:12::SCWMssOS::Sw design exists and opened at  H:/test/two/fpga_arm/vitis/zc706_md/ps7_cortexa9_0/standalone_ps7_cortexa9_0/bsp/system.mss
TRACE::2026-01-08.17:31:12::SCWPlatform::Trying to open the hw design at H:/test/two/fpga_arm/vitis/zc706_md/tempdsa/design_1_wrapper.xsa
TRACE::2026-01-08.17:31:12::SCWPlatform::DSA given H:/test/two/fpga_arm/vitis/zc706_md/tempdsa/design_1_wrapper.xsa
TRACE::2026-01-08.17:31:12::SCWPlatform::DSA absoulate path H:/test/two/fpga_arm/vitis/zc706_md/tempdsa/design_1_wrapper.xsa
TRACE::2026-01-08.17:31:12::SCWPlatform::DSA directory H:/test/two/fpga_arm/vitis/zc706_md/tempdsa
TRACE::2026-01-08.17:31:12::SCWPlatform:: Platform Path H:/test/two/fpga_arm/vitis/zc706_md/tempdsa/design_1_wrapper.xsa
TRACE::2026-01-08.17:31:12::SCWPlatform:: Unique name xilinx:zc706::0.0
TRACE::2026-01-08.17:31:12::SCWPlatform::update - Opened existing hwdb design_1_wrapper_3
TRACE::2026-01-08.17:31:12::SCWPlatform::Found the Hw Db part of the input DSA
TRACE::2026-01-08.17:31:12::SCWMssOS::Saving the mss changes H:/test/two/fpga_arm/vitis/zc706_md/zynq_fsbl/zynq_fsbl_bsp/system.mss
TRACE::2026-01-08.17:31:12::SCWMssOS::Found a swdesign opened with the mssfile.
TRACE::2026-01-08.17:31:12::SCWMssOS::Completed writemss as part of save.
TRACE::2026-01-08.17:31:12::SCWMssOS::Commit changes completed.
TRACE::2026-01-08.17:31:12::SCWMssOS::Completed hw sync for the mss in domain: zynq_fsbl
TRACE::2026-01-08.17:31:12::SCWMssOS::Removing the swdes entry for  H:/test/two/fpga_arm/vitis/zc706_md/zynq_fsbl/zynq_fsbl_bsp/system.mss
TRACE::2026-01-08.17:31:12::SCWMssOS::Saving the mss changes H:/test/two/fpga_arm/vitis/zc706_md/ps7_cortexa9_0/standalone_ps7_cortexa9_0/bsp/system.mss
TRACE::2026-01-08.17:31:12::SCWMssOS::Found a swdesign opened with the mssfile.
TRACE::2026-01-08.17:31:12::SCWMssOS::Completed writemss as part of save.
TRACE::2026-01-08.17:31:12::SCWMssOS::Commit changes completed.
TRACE::2026-01-08.17:31:12::SCWMssOS::Completed hw sync for the mss in domain: standalone_ps7_cortexa9_0
TRACE::2026-01-08.17:31:12::SCWMssOS::Removing the swdes entry for  H:/test/two/fpga_arm/vitis/zc706_md/ps7_cortexa9_0/standalone_ps7_cortexa9_0/bsp/system.mss
TRACE::2026-01-08.17:31:12::SCWPlatform::Trying to open the hw design at H:/test/two/fpga_arm/vitis/zc706_md/hw/design_1_wrapper.xsa
TRACE::2026-01-08.17:31:12::SCWPlatform::DSA given H:/test/two/fpga_arm/vitis/zc706_md/hw/design_1_wrapper.xsa
TRACE::2026-01-08.17:31:12::SCWPlatform::DSA absoulate path H:/test/two/fpga_arm/vitis/zc706_md/hw/design_1_wrapper.xsa
TRACE::2026-01-08.17:31:12::SCWPlatform::DSA directory H:/test/two/fpga_arm/vitis/zc706_md/hw
TRACE::2026-01-08.17:31:12::SCWPlatform:: Platform Path H:/test/two/fpga_arm/vitis/zc706_md/hw/design_1_wrapper.xsa
TRACE::2026-01-08.17:31:12::SCWPlatform:: Unique name xilinx:zc706::0.0
TRACE::2026-01-08.17:31:12::SCWPlatform::Do not have an existing db opened. 
TRACE::2026-01-08.17:31:17::SCWPlatform::Opened new HwDB with name design_1_wrapper_4
TRACE::2026-01-08.17:31:17::SCWMssOS::Saving the mss changes H:/test/two/fpga_arm/vitis/zc706_md/zynq_fsbl/zynq_fsbl_bsp/system.mss
TRACE::2026-01-08.17:31:17::SCWMssOS::Adding the swdes entry, mss present, able to open swdb H:/test/two/fpga_arm/vitis/zc706_md/zynq_fsbl/zynq_fsbl_bsp/system.mss with des name system
TRACE::2026-01-08.17:31:17::SCWMssOS::Writing the mss file completed H:/test/two/fpga_arm/vitis/zc706_md/zynq_fsbl/zynq_fsbl_bsp/system.mss
TRACE::2026-01-08.17:31:17::SCWMssOS::Commit changes completed.
TRACE::2026-01-08.17:31:17::SCWMssOS::Saving the mss changes H:/test/two/fpga_arm/vitis/zc706_md/ps7_cortexa9_0/standalone_ps7_cortexa9_0/bsp/system.mss
TRACE::2026-01-08.17:31:17::SCWMssOS::Adding the swdes entry, mss present, able to open swdb H:/test/two/fpga_arm/vitis/zc706_md/ps7_cortexa9_0/standalone_ps7_cortexa9_0/bsp/system.mss with des name system_0
TRACE::2026-01-08.17:31:17::SCWMssOS::Writing the mss file completed H:/test/two/fpga_arm/vitis/zc706_md/ps7_cortexa9_0/standalone_ps7_cortexa9_0/bsp/system.mss
TRACE::2026-01-08.17:31:17::SCWMssOS::Commit changes completed.
TRACE::2026-01-08.17:31:17::SCWPlatform::Trying to open the hw design at H:/test/two/fpga_arm/vitis/zc706_md/hw/design_1_wrapper.xsa
TRACE::2026-01-08.17:31:17::SCWPlatform::DSA given H:/test/two/fpga_arm/vitis/zc706_md/hw/design_1_wrapper.xsa
TRACE::2026-01-08.17:31:17::SCWPlatform::DSA absoulate path H:/test/two/fpga_arm/vitis/zc706_md/hw/design_1_wrapper.xsa
TRACE::2026-01-08.17:31:17::SCWPlatform::DSA directory H:/test/two/fpga_arm/vitis/zc706_md/hw
TRACE::2026-01-08.17:31:17::SCWPlatform:: Platform Path H:/test/two/fpga_arm/vitis/zc706_md/hw/design_1_wrapper.xsa
TRACE::2026-01-08.17:31:17::SCWPlatform:: Unique name xilinx:zc706::0.0
TRACE::2026-01-08.17:31:17::SCWPlatform::Trying to set the existing hwdb with name design_1_wrapper_4
TRACE::2026-01-08.17:31:17::SCWPlatform::Opened existing hwdb design_1_wrapper_4
TRACE::2026-01-08.17:31:17::SCWPlatform::Found the Hw Db part of the input DSA
TRACE::2026-01-08.17:31:17::SCWMssOS::Checking the sw design at  H:/test/two/fpga_arm/vitis/zc706_md/zynq_fsbl/zynq_fsbl_bsp/system.mss
TRACE::2026-01-08.17:31:17::SCWMssOS::DEBUG:  swdes dump  H:/test/two/fpga_arm/vitis/zc706_md/ps7_cortexa9_0/standalone_ps7_cortexa9_0/bsp/system.mss|system_0||
H:/test/two/fpga_arm/vitis/zc706_md/zynq_fsbl/zynq_fsbl_bsp/system.mss|system||

TRACE::2026-01-08.17:31:17::SCWMssOS::Sw design exists and opened at  H:/test/two/fpga_arm/vitis/zc706_md/zynq_fsbl/zynq_fsbl_bsp/system.mss
TRACE::2026-01-08.17:31:17::SCWPlatform::Trying to open the hw design at H:/test/two/fpga_arm/vitis/zc706_md/hw/design_1_wrapper.xsa
TRACE::2026-01-08.17:31:17::SCWPlatform::DSA given H:/test/two/fpga_arm/vitis/zc706_md/hw/design_1_wrapper.xsa
TRACE::2026-01-08.17:31:17::SCWPlatform::DSA absoulate path H:/test/two/fpga_arm/vitis/zc706_md/hw/design_1_wrapper.xsa
TRACE::2026-01-08.17:31:17::SCWPlatform::DSA directory H:/test/two/fpga_arm/vitis/zc706_md/hw
TRACE::2026-01-08.17:31:17::SCWPlatform:: Platform Path H:/test/two/fpga_arm/vitis/zc706_md/hw/design_1_wrapper.xsa
TRACE::2026-01-08.17:31:17::SCWPlatform:: Unique name xilinx:zc706::0.0
TRACE::2026-01-08.17:31:17::SCWPlatform::Trying to set the existing hwdb with name design_1_wrapper_4
TRACE::2026-01-08.17:31:17::SCWPlatform::Opened existing hwdb design_1_wrapper_4
TRACE::2026-01-08.17:31:17::SCWPlatform::Found the Hw Db part of the input DSA
TRACE::2026-01-08.17:31:17::SCWMssOS::Checking the sw design at  H:/test/two/fpga_arm/vitis/zc706_md/ps7_cortexa9_0/standalone_ps7_cortexa9_0/bsp/system.mss
TRACE::2026-01-08.17:31:17::SCWMssOS::DEBUG:  swdes dump  H:/test/two/fpga_arm/vitis/zc706_md/ps7_cortexa9_0/standalone_ps7_cortexa9_0/bsp/system.mss|system_0||
H:/test/two/fpga_arm/vitis/zc706_md/zynq_fsbl/zynq_fsbl_bsp/system.mss|system||

TRACE::2026-01-08.17:31:17::SCWMssOS::Sw design exists and opened at  H:/test/two/fpga_arm/vitis/zc706_md/ps7_cortexa9_0/standalone_ps7_cortexa9_0/bsp/system.mss
TRACE::2026-01-08.17:31:17::SCWWriter::formatted JSON is {
	"platformName":	"zc706_md",
	"sprVersion":	"2.0",
	"mode":	"gui",
	"dsaType":	"Fixed",
	"platformDesc":	"zc706_md",
	"platHandOff":	"H:/test/two/fpga_arm/design_1_wrapper.xsa",
	"platIntHandOff":	"<platformDir>/hw/design_1_wrapper.xsa",
	"deviceType":	"zynq",
	"platIsPrebuiltAutogen":	"false",
	"platIsNoBootBsp":	"false",
	"hasFsblMakeHasChanges":	"false",
	"hasPmufwMakeHasChanges":	"false",
	"fsblExtraCompilerFlags":	"-MMD -MP       -mcpu=cortex-a9 -mfpu=vfpv3 -mfloat-abi=hard ",
	"platPreBuiltFlag":	false,
	"platformSamplesDir":	"",
	"platActiveSys":	"zc706_md",
	"systems":	[{
			"systemName":	"zc706_md",
			"systemDesc":	"zc706_md",
			"sysIsBootAutoGen":	"true",
			"systemDispName":	"zc706_md",
			"sysActiveDom":	"standalone_ps7_cortexa9_0",
			"sysDefaultDom":	"standalone_ps7_cortexa9_0",
			"domains":	[{
					"domainName":	"zynq_fsbl",
					"domainDispName":	"zynq_fsbl",
					"domainDesc":	"FSBL Application BSP - Auto Generated.",
					"processors":	"ps7_cortexa9_0",
					"os":	"standalone",
					"sdxOs":	"standalone",
					"debugEnable":	"",
					"domRuntimes":	["cpp"],
					"swRepo":	"",
					"mssOsVer":	"7.6",
					"mssFile":	"",
					"md5Digest":	"7cd591954aef16c446ad36e1353bac9a",
					"compatibleApp":	"zynq_fsbl",
					"domType":	"bootDomain",
					"arch":	"32-bit",
					"appSettings":	{
						"appCompilerFlags":	"",
						"appLinkerFlags":	""
					},
					"addedLibs":	["xilffs:4.6", "xilrsa:1.6"],
					"libOptions":	{
						"libsContainingOptions":	[]
					},
					"prebuiltLibs":	{
						"prebuiltIncPath":	[],
						"prebuiltLibPath":	[]
					},
					"isolation":	{
					}
				}, {
					"domainName":	"standalone_ps7_cortexa9_0",
					"domainDispName":	"standalone_ps7_cortexa9_0",
					"domainDesc":	"standalone_ps7_cortexa9_0",
					"processors":	"ps7_cortexa9_0",
					"os":	"standalone",
					"sdxOs":	"standalone",
					"qemuArgs":	"E:/xilinx/Vitis/2021.2/data/emulation/platforms/zynq/sw/a9_standalone/qemu/qemu_args.txt",
					"qemuData":	"E:/xilinx/Vitis/2021.2/data/emulation/platforms/zynq/sw/a9_standalone/qemu/",
					"debugEnable":	"False",
					"domRuntimes":	["cpp"],
					"swRepo":	"",
					"mssOsVer":	"7.6",
					"mssFile":	"",
					"md5Digest":	"62c9962af44135ffdbd239044094cdcd",
					"compatibleApp":	"",
					"domType":	"mssDomain",
					"arch":	"32-bit",
					"appSettings":	{
						"appCompilerFlags":	"",
						"appLinkerFlags":	""
					},
					"addedLibs":	["lwip211:1.6", "xilffs:4.6"],
					"libOptions":	{
						"lwip211":	{
							"dhcp_does_arp_check":	"true",
							"lwip_dhcp":	"true",
							"pbuf_pool_size":	"2048",
							"libOptionNames":	["dhcp_does_arp_check", "lwip_dhcp", "pbuf_pool_size"]
						},
						"libsContainingOptions":	["lwip211"]
					},
					"prebuiltLibs":	{
						"prebuiltIncPath":	[],
						"prebuiltLibPath":	[]
					},
					"isolation":	{
					}
				}]
		}]
}
TRACE::2026-01-08.17:31:18::SCWPlatform::Clearing the existing platform
TRACE::2026-01-08.17:31:18::SCWSystem::Clearing the existing sysconfig
TRACE::2026-01-08.17:31:18::SCWBDomain::clearing the fsbl build
TRACE::2026-01-08.17:31:18::SCWMssOS::Removing the swdes entry for  H:/test/two/fpga_arm/vitis/zc706_md/zynq_fsbl/zynq_fsbl_bsp/system.mss
TRACE::2026-01-08.17:31:18::SCWMssOS::Removing the swdes entry for  H:/test/two/fpga_arm/vitis/zc706_md/ps7_cortexa9_0/standalone_ps7_cortexa9_0/bsp/system.mss
TRACE::2026-01-08.17:31:18::SCWSystem::Clearing the domains completed.
TRACE::2026-01-08.17:31:18::SCWPlatform::Clearing the opened hw db.
TRACE::2026-01-08.17:31:18::SCWPlatform::DSA given H:/test/two/fpga_arm/vitis/zc706_md/hw/design_1_wrapper.xsa
TRACE::2026-01-08.17:31:18::SCWPlatform::DSA absoulate path H:/test/two/fpga_arm/vitis/zc706_md/hw/design_1_wrapper.xsa
TRACE::2026-01-08.17:31:18::SCWPlatform:: Platform location is H:/test/two/fpga_arm/vitis/zc706_md/hw
TRACE::2026-01-08.17:31:18::SCWPlatform:: Platform Path H:/test/two/fpga_arm/vitis/zc706_md/hw/design_1_wrapper.xsa
TRACE::2026-01-08.17:31:18::SCWPlatform:: Unique name xilinx:zc706::0.0
TRACE::2026-01-08.17:31:18::SCWPlatform::Removing the HwDB with name H:/test/two/fpga_arm/vitis/zc706_md/hw/design_1_wrapper.xsa
TRACE::2026-01-08.17:31:18::SCWPlatform::Trying to open the hw design at H:/test/two/fpga_arm/vitis/zc706_md/hw/design_1_wrapper.xsa
TRACE::2026-01-08.17:31:18::SCWPlatform::DSA given H:/test/two/fpga_arm/vitis/zc706_md/hw/design_1_wrapper.xsa
TRACE::2026-01-08.17:31:18::SCWPlatform::DSA absoulate path H:/test/two/fpga_arm/vitis/zc706_md/hw/design_1_wrapper.xsa
TRACE::2026-01-08.17:31:18::SCWPlatform::DSA directory H:/test/two/fpga_arm/vitis/zc706_md/hw
TRACE::2026-01-08.17:31:18::SCWPlatform:: Platform Path H:/test/two/fpga_arm/vitis/zc706_md/hw/design_1_wrapper.xsa
TRACE::2026-01-08.17:31:18::SCWPlatform:: Unique name xilinx:zc706::0.0
TRACE::2026-01-08.17:31:18::SCWPlatform::Do not have an existing db opened. 
TRACE::2026-01-08.17:31:23::SCWPlatform::Opened new HwDB with name design_1_wrapper_5
TRACE::2026-01-08.17:31:23::SCWReader::Active system found as  zc706_md
TRACE::2026-01-08.17:31:23::SCWReader::Handling sysconfig zc706_md
TRACE::2026-01-08.17:31:23::SCWDomain::checking for install qemu data   : 
TRACE::2026-01-08.17:31:23::SCWDomain:: Using the QEMU Data from install at  : E:/xilinx/Vitis/2021.2/data/emulation/platforms/zynq/sw/a9_standalone/qemu/
TRACE::2026-01-08.17:31:23::SCWDomain:: Using the QEMU args  from install at  : E:/xilinx/Vitis/2021.2/data/emulation/platforms/zynq/sw/a9_standalone/qemu/qemu_args.txt
TRACE::2026-01-08.17:31:23::SCWPlatform::Trying to open the hw design at H:/test/two/fpga_arm/vitis/zc706_md/hw/design_1_wrapper.xsa
TRACE::2026-01-08.17:31:23::SCWPlatform::DSA given H:/test/two/fpga_arm/vitis/zc706_md/hw/design_1_wrapper.xsa
TRACE::2026-01-08.17:31:23::SCWPlatform::DSA absoulate path H:/test/two/fpga_arm/vitis/zc706_md/hw/design_1_wrapper.xsa
TRACE::2026-01-08.17:31:23::SCWPlatform::DSA directory H:/test/two/fpga_arm/vitis/zc706_md/hw
TRACE::2026-01-08.17:31:23::SCWPlatform:: Platform Path H:/test/two/fpga_arm/vitis/zc706_md/hw/design_1_wrapper.xsa
TRACE::2026-01-08.17:31:23::SCWPlatform:: Unique name xilinx:zc706::0.0
TRACE::2026-01-08.17:31:23::SCWPlatform::Trying to set the existing hwdb with name design_1_wrapper_5
TRACE::2026-01-08.17:31:23::SCWPlatform::Opened existing hwdb design_1_wrapper_5
TRACE::2026-01-08.17:31:23::SCWPlatform::Found the Hw Db part of the input DSA
TRACE::2026-01-08.17:31:23::SCWPlatform::Trying to open the hw design at H:/test/two/fpga_arm/vitis/zc706_md/hw/design_1_wrapper.xsa
TRACE::2026-01-08.17:31:23::SCWPlatform::DSA given H:/test/two/fpga_arm/vitis/zc706_md/hw/design_1_wrapper.xsa
TRACE::2026-01-08.17:31:23::SCWPlatform::DSA absoulate path H:/test/two/fpga_arm/vitis/zc706_md/hw/design_1_wrapper.xsa
TRACE::2026-01-08.17:31:23::SCWPlatform::DSA directory H:/test/two/fpga_arm/vitis/zc706_md/hw
TRACE::2026-01-08.17:31:23::SCWPlatform:: Platform Path H:/test/two/fpga_arm/vitis/zc706_md/hw/design_1_wrapper.xsa
TRACE::2026-01-08.17:31:23::SCWPlatform:: Unique name xilinx:zc706::0.0
TRACE::2026-01-08.17:31:23::SCWPlatform::Trying to set the existing hwdb with name design_1_wrapper_5
TRACE::2026-01-08.17:31:23::SCWPlatform::Opened existing hwdb design_1_wrapper_5
TRACE::2026-01-08.17:31:23::SCWPlatform::Found the Hw Db part of the input DSA
TRACE::2026-01-08.17:31:23::SCWPlatform::Trying to open the hw design at H:/test/two/fpga_arm/vitis/zc706_md/hw/design_1_wrapper.xsa
TRACE::2026-01-08.17:31:23::SCWPlatform::DSA given H:/test/two/fpga_arm/vitis/zc706_md/hw/design_1_wrapper.xsa
TRACE::2026-01-08.17:31:23::SCWPlatform::DSA absoulate path H:/test/two/fpga_arm/vitis/zc706_md/hw/design_1_wrapper.xsa
TRACE::2026-01-08.17:31:23::SCWPlatform::DSA directory H:/test/two/fpga_arm/vitis/zc706_md/hw
TRACE::2026-01-08.17:31:23::SCWPlatform:: Platform Path H:/test/two/fpga_arm/vitis/zc706_md/hw/design_1_wrapper.xsa
TRACE::2026-01-08.17:31:23::SCWPlatform:: Unique name xilinx:zc706::0.0
TRACE::2026-01-08.17:31:23::SCWPlatform::Trying to set the existing hwdb with name design_1_wrapper_5
TRACE::2026-01-08.17:31:23::SCWPlatform::Opened existing hwdb design_1_wrapper_5
TRACE::2026-01-08.17:31:23::SCWPlatform::Found the Hw Db part of the input DSA
TRACE::2026-01-08.17:31:23::SCWReader::Boot application domain added for zynq_fsbl
TRACE::2026-01-08.17:31:23::SCWPlatform::Trying to open the hw design at H:/test/two/fpga_arm/vitis/zc706_md/hw/design_1_wrapper.xsa
TRACE::2026-01-08.17:31:23::SCWPlatform::DSA given H:/test/two/fpga_arm/vitis/zc706_md/hw/design_1_wrapper.xsa
TRACE::2026-01-08.17:31:23::SCWPlatform::DSA absoulate path H:/test/two/fpga_arm/vitis/zc706_md/hw/design_1_wrapper.xsa
TRACE::2026-01-08.17:31:23::SCWPlatform::DSA directory H:/test/two/fpga_arm/vitis/zc706_md/hw
TRACE::2026-01-08.17:31:23::SCWPlatform:: Platform Path H:/test/two/fpga_arm/vitis/zc706_md/hw/design_1_wrapper.xsa
TRACE::2026-01-08.17:31:23::SCWPlatform:: Unique name xilinx:zc706::0.0
TRACE::2026-01-08.17:31:23::SCWPlatform::Trying to set the existing hwdb with name design_1_wrapper_5
TRACE::2026-01-08.17:31:23::SCWPlatform::Opened existing hwdb design_1_wrapper_5
TRACE::2026-01-08.17:31:23::SCWPlatform::Found the Hw Db part of the input DSA
TRACE::2026-01-08.17:31:23::SCWMssOS::Checking the sw design at  H:/test/two/fpga_arm/vitis/zc706_md/zynq_fsbl/zynq_fsbl_bsp/system.mss
TRACE::2026-01-08.17:31:23::SCWMssOS::DEBUG:  swdes dump  
TRACE::2026-01-08.17:31:23::SCWMssOS::No sw design opened at  H:/test/two/fpga_arm/vitis/zc706_md/zynq_fsbl/zynq_fsbl_bsp/system.mss
TRACE::2026-01-08.17:31:23::SCWMssOS::mss exists loading the mss file  H:/test/two/fpga_arm/vitis/zc706_md/zynq_fsbl/zynq_fsbl_bsp/system.mss
TRACE::2026-01-08.17:31:23::SCWMssOS::Opened the sw design from mss  H:/test/two/fpga_arm/vitis/zc706_md/zynq_fsbl/zynq_fsbl_bsp/system.mss
TRACE::2026-01-08.17:31:23::SCWMssOS::Adding the swdes entry H:/test/two/fpga_arm/vitis/zc706_md/zynq_fsbl/zynq_fsbl_bsp/system.mss with des name system
TRACE::2026-01-08.17:31:23::SCWMssOS::updating the scw layer about changes
TRACE::2026-01-08.17:31:23::SCWMssOS::Opened the sw design.  H:/test/two/fpga_arm/vitis/zc706_md/zynq_fsbl/zynq_fsbl_bsp/system.mss
TRACE::2026-01-08.17:31:23::SCWPlatform::Trying to open the hw design at H:/test/two/fpga_arm/vitis/zc706_md/hw/design_1_wrapper.xsa
TRACE::2026-01-08.17:31:23::SCWPlatform::DSA given H:/test/two/fpga_arm/vitis/zc706_md/hw/design_1_wrapper.xsa
TRACE::2026-01-08.17:31:23::SCWPlatform::DSA absoulate path H:/test/two/fpga_arm/vitis/zc706_md/hw/design_1_wrapper.xsa
TRACE::2026-01-08.17:31:23::SCWPlatform::DSA directory H:/test/two/fpga_arm/vitis/zc706_md/hw
TRACE::2026-01-08.17:31:23::SCWPlatform:: Platform Path H:/test/two/fpga_arm/vitis/zc706_md/hw/design_1_wrapper.xsa
TRACE::2026-01-08.17:31:23::SCWPlatform:: Unique name xilinx:zc706::0.0
TRACE::2026-01-08.17:31:23::SCWPlatform::Trying to set the existing hwdb with name design_1_wrapper_5
TRACE::2026-01-08.17:31:23::SCWPlatform::Opened existing hwdb design_1_wrapper_5
TRACE::2026-01-08.17:31:23::SCWPlatform::Found the Hw Db part of the input DSA
TRACE::2026-01-08.17:31:23::SCWMssOS::Checking the sw design at  H:/test/two/fpga_arm/vitis/zc706_md/zynq_fsbl/zynq_fsbl_bsp/system.mss
TRACE::2026-01-08.17:31:23::SCWMssOS::DEBUG:  swdes dump  H:/test/two/fpga_arm/vitis/zc706_md/zynq_fsbl/zynq_fsbl_bsp/system.mss|system||

TRACE::2026-01-08.17:31:23::SCWMssOS::Sw design exists and opened at  H:/test/two/fpga_arm/vitis/zc706_md/zynq_fsbl/zynq_fsbl_bsp/system.mss
TRACE::2026-01-08.17:31:23::SCWMssOS:: library already available in sw design:  xilffs:4.6
TRACE::2026-01-08.17:31:23::SCWPlatform::Trying to open the hw design at H:/test/two/fpga_arm/vitis/zc706_md/hw/design_1_wrapper.xsa
TRACE::2026-01-08.17:31:23::SCWPlatform::DSA given H:/test/two/fpga_arm/vitis/zc706_md/hw/design_1_wrapper.xsa
TRACE::2026-01-08.17:31:23::SCWPlatform::DSA absoulate path H:/test/two/fpga_arm/vitis/zc706_md/hw/design_1_wrapper.xsa
TRACE::2026-01-08.17:31:23::SCWPlatform::DSA directory H:/test/two/fpga_arm/vitis/zc706_md/hw
TRACE::2026-01-08.17:31:23::SCWPlatform:: Platform Path H:/test/two/fpga_arm/vitis/zc706_md/hw/design_1_wrapper.xsa
TRACE::2026-01-08.17:31:23::SCWPlatform:: Unique name xilinx:zc706::0.0
TRACE::2026-01-08.17:31:23::SCWPlatform::Trying to set the existing hwdb with name design_1_wrapper_5
TRACE::2026-01-08.17:31:23::SCWPlatform::Opened existing hwdb design_1_wrapper_5
TRACE::2026-01-08.17:31:23::SCWPlatform::Found the Hw Db part of the input DSA
TRACE::2026-01-08.17:31:23::SCWMssOS::Checking the sw design at  H:/test/two/fpga_arm/vitis/zc706_md/zynq_fsbl/zynq_fsbl_bsp/system.mss
TRACE::2026-01-08.17:31:23::SCWMssOS::DEBUG:  swdes dump  H:/test/two/fpga_arm/vitis/zc706_md/zynq_fsbl/zynq_fsbl_bsp/system.mss|system||

TRACE::2026-01-08.17:31:23::SCWMssOS::Sw design exists and opened at  H:/test/two/fpga_arm/vitis/zc706_md/zynq_fsbl/zynq_fsbl_bsp/system.mss
TRACE::2026-01-08.17:31:23::SCWMssOS:: library already available in sw design:  xilrsa:1.6
TRACE::2026-01-08.17:31:23::SCWMssOS::Saving the mss changes H:/test/two/fpga_arm/vitis/zc706_md/zynq_fsbl/zynq_fsbl_bsp/system.mss
TRACE::2026-01-08.17:31:23::SCWMssOS::Found a swdesign opened with the mssfile.
TRACE::2026-01-08.17:31:23::SCWMssOS::Completed writemss as part of save.
TRACE::2026-01-08.17:31:23::SCWMssOS::Commit changes completed.
TRACE::2026-01-08.17:31:23::SCWReader::Adding prebuilt librarypaths as   
TRACE::2026-01-08.17:31:23::SCWReader::Adding prebuilt incpaths  as   
TRACE::2026-01-08.17:31:23::SCWPlatform::Trying to open the hw design at H:/test/two/fpga_arm/vitis/zc706_md/hw/design_1_wrapper.xsa
TRACE::2026-01-08.17:31:23::SCWPlatform::DSA given H:/test/two/fpga_arm/vitis/zc706_md/hw/design_1_wrapper.xsa
TRACE::2026-01-08.17:31:23::SCWPlatform::DSA absoulate path H:/test/two/fpga_arm/vitis/zc706_md/hw/design_1_wrapper.xsa
TRACE::2026-01-08.17:31:23::SCWPlatform::DSA directory H:/test/two/fpga_arm/vitis/zc706_md/hw
TRACE::2026-01-08.17:31:23::SCWPlatform:: Platform Path H:/test/two/fpga_arm/vitis/zc706_md/hw/design_1_wrapper.xsa
TRACE::2026-01-08.17:31:23::SCWPlatform:: Unique name xilinx:zc706::0.0
TRACE::2026-01-08.17:31:23::SCWPlatform::Trying to set the existing hwdb with name design_1_wrapper_5
TRACE::2026-01-08.17:31:23::SCWPlatform::Opened existing hwdb design_1_wrapper_5
TRACE::2026-01-08.17:31:23::SCWPlatform::Found the Hw Db part of the input DSA
TRACE::2026-01-08.17:31:23::SCWMssOS::Checking the sw design at  H:/test/two/fpga_arm/vitis/zc706_md/zynq_fsbl/zynq_fsbl_bsp/system.mss
TRACE::2026-01-08.17:31:23::SCWMssOS::DEBUG:  swdes dump  H:/test/two/fpga_arm/vitis/zc706_md/zynq_fsbl/zynq_fsbl_bsp/system.mss|system||

TRACE::2026-01-08.17:31:23::SCWMssOS::Sw design exists and opened at  H:/test/two/fpga_arm/vitis/zc706_md/zynq_fsbl/zynq_fsbl_bsp/system.mss
TRACE::2026-01-08.17:31:23::SCWReader::No isolation master present  
TRACE::2026-01-08.17:31:23::SCWDomain::checking for install qemu data   : 
TRACE::2026-01-08.17:31:23::SCWDomain:: Using the QEMU Data from install at  : E:/xilinx/Vitis/2021.2/data/emulation/platforms/zynq/sw/a9_standalone/qemu/
TRACE::2026-01-08.17:31:23::SCWDomain:: Using the QEMU args  from install at  : E:/xilinx/Vitis/2021.2/data/emulation/platforms/zynq/sw/a9_standalone/qemu/qemu_args.txt
TRACE::2026-01-08.17:31:23::SCWPlatform::Trying to open the hw design at H:/test/two/fpga_arm/vitis/zc706_md/hw/design_1_wrapper.xsa
TRACE::2026-01-08.17:31:23::SCWPlatform::DSA given H:/test/two/fpga_arm/vitis/zc706_md/hw/design_1_wrapper.xsa
TRACE::2026-01-08.17:31:23::SCWPlatform::DSA absoulate path H:/test/two/fpga_arm/vitis/zc706_md/hw/design_1_wrapper.xsa
TRACE::2026-01-08.17:31:23::SCWPlatform::DSA directory H:/test/two/fpga_arm/vitis/zc706_md/hw
TRACE::2026-01-08.17:31:23::SCWPlatform:: Platform Path H:/test/two/fpga_arm/vitis/zc706_md/hw/design_1_wrapper.xsa
TRACE::2026-01-08.17:31:23::SCWPlatform:: Unique name xilinx:zc706::0.0
TRACE::2026-01-08.17:31:23::SCWPlatform::Trying to set the existing hwdb with name design_1_wrapper_5
TRACE::2026-01-08.17:31:23::SCWPlatform::Opened existing hwdb design_1_wrapper_5
TRACE::2026-01-08.17:31:23::SCWPlatform::Found the Hw Db part of the input DSA
TRACE::2026-01-08.17:31:23::SCWPlatform::Trying to open the hw design at H:/test/two/fpga_arm/vitis/zc706_md/hw/design_1_wrapper.xsa
TRACE::2026-01-08.17:31:23::SCWPlatform::DSA given H:/test/two/fpga_arm/vitis/zc706_md/hw/design_1_wrapper.xsa
TRACE::2026-01-08.17:31:23::SCWPlatform::DSA absoulate path H:/test/two/fpga_arm/vitis/zc706_md/hw/design_1_wrapper.xsa
TRACE::2026-01-08.17:31:23::SCWPlatform::DSA directory H:/test/two/fpga_arm/vitis/zc706_md/hw
TRACE::2026-01-08.17:31:23::SCWPlatform:: Platform Path H:/test/two/fpga_arm/vitis/zc706_md/hw/design_1_wrapper.xsa
TRACE::2026-01-08.17:31:23::SCWPlatform:: Unique name xilinx:zc706::0.0
TRACE::2026-01-08.17:31:23::SCWPlatform::Trying to set the existing hwdb with name design_1_wrapper_5
TRACE::2026-01-08.17:31:23::SCWPlatform::Opened existing hwdb design_1_wrapper_5
TRACE::2026-01-08.17:31:23::SCWPlatform::Found the Hw Db part of the input DSA
TRACE::2026-01-08.17:31:23::SCWPlatform::Trying to open the hw design at H:/test/two/fpga_arm/vitis/zc706_md/hw/design_1_wrapper.xsa
TRACE::2026-01-08.17:31:23::SCWPlatform::DSA given H:/test/two/fpga_arm/vitis/zc706_md/hw/design_1_wrapper.xsa
TRACE::2026-01-08.17:31:23::SCWPlatform::DSA absoulate path H:/test/two/fpga_arm/vitis/zc706_md/hw/design_1_wrapper.xsa
TRACE::2026-01-08.17:31:23::SCWPlatform::DSA directory H:/test/two/fpga_arm/vitis/zc706_md/hw
TRACE::2026-01-08.17:31:23::SCWPlatform:: Platform Path H:/test/two/fpga_arm/vitis/zc706_md/hw/design_1_wrapper.xsa
TRACE::2026-01-08.17:31:23::SCWPlatform:: Unique name xilinx:zc706::0.0
TRACE::2026-01-08.17:31:23::SCWPlatform::Trying to set the existing hwdb with name design_1_wrapper_5
TRACE::2026-01-08.17:31:23::SCWPlatform::Opened existing hwdb design_1_wrapper_5
TRACE::2026-01-08.17:31:23::SCWPlatform::Found the Hw Db part of the input DSA
TRACE::2026-01-08.17:31:23::SCWMssOS::Checking the sw design at  H:/test/two/fpga_arm/vitis/zc706_md/ps7_cortexa9_0/standalone_ps7_cortexa9_0/bsp/system.mss
TRACE::2026-01-08.17:31:23::SCWMssOS::DEBUG:  swdes dump  H:/test/two/fpga_arm/vitis/zc706_md/zynq_fsbl/zynq_fsbl_bsp/system.mss|system||

TRACE::2026-01-08.17:31:23::SCWMssOS::No sw design opened at  H:/test/two/fpga_arm/vitis/zc706_md/ps7_cortexa9_0/standalone_ps7_cortexa9_0/bsp/system.mss
TRACE::2026-01-08.17:31:23::SCWMssOS::mss exists loading the mss file  H:/test/two/fpga_arm/vitis/zc706_md/ps7_cortexa9_0/standalone_ps7_cortexa9_0/bsp/system.mss
TRACE::2026-01-08.17:31:23::SCWMssOS::Opened the sw design from mss  H:/test/two/fpga_arm/vitis/zc706_md/ps7_cortexa9_0/standalone_ps7_cortexa9_0/bsp/system.mss
TRACE::2026-01-08.17:31:23::SCWMssOS::Adding the swdes entry H:/test/two/fpga_arm/vitis/zc706_md/ps7_cortexa9_0/standalone_ps7_cortexa9_0/bsp/system.mss with des name system_0
TRACE::2026-01-08.17:31:23::SCWMssOS::updating the scw layer about changes
TRACE::2026-01-08.17:31:23::SCWMssOS::Opened the sw design.  H:/test/two/fpga_arm/vitis/zc706_md/ps7_cortexa9_0/standalone_ps7_cortexa9_0/bsp/system.mss
TRACE::2026-01-08.17:31:23::SCWPlatform::Trying to open the hw design at H:/test/two/fpga_arm/vitis/zc706_md/hw/design_1_wrapper.xsa
TRACE::2026-01-08.17:31:23::SCWPlatform::DSA given H:/test/two/fpga_arm/vitis/zc706_md/hw/design_1_wrapper.xsa
TRACE::2026-01-08.17:31:23::SCWPlatform::DSA absoulate path H:/test/two/fpga_arm/vitis/zc706_md/hw/design_1_wrapper.xsa
TRACE::2026-01-08.17:31:23::SCWPlatform::DSA directory H:/test/two/fpga_arm/vitis/zc706_md/hw
TRACE::2026-01-08.17:31:23::SCWPlatform:: Platform Path H:/test/two/fpga_arm/vitis/zc706_md/hw/design_1_wrapper.xsa
TRACE::2026-01-08.17:31:23::SCWPlatform:: Unique name xilinx:zc706::0.0
TRACE::2026-01-08.17:31:23::SCWPlatform::Trying to set the existing hwdb with name design_1_wrapper_5
TRACE::2026-01-08.17:31:23::SCWPlatform::Opened existing hwdb design_1_wrapper_5
TRACE::2026-01-08.17:31:23::SCWPlatform::Found the Hw Db part of the input DSA
TRACE::2026-01-08.17:31:23::SCWMssOS::Checking the sw design at  H:/test/two/fpga_arm/vitis/zc706_md/ps7_cortexa9_0/standalone_ps7_cortexa9_0/bsp/system.mss
TRACE::2026-01-08.17:31:23::SCWMssOS::DEBUG:  swdes dump  H:/test/two/fpga_arm/vitis/zc706_md/ps7_cortexa9_0/standalone_ps7_cortexa9_0/bsp/system.mss|system_0||
H:/test/two/fpga_arm/vitis/zc706_md/zynq_fsbl/zynq_fsbl_bsp/system.mss|system||

TRACE::2026-01-08.17:31:23::SCWMssOS::Sw design exists and opened at  H:/test/two/fpga_arm/vitis/zc706_md/ps7_cortexa9_0/standalone_ps7_cortexa9_0/bsp/system.mss
TRACE::2026-01-08.17:31:23::SCWMssOS:: library already available in sw design:  lwip211:1.6
TRACE::2026-01-08.17:31:23::SCWPlatform::Trying to open the hw design at H:/test/two/fpga_arm/vitis/zc706_md/hw/design_1_wrapper.xsa
TRACE::2026-01-08.17:31:23::SCWPlatform::DSA given H:/test/two/fpga_arm/vitis/zc706_md/hw/design_1_wrapper.xsa
TRACE::2026-01-08.17:31:23::SCWPlatform::DSA absoulate path H:/test/two/fpga_arm/vitis/zc706_md/hw/design_1_wrapper.xsa
TRACE::2026-01-08.17:31:23::SCWPlatform::DSA directory H:/test/two/fpga_arm/vitis/zc706_md/hw
TRACE::2026-01-08.17:31:23::SCWPlatform:: Platform Path H:/test/two/fpga_arm/vitis/zc706_md/hw/design_1_wrapper.xsa
TRACE::2026-01-08.17:31:23::SCWPlatform:: Unique name xilinx:zc706::0.0
TRACE::2026-01-08.17:31:23::SCWPlatform::Trying to set the existing hwdb with name design_1_wrapper_5
TRACE::2026-01-08.17:31:23::SCWPlatform::Opened existing hwdb design_1_wrapper_5
TRACE::2026-01-08.17:31:23::SCWPlatform::Found the Hw Db part of the input DSA
TRACE::2026-01-08.17:31:23::SCWMssOS::Checking the sw design at  H:/test/two/fpga_arm/vitis/zc706_md/ps7_cortexa9_0/standalone_ps7_cortexa9_0/bsp/system.mss
TRACE::2026-01-08.17:31:23::SCWMssOS::DEBUG:  swdes dump  H:/test/two/fpga_arm/vitis/zc706_md/ps7_cortexa9_0/standalone_ps7_cortexa9_0/bsp/system.mss|system_0||
H:/test/two/fpga_arm/vitis/zc706_md/zynq_fsbl/zynq_fsbl_bsp/system.mss|system||

TRACE::2026-01-08.17:31:23::SCWMssOS::Sw design exists and opened at  H:/test/two/fpga_arm/vitis/zc706_md/ps7_cortexa9_0/standalone_ps7_cortexa9_0/bsp/system.mss
TRACE::2026-01-08.17:31:23::SCWMssOS:: library already available in sw design:  xilffs:4.6
TRACE::2026-01-08.17:31:23::SCWPlatform::Trying to open the hw design at H:/test/two/fpga_arm/vitis/zc706_md/hw/design_1_wrapper.xsa
TRACE::2026-01-08.17:31:23::SCWPlatform::DSA given H:/test/two/fpga_arm/vitis/zc706_md/hw/design_1_wrapper.xsa
TRACE::2026-01-08.17:31:23::SCWPlatform::DSA absoulate path H:/test/two/fpga_arm/vitis/zc706_md/hw/design_1_wrapper.xsa
TRACE::2026-01-08.17:31:23::SCWPlatform::DSA directory H:/test/two/fpga_arm/vitis/zc706_md/hw
TRACE::2026-01-08.17:31:23::SCWPlatform:: Platform Path H:/test/two/fpga_arm/vitis/zc706_md/hw/design_1_wrapper.xsa
TRACE::2026-01-08.17:31:23::SCWPlatform:: Unique name xilinx:zc706::0.0
TRACE::2026-01-08.17:31:23::SCWPlatform::Trying to set the existing hwdb with name design_1_wrapper_5
TRACE::2026-01-08.17:31:23::SCWPlatform::Opened existing hwdb design_1_wrapper_5
TRACE::2026-01-08.17:31:23::SCWPlatform::Found the Hw Db part of the input DSA
TRACE::2026-01-08.17:31:23::SCWMssOS::Checking the sw design at  H:/test/two/fpga_arm/vitis/zc706_md/ps7_cortexa9_0/standalone_ps7_cortexa9_0/bsp/system.mss
TRACE::2026-01-08.17:31:23::SCWMssOS::DEBUG:  swdes dump  H:/test/two/fpga_arm/vitis/zc706_md/ps7_cortexa9_0/standalone_ps7_cortexa9_0/bsp/system.mss|system_0||
H:/test/two/fpga_arm/vitis/zc706_md/zynq_fsbl/zynq_fsbl_bsp/system.mss|system||

TRACE::2026-01-08.17:31:23::SCWMssOS::Sw design exists and opened at  H:/test/two/fpga_arm/vitis/zc706_md/ps7_cortexa9_0/standalone_ps7_cortexa9_0/bsp/system.mss
TRACE::2026-01-08.17:31:23::SCWPlatform::Trying to open the hw design at H:/test/two/fpga_arm/vitis/zc706_md/hw/design_1_wrapper.xsa
TRACE::2026-01-08.17:31:23::SCWPlatform::DSA given H:/test/two/fpga_arm/vitis/zc706_md/hw/design_1_wrapper.xsa
TRACE::2026-01-08.17:31:23::SCWPlatform::DSA absoulate path H:/test/two/fpga_arm/vitis/zc706_md/hw/design_1_wrapper.xsa
TRACE::2026-01-08.17:31:23::SCWPlatform::DSA directory H:/test/two/fpga_arm/vitis/zc706_md/hw
TRACE::2026-01-08.17:31:23::SCWPlatform:: Platform Path H:/test/two/fpga_arm/vitis/zc706_md/hw/design_1_wrapper.xsa
TRACE::2026-01-08.17:31:23::SCWPlatform:: Unique name xilinx:zc706::0.0
TRACE::2026-01-08.17:31:23::SCWPlatform::Trying to set the existing hwdb with name design_1_wrapper_5
TRACE::2026-01-08.17:31:23::SCWPlatform::Opened existing hwdb design_1_wrapper_5
TRACE::2026-01-08.17:31:23::SCWPlatform::Found the Hw Db part of the input DSA
TRACE::2026-01-08.17:31:23::SCWMssOS::Checking the sw design at  H:/test/two/fpga_arm/vitis/zc706_md/ps7_cortexa9_0/standalone_ps7_cortexa9_0/bsp/system.mss
TRACE::2026-01-08.17:31:23::SCWMssOS::DEBUG:  swdes dump  H:/test/two/fpga_arm/vitis/zc706_md/ps7_cortexa9_0/standalone_ps7_cortexa9_0/bsp/system.mss|system_0||
H:/test/two/fpga_arm/vitis/zc706_md/zynq_fsbl/zynq_fsbl_bsp/system.mss|system||

TRACE::2026-01-08.17:31:23::SCWMssOS::Sw design exists and opened at  H:/test/two/fpga_arm/vitis/zc706_md/ps7_cortexa9_0/standalone_ps7_cortexa9_0/bsp/system.mss
TRACE::2026-01-08.17:31:23::SCWPlatform::Trying to open the hw design at H:/test/two/fpga_arm/vitis/zc706_md/hw/design_1_wrapper.xsa
TRACE::2026-01-08.17:31:23::SCWPlatform::DSA given H:/test/two/fpga_arm/vitis/zc706_md/hw/design_1_wrapper.xsa
TRACE::2026-01-08.17:31:23::SCWPlatform::DSA absoulate path H:/test/two/fpga_arm/vitis/zc706_md/hw/design_1_wrapper.xsa
TRACE::2026-01-08.17:31:23::SCWPlatform::DSA directory H:/test/two/fpga_arm/vitis/zc706_md/hw
TRACE::2026-01-08.17:31:23::SCWPlatform:: Platform Path H:/test/two/fpga_arm/vitis/zc706_md/hw/design_1_wrapper.xsa
TRACE::2026-01-08.17:31:23::SCWPlatform:: Unique name xilinx:zc706::0.0
TRACE::2026-01-08.17:31:23::SCWPlatform::Trying to set the existing hwdb with name design_1_wrapper_5
TRACE::2026-01-08.17:31:23::SCWPlatform::Opened existing hwdb design_1_wrapper_5
TRACE::2026-01-08.17:31:23::SCWPlatform::Found the Hw Db part of the input DSA
TRACE::2026-01-08.17:31:23::SCWMssOS::Checking the sw design at  H:/test/two/fpga_arm/vitis/zc706_md/ps7_cortexa9_0/standalone_ps7_cortexa9_0/bsp/system.mss
TRACE::2026-01-08.17:31:23::SCWMssOS::DEBUG:  swdes dump  H:/test/two/fpga_arm/vitis/zc706_md/ps7_cortexa9_0/standalone_ps7_cortexa9_0/bsp/system.mss|system_0||
H:/test/two/fpga_arm/vitis/zc706_md/zynq_fsbl/zynq_fsbl_bsp/system.mss|system||

TRACE::2026-01-08.17:31:23::SCWMssOS::Sw design exists and opened at  H:/test/two/fpga_arm/vitis/zc706_md/ps7_cortexa9_0/standalone_ps7_cortexa9_0/bsp/system.mss
TRACE::2026-01-08.17:31:23::SCWPlatform::Trying to open the hw design at H:/test/two/fpga_arm/vitis/zc706_md/hw/design_1_wrapper.xsa
TRACE::2026-01-08.17:31:23::SCWPlatform::DSA given H:/test/two/fpga_arm/vitis/zc706_md/hw/design_1_wrapper.xsa
TRACE::2026-01-08.17:31:23::SCWPlatform::DSA absoulate path H:/test/two/fpga_arm/vitis/zc706_md/hw/design_1_wrapper.xsa
TRACE::2026-01-08.17:31:23::SCWPlatform::DSA directory H:/test/two/fpga_arm/vitis/zc706_md/hw
TRACE::2026-01-08.17:31:23::SCWPlatform:: Platform Path H:/test/two/fpga_arm/vitis/zc706_md/hw/design_1_wrapper.xsa
TRACE::2026-01-08.17:31:23::SCWPlatform:: Unique name xilinx:zc706::0.0
TRACE::2026-01-08.17:31:23::SCWPlatform::Trying to set the existing hwdb with name design_1_wrapper_5
TRACE::2026-01-08.17:31:23::SCWPlatform::Opened existing hwdb design_1_wrapper_5
TRACE::2026-01-08.17:31:23::SCWPlatform::Found the Hw Db part of the input DSA
TRACE::2026-01-08.17:31:23::SCWMssOS::Checking the sw design at  H:/test/two/fpga_arm/vitis/zc706_md/ps7_cortexa9_0/standalone_ps7_cortexa9_0/bsp/system.mss
TRACE::2026-01-08.17:31:23::SCWMssOS::DEBUG:  swdes dump  H:/test/two/fpga_arm/vitis/zc706_md/ps7_cortexa9_0/standalone_ps7_cortexa9_0/bsp/system.mss|system_0||
H:/test/two/fpga_arm/vitis/zc706_md/zynq_fsbl/zynq_fsbl_bsp/system.mss|system||

TRACE::2026-01-08.17:31:23::SCWMssOS::Sw design exists and opened at  H:/test/two/fpga_arm/vitis/zc706_md/ps7_cortexa9_0/standalone_ps7_cortexa9_0/bsp/system.mss
TRACE::2026-01-08.17:31:23::SCWPlatform::Trying to open the hw design at H:/test/two/fpga_arm/vitis/zc706_md/hw/design_1_wrapper.xsa
TRACE::2026-01-08.17:31:23::SCWPlatform::DSA given H:/test/two/fpga_arm/vitis/zc706_md/hw/design_1_wrapper.xsa
TRACE::2026-01-08.17:31:23::SCWPlatform::DSA absoulate path H:/test/two/fpga_arm/vitis/zc706_md/hw/design_1_wrapper.xsa
TRACE::2026-01-08.17:31:23::SCWPlatform::DSA directory H:/test/two/fpga_arm/vitis/zc706_md/hw
TRACE::2026-01-08.17:31:23::SCWPlatform:: Platform Path H:/test/two/fpga_arm/vitis/zc706_md/hw/design_1_wrapper.xsa
TRACE::2026-01-08.17:31:23::SCWPlatform:: Unique name xilinx:zc706::0.0
TRACE::2026-01-08.17:31:23::SCWPlatform::Trying to set the existing hwdb with name design_1_wrapper_5
TRACE::2026-01-08.17:31:23::SCWPlatform::Opened existing hwdb design_1_wrapper_5
TRACE::2026-01-08.17:31:23::SCWPlatform::Found the Hw Db part of the input DSA
TRACE::2026-01-08.17:31:23::SCWMssOS::Checking the sw design at  H:/test/two/fpga_arm/vitis/zc706_md/ps7_cortexa9_0/standalone_ps7_cortexa9_0/bsp/system.mss
TRACE::2026-01-08.17:31:23::SCWMssOS::DEBUG:  swdes dump  H:/test/two/fpga_arm/vitis/zc706_md/ps7_cortexa9_0/standalone_ps7_cortexa9_0/bsp/system.mss|system_0||
H:/test/two/fpga_arm/vitis/zc706_md/zynq_fsbl/zynq_fsbl_bsp/system.mss|system||

TRACE::2026-01-08.17:31:23::SCWMssOS::Sw design exists and opened at  H:/test/two/fpga_arm/vitis/zc706_md/ps7_cortexa9_0/standalone_ps7_cortexa9_0/bsp/system.mss
TRACE::2026-01-08.17:31:23::SCWPlatform::Trying to open the hw design at H:/test/two/fpga_arm/vitis/zc706_md/hw/design_1_wrapper.xsa
TRACE::2026-01-08.17:31:23::SCWPlatform::DSA given H:/test/two/fpga_arm/vitis/zc706_md/hw/design_1_wrapper.xsa
TRACE::2026-01-08.17:31:23::SCWPlatform::DSA absoulate path H:/test/two/fpga_arm/vitis/zc706_md/hw/design_1_wrapper.xsa
TRACE::2026-01-08.17:31:23::SCWPlatform::DSA directory H:/test/two/fpga_arm/vitis/zc706_md/hw
TRACE::2026-01-08.17:31:23::SCWPlatform:: Platform Path H:/test/two/fpga_arm/vitis/zc706_md/hw/design_1_wrapper.xsa
TRACE::2026-01-08.17:31:23::SCWPlatform:: Unique name xilinx:zc706::0.0
TRACE::2026-01-08.17:31:23::SCWPlatform::Trying to set the existing hwdb with name design_1_wrapper_5
TRACE::2026-01-08.17:31:23::SCWPlatform::Opened existing hwdb design_1_wrapper_5
TRACE::2026-01-08.17:31:23::SCWPlatform::Found the Hw Db part of the input DSA
TRACE::2026-01-08.17:31:23::SCWMssOS::Checking the sw design at  H:/test/two/fpga_arm/vitis/zc706_md/ps7_cortexa9_0/standalone_ps7_cortexa9_0/bsp/system.mss
TRACE::2026-01-08.17:31:23::SCWMssOS::DEBUG:  swdes dump  H:/test/two/fpga_arm/vitis/zc706_md/ps7_cortexa9_0/standalone_ps7_cortexa9_0/bsp/system.mss|system_0||
H:/test/two/fpga_arm/vitis/zc706_md/zynq_fsbl/zynq_fsbl_bsp/system.mss|system||

TRACE::2026-01-08.17:31:23::SCWMssOS::Sw design exists and opened at  H:/test/two/fpga_arm/vitis/zc706_md/ps7_cortexa9_0/standalone_ps7_cortexa9_0/bsp/system.mss
TRACE::2026-01-08.17:31:23::SCWMssOS::Saving the mss changes H:/test/two/fpga_arm/vitis/zc706_md/ps7_cortexa9_0/standalone_ps7_cortexa9_0/bsp/system.mss
TRACE::2026-01-08.17:31:23::SCWMssOS::Found a swdesign opened with the mssfile.
TRACE::2026-01-08.17:31:23::SCWMssOS::Completed writemss as part of save.
TRACE::2026-01-08.17:31:23::SCWMssOS::Commit changes completed.
TRACE::2026-01-08.17:31:23::SCWReader::Adding prebuilt librarypaths as   
TRACE::2026-01-08.17:31:23::SCWReader::Adding prebuilt incpaths  as   
TRACE::2026-01-08.17:31:23::SCWPlatform::Trying to open the hw design at H:/test/two/fpga_arm/vitis/zc706_md/hw/design_1_wrapper.xsa
TRACE::2026-01-08.17:31:23::SCWPlatform::DSA given H:/test/two/fpga_arm/vitis/zc706_md/hw/design_1_wrapper.xsa
TRACE::2026-01-08.17:31:23::SCWPlatform::DSA absoulate path H:/test/two/fpga_arm/vitis/zc706_md/hw/design_1_wrapper.xsa
TRACE::2026-01-08.17:31:23::SCWPlatform::DSA directory H:/test/two/fpga_arm/vitis/zc706_md/hw
TRACE::2026-01-08.17:31:23::SCWPlatform:: Platform Path H:/test/two/fpga_arm/vitis/zc706_md/hw/design_1_wrapper.xsa
TRACE::2026-01-08.17:31:23::SCWPlatform:: Unique name xilinx:zc706::0.0
TRACE::2026-01-08.17:31:23::SCWPlatform::Trying to set the existing hwdb with name design_1_wrapper_5
TRACE::2026-01-08.17:31:23::SCWPlatform::Opened existing hwdb design_1_wrapper_5
TRACE::2026-01-08.17:31:23::SCWPlatform::Found the Hw Db part of the input DSA
TRACE::2026-01-08.17:31:23::SCWMssOS::Checking the sw design at  H:/test/two/fpga_arm/vitis/zc706_md/ps7_cortexa9_0/standalone_ps7_cortexa9_0/bsp/system.mss
TRACE::2026-01-08.17:31:23::SCWMssOS::DEBUG:  swdes dump  H:/test/two/fpga_arm/vitis/zc706_md/ps7_cortexa9_0/standalone_ps7_cortexa9_0/bsp/system.mss|system_0||
H:/test/two/fpga_arm/vitis/zc706_md/zynq_fsbl/zynq_fsbl_bsp/system.mss|system||

TRACE::2026-01-08.17:31:23::SCWMssOS::Sw design exists and opened at  H:/test/two/fpga_arm/vitis/zc706_md/ps7_cortexa9_0/standalone_ps7_cortexa9_0/bsp/system.mss
TRACE::2026-01-08.17:31:23::SCWReader::No isolation master present  
TRACE::2026-01-08.17:31:27::SCWPlatform::Trying to open the hw design at H:/test/two/fpga_arm/vitis/zc706_md/hw/design_1_wrapper.xsa
TRACE::2026-01-08.17:31:27::SCWPlatform::DSA given H:/test/two/fpga_arm/vitis/zc706_md/hw/design_1_wrapper.xsa
TRACE::2026-01-08.17:31:27::SCWPlatform::DSA absoulate path H:/test/two/fpga_arm/vitis/zc706_md/hw/design_1_wrapper.xsa
TRACE::2026-01-08.17:31:27::SCWPlatform::DSA directory H:/test/two/fpga_arm/vitis/zc706_md/hw
TRACE::2026-01-08.17:31:27::SCWPlatform:: Platform Path H:/test/two/fpga_arm/vitis/zc706_md/hw/design_1_wrapper.xsa
TRACE::2026-01-08.17:31:27::SCWPlatform:: Unique name xilinx:zc706::0.0
TRACE::2026-01-08.17:31:27::SCWPlatform::Trying to set the existing hwdb with name design_1_wrapper_5
TRACE::2026-01-08.17:31:27::SCWPlatform::Could not get the HWDB from existing dbname
TRACE::2026-01-08.17:31:27::SCWPlatform::Do not have an existing db opened. Attempting to open the hwDb. 
TRACE::2026-01-08.17:31:27::SCWPlatform::Opened new HwDB with name design_1_wrapper_6
TRACE::2026-01-08.17:31:27::SCWMssOS::Checking the sw design at  H:/test/two/fpga_arm/vitis/zc706_md/zynq_fsbl/zynq_fsbl_bsp/system.mss
TRACE::2026-01-08.17:31:27::SCWMssOS::DEBUG:  swdes dump  H:/test/two/fpga_arm/vitis/zc706_md/ps7_cortexa9_0/standalone_ps7_cortexa9_0/bsp/system.mss|system_0||
H:/test/two/fpga_arm/vitis/zc706_md/zynq_fsbl/zynq_fsbl_bsp/system.mss|system||

TRACE::2026-01-08.17:31:27::SCWMssOS::Sw design exists and opened at  H:/test/two/fpga_arm/vitis/zc706_md/zynq_fsbl/zynq_fsbl_bsp/system.mss
TRACE::2026-01-08.17:31:28::SCWMssOS::In reload Mss file.
TRACE::2026-01-08.17:31:28::SCWPlatform::Trying to open the hw design at H:/test/two/fpga_arm/vitis/zc706_md/hw/design_1_wrapper.xsa
TRACE::2026-01-08.17:31:28::SCWPlatform::DSA given H:/test/two/fpga_arm/vitis/zc706_md/hw/design_1_wrapper.xsa
TRACE::2026-01-08.17:31:28::SCWPlatform::DSA absoulate path H:/test/two/fpga_arm/vitis/zc706_md/hw/design_1_wrapper.xsa
TRACE::2026-01-08.17:31:28::SCWPlatform::DSA directory H:/test/two/fpga_arm/vitis/zc706_md/hw
TRACE::2026-01-08.17:31:28::SCWPlatform:: Platform Path H:/test/two/fpga_arm/vitis/zc706_md/hw/design_1_wrapper.xsa
TRACE::2026-01-08.17:31:28::SCWPlatform:: Unique name xilinx:zc706::0.0
TRACE::2026-01-08.17:31:28::SCWPlatform::Trying to set the existing hwdb with name design_1_wrapper_6
TRACE::2026-01-08.17:31:28::SCWPlatform::Opened existing hwdb design_1_wrapper_6
TRACE::2026-01-08.17:31:28::SCWPlatform::Found the Hw Db part of the input DSA
TRACE::2026-01-08.17:31:28::SCWMssOS::Checking the sw design at  H:/test/two/fpga_arm/vitis/zc706_md/zynq_fsbl/zynq_fsbl_bsp/system.mss
TRACE::2026-01-08.17:31:28::SCWMssOS::DEBUG:  swdes dump  H:/test/two/fpga_arm/vitis/zc706_md/ps7_cortexa9_0/standalone_ps7_cortexa9_0/bsp/system.mss|system_0||

TRACE::2026-01-08.17:31:28::SCWMssOS::No sw design opened at  H:/test/two/fpga_arm/vitis/zc706_md/zynq_fsbl/zynq_fsbl_bsp/system.mss
TRACE::2026-01-08.17:31:28::SCWMssOS::mss exists loading the mss file  H:/test/two/fpga_arm/vitis/zc706_md/zynq_fsbl/zynq_fsbl_bsp/system.mss
TRACE::2026-01-08.17:31:28::SCWMssOS::Opened the sw design from mss  H:/test/two/fpga_arm/vitis/zc706_md/zynq_fsbl/zynq_fsbl_bsp/system.mss
TRACE::2026-01-08.17:31:28::SCWMssOS::Adding the swdes entry H:/test/two/fpga_arm/vitis/zc706_md/zynq_fsbl/zynq_fsbl_bsp/system.mss with des name system
TRACE::2026-01-08.17:31:28::SCWMssOS::updating the scw layer about changes
TRACE::2026-01-08.17:31:28::SCWMssOS::Opened the sw design.  H:/test/two/fpga_arm/vitis/zc706_md/zynq_fsbl/zynq_fsbl_bsp/system.mss
TRACE::2026-01-08.17:31:28::SCWPlatform::Trying to open the hw design at H:/test/two/fpga_arm/vitis/zc706_md/hw/design_1_wrapper.xsa
TRACE::2026-01-08.17:31:28::SCWPlatform::DSA given H:/test/two/fpga_arm/vitis/zc706_md/hw/design_1_wrapper.xsa
TRACE::2026-01-08.17:31:28::SCWPlatform::DSA absoulate path H:/test/two/fpga_arm/vitis/zc706_md/hw/design_1_wrapper.xsa
TRACE::2026-01-08.17:31:28::SCWPlatform::DSA directory H:/test/two/fpga_arm/vitis/zc706_md/hw
TRACE::2026-01-08.17:31:28::SCWPlatform:: Platform Path H:/test/two/fpga_arm/vitis/zc706_md/hw/design_1_wrapper.xsa
TRACE::2026-01-08.17:31:28::SCWPlatform:: Unique name xilinx:zc706::0.0
TRACE::2026-01-08.17:31:28::SCWPlatform::Trying to set the existing hwdb with name design_1_wrapper_6
TRACE::2026-01-08.17:31:28::SCWPlatform::Opened existing hwdb design_1_wrapper_6
TRACE::2026-01-08.17:31:28::SCWPlatform::Found the Hw Db part of the input DSA
TRACE::2026-01-08.17:31:28::SCWMssOS::Checking the sw design at  H:/test/two/fpga_arm/vitis/zc706_md/zynq_fsbl/zynq_fsbl_bsp/system.mss
TRACE::2026-01-08.17:31:28::SCWMssOS::DEBUG:  swdes dump  H:/test/two/fpga_arm/vitis/zc706_md/ps7_cortexa9_0/standalone_ps7_cortexa9_0/bsp/system.mss|system_0||
H:/test/two/fpga_arm/vitis/zc706_md/zynq_fsbl/zynq_fsbl_bsp/system.mss|system||

TRACE::2026-01-08.17:31:28::SCWMssOS::Sw design exists and opened at  H:/test/two/fpga_arm/vitis/zc706_md/zynq_fsbl/zynq_fsbl_bsp/system.mss
TRACE::2026-01-08.17:31:28::SCWMssOS:: library already available in sw design:  xilffs:4.6
TRACE::2026-01-08.17:31:28::SCWPlatform::Trying to open the hw design at H:/test/two/fpga_arm/vitis/zc706_md/hw/design_1_wrapper.xsa
TRACE::2026-01-08.17:31:28::SCWPlatform::DSA given H:/test/two/fpga_arm/vitis/zc706_md/hw/design_1_wrapper.xsa
TRACE::2026-01-08.17:31:28::SCWPlatform::DSA absoulate path H:/test/two/fpga_arm/vitis/zc706_md/hw/design_1_wrapper.xsa
TRACE::2026-01-08.17:31:28::SCWPlatform::DSA directory H:/test/two/fpga_arm/vitis/zc706_md/hw
TRACE::2026-01-08.17:31:28::SCWPlatform:: Platform Path H:/test/two/fpga_arm/vitis/zc706_md/hw/design_1_wrapper.xsa
TRACE::2026-01-08.17:31:28::SCWPlatform:: Unique name xilinx:zc706::0.0
TRACE::2026-01-08.17:31:28::SCWPlatform::Trying to set the existing hwdb with name design_1_wrapper_6
TRACE::2026-01-08.17:31:28::SCWPlatform::Opened existing hwdb design_1_wrapper_6
TRACE::2026-01-08.17:31:28::SCWPlatform::Found the Hw Db part of the input DSA
TRACE::2026-01-08.17:31:28::SCWMssOS::Checking the sw design at  H:/test/two/fpga_arm/vitis/zc706_md/zynq_fsbl/zynq_fsbl_bsp/system.mss
TRACE::2026-01-08.17:31:28::SCWMssOS::DEBUG:  swdes dump  H:/test/two/fpga_arm/vitis/zc706_md/ps7_cortexa9_0/standalone_ps7_cortexa9_0/bsp/system.mss|system_0||
H:/test/two/fpga_arm/vitis/zc706_md/zynq_fsbl/zynq_fsbl_bsp/system.mss|system||

TRACE::2026-01-08.17:31:28::SCWMssOS::Sw design exists and opened at  H:/test/two/fpga_arm/vitis/zc706_md/zynq_fsbl/zynq_fsbl_bsp/system.mss
TRACE::2026-01-08.17:31:28::SCWMssOS:: library already available in sw design:  xilrsa:1.6
TRACE::2026-01-08.17:31:28::SCWMssOS::Saving the mss changes H:/test/two/fpga_arm/vitis/zc706_md/zynq_fsbl/zynq_fsbl_bsp/system.mss
TRACE::2026-01-08.17:31:28::SCWMssOS::Found a swdesign opened with the mssfile.
TRACE::2026-01-08.17:31:28::SCWMssOS::Completed writemss as part of save.
TRACE::2026-01-08.17:31:28::SCWMssOS::Commit changes completed.
TRACE::2026-01-08.17:31:28::SCWPlatform::Trying to open the hw design at H:/test/two/fpga_arm/vitis/zc706_md/hw/design_1_wrapper.xsa
TRACE::2026-01-08.17:31:28::SCWPlatform::DSA given H:/test/two/fpga_arm/vitis/zc706_md/hw/design_1_wrapper.xsa
TRACE::2026-01-08.17:31:28::SCWPlatform::DSA absoulate path H:/test/two/fpga_arm/vitis/zc706_md/hw/design_1_wrapper.xsa
TRACE::2026-01-08.17:31:28::SCWPlatform::DSA directory H:/test/two/fpga_arm/vitis/zc706_md/hw
TRACE::2026-01-08.17:31:28::SCWPlatform:: Platform Path H:/test/two/fpga_arm/vitis/zc706_md/hw/design_1_wrapper.xsa
TRACE::2026-01-08.17:31:28::SCWPlatform:: Unique name xilinx:zc706::0.0
TRACE::2026-01-08.17:31:28::SCWPlatform::Trying to set the existing hwdb with name design_1_wrapper_6
TRACE::2026-01-08.17:31:28::SCWPlatform::Opened existing hwdb design_1_wrapper_6
TRACE::2026-01-08.17:31:28::SCWPlatform::Found the Hw Db part of the input DSA
TRACE::2026-01-08.17:31:28::SCWMssOS::Checking the sw design at  H:/test/two/fpga_arm/vitis/zc706_md/zynq_fsbl/zynq_fsbl_bsp/system.mss
TRACE::2026-01-08.17:31:28::SCWMssOS::DEBUG:  swdes dump  H:/test/two/fpga_arm/vitis/zc706_md/ps7_cortexa9_0/standalone_ps7_cortexa9_0/bsp/system.mss|system_0||
H:/test/two/fpga_arm/vitis/zc706_md/zynq_fsbl/zynq_fsbl_bsp/system.mss|system||

TRACE::2026-01-08.17:31:28::SCWMssOS::Sw design exists and opened at  H:/test/two/fpga_arm/vitis/zc706_md/zynq_fsbl/zynq_fsbl_bsp/system.mss
TRACE::2026-01-08.17:31:28::SCWMssOS::Removing the swdes entry for  H:/test/two/fpga_arm/vitis/zc706_md/zynq_fsbl/zynq_fsbl_bsp/system.mss
TRACE::2026-01-08.17:31:30::SCWPlatform::Trying to open the hw design at H:/test/two/fpga_arm/vitis/zc706_md/hw/design_1_wrapper.xsa
TRACE::2026-01-08.17:31:30::SCWPlatform::DSA given H:/test/two/fpga_arm/vitis/zc706_md/hw/design_1_wrapper.xsa
TRACE::2026-01-08.17:31:30::SCWPlatform::DSA absoulate path H:/test/two/fpga_arm/vitis/zc706_md/hw/design_1_wrapper.xsa
TRACE::2026-01-08.17:31:30::SCWPlatform::DSA directory H:/test/two/fpga_arm/vitis/zc706_md/hw
TRACE::2026-01-08.17:31:30::SCWPlatform:: Platform Path H:/test/two/fpga_arm/vitis/zc706_md/hw/design_1_wrapper.xsa
TRACE::2026-01-08.17:31:30::SCWPlatform:: Unique name xilinx:zc706::0.0
TRACE::2026-01-08.17:31:30::SCWPlatform::Trying to set the existing hwdb with name design_1_wrapper_6
TRACE::2026-01-08.17:31:30::SCWPlatform::Opened existing hwdb design_1_wrapper_6
TRACE::2026-01-08.17:31:30::SCWPlatform::Found the Hw Db part of the input DSA
TRACE::2026-01-08.17:31:30::SCWMssOS::Checking the sw design at  H:/test/two/fpga_arm/vitis/zc706_md/zynq_fsbl/zynq_fsbl_bsp/system.mss
TRACE::2026-01-08.17:31:30::SCWMssOS::DEBUG:  swdes dump  H:/test/two/fpga_arm/vitis/zc706_md/ps7_cortexa9_0/standalone_ps7_cortexa9_0/bsp/system.mss|system_0||

TRACE::2026-01-08.17:31:30::SCWMssOS::No sw design opened at  H:/test/two/fpga_arm/vitis/zc706_md/zynq_fsbl/zynq_fsbl_bsp/system.mss
TRACE::2026-01-08.17:31:30::SCWMssOS::mss exists loading the mss file  H:/test/two/fpga_arm/vitis/zc706_md/zynq_fsbl/zynq_fsbl_bsp/system.mss
TRACE::2026-01-08.17:31:30::SCWMssOS::Opened the sw design from mss  H:/test/two/fpga_arm/vitis/zc706_md/zynq_fsbl/zynq_fsbl_bsp/system.mss
TRACE::2026-01-08.17:31:30::SCWMssOS::Adding the swdes entry H:/test/two/fpga_arm/vitis/zc706_md/zynq_fsbl/zynq_fsbl_bsp/system.mss with des name system
TRACE::2026-01-08.17:31:30::SCWMssOS::updating the scw layer about changes
TRACE::2026-01-08.17:31:30::SCWMssOS::Opened the sw design.  H:/test/two/fpga_arm/vitis/zc706_md/zynq_fsbl/zynq_fsbl_bsp/system.mss
TRACE::2026-01-08.17:31:30::SCWBDomain::Completed writing the mss file at H:/test/two/fpga_arm/vitis/zc706_md/zynq_fsbl/zynq_fsbl_bsp
TRACE::2026-01-08.17:31:30::SCWBDomain::Forcing BSP Sources regeneration.
TRACE::2026-01-08.17:31:33::SCWBDomain::Updating the makefile used for building the Application zynq_fsbl
TRACE::2026-01-08.17:31:33::SCWPlatform::Trying to open the hw design at H:/test/two/fpga_arm/vitis/zc706_md/hw/design_1_wrapper.xsa
TRACE::2026-01-08.17:31:33::SCWPlatform::DSA given H:/test/two/fpga_arm/vitis/zc706_md/hw/design_1_wrapper.xsa
TRACE::2026-01-08.17:31:33::SCWPlatform::DSA absoulate path H:/test/two/fpga_arm/vitis/zc706_md/hw/design_1_wrapper.xsa
TRACE::2026-01-08.17:31:33::SCWPlatform::DSA directory H:/test/two/fpga_arm/vitis/zc706_md/hw
TRACE::2026-01-08.17:31:33::SCWPlatform:: Platform Path H:/test/two/fpga_arm/vitis/zc706_md/hw/design_1_wrapper.xsa
TRACE::2026-01-08.17:31:33::SCWPlatform:: Unique name xilinx:zc706::0.0
TRACE::2026-01-08.17:31:33::SCWPlatform::Trying to set the existing hwdb with name design_1_wrapper_6
TRACE::2026-01-08.17:31:33::SCWPlatform::Opened existing hwdb design_1_wrapper_6
TRACE::2026-01-08.17:31:33::SCWPlatform::Found the Hw Db part of the input DSA
TRACE::2026-01-08.17:31:33::SCWMssOS::Checking the sw design at  H:/test/two/fpga_arm/vitis/zc706_md/zynq_fsbl/zynq_fsbl_bsp/system.mss
TRACE::2026-01-08.17:31:33::SCWMssOS::DEBUG:  swdes dump  H:/test/two/fpga_arm/vitis/zc706_md/ps7_cortexa9_0/standalone_ps7_cortexa9_0/bsp/system.mss|system_0||

TRACE::2026-01-08.17:31:33::SCWMssOS::No sw design opened at  H:/test/two/fpga_arm/vitis/zc706_md/zynq_fsbl/zynq_fsbl_bsp/system.mss
TRACE::2026-01-08.17:31:33::SCWMssOS::mss exists loading the mss file  H:/test/two/fpga_arm/vitis/zc706_md/zynq_fsbl/zynq_fsbl_bsp/system.mss
TRACE::2026-01-08.17:31:33::SCWMssOS::Opened the sw design from mss  H:/test/two/fpga_arm/vitis/zc706_md/zynq_fsbl/zynq_fsbl_bsp/system.mss
TRACE::2026-01-08.17:31:33::SCWMssOS::Adding the swdes entry H:/test/two/fpga_arm/vitis/zc706_md/zynq_fsbl/zynq_fsbl_bsp/system.mss with des name system
TRACE::2026-01-08.17:31:33::SCWMssOS::updating the scw layer about changes
TRACE::2026-01-08.17:31:33::SCWMssOS::Opened the sw design.  H:/test/two/fpga_arm/vitis/zc706_md/zynq_fsbl/zynq_fsbl_bsp/system.mss
TRACE::2026-01-08.17:31:40::SCWBDomain::removing the temporary location in _platform.
TRACE::2026-01-08.17:31:40::SCWBDomain::Makefile is Updated.
TRACE::2026-01-08.17:31:40::SCWBDomain::doing clean.
TRACE::2026-01-08.17:31:40::SCWBDomain::System Command Ran  H:&  cd  H:/test/two/fpga_arm/vitis/zc706_md/zynq_fsbl & make clean
TRACE::2026-01-08.17:31:40::SCWBDomain::rm -rf  sd.o  nand.o  image_mover.o  md5.o  fsbl_hooks.o  main.o  nor.o  qspi.o  rsa.o  ps7_init.o  pcap.o  fsbl_handoff.o zynq
TRACE::2026-01-08.17:31:40::SCWBDomain::_fsbl_bsp/ps7_cortexa9_0/lib/libxil.a fsbl.elf *.o

TRACE::2026-01-08.17:31:59::SCWPlatform::Trying to open the hw design at H:/test/two/fpga_arm/vitis/zc706_md/hw/design_1_wrapper.xsa
TRACE::2026-01-08.17:31:59::SCWPlatform::DSA given H:/test/two/fpga_arm/vitis/zc706_md/hw/design_1_wrapper.xsa
TRACE::2026-01-08.17:31:59::SCWPlatform::DSA absoulate path H:/test/two/fpga_arm/vitis/zc706_md/hw/design_1_wrapper.xsa
TRACE::2026-01-08.17:31:59::SCWPlatform::DSA directory H:/test/two/fpga_arm/vitis/zc706_md/hw
TRACE::2026-01-08.17:31:59::SCWPlatform:: Platform Path H:/test/two/fpga_arm/vitis/zc706_md/hw/design_1_wrapper.xsa
TRACE::2026-01-08.17:31:59::SCWPlatform:: Unique name xilinx:zc706::0.0
TRACE::2026-01-08.17:31:59::SCWPlatform::Trying to set the existing hwdb with name design_1_wrapper_6
TRACE::2026-01-08.17:31:59::SCWPlatform::Opened existing hwdb design_1_wrapper_6
TRACE::2026-01-08.17:31:59::SCWPlatform::Found the Hw Db part of the input DSA
TRACE::2026-01-08.17:31:59::SCWMssOS::Checking the sw design at  H:/test/two/fpga_arm/vitis/zc706_md/ps7_cortexa9_0/standalone_ps7_cortexa9_0/bsp/system.mss
TRACE::2026-01-08.17:31:59::SCWMssOS::DEBUG:  swdes dump  H:/test/two/fpga_arm/vitis/zc706_md/ps7_cortexa9_0/standalone_ps7_cortexa9_0/bsp/system.mss|system_0||
H:/test/two/fpga_arm/vitis/zc706_md/zynq_fsbl/zynq_fsbl_bsp/system.mss|system||

TRACE::2026-01-08.17:31:59::SCWMssOS::Sw design exists and opened at  H:/test/two/fpga_arm/vitis/zc706_md/ps7_cortexa9_0/standalone_ps7_cortexa9_0/bsp/system.mss
TRACE::2026-01-08.17:31:59::SCWMssOS::In reload Mss file.
TRACE::2026-01-08.17:31:59::SCWPlatform::Trying to open the hw design at H:/test/two/fpga_arm/vitis/zc706_md/hw/design_1_wrapper.xsa
TRACE::2026-01-08.17:31:59::SCWPlatform::DSA given H:/test/two/fpga_arm/vitis/zc706_md/hw/design_1_wrapper.xsa
TRACE::2026-01-08.17:31:59::SCWPlatform::DSA absoulate path H:/test/two/fpga_arm/vitis/zc706_md/hw/design_1_wrapper.xsa
TRACE::2026-01-08.17:31:59::SCWPlatform::DSA directory H:/test/two/fpga_arm/vitis/zc706_md/hw
TRACE::2026-01-08.17:31:59::SCWPlatform:: Platform Path H:/test/two/fpga_arm/vitis/zc706_md/hw/design_1_wrapper.xsa
TRACE::2026-01-08.17:31:59::SCWPlatform:: Unique name xilinx:zc706::0.0
TRACE::2026-01-08.17:31:59::SCWPlatform::Trying to set the existing hwdb with name design_1_wrapper_6
TRACE::2026-01-08.17:31:59::SCWPlatform::Opened existing hwdb design_1_wrapper_6
TRACE::2026-01-08.17:31:59::SCWPlatform::Found the Hw Db part of the input DSA
TRACE::2026-01-08.17:31:59::SCWMssOS::Checking the sw design at  H:/test/two/fpga_arm/vitis/zc706_md/ps7_cortexa9_0/standalone_ps7_cortexa9_0/bsp/system.mss
TRACE::2026-01-08.17:31:59::SCWMssOS::DEBUG:  swdes dump  H:/test/two/fpga_arm/vitis/zc706_md/zynq_fsbl/zynq_fsbl_bsp/system.mss|system||

TRACE::2026-01-08.17:31:59::SCWMssOS::No sw design opened at  H:/test/two/fpga_arm/vitis/zc706_md/ps7_cortexa9_0/standalone_ps7_cortexa9_0/bsp/system.mss
TRACE::2026-01-08.17:31:59::SCWMssOS::mss exists loading the mss file  H:/test/two/fpga_arm/vitis/zc706_md/ps7_cortexa9_0/standalone_ps7_cortexa9_0/bsp/system.mss
TRACE::2026-01-08.17:31:59::SCWMssOS::Opened the sw design from mss  H:/test/two/fpga_arm/vitis/zc706_md/ps7_cortexa9_0/standalone_ps7_cortexa9_0/bsp/system.mss
TRACE::2026-01-08.17:31:59::SCWMssOS::Adding the swdes entry H:/test/two/fpga_arm/vitis/zc706_md/ps7_cortexa9_0/standalone_ps7_cortexa9_0/bsp/system.mss with des name system
TRACE::2026-01-08.17:31:59::SCWMssOS::updating the scw layer about changes
TRACE::2026-01-08.17:31:59::SCWMssOS::Opened the sw design.  H:/test/two/fpga_arm/vitis/zc706_md/ps7_cortexa9_0/standalone_ps7_cortexa9_0/bsp/system.mss
TRACE::2026-01-08.17:31:59::SCWPlatform::Trying to open the hw design at H:/test/two/fpga_arm/vitis/zc706_md/hw/design_1_wrapper.xsa
TRACE::2026-01-08.17:31:59::SCWPlatform::DSA given H:/test/two/fpga_arm/vitis/zc706_md/hw/design_1_wrapper.xsa
TRACE::2026-01-08.17:31:59::SCWPlatform::DSA absoulate path H:/test/two/fpga_arm/vitis/zc706_md/hw/design_1_wrapper.xsa
TRACE::2026-01-08.17:31:59::SCWPlatform::DSA directory H:/test/two/fpga_arm/vitis/zc706_md/hw
TRACE::2026-01-08.17:31:59::SCWPlatform:: Platform Path H:/test/two/fpga_arm/vitis/zc706_md/hw/design_1_wrapper.xsa
TRACE::2026-01-08.17:31:59::SCWPlatform:: Unique name xilinx:zc706::0.0
TRACE::2026-01-08.17:31:59::SCWPlatform::Trying to set the existing hwdb with name design_1_wrapper_6
TRACE::2026-01-08.17:31:59::SCWPlatform::Opened existing hwdb design_1_wrapper_6
TRACE::2026-01-08.17:31:59::SCWPlatform::Found the Hw Db part of the input DSA
TRACE::2026-01-08.17:31:59::SCWMssOS::Checking the sw design at  H:/test/two/fpga_arm/vitis/zc706_md/ps7_cortexa9_0/standalone_ps7_cortexa9_0/bsp/system.mss
TRACE::2026-01-08.17:31:59::SCWMssOS::DEBUG:  swdes dump  H:/test/two/fpga_arm/vitis/zc706_md/ps7_cortexa9_0/standalone_ps7_cortexa9_0/bsp/system.mss|system||

TRACE::2026-01-08.17:31:59::SCWMssOS::Sw design exists and opened at  H:/test/two/fpga_arm/vitis/zc706_md/ps7_cortexa9_0/standalone_ps7_cortexa9_0/bsp/system.mss
TRACE::2026-01-08.17:31:59::SCWMssOS:: library already available in sw design:  lwip211:1.6
TRACE::2026-01-08.17:31:59::SCWPlatform::Trying to open the hw design at H:/test/two/fpga_arm/vitis/zc706_md/hw/design_1_wrapper.xsa
TRACE::2026-01-08.17:31:59::SCWPlatform::DSA given H:/test/two/fpga_arm/vitis/zc706_md/hw/design_1_wrapper.xsa
TRACE::2026-01-08.17:31:59::SCWPlatform::DSA absoulate path H:/test/two/fpga_arm/vitis/zc706_md/hw/design_1_wrapper.xsa
TRACE::2026-01-08.17:31:59::SCWPlatform::DSA directory H:/test/two/fpga_arm/vitis/zc706_md/hw
TRACE::2026-01-08.17:31:59::SCWPlatform:: Platform Path H:/test/two/fpga_arm/vitis/zc706_md/hw/design_1_wrapper.xsa
TRACE::2026-01-08.17:31:59::SCWPlatform:: Unique name xilinx:zc706::0.0
TRACE::2026-01-08.17:31:59::SCWPlatform::Trying to set the existing hwdb with name design_1_wrapper_6
TRACE::2026-01-08.17:31:59::SCWPlatform::Opened existing hwdb design_1_wrapper_6
TRACE::2026-01-08.17:31:59::SCWPlatform::Found the Hw Db part of the input DSA
TRACE::2026-01-08.17:31:59::SCWMssOS::Checking the sw design at  H:/test/two/fpga_arm/vitis/zc706_md/ps7_cortexa9_0/standalone_ps7_cortexa9_0/bsp/system.mss
TRACE::2026-01-08.17:31:59::SCWMssOS::DEBUG:  swdes dump  H:/test/two/fpga_arm/vitis/zc706_md/ps7_cortexa9_0/standalone_ps7_cortexa9_0/bsp/system.mss|system||

TRACE::2026-01-08.17:31:59::SCWMssOS::Sw design exists and opened at  H:/test/two/fpga_arm/vitis/zc706_md/ps7_cortexa9_0/standalone_ps7_cortexa9_0/bsp/system.mss
TRACE::2026-01-08.17:31:59::SCWMssOS:: library already available in sw design:  xilffs:4.6
TRACE::2026-01-08.17:31:59::SCWPlatform::Trying to open the hw design at H:/test/two/fpga_arm/vitis/zc706_md/hw/design_1_wrapper.xsa
TRACE::2026-01-08.17:31:59::SCWPlatform::DSA given H:/test/two/fpga_arm/vitis/zc706_md/hw/design_1_wrapper.xsa
TRACE::2026-01-08.17:31:59::SCWPlatform::DSA absoulate path H:/test/two/fpga_arm/vitis/zc706_md/hw/design_1_wrapper.xsa
TRACE::2026-01-08.17:31:59::SCWPlatform::DSA directory H:/test/two/fpga_arm/vitis/zc706_md/hw
TRACE::2026-01-08.17:31:59::SCWPlatform:: Platform Path H:/test/two/fpga_arm/vitis/zc706_md/hw/design_1_wrapper.xsa
TRACE::2026-01-08.17:31:59::SCWPlatform:: Unique name xilinx:zc706::0.0
TRACE::2026-01-08.17:31:59::SCWPlatform::Trying to set the existing hwdb with name design_1_wrapper_6
TRACE::2026-01-08.17:31:59::SCWPlatform::Opened existing hwdb design_1_wrapper_6
TRACE::2026-01-08.17:31:59::SCWPlatform::Found the Hw Db part of the input DSA
TRACE::2026-01-08.17:31:59::SCWMssOS::Checking the sw design at  H:/test/two/fpga_arm/vitis/zc706_md/ps7_cortexa9_0/standalone_ps7_cortexa9_0/bsp/system.mss
TRACE::2026-01-08.17:31:59::SCWMssOS::DEBUG:  swdes dump  H:/test/two/fpga_arm/vitis/zc706_md/ps7_cortexa9_0/standalone_ps7_cortexa9_0/bsp/system.mss|system||

TRACE::2026-01-08.17:31:59::SCWMssOS::Sw design exists and opened at  H:/test/two/fpga_arm/vitis/zc706_md/ps7_cortexa9_0/standalone_ps7_cortexa9_0/bsp/system.mss
TRACE::2026-01-08.17:31:59::SCWPlatform::Trying to open the hw design at H:/test/two/fpga_arm/vitis/zc706_md/hw/design_1_wrapper.xsa
TRACE::2026-01-08.17:31:59::SCWPlatform::DSA given H:/test/two/fpga_arm/vitis/zc706_md/hw/design_1_wrapper.xsa
TRACE::2026-01-08.17:31:59::SCWPlatform::DSA absoulate path H:/test/two/fpga_arm/vitis/zc706_md/hw/design_1_wrapper.xsa
TRACE::2026-01-08.17:31:59::SCWPlatform::DSA directory H:/test/two/fpga_arm/vitis/zc706_md/hw
TRACE::2026-01-08.17:31:59::SCWPlatform:: Platform Path H:/test/two/fpga_arm/vitis/zc706_md/hw/design_1_wrapper.xsa
TRACE::2026-01-08.17:31:59::SCWPlatform:: Unique name xilinx:zc706::0.0
TRACE::2026-01-08.17:31:59::SCWPlatform::Trying to set the existing hwdb with name design_1_wrapper_6
TRACE::2026-01-08.17:31:59::SCWPlatform::Opened existing hwdb design_1_wrapper_6
TRACE::2026-01-08.17:31:59::SCWPlatform::Found the Hw Db part of the input DSA
TRACE::2026-01-08.17:31:59::SCWMssOS::Checking the sw design at  H:/test/two/fpga_arm/vitis/zc706_md/ps7_cortexa9_0/standalone_ps7_cortexa9_0/bsp/system.mss
TRACE::2026-01-08.17:31:59::SCWMssOS::DEBUG:  swdes dump  H:/test/two/fpga_arm/vitis/zc706_md/ps7_cortexa9_0/standalone_ps7_cortexa9_0/bsp/system.mss|system||

TRACE::2026-01-08.17:31:59::SCWMssOS::Sw design exists and opened at  H:/test/two/fpga_arm/vitis/zc706_md/ps7_cortexa9_0/standalone_ps7_cortexa9_0/bsp/system.mss
TRACE::2026-01-08.17:31:59::SCWPlatform::Trying to open the hw design at H:/test/two/fpga_arm/vitis/zc706_md/hw/design_1_wrapper.xsa
TRACE::2026-01-08.17:31:59::SCWPlatform::DSA given H:/test/two/fpga_arm/vitis/zc706_md/hw/design_1_wrapper.xsa
TRACE::2026-01-08.17:31:59::SCWPlatform::DSA absoulate path H:/test/two/fpga_arm/vitis/zc706_md/hw/design_1_wrapper.xsa
TRACE::2026-01-08.17:31:59::SCWPlatform::DSA directory H:/test/two/fpga_arm/vitis/zc706_md/hw
TRACE::2026-01-08.17:31:59::SCWPlatform:: Platform Path H:/test/two/fpga_arm/vitis/zc706_md/hw/design_1_wrapper.xsa
TRACE::2026-01-08.17:31:59::SCWPlatform:: Unique name xilinx:zc706::0.0
TRACE::2026-01-08.17:31:59::SCWPlatform::Trying to set the existing hwdb with name design_1_wrapper_6
TRACE::2026-01-08.17:31:59::SCWPlatform::Opened existing hwdb design_1_wrapper_6
TRACE::2026-01-08.17:31:59::SCWPlatform::Found the Hw Db part of the input DSA
TRACE::2026-01-08.17:31:59::SCWMssOS::Checking the sw design at  H:/test/two/fpga_arm/vitis/zc706_md/ps7_cortexa9_0/standalone_ps7_cortexa9_0/bsp/system.mss
TRACE::2026-01-08.17:31:59::SCWMssOS::DEBUG:  swdes dump  H:/test/two/fpga_arm/vitis/zc706_md/ps7_cortexa9_0/standalone_ps7_cortexa9_0/bsp/system.mss|system||

TRACE::2026-01-08.17:31:59::SCWMssOS::Sw design exists and opened at  H:/test/two/fpga_arm/vitis/zc706_md/ps7_cortexa9_0/standalone_ps7_cortexa9_0/bsp/system.mss
TRACE::2026-01-08.17:31:59::SCWPlatform::Trying to open the hw design at H:/test/two/fpga_arm/vitis/zc706_md/hw/design_1_wrapper.xsa
TRACE::2026-01-08.17:31:59::SCWPlatform::DSA given H:/test/two/fpga_arm/vitis/zc706_md/hw/design_1_wrapper.xsa
TRACE::2026-01-08.17:31:59::SCWPlatform::DSA absoulate path H:/test/two/fpga_arm/vitis/zc706_md/hw/design_1_wrapper.xsa
TRACE::2026-01-08.17:31:59::SCWPlatform::DSA directory H:/test/two/fpga_arm/vitis/zc706_md/hw
TRACE::2026-01-08.17:31:59::SCWPlatform:: Platform Path H:/test/two/fpga_arm/vitis/zc706_md/hw/design_1_wrapper.xsa
TRACE::2026-01-08.17:31:59::SCWPlatform:: Unique name xilinx:zc706::0.0
TRACE::2026-01-08.17:31:59::SCWPlatform::Trying to set the existing hwdb with name design_1_wrapper_6
TRACE::2026-01-08.17:31:59::SCWPlatform::Opened existing hwdb design_1_wrapper_6
TRACE::2026-01-08.17:31:59::SCWPlatform::Found the Hw Db part of the input DSA
TRACE::2026-01-08.17:31:59::SCWMssOS::Checking the sw design at  H:/test/two/fpga_arm/vitis/zc706_md/ps7_cortexa9_0/standalone_ps7_cortexa9_0/bsp/system.mss
TRACE::2026-01-08.17:31:59::SCWMssOS::DEBUG:  swdes dump  H:/test/two/fpga_arm/vitis/zc706_md/ps7_cortexa9_0/standalone_ps7_cortexa9_0/bsp/system.mss|system||

TRACE::2026-01-08.17:31:59::SCWMssOS::Sw design exists and opened at  H:/test/two/fpga_arm/vitis/zc706_md/ps7_cortexa9_0/standalone_ps7_cortexa9_0/bsp/system.mss
TRACE::2026-01-08.17:31:59::SCWPlatform::Trying to open the hw design at H:/test/two/fpga_arm/vitis/zc706_md/hw/design_1_wrapper.xsa
TRACE::2026-01-08.17:31:59::SCWPlatform::DSA given H:/test/two/fpga_arm/vitis/zc706_md/hw/design_1_wrapper.xsa
TRACE::2026-01-08.17:31:59::SCWPlatform::DSA absoulate path H:/test/two/fpga_arm/vitis/zc706_md/hw/design_1_wrapper.xsa
TRACE::2026-01-08.17:31:59::SCWPlatform::DSA directory H:/test/two/fpga_arm/vitis/zc706_md/hw
TRACE::2026-01-08.17:31:59::SCWPlatform:: Platform Path H:/test/two/fpga_arm/vitis/zc706_md/hw/design_1_wrapper.xsa
TRACE::2026-01-08.17:31:59::SCWPlatform:: Unique name xilinx:zc706::0.0
TRACE::2026-01-08.17:31:59::SCWPlatform::Trying to set the existing hwdb with name design_1_wrapper_6
TRACE::2026-01-08.17:31:59::SCWPlatform::Opened existing hwdb design_1_wrapper_6
TRACE::2026-01-08.17:31:59::SCWPlatform::Found the Hw Db part of the input DSA
TRACE::2026-01-08.17:31:59::SCWMssOS::Checking the sw design at  H:/test/two/fpga_arm/vitis/zc706_md/ps7_cortexa9_0/standalone_ps7_cortexa9_0/bsp/system.mss
TRACE::2026-01-08.17:31:59::SCWMssOS::DEBUG:  swdes dump  H:/test/two/fpga_arm/vitis/zc706_md/ps7_cortexa9_0/standalone_ps7_cortexa9_0/bsp/system.mss|system||

TRACE::2026-01-08.17:31:59::SCWMssOS::Sw design exists and opened at  H:/test/two/fpga_arm/vitis/zc706_md/ps7_cortexa9_0/standalone_ps7_cortexa9_0/bsp/system.mss
TRACE::2026-01-08.17:31:59::SCWPlatform::Trying to open the hw design at H:/test/two/fpga_arm/vitis/zc706_md/hw/design_1_wrapper.xsa
TRACE::2026-01-08.17:31:59::SCWPlatform::DSA given H:/test/two/fpga_arm/vitis/zc706_md/hw/design_1_wrapper.xsa
TRACE::2026-01-08.17:31:59::SCWPlatform::DSA absoulate path H:/test/two/fpga_arm/vitis/zc706_md/hw/design_1_wrapper.xsa
TRACE::2026-01-08.17:31:59::SCWPlatform::DSA directory H:/test/two/fpga_arm/vitis/zc706_md/hw
TRACE::2026-01-08.17:31:59::SCWPlatform:: Platform Path H:/test/two/fpga_arm/vitis/zc706_md/hw/design_1_wrapper.xsa
TRACE::2026-01-08.17:31:59::SCWPlatform:: Unique name xilinx:zc706::0.0
TRACE::2026-01-08.17:31:59::SCWPlatform::Trying to set the existing hwdb with name design_1_wrapper_6
TRACE::2026-01-08.17:31:59::SCWPlatform::Opened existing hwdb design_1_wrapper_6
TRACE::2026-01-08.17:31:59::SCWPlatform::Found the Hw Db part of the input DSA
TRACE::2026-01-08.17:31:59::SCWMssOS::Checking the sw design at  H:/test/two/fpga_arm/vitis/zc706_md/ps7_cortexa9_0/standalone_ps7_cortexa9_0/bsp/system.mss
TRACE::2026-01-08.17:31:59::SCWMssOS::DEBUG:  swdes dump  H:/test/two/fpga_arm/vitis/zc706_md/ps7_cortexa9_0/standalone_ps7_cortexa9_0/bsp/system.mss|system||

TRACE::2026-01-08.17:31:59::SCWMssOS::Sw design exists and opened at  H:/test/two/fpga_arm/vitis/zc706_md/ps7_cortexa9_0/standalone_ps7_cortexa9_0/bsp/system.mss
TRACE::2026-01-08.17:31:59::SCWMssOS::Saving the mss changes H:/test/two/fpga_arm/vitis/zc706_md/ps7_cortexa9_0/standalone_ps7_cortexa9_0/bsp/system.mss
TRACE::2026-01-08.17:31:59::SCWMssOS::Found a swdesign opened with the mssfile.
TRACE::2026-01-08.17:31:59::SCWMssOS::Completed writemss as part of save.
TRACE::2026-01-08.17:31:59::SCWMssOS::Commit changes completed.
TRACE::2026-01-08.17:31:59::SCWPlatform::Trying to open the hw design at H:/test/two/fpga_arm/vitis/zc706_md/hw/design_1_wrapper.xsa
TRACE::2026-01-08.17:31:59::SCWPlatform::DSA given H:/test/two/fpga_arm/vitis/zc706_md/hw/design_1_wrapper.xsa
TRACE::2026-01-08.17:31:59::SCWPlatform::DSA absoulate path H:/test/two/fpga_arm/vitis/zc706_md/hw/design_1_wrapper.xsa
TRACE::2026-01-08.17:31:59::SCWPlatform::DSA directory H:/test/two/fpga_arm/vitis/zc706_md/hw
TRACE::2026-01-08.17:31:59::SCWPlatform:: Platform Path H:/test/two/fpga_arm/vitis/zc706_md/hw/design_1_wrapper.xsa
TRACE::2026-01-08.17:31:59::SCWPlatform:: Unique name xilinx:zc706::0.0
TRACE::2026-01-08.17:31:59::SCWPlatform::Trying to set the existing hwdb with name design_1_wrapper_6
TRACE::2026-01-08.17:31:59::SCWPlatform::Opened existing hwdb design_1_wrapper_6
TRACE::2026-01-08.17:31:59::SCWPlatform::Found the Hw Db part of the input DSA
TRACE::2026-01-08.17:31:59::SCWMssOS::Checking the sw design at  H:/test/two/fpga_arm/vitis/zc706_md/ps7_cortexa9_0/standalone_ps7_cortexa9_0/bsp/system.mss
TRACE::2026-01-08.17:31:59::SCWMssOS::DEBUG:  swdes dump  H:/test/two/fpga_arm/vitis/zc706_md/ps7_cortexa9_0/standalone_ps7_cortexa9_0/bsp/system.mss|system||

TRACE::2026-01-08.17:31:59::SCWMssOS::Sw design exists and opened at  H:/test/two/fpga_arm/vitis/zc706_md/ps7_cortexa9_0/standalone_ps7_cortexa9_0/bsp/system.mss
TRACE::2026-01-08.17:31:59::SCWMssOS::Removing the swdes entry for  H:/test/two/fpga_arm/vitis/zc706_md/ps7_cortexa9_0/standalone_ps7_cortexa9_0/bsp/system.mss
TRACE::2026-01-08.17:32:01::SCWPlatform::Trying to open the hw design at H:/test/two/fpga_arm/vitis/zc706_md/hw/design_1_wrapper.xsa
TRACE::2026-01-08.17:32:01::SCWPlatform::DSA given H:/test/two/fpga_arm/vitis/zc706_md/hw/design_1_wrapper.xsa
TRACE::2026-01-08.17:32:01::SCWPlatform::DSA absoulate path H:/test/two/fpga_arm/vitis/zc706_md/hw/design_1_wrapper.xsa
TRACE::2026-01-08.17:32:01::SCWPlatform::DSA directory H:/test/two/fpga_arm/vitis/zc706_md/hw
TRACE::2026-01-08.17:32:01::SCWPlatform:: Platform Path H:/test/two/fpga_arm/vitis/zc706_md/hw/design_1_wrapper.xsa
TRACE::2026-01-08.17:32:01::SCWPlatform:: Unique name xilinx:zc706::0.0
TRACE::2026-01-08.17:32:01::SCWPlatform::Trying to set the existing hwdb with name design_1_wrapper_6
TRACE::2026-01-08.17:32:01::SCWPlatform::Opened existing hwdb design_1_wrapper_6
TRACE::2026-01-08.17:32:01::SCWPlatform::Found the Hw Db part of the input DSA
TRACE::2026-01-08.17:32:01::SCWMssOS::Checking the sw design at  H:/test/two/fpga_arm/vitis/zc706_md/ps7_cortexa9_0/standalone_ps7_cortexa9_0/bsp/system.mss
TRACE::2026-01-08.17:32:01::SCWMssOS::DEBUG:  swdes dump  
TRACE::2026-01-08.17:32:01::SCWMssOS::No sw design opened at  H:/test/two/fpga_arm/vitis/zc706_md/ps7_cortexa9_0/standalone_ps7_cortexa9_0/bsp/system.mss
TRACE::2026-01-08.17:32:01::SCWMssOS::mss exists loading the mss file  H:/test/two/fpga_arm/vitis/zc706_md/ps7_cortexa9_0/standalone_ps7_cortexa9_0/bsp/system.mss
TRACE::2026-01-08.17:32:01::SCWMssOS::Opened the sw design from mss  H:/test/two/fpga_arm/vitis/zc706_md/ps7_cortexa9_0/standalone_ps7_cortexa9_0/bsp/system.mss
TRACE::2026-01-08.17:32:01::SCWMssOS::Adding the swdes entry H:/test/two/fpga_arm/vitis/zc706_md/ps7_cortexa9_0/standalone_ps7_cortexa9_0/bsp/system.mss with des name system
TRACE::2026-01-08.17:32:01::SCWMssOS::updating the scw layer about changes
TRACE::2026-01-08.17:32:02::SCWMssOS::Opened the sw design.  H:/test/two/fpga_arm/vitis/zc706_md/ps7_cortexa9_0/standalone_ps7_cortexa9_0/bsp/system.mss
TRACE::2026-01-08.17:32:02::SCWMssOS::Completed writing the mss file at H:/test/two/fpga_arm/vitis/zc706_md/ps7_cortexa9_0/standalone_ps7_cortexa9_0/bsp
TRACE::2026-01-08.17:32:02::SCWMssOS::Forcing BSP Sources regeneration.
TRACE::2026-01-08.17:32:13::SCWBDomain::System Command Ran  H:&  cd  H:/test/two/fpga_arm/vitis/zc706_md/zynq_fsbl & make clean
TRACE::2026-01-08.17:32:13::SCWBDomain::rm -rf  sd.o  nand.o  image_mover.o  md5.o  fsbl_hooks.o  main.o  rsa.o  nor.o  qspi.o  ps7_init.o  pcap.o  fsbl_handoff.o zynq
TRACE::2026-01-08.17:32:13::SCWBDomain::_fsbl_bsp/ps7_cortexa9_0/lib/libxil.a fsbl.elf *.o

ERROR::2026-01-08.17:32:13::SCWSystem::Error in Processing the domain zynq_fsbl
LOG::2026-01-08.17:32:16::SCWPlatform::Started generating the artifacts platform zc706_md
TRACE::2026-01-08.17:32:16::SCWPlatform::Sanity checking of platform is completed
LOG::2026-01-08.17:32:16::SCWPlatform::Started generating the artifacts for system configuration zc706_md
LOG::2026-01-08.17:32:16::SCWSystem::Checking the domain zynq_fsbl
LOG::2026-01-08.17:32:16::SCWSystem::Doing application build for :  zynq_fsbl
TRACE::2026-01-08.17:32:16::SCWBDomain::Not a forced makefile updation, No changes are present. 
TRACE::2026-01-08.17:32:16::SCWDomain::Building the domain as part of full build :  zynq_fsbl
TRACE::2026-01-08.17:32:16::SCWPlatform::Trying to open the hw design at H:/test/two/fpga_arm/vitis/zc706_md/hw/design_1_wrapper.xsa
TRACE::2026-01-08.17:32:16::SCWPlatform::DSA given H:/test/two/fpga_arm/vitis/zc706_md/hw/design_1_wrapper.xsa
TRACE::2026-01-08.17:32:16::SCWPlatform::DSA absoulate path H:/test/two/fpga_arm/vitis/zc706_md/hw/design_1_wrapper.xsa
TRACE::2026-01-08.17:32:16::SCWPlatform::DSA directory H:/test/two/fpga_arm/vitis/zc706_md/hw
TRACE::2026-01-08.17:32:16::SCWPlatform:: Platform Path H:/test/two/fpga_arm/vitis/zc706_md/hw/design_1_wrapper.xsa
TRACE::2026-01-08.17:32:16::SCWPlatform:: Unique name xilinx:zc706::0.0
TRACE::2026-01-08.17:32:16::SCWPlatform::Trying to set the existing hwdb with name design_1_wrapper_6
TRACE::2026-01-08.17:32:16::SCWPlatform::Opened existing hwdb design_1_wrapper_6
TRACE::2026-01-08.17:32:16::SCWPlatform::Found the Hw Db part of the input DSA
TRACE::2026-01-08.17:32:16::SCWMssOS::Checking the sw design at  H:/test/two/fpga_arm/vitis/zc706_md/zynq_fsbl/zynq_fsbl_bsp/system.mss
TRACE::2026-01-08.17:32:16::SCWMssOS::DEBUG:  swdes dump  
TRACE::2026-01-08.17:32:16::SCWMssOS::No sw design opened at  H:/test/two/fpga_arm/vitis/zc706_md/zynq_fsbl/zynq_fsbl_bsp/system.mss
TRACE::2026-01-08.17:32:16::SCWMssOS::mss exists loading the mss file  H:/test/two/fpga_arm/vitis/zc706_md/zynq_fsbl/zynq_fsbl_bsp/system.mss
TRACE::2026-01-08.17:32:16::SCWMssOS::Opened the sw design from mss  H:/test/two/fpga_arm/vitis/zc706_md/zynq_fsbl/zynq_fsbl_bsp/system.mss
TRACE::2026-01-08.17:32:16::SCWMssOS::Adding the swdes entry H:/test/two/fpga_arm/vitis/zc706_md/zynq_fsbl/zynq_fsbl_bsp/system.mss with des name system
TRACE::2026-01-08.17:32:16::SCWMssOS::updating the scw layer about changes
TRACE::2026-01-08.17:32:16::SCWMssOS::Opened the sw design.  H:/test/two/fpga_arm/vitis/zc706_md/zynq_fsbl/zynq_fsbl_bsp/system.mss
TRACE::2026-01-08.17:32:16::SCWBDomain::Completed writing the mss file at H:/test/two/fpga_arm/vitis/zc706_md/zynq_fsbl/zynq_fsbl_bsp
TRACE::2026-01-08.17:32:16::SCWBDomain::bsp generated is upto date with the mss file. Skipping bsp generation.
TRACE::2026-01-08.17:32:16::SCWBDomain::Not a forced makefile updation, No changes are present. 
TRACE::2026-01-08.17:32:16::SCWBDomain::System Command Ran  H:&  cd  H:/test/two/fpga_arm/vitis/zc706_md/zynq_fsbl& make -C  zynq_fsbl_bsp & make 
TRACE::2026-01-08.17:32:16::SCWBDomain::make: Entering directory 'H:/test/two/fpga_arm/vitis/zc706_md/zynq_fsbl/zynq_fsbl_bsp'

TRACE::2026-01-08.17:32:16::SCWBDomain::make --no-print-directory seq_libs

TRACE::2026-01-08.17:32:16::SCWBDomain::"Running Make include in ps7_cortexa9_0/libsrc/axivdma_v6_10/src"

TRACE::2026-01-08.17:32:16::SCWBDomain::make -C ps7_cortexa9_0/libsrc/axivdma_v6_10/src -s include  "SHELL=CMD" "COMPILER=arm-none-eabi-gcc" "ASSEMBLER=arm-none-eabi-a
TRACE::2026-01-08.17:32:16::SCWBDomain::s" "ARCHIVER=arm-none-eabi-ar" "COMPILER_FLAGS=  -O2 -c" "EXTRA_COMPILER_FLAGS=-mcpu=cortex-a9 -mfpu=vfpv3 -mfloat-abi=hard -no
TRACE::2026-01-08.17:32:16::SCWBDomain::startfiles -g -Wall -Wextra -fno-tree-loop-distribute-patterns"

TRACE::2026-01-08.17:32:16::SCWBDomain::"Running Make include in ps7_cortexa9_0/libsrc/coresightps_dcc_v1_8/src"

TRACE::2026-01-08.17:32:16::SCWBDomain::make -C ps7_cortexa9_0/libsrc/coresightps_dcc_v1_8/src -s include  "SHELL=CMD" "COMPILER=arm-none-eabi-gcc" "ASSEMBLER=arm-none
TRACE::2026-01-08.17:32:16::SCWBDomain::-eabi-as" "ARCHIVER=arm-none-eabi-ar" "COMPILER_FLAGS=  -O2 -c" "EXTRA_COMPILER_FLAGS=-mcpu=cortex-a9 -mfpu=vfpv3 -mfloat-abi=h
TRACE::2026-01-08.17:32:16::SCWBDomain::ard -nostartfiles -g -Wall -Wextra -fno-tree-loop-distribute-patterns"

TRACE::2026-01-08.17:32:16::SCWBDomain::"Running Make include in ps7_cortexa9_0/libsrc/cpu_cortexa9_v2_11/src"

TRACE::2026-01-08.17:32:16::SCWBDomain::make -C ps7_cortexa9_0/libsrc/cpu_cortexa9_v2_11/src -s include  "SHELL=CMD" "COMPILER=arm-none-eabi-gcc" "ASSEMBLER=arm-none-e
TRACE::2026-01-08.17:32:16::SCWBDomain::abi-as" "ARCHIVER=arm-none-eabi-ar" "COMPILER_FLAGS=  -O2 -c" "EXTRA_COMPILER_FLAGS=-mcpu=cortex-a9 -mfpu=vfpv3 -mfloat-abi=har
TRACE::2026-01-08.17:32:16::SCWBDomain::d -nostartfiles -g -Wall -Wextra -fno-tree-loop-distribute-patterns"

TRACE::2026-01-08.17:32:16::SCWBDomain::"Running Make include in ps7_cortexa9_0/libsrc/ddrps_v1_2/src"

TRACE::2026-01-08.17:32:16::SCWBDomain::make -C ps7_cortexa9_0/libsrc/ddrps_v1_2/src -s include  "SHELL=CMD" "COMPILER=arm-none-eabi-gcc" "ASSEMBLER=arm-none-eabi-as" 
TRACE::2026-01-08.17:32:16::SCWBDomain::"ARCHIVER=arm-none-eabi-ar" "COMPILER_FLAGS=  -O2 -c" "EXTRA_COMPILER_FLAGS=-mcpu=cortex-a9 -mfpu=vfpv3 -mfloat-abi=hard -nosta
TRACE::2026-01-08.17:32:16::SCWBDomain::rtfiles -g -Wall -Wextra -fno-tree-loop-distribute-patterns"

TRACE::2026-01-08.17:32:16::SCWBDomain::"Running Make include in ps7_cortexa9_0/libsrc/devcfg_v3_7/src"

TRACE::2026-01-08.17:32:16::SCWBDomain::make -C ps7_cortexa9_0/libsrc/devcfg_v3_7/src -s include  "SHELL=CMD" "COMPILER=arm-none-eabi-gcc" "ASSEMBLER=arm-none-eabi-as"
TRACE::2026-01-08.17:32:16::SCWBDomain:: "ARCHIVER=arm-none-eabi-ar" "COMPILER_FLAGS=  -O2 -c" "EXTRA_COMPILER_FLAGS=-mcpu=cortex-a9 -mfpu=vfpv3 -mfloat-abi=hard -nost
TRACE::2026-01-08.17:32:16::SCWBDomain::artfiles -g -Wall -Wextra -fno-tree-loop-distribute-patterns"

TRACE::2026-01-08.17:32:17::SCWBDomain::"Running Make include in ps7_cortexa9_0/libsrc/dmaps_v2_8/src"

TRACE::2026-01-08.17:32:17::SCWBDomain::make -C ps7_cortexa9_0/libsrc/dmaps_v2_8/src -s include  "SHELL=CMD" "COMPILER=arm-none-eabi-gcc" "ASSEMBLER=arm-none-eabi-as" 
TRACE::2026-01-08.17:32:17::SCWBDomain::"ARCHIVER=arm-none-eabi-ar" "COMPILER_FLAGS=  -O2 -c" "EXTRA_COMPILER_FLAGS=-mcpu=cortex-a9 -mfpu=vfpv3 -mfloat-abi=hard -nosta
TRACE::2026-01-08.17:32:17::SCWBDomain::rtfiles -g -Wall -Wextra -fno-tree-loop-distribute-patterns"

TRACE::2026-01-08.17:32:17::SCWBDomain::"Running Make include in ps7_cortexa9_0/libsrc/emacps_v3_15/src"

TRACE::2026-01-08.17:32:17::SCWBDomain::make -C ps7_cortexa9_0/libsrc/emacps_v3_15/src -s include  "SHELL=CMD" "COMPILER=arm-none-eabi-gcc" "ASSEMBLER=arm-none-eabi-as
TRACE::2026-01-08.17:32:17::SCWBDomain::" "ARCHIVER=arm-none-eabi-ar" "COMPILER_FLAGS=  -O2 -c" "EXTRA_COMPILER_FLAGS=-mcpu=cortex-a9 -mfpu=vfpv3 -mfloat-abi=hard -nos
TRACE::2026-01-08.17:32:17::SCWBDomain::tartfiles -g -Wall -Wextra -fno-tree-loop-distribute-patterns"

TRACE::2026-01-08.17:32:17::SCWBDomain::"Running Make include in ps7_cortexa9_0/libsrc/gpiops_v3_9/src"

TRACE::2026-01-08.17:32:17::SCWBDomain::make -C ps7_cortexa9_0/libsrc/gpiops_v3_9/src -s include  "SHELL=CMD" "COMPILER=arm-none-eabi-gcc" "ASSEMBLER=arm-none-eabi-as"
TRACE::2026-01-08.17:32:17::SCWBDomain:: "ARCHIVER=arm-none-eabi-ar" "COMPILER_FLAGS=  -O2 -c" "EXTRA_COMPILER_FLAGS=-mcpu=cortex-a9 -mfpu=vfpv3 -mfloat-abi=hard -nost
TRACE::2026-01-08.17:32:17::SCWBDomain::artfiles -g -Wall -Wextra -fno-tree-loop-distribute-patterns"

TRACE::2026-01-08.17:32:17::SCWBDomain::"Running Make include in ps7_cortexa9_0/libsrc/iicps_v3_14/src"

TRACE::2026-01-08.17:32:17::SCWBDomain::make -C ps7_cortexa9_0/libsrc/iicps_v3_14/src -s include  "SHELL=CMD" "COMPILER=arm-none-eabi-gcc" "ASSEMBLER=arm-none-eabi-as"
TRACE::2026-01-08.17:32:17::SCWBDomain:: "ARCHIVER=arm-none-eabi-ar" "COMPILER_FLAGS=  -O2 -c" "EXTRA_COMPILER_FLAGS=-mcpu=cortex-a9 -mfpu=vfpv3 -mfloat-abi=hard -nost
TRACE::2026-01-08.17:32:17::SCWBDomain::artfiles -g -Wall -Wextra -fno-tree-loop-distribute-patterns"

TRACE::2026-01-08.17:32:18::SCWBDomain::"Running Make include in ps7_cortexa9_0/libsrc/qspips_v3_9/src"

TRACE::2026-01-08.17:32:18::SCWBDomain::make -C ps7_cortexa9_0/libsrc/qspips_v3_9/src -s include  "SHELL=CMD" "COMPILER=arm-none-eabi-gcc" "ASSEMBLER=arm-none-eabi-as"
TRACE::2026-01-08.17:32:18::SCWBDomain:: "ARCHIVER=arm-none-eabi-ar" "COMPILER_FLAGS=  -O2 -c" "EXTRA_COMPILER_FLAGS=-mcpu=cortex-a9 -mfpu=vfpv3 -mfloat-abi=hard -nost
TRACE::2026-01-08.17:32:18::SCWBDomain::artfiles -g -Wall -Wextra -fno-tree-loop-distribute-patterns"

TRACE::2026-01-08.17:32:18::SCWBDomain::"Running Make include in ps7_cortexa9_0/libsrc/scugic_v4_6/src"

TRACE::2026-01-08.17:32:18::SCWBDomain::make -C ps7_cortexa9_0/libsrc/scugic_v4_6/src -s include  "SHELL=CMD" "COMPILER=arm-none-eabi-gcc" "ASSEMBLER=arm-none-eabi-as"
TRACE::2026-01-08.17:32:18::SCWBDomain:: "ARCHIVER=arm-none-eabi-ar" "COMPILER_FLAGS=  -O2 -c" "EXTRA_COMPILER_FLAGS=-mcpu=cortex-a9 -mfpu=vfpv3 -mfloat-abi=hard -nost
TRACE::2026-01-08.17:32:18::SCWBDomain::artfiles -g -Wall -Wextra -fno-tree-loop-distribute-patterns"

TRACE::2026-01-08.17:32:18::SCWBDomain::"Running Make include in ps7_cortexa9_0/libsrc/scutimer_v2_3/src"

TRACE::2026-01-08.17:32:19::SCWBDomain::make -C ps7_cortexa9_0/libsrc/scutimer_v2_3/src -s include  "SHELL=CMD" "COMPILER=arm-none-eabi-gcc" "ASSEMBLER=arm-none-eabi-a
TRACE::2026-01-08.17:32:19::SCWBDomain::s" "ARCHIVER=arm-none-eabi-ar" "COMPILER_FLAGS=  -O2 -c" "EXTRA_COMPILER_FLAGS=-mcpu=cortex-a9 -mfpu=vfpv3 -mfloat-abi=hard -no
TRACE::2026-01-08.17:32:19::SCWBDomain::startfiles -g -Wall -Wextra -fno-tree-loop-distribute-patterns"

TRACE::2026-01-08.17:32:19::SCWBDomain::"Running Make include in ps7_cortexa9_0/libsrc/scuwdt_v2_4/src"

TRACE::2026-01-08.17:32:19::SCWBDomain::make -C ps7_cortexa9_0/libsrc/scuwdt_v2_4/src -s include  "SHELL=CMD" "COMPILER=arm-none-eabi-gcc" "ASSEMBLER=arm-none-eabi-as"
TRACE::2026-01-08.17:32:19::SCWBDomain:: "ARCHIVER=arm-none-eabi-ar" "COMPILER_FLAGS=  -O2 -c" "EXTRA_COMPILER_FLAGS=-mcpu=cortex-a9 -mfpu=vfpv3 -mfloat-abi=hard -nost
TRACE::2026-01-08.17:32:19::SCWBDomain::artfiles -g -Wall -Wextra -fno-tree-loop-distribute-patterns"

TRACE::2026-01-08.17:32:19::SCWBDomain::"Running Make include in ps7_cortexa9_0/libsrc/sdps_v3_13/src"

TRACE::2026-01-08.17:32:19::SCWBDomain::make -C ps7_cortexa9_0/libsrc/sdps_v3_13/src -s include  "SHELL=CMD" "COMPILER=arm-none-eabi-gcc" "ASSEMBLER=arm-none-eabi-as" 
TRACE::2026-01-08.17:32:19::SCWBDomain::"ARCHIVER=arm-none-eabi-ar" "COMPILER_FLAGS=  -O2 -c" "EXTRA_COMPILER_FLAGS=-mcpu=cortex-a9 -mfpu=vfpv3 -mfloat-abi=hard -nosta
TRACE::2026-01-08.17:32:19::SCWBDomain::rtfiles -g -Wall -Wextra -fno-tree-loop-distribute-patterns"

TRACE::2026-01-08.17:32:19::SCWBDomain::"Running Make include in ps7_cortexa9_0/libsrc/standalone_v7_6/src"

TRACE::2026-01-08.17:32:19::SCWBDomain::make -C ps7_cortexa9_0/libsrc/standalone_v7_6/src -s include  "SHELL=CMD" "COMPILER=arm-none-eabi-gcc" "ASSEMBLER=arm-none-eabi
TRACE::2026-01-08.17:32:19::SCWBDomain::-as" "ARCHIVER=arm-none-eabi-ar" "COMPILER_FLAGS=  -O2 -c" "EXTRA_COMPILER_FLAGS=-mcpu=cortex-a9 -mfpu=vfpv3 -mfloat-abi=hard -
TRACE::2026-01-08.17:32:19::SCWBDomain::nostartfiles -g -Wall -Wextra -fno-tree-loop-distribute-patterns"

TRACE::2026-01-08.17:32:21::SCWBDomain::"Running Make include in ps7_cortexa9_0/libsrc/ttcps_v3_14/src"

TRACE::2026-01-08.17:32:21::SCWBDomain::make -C ps7_cortexa9_0/libsrc/ttcps_v3_14/src -s include  "SHELL=CMD" "COMPILER=arm-none-eabi-gcc" "ASSEMBLER=arm-none-eabi-as"
TRACE::2026-01-08.17:32:21::SCWBDomain:: "ARCHIVER=arm-none-eabi-ar" "COMPILER_FLAGS=  -O2 -c" "EXTRA_COMPILER_FLAGS=-mcpu=cortex-a9 -mfpu=vfpv3 -mfloat-abi=hard -nost
TRACE::2026-01-08.17:32:21::SCWBDomain::artfiles -g -Wall -Wextra -fno-tree-loop-distribute-patterns"

TRACE::2026-01-08.17:32:21::SCWBDomain::"Running Make include in ps7_cortexa9_0/libsrc/uartps_v3_11/src"

TRACE::2026-01-08.17:32:21::SCWBDomain::make -C ps7_cortexa9_0/libsrc/uartps_v3_11/src -s include  "SHELL=CMD" "COMPILER=arm-none-eabi-gcc" "ASSEMBLER=arm-none-eabi-as
TRACE::2026-01-08.17:32:21::SCWBDomain::" "ARCHIVER=arm-none-eabi-ar" "COMPILER_FLAGS=  -O2 -c" "EXTRA_COMPILER_FLAGS=-mcpu=cortex-a9 -mfpu=vfpv3 -mfloat-abi=hard -nos
TRACE::2026-01-08.17:32:21::SCWBDomain::tartfiles -g -Wall -Wextra -fno-tree-loop-distribute-patterns"

TRACE::2026-01-08.17:32:22::SCWBDomain::"Running Make include in ps7_cortexa9_0/libsrc/usbps_v2_7/src"

TRACE::2026-01-08.17:32:22::SCWBDomain::make -C ps7_cortexa9_0/libsrc/usbps_v2_7/src -s include  "SHELL=CMD" "COMPILER=arm-none-eabi-gcc" "ASSEMBLER=arm-none-eabi-as" 
TRACE::2026-01-08.17:32:22::SCWBDomain::"ARCHIVER=arm-none-eabi-ar" "COMPILER_FLAGS=  -O2 -c" "EXTRA_COMPILER_FLAGS=-mcpu=cortex-a9 -mfpu=vfpv3 -mfloat-abi=hard -nosta
TRACE::2026-01-08.17:32:22::SCWBDomain::rtfiles -g -Wall -Wextra -fno-tree-loop-distribute-patterns"

TRACE::2026-01-08.17:32:22::SCWBDomain::"Running Make include in ps7_cortexa9_0/libsrc/xadcps_v2_6/src"

TRACE::2026-01-08.17:32:22::SCWBDomain::make -C ps7_cortexa9_0/libsrc/xadcps_v2_6/src -s include  "SHELL=CMD" "COMPILER=arm-none-eabi-gcc" "ASSEMBLER=arm-none-eabi-as"
TRACE::2026-01-08.17:32:22::SCWBDomain:: "ARCHIVER=arm-none-eabi-ar" "COMPILER_FLAGS=  -O2 -c" "EXTRA_COMPILER_FLAGS=-mcpu=cortex-a9 -mfpu=vfpv3 -mfloat-abi=hard -nost
TRACE::2026-01-08.17:32:22::SCWBDomain::artfiles -g -Wall -Wextra -fno-tree-loop-distribute-patterns"

TRACE::2026-01-08.17:32:22::SCWBDomain::"Running Make include in ps7_cortexa9_0/libsrc/xilffs_v4_6/src"

TRACE::2026-01-08.17:32:22::SCWBDomain::make -C ps7_cortexa9_0/libsrc/xilffs_v4_6/src -s include  "SHELL=CMD" "COMPILER=arm-none-eabi-gcc" "ASSEMBLER=arm-none-eabi-as"
TRACE::2026-01-08.17:32:22::SCWBDomain:: "ARCHIVER=arm-none-eabi-ar" "COMPILER_FLAGS=  -O2 -c" "EXTRA_COMPILER_FLAGS=-mcpu=cortex-a9 -mfpu=vfpv3 -mfloat-abi=hard -nost
TRACE::2026-01-08.17:32:22::SCWBDomain::artfiles -g -Wall -Wextra -fno-tree-loop-distribute-patterns"

TRACE::2026-01-08.17:32:22::SCWBDomain::"Running Make include in ps7_cortexa9_0/libsrc/xilrsa_v1_6/src"

TRACE::2026-01-08.17:32:22::SCWBDomain::make -C ps7_cortexa9_0/libsrc/xilrsa_v1_6/src -s include  "SHELL=CMD" "COMPILER=arm-none-eabi-gcc" "ASSEMBLER=arm-none-eabi-as"
TRACE::2026-01-08.17:32:22::SCWBDomain:: "ARCHIVER=arm-none-eabi-ar" "COMPILER_FLAGS=  -O2 -c" "EXTRA_COMPILER_FLAGS=-mcpu=cortex-a9 -mfpu=vfpv3 -mfloat-abi=hard -nost
TRACE::2026-01-08.17:32:22::SCWBDomain::artfiles -g -Wall -Wextra -fno-tree-loop-distribute-patterns"

TRACE::2026-01-08.17:32:22::SCWBDomain::"Running Make libs in ps7_cortexa9_0/libsrc/xilrsa_v1_6/src"

TRACE::2026-01-08.17:32:23::SCWBDomain::make -C ps7_cortexa9_0/libsrc/xilrsa_v1_6/src -s libs  "SHELL=CMD" "COMPILER=arm-none-eabi-gcc" "ASSEMBLER=arm-none-eabi-as" "A
TRACE::2026-01-08.17:32:23::SCWBDomain::RCHIVER=arm-none-eabi-ar" "COMPILER_FLAGS=  -O2 -c" "EXTRA_COMPILER_FLAGS=-mcpu=cortex-a9 -mfpu=vfpv3 -mfloat-abi=hard -nostart
TRACE::2026-01-08.17:32:23::SCWBDomain::files -g -Wall -Wextra -fno-tree-loop-distribute-patterns"

TRACE::2026-01-08.17:32:23::SCWBDomain::'Finished building libraries sequentially.'

TRACE::2026-01-08.17:32:23::SCWBDomain::make -j 14 --no-print-directory par_libs

TRACE::2026-01-08.17:32:23::SCWBDomain::"Running Make include in ps7_cortexa9_0/libsrc/axivdma_v6_10/src"

TRACE::2026-01-08.17:32:23::SCWBDomain::"Running Make include in ps7_cortexa9_0/libsrc/coresightps_dcc_v1_8/src"

TRACE::2026-01-08.17:32:23::SCWBDomain::make -C ps7_cortexa9_0/libsrc/axivdma_v6_10/src -s include  "SHELL=CMD" "COMPILER=arm-none-eabi-gcc" "ASSEMBLER=arm-none-eabi-a
TRACE::2026-01-08.17:32:23::SCWBDomain::s" "ARCHIVER=arm-none-eabi-ar" "COMPILER_FLAGS=  -O2 -c" "EXTRA_COMPILER_FLAGS=-mcpu=cortex-a9 -mfpu=vfpv3 -mfloat-abi=hard -no
TRACE::2026-01-08.17:32:23::SCWBDomain::startfiles -g -Wall -Wextra -fno-tree-loop-distribute-patterns"

TRACE::2026-01-08.17:32:23::SCWBDomain::make -C ps7_cortexa9_0/libsrc/coresightps_dcc_v1_8/src -s include  "SHELL=CMD" "COMPILER=arm-none-eabi-gcc" "ASSEMBLER=arm-none
TRACE::2026-01-08.17:32:23::SCWBDomain::-eabi-as" "ARCHIVER=arm-none-eabi-ar" "COMPILER_FLAGS=  -O2 -c" "EXTRA_COMPILER_FLAGS=-mcpu=cortex-a9 -mfpu=vfpv3 -mfloat-abi=h
TRACE::2026-01-08.17:32:23::SCWBDomain::ard -nostartfiles -g -Wall -Wextra -fno-tree-loop-distribute-patterns"

TRACE::2026-01-08.17:32:23::SCWBDomain::"Running Make include in ps7_cortexa9_0/libsrc/cpu_cortexa9_v2_11/src"

TRACE::2026-01-08.17:32:23::SCWBDomain::"Running Make include in ps7_cortexa9_0/libsrc/ddrps_v1_2/src"

TRACE::2026-01-08.17:32:23::SCWBDomain::"Running Make include in ps7_cortexa9_0/libsrc/devcfg_v3_7/src"

TRACE::2026-01-08.17:32:23::SCWBDomain::"Running Make include in ps7_cortexa9_0/libsrc/dmaps_v2_8/src"

TRACE::2026-01-08.17:32:23::SCWBDomain::"Running Make include in ps7_cortexa9_0/libsrc/emacps_v3_15/src"

TRACE::2026-01-08.17:32:23::SCWBDomain::make -C ps7_cortexa9_0/libsrc/cpu_cortexa9_v2_11/src -s include  "SHELL=CMD" "COMPILER=arm-none-eabi-gcc" "ASSEMBLER=arm-none-e
TRACE::2026-01-08.17:32:23::SCWBDomain::abi-as" "ARCHIVER=arm-none-eabi-ar" "COMPILER_FLAGS=  -O2 -c" "EXTRA_COMPILER_FLAGS=-mcpu=cortex-a9 -mfpu=vfpv3 -mfloat-abi=har
TRACE::2026-01-08.17:32:23::SCWBDomain::d -nostartfiles -g -Wall -Wextra -fno-tree-loop-distribute-patterns"

TRACE::2026-01-08.17:32:23::SCWBDomain::make -C ps7_cortexa9_0/libsrc/ddrps_v1_2/src -s include  "SHELL=CMD" "COMPILER=arm-none-eabi-gcc" "ASSEMBLER=arm-none-eabi-as" 
TRACE::2026-01-08.17:32:23::SCWBDomain::"ARCHIVER=arm-none-eabi-ar" "COMPILER_FLAGS=  -O2 -c" "EXTRA_COMPILER_FLAGS=-mcpu=cortex-a9 -mfpu=vfpv3 -mfloat-abi=hard -nosta
TRACE::2026-01-08.17:32:23::SCWBDomain::rtfiles -g -Wall -Wextra -fno-tree-loop-distribute-patterns"

TRACE::2026-01-08.17:32:23::SCWBDomain::make -C ps7_cortexa9_0/libsrc/devcfg_v3_7/src -s include  "SHELL=CMD" "COMPILER=arm-none-eabi-gcc" "ASSEMBLER=arm-none-eabi-as"
TRACE::2026-01-08.17:32:23::SCWBDomain:: "ARCHIVER=arm-none-eabi-ar" "COMPILER_FLAGS=  -O2 -c" "EXTRA_COMPILER_FLAGS=-mcpu=cortex-a9 -mfpu=vfpv3 -mfloat-abi=hard -nost
TRACE::2026-01-08.17:32:23::SCWBDomain::artfiles -g -Wall -Wextra -fno-tree-loop-distribute-patterns"

TRACE::2026-01-08.17:32:23::SCWBDomain::"Running Make include in ps7_cortexa9_0/libsrc/gpiops_v3_9/src"

TRACE::2026-01-08.17:32:23::SCWBDomain::make -C ps7_cortexa9_0/libsrc/dmaps_v2_8/src -s include  "SHELL=CMD" "COMPILER=arm-none-eabi-gcc" "ASSEMBLER=arm-none-eabi-as" 
TRACE::2026-01-08.17:32:23::SCWBDomain::"ARCHIVER=arm-none-eabi-ar" "COMPILER_FLAGS=  -O2 -c" "EXTRA_COMPILER_FLAGS=-mcpu=cortex-a9 -mfpu=vfpv3 -mfloat-abi=hard -nosta
TRACE::2026-01-08.17:32:23::SCWBDomain::rtfiles -g -Wall -Wextra -fno-tree-loop-distribute-patterns"

TRACE::2026-01-08.17:32:23::SCWBDomain::make -C ps7_cortexa9_0/libsrc/emacps_v3_15/src -s include  "SHELL=CMD" "COMPILER=arm-none-eabi-gcc" "ASSEMBLER=arm-none-eabi-as
TRACE::2026-01-08.17:32:23::SCWBDomain::" "ARCHIVER=arm-none-eabi-ar" "COMPILER_FLAGS=  -O2 -c" "EXTRA_COMPILER_FLAGS=-mcpu=cortex-a9 -mfpu=vfpv3 -mfloat-abi=hard -nos
TRACE::2026-01-08.17:32:23::SCWBDomain::tartfiles -g -Wall -Wextra -fno-tree-loop-distribute-patterns"

TRACE::2026-01-08.17:32:23::SCWBDomain::make -C ps7_cortexa9_0/libsrc/gpiops_v3_9/src -s include  "SHELL=CMD" "COMPILER=arm-none-eabi-gcc" "ASSEMBLER=arm-none-eabi-as"
TRACE::2026-01-08.17:32:23::SCWBDomain:: "ARCHIVER=arm-none-eabi-ar" "COMPILER_FLAGS=  -O2 -c" "EXTRA_COMPILER_FLAGS=-mcpu=cortex-a9 -mfpu=vfpv3 -mfloat-abi=hard -nost
TRACE::2026-01-08.17:32:23::SCWBDomain::artfiles -g -Wall -Wextra -fno-tree-loop-distribute-patterns"

TRACE::2026-01-08.17:32:23::SCWBDomain::"Running Make include in ps7_cortexa9_0/libsrc/iicps_v3_14/src"

TRACE::2026-01-08.17:32:23::SCWBDomain::"Running Make include in ps7_cortexa9_0/libsrc/qspips_v3_9/src"

TRACE::2026-01-08.17:32:23::SCWBDomain::"Running Make include in ps7_cortexa9_0/libsrc/scugic_v4_6/src"

TRACE::2026-01-08.17:32:23::SCWBDomain::make -C ps7_cortexa9_0/libsrc/iicps_v3_14/src -s include  "SHELL=CMD" "COMPILER=arm-none-eabi-gcc" "ASSEMBLER=arm-none-eabi-as"
TRACE::2026-01-08.17:32:23::SCWBDomain:: "ARCHIVER=arm-none-eabi-ar" "COMPILER_FLAGS=  -O2 -c" "EXTRA_COMPILER_FLAGS=-mcpu=cortex-a9 -mfpu=vfpv3 -mfloat-abi=hard -nost
TRACE::2026-01-08.17:32:23::SCWBDomain::artfiles -g -Wall -Wextra -fno-tree-loop-distribute-patterns"

TRACE::2026-01-08.17:32:23::SCWBDomain::make -C ps7_cortexa9_0/libsrc/qspips_v3_9/src -s include  "SHELL=CMD" "COMPILER=arm-none-eabi-gcc" "ASSEMBLER=arm-none-eabi-as"
TRACE::2026-01-08.17:32:23::SCWBDomain:: "ARCHIVER=arm-none-eabi-ar" "COMPILER_FLAGS=  -O2 -c" "EXTRA_COMPILER_FLAGS=-mcpu=cortex-a9 -mfpu=vfpv3 -mfloat-abi=hard -nost
TRACE::2026-01-08.17:32:23::SCWBDomain::artfiles -g -Wall -Wextra -fno-tree-loop-distribute-patterns"

TRACE::2026-01-08.17:32:23::SCWBDomain::"Running Make include in ps7_cortexa9_0/libsrc/scutimer_v2_3/src"

TRACE::2026-01-08.17:32:23::SCWBDomain::make -C ps7_cortexa9_0/libsrc/scugic_v4_6/src -s include  "SHELL=CMD" "COMPILER=arm-none-eabi-gcc" "ASSEMBLER=arm-none-eabi-as"
TRACE::2026-01-08.17:32:23::SCWBDomain:: "ARCHIVER=arm-none-eabi-ar" "COMPILER_FLAGS=  -O2 -c" "EXTRA_COMPILER_FLAGS=-mcpu=cortex-a9 -mfpu=vfpv3 -mfloat-abi=hard -nost
TRACE::2026-01-08.17:32:23::SCWBDomain::artfiles -g -Wall -Wextra -fno-tree-loop-distribute-patterns"

TRACE::2026-01-08.17:32:23::SCWBDomain::"Running Make include in ps7_cortexa9_0/libsrc/scuwdt_v2_4/src"

TRACE::2026-01-08.17:32:23::SCWBDomain::"Running Make include in ps7_cortexa9_0/libsrc/sdps_v3_13/src"

TRACE::2026-01-08.17:32:23::SCWBDomain::"Running Make include in ps7_cortexa9_0/libsrc/standalone_v7_6/src"

TRACE::2026-01-08.17:32:23::SCWBDomain::"Running Make include in ps7_cortexa9_0/libsrc/ttcps_v3_14/src"

TRACE::2026-01-08.17:32:23::SCWBDomain::"Running Make include in ps7_cortexa9_0/libsrc/uartps_v3_11/src"

TRACE::2026-01-08.17:32:23::SCWBDomain::"Running Make include in ps7_cortexa9_0/libsrc/usbps_v2_7/src"

TRACE::2026-01-08.17:32:23::SCWBDomain::make -C ps7_cortexa9_0/libsrc/scutimer_v2_3/src -s include  "SHELL=CMD" "COMPILER=arm-none-eabi-gcc" "ASSEMBLER=arm-none-eabi-a
TRACE::2026-01-08.17:32:23::SCWBDomain::s" "ARCHIVER=arm-none-eabi-ar" "COMPILER_FLAGS=  -O2 -c" "EXTRA_COMPILER_FLAGS=-mcpu=cortex-a9 -mfpu=vfpv3 -mfloat-abi=hard -no
TRACE::2026-01-08.17:32:23::SCWBDomain::startfiles -g -Wall -Wextra -fno-tree-loop-distribute-patterns"

TRACE::2026-01-08.17:32:23::SCWBDomain::"Running Make include in ps7_cortexa9_0/libsrc/xadcps_v2_6/src"

TRACE::2026-01-08.17:32:23::SCWBDomain::make -C ps7_cortexa9_0/libsrc/scuwdt_v2_4/src -s include  "SHELL=CMD" "COMPILER=arm-none-eabi-gcc" "ASSEMBLER=arm-none-eabi-as"
TRACE::2026-01-08.17:32:23::SCWBDomain:: "ARCHIVER=arm-none-eabi-ar" "COMPILER_FLAGS=  -O2 -c" "EXTRA_COMPILER_FLAGS=-mcpu=cortex-a9 -mfpu=vfpv3 -mfloat-abi=hard -nost
TRACE::2026-01-08.17:32:23::SCWBDomain::artfiles -g -Wall -Wextra -fno-tree-loop-distribute-patterns"

TRACE::2026-01-08.17:32:23::SCWBDomain::make -C ps7_cortexa9_0/libsrc/sdps_v3_13/src -s include  "SHELL=CMD" "COMPILER=arm-none-eabi-gcc" "ASSEMBLER=arm-none-eabi-as" 
TRACE::2026-01-08.17:32:23::SCWBDomain::"ARCHIVER=arm-none-eabi-ar" "COMPILER_FLAGS=  -O2 -c" "EXTRA_COMPILER_FLAGS=-mcpu=cortex-a9 -mfpu=vfpv3 -mfloat-abi=hard -nosta
TRACE::2026-01-08.17:32:23::SCWBDomain::rtfiles -g -Wall -Wextra -fno-tree-loop-distribute-patterns"

TRACE::2026-01-08.17:32:23::SCWBDomain::make -C ps7_cortexa9_0/libsrc/standalone_v7_6/src -s include  "SHELL=CMD" "COMPILER=arm-none-eabi-gcc" "ASSEMBLER=arm-none-eabi
TRACE::2026-01-08.17:32:23::SCWBDomain::-as" "ARCHIVER=arm-none-eabi-ar" "COMPILER_FLAGS=  -O2 -c" "EXTRA_COMPILER_FLAGS=-mcpu=cortex-a9 -mfpu=vfpv3 -mfloat-abi=hard -
TRACE::2026-01-08.17:32:23::SCWBDomain::nostartfiles -g -Wall -Wextra -fno-tree-loop-distribute-patterns"

TRACE::2026-01-08.17:32:23::SCWBDomain::make -C ps7_cortexa9_0/libsrc/ttcps_v3_14/src -s include  "SHELL=CMD" "COMPILER=arm-none-eabi-gcc" "ASSEMBLER=arm-none-eabi-as"
TRACE::2026-01-08.17:32:23::SCWBDomain:: "ARCHIVER=arm-none-eabi-ar" "COMPILER_FLAGS=  -O2 -c" "EXTRA_COMPILER_FLAGS=-mcpu=cortex-a9 -mfpu=vfpv3 -mfloat-abi=hard -nost
TRACE::2026-01-08.17:32:23::SCWBDomain::artfiles -g -Wall -Wextra -fno-tree-loop-distribute-patterns"

TRACE::2026-01-08.17:32:23::SCWBDomain::make -C ps7_cortexa9_0/libsrc/uartps_v3_11/src -s include  "SHELL=CMD" "COMPILER=arm-none-eabi-gcc" "ASSEMBLER=arm-none-eabi-as
TRACE::2026-01-08.17:32:23::SCWBDomain::" "ARCHIVER=arm-none-eabi-ar" "COMPILER_FLAGS=  -O2 -c" "EXTRA_COMPILER_FLAGS=-mcpu=cortex-a9 -mfpu=vfpv3 -mfloat-abi=hard -nos
TRACE::2026-01-08.17:32:23::SCWBDomain::tartfiles -g -Wall -Wextra -fno-tree-loop-distribute-patterns"

TRACE::2026-01-08.17:32:23::SCWBDomain::make -C ps7_cortexa9_0/libsrc/usbps_v2_7/src -s include  "SHELL=CMD" "COMPILER=arm-none-eabi-gcc" "ASSEMBLER=arm-none-eabi-as" 
TRACE::2026-01-08.17:32:23::SCWBDomain::"ARCHIVER=arm-none-eabi-ar" "COMPILER_FLAGS=  -O2 -c" "EXTRA_COMPILER_FLAGS=-mcpu=cortex-a9 -mfpu=vfpv3 -mfloat-abi=hard -nosta
TRACE::2026-01-08.17:32:23::SCWBDomain::rtfiles -g -Wall -Wextra -fno-tree-loop-distribute-patterns"

TRACE::2026-01-08.17:32:23::SCWBDomain::"Running Make include in ps7_cortexa9_0/libsrc/xilffs_v4_6/src"

TRACE::2026-01-08.17:32:23::SCWBDomain::"Running Make include in ps7_cortexa9_0/libsrc/xilrsa_v1_6/src"

TRACE::2026-01-08.17:32:23::SCWBDomain::make -C ps7_cortexa9_0/libsrc/xilffs_v4_6/src -s include  "SHELL=CMD" "COMPILER=arm-none-eabi-gcc" "ASSEMBLER=arm-none-eabi-as"
TRACE::2026-01-08.17:32:23::SCWBDomain:: "ARCHIVER=arm-none-eabi-ar" "COMPILER_FLAGS=  -O2 -c" "EXTRA_COMPILER_FLAGS=-mcpu=cortex-a9 -mfpu=vfpv3 -mfloat-abi=hard -nost
TRACE::2026-01-08.17:32:23::SCWBDomain::artfiles -g -Wall -Wextra -fno-tree-loop-distribute-patterns"

TRACE::2026-01-08.17:32:23::SCWBDomain::make -C ps7_cortexa9_0/libsrc/xadcps_v2_6/src -s include  "SHELL=CMD" "COMPILER=arm-none-eabi-gcc" "ASSEMBLER=arm-none-eabi-as"
TRACE::2026-01-08.17:32:23::SCWBDomain:: "ARCHIVER=arm-none-eabi-ar" "COMPILER_FLAGS=  -O2 -c" "EXTRA_COMPILER_FLAGS=-mcpu=cortex-a9 -mfpu=vfpv3 -mfloat-abi=hard -nost
TRACE::2026-01-08.17:32:23::SCWBDomain::artfiles -g -Wall -Wextra -fno-tree-loop-distribute-patterns"

TRACE::2026-01-08.17:32:23::SCWBDomain::make -C ps7_cortexa9_0/libsrc/xilrsa_v1_6/src -s include  "SHELL=CMD" "COMPILER=arm-none-eabi-gcc" "ASSEMBLER=arm-none-eabi-as"
TRACE::2026-01-08.17:32:23::SCWBDomain:: "ARCHIVER=arm-none-eabi-ar" "COMPILER_FLAGS=  -O2 -c" "EXTRA_COMPILER_FLAGS=-mcpu=cortex-a9 -mfpu=vfpv3 -mfloat-abi=hard -nost
TRACE::2026-01-08.17:32:23::SCWBDomain::artfiles -g -Wall -Wextra -fno-tree-loop-distribute-patterns"

TRACE::2026-01-08.17:32:24::SCWBDomain::"Running Make libs in ps7_cortexa9_0/libsrc/axivdma_v6_10/src"

TRACE::2026-01-08.17:32:24::SCWBDomain::"Running Make libs in ps7_cortexa9_0/libsrc/coresightps_dcc_v1_8/src"

TRACE::2026-01-08.17:32:24::SCWBDomain::"Running Make libs in ps7_cortexa9_0/libsrc/cpu_cortexa9_v2_11/src"

TRACE::2026-01-08.17:32:24::SCWBDomain::"Running Make libs in ps7_cortexa9_0/libsrc/ddrps_v1_2/src"

TRACE::2026-01-08.17:32:24::SCWBDomain::make -C ps7_cortexa9_0/libsrc/axivdma_v6_10/src -s libs  "SHELL=CMD" "COMPILER=arm-none-eabi-gcc" "ASSEMBLER=arm-none-eabi-as" 
TRACE::2026-01-08.17:32:24::SCWBDomain::"ARCHIVER=arm-none-eabi-ar" "COMPILER_FLAGS=  -O2 -c" "EXTRA_COMPILER_FLAGS=-mcpu=cortex-a9 -mfpu=vfpv3 -mfloat-abi=hard -nosta
TRACE::2026-01-08.17:32:24::SCWBDomain::rtfiles -g -Wall -Wextra -fno-tree-loop-distribute-patterns"

TRACE::2026-01-08.17:32:24::SCWBDomain::make -C ps7_cortexa9_0/libsrc/coresightps_dcc_v1_8/src -s libs  "SHELL=CMD" "COMPILER=arm-none-eabi-gcc" "ASSEMBLER=arm-none-ea
TRACE::2026-01-08.17:32:24::SCWBDomain::bi-as" "ARCHIVER=arm-none-eabi-ar" "COMPILER_FLAGS=  -O2 -c" "EXTRA_COMPILER_FLAGS=-mcpu=cortex-a9 -mfpu=vfpv3 -mfloat-abi=hard
TRACE::2026-01-08.17:32:24::SCWBDomain:: -nostartfiles -g -Wall -Wextra -fno-tree-loop-distribute-patterns"

TRACE::2026-01-08.17:32:24::SCWBDomain::make -C ps7_cortexa9_0/libsrc/cpu_cortexa9_v2_11/src -s libs  "SHELL=CMD" "COMPILER=arm-none-eabi-gcc" "ASSEMBLER=arm-none-eabi
TRACE::2026-01-08.17:32:24::SCWBDomain::-as" "ARCHIVER=arm-none-eabi-ar" "COMPILER_FLAGS=  -O2 -c" "EXTRA_COMPILER_FLAGS=-mcpu=cortex-a9 -mfpu=vfpv3 -mfloat-abi=hard -
TRACE::2026-01-08.17:32:24::SCWBDomain::nostartfiles -g -Wall -Wextra -fno-tree-loop-distribute-patterns"

TRACE::2026-01-08.17:32:24::SCWBDomain::"Running Make libs in ps7_cortexa9_0/libsrc/devcfg_v3_7/src"

TRACE::2026-01-08.17:32:24::SCWBDomain::"Running Make libs in ps7_cortexa9_0/libsrc/dmaps_v2_8/src"

TRACE::2026-01-08.17:32:24::SCWBDomain::"Running Make libs in ps7_cortexa9_0/libsrc/emacps_v3_15/src"

TRACE::2026-01-08.17:32:24::SCWBDomain::make -C ps7_cortexa9_0/libsrc/ddrps_v1_2/src -s libs  "SHELL=CMD" "COMPILER=arm-none-eabi-gcc" "ASSEMBLER=arm-none-eabi-as" "AR
TRACE::2026-01-08.17:32:24::SCWBDomain::CHIVER=arm-none-eabi-ar" "COMPILER_FLAGS=  -O2 -c" "EXTRA_COMPILER_FLAGS=-mcpu=cortex-a9 -mfpu=vfpv3 -mfloat-abi=hard -nostartf
TRACE::2026-01-08.17:32:24::SCWBDomain::iles -g -Wall -Wextra -fno-tree-loop-distribute-patterns"

TRACE::2026-01-08.17:32:24::SCWBDomain::make -C ps7_cortexa9_0/libsrc/devcfg_v3_7/src -s libs  "SHELL=CMD" "COMPILER=arm-none-eabi-gcc" "ASSEMBLER=arm-none-eabi-as" "A
TRACE::2026-01-08.17:32:24::SCWBDomain::RCHIVER=arm-none-eabi-ar" "COMPILER_FLAGS=  -O2 -c" "EXTRA_COMPILER_FLAGS=-mcpu=cortex-a9 -mfpu=vfpv3 -mfloat-abi=hard -nostart
TRACE::2026-01-08.17:32:24::SCWBDomain::files -g -Wall -Wextra -fno-tree-loop-distribute-patterns"

TRACE::2026-01-08.17:32:24::SCWBDomain::make -C ps7_cortexa9_0/libsrc/dmaps_v2_8/src -s libs  "SHELL=CMD" "COMPILER=arm-none-eabi-gcc" "ASSEMBLER=arm-none-eabi-as" "AR
TRACE::2026-01-08.17:32:24::SCWBDomain::CHIVER=arm-none-eabi-ar" "COMPILER_FLAGS=  -O2 -c" "EXTRA_COMPILER_FLAGS=-mcpu=cortex-a9 -mfpu=vfpv3 -mfloat-abi=hard -nostartf
TRACE::2026-01-08.17:32:24::SCWBDomain::iles -g -Wall -Wextra -fno-tree-loop-distribute-patterns"

TRACE::2026-01-08.17:32:24::SCWBDomain::"Running Make libs in ps7_cortexa9_0/libsrc/gpiops_v3_9/src"

TRACE::2026-01-08.17:32:24::SCWBDomain::make -C ps7_cortexa9_0/libsrc/emacps_v3_15/src -s libs  "SHELL=CMD" "COMPILER=arm-none-eabi-gcc" "ASSEMBLER=arm-none-eabi-as" "
TRACE::2026-01-08.17:32:24::SCWBDomain::ARCHIVER=arm-none-eabi-ar" "COMPILER_FLAGS=  -O2 -c" "EXTRA_COMPILER_FLAGS=-mcpu=cortex-a9 -mfpu=vfpv3 -mfloat-abi=hard -nostar
TRACE::2026-01-08.17:32:24::SCWBDomain::tfiles -g -Wall -Wextra -fno-tree-loop-distribute-patterns"

TRACE::2026-01-08.17:32:24::SCWBDomain::"Running Make libs in ps7_cortexa9_0/libsrc/iicps_v3_14/src"

TRACE::2026-01-08.17:32:24::SCWBDomain::make -C ps7_cortexa9_0/libsrc/gpiops_v3_9/src -s libs  "SHELL=CMD" "COMPILER=arm-none-eabi-gcc" "ASSEMBLER=arm-none-eabi-as" "A
TRACE::2026-01-08.17:32:24::SCWBDomain::RCHIVER=arm-none-eabi-ar" "COMPILER_FLAGS=  -O2 -c" "EXTRA_COMPILER_FLAGS=-mcpu=cortex-a9 -mfpu=vfpv3 -mfloat-abi=hard -nostart
TRACE::2026-01-08.17:32:24::SCWBDomain::files -g -Wall -Wextra -fno-tree-loop-distribute-patterns"

TRACE::2026-01-08.17:32:24::SCWBDomain::make -C ps7_cortexa9_0/libsrc/iicps_v3_14/src -s libs  "SHELL=CMD" "COMPILER=arm-none-eabi-gcc" "ASSEMBLER=arm-none-eabi-as" "A
TRACE::2026-01-08.17:32:24::SCWBDomain::RCHIVER=arm-none-eabi-ar" "COMPILER_FLAGS=  -O2 -c" "EXTRA_COMPILER_FLAGS=-mcpu=cortex-a9 -mfpu=vfpv3 -mfloat-abi=hard -nostart
TRACE::2026-01-08.17:32:24::SCWBDomain::files -g -Wall -Wextra -fno-tree-loop-distribute-patterns"

TRACE::2026-01-08.17:32:25::SCWBDomain::"Running Make libs in ps7_cortexa9_0/libsrc/qspips_v3_9/src"

TRACE::2026-01-08.17:32:25::SCWBDomain::make -C ps7_cortexa9_0/libsrc/qspips_v3_9/src -s libs  "SHELL=CMD" "COMPILER=arm-none-eabi-gcc" "ASSEMBLER=arm-none-eabi-as" "A
TRACE::2026-01-08.17:32:25::SCWBDomain::RCHIVER=arm-none-eabi-ar" "COMPILER_FLAGS=  -O2 -c" "EXTRA_COMPILER_FLAGS=-mcpu=cortex-a9 -mfpu=vfpv3 -mfloat-abi=hard -nostart
TRACE::2026-01-08.17:32:25::SCWBDomain::files -g -Wall -Wextra -fno-tree-loop-distribute-patterns"

TRACE::2026-01-08.17:32:25::SCWBDomain::"Running Make libs in ps7_cortexa9_0/libsrc/scugic_v4_6/src"

TRACE::2026-01-08.17:32:25::SCWBDomain::make -C ps7_cortexa9_0/libsrc/scugic_v4_6/src -s libs  "SHELL=CMD" "COMPILER=arm-none-eabi-gcc" "ASSEMBLER=arm-none-eabi-as" "A
TRACE::2026-01-08.17:32:25::SCWBDomain::RCHIVER=arm-none-eabi-ar" "COMPILER_FLAGS=  -O2 -c" "EXTRA_COMPILER_FLAGS=-mcpu=cortex-a9 -mfpu=vfpv3 -mfloat-abi=hard -nostart
TRACE::2026-01-08.17:32:25::SCWBDomain::files -g -Wall -Wextra -fno-tree-loop-distribute-patterns"

TRACE::2026-01-08.17:32:25::SCWBDomain::"Running Make libs in ps7_cortexa9_0/libsrc/scutimer_v2_3/src"

TRACE::2026-01-08.17:32:26::SCWBDomain::make -C ps7_cortexa9_0/libsrc/scutimer_v2_3/src -s libs  "SHELL=CMD" "COMPILER=arm-none-eabi-gcc" "ASSEMBLER=arm-none-eabi-as" 
TRACE::2026-01-08.17:32:26::SCWBDomain::"ARCHIVER=arm-none-eabi-ar" "COMPILER_FLAGS=  -O2 -c" "EXTRA_COMPILER_FLAGS=-mcpu=cortex-a9 -mfpu=vfpv3 -mfloat-abi=hard -nosta
TRACE::2026-01-08.17:32:26::SCWBDomain::rtfiles -g -Wall -Wextra -fno-tree-loop-distribute-patterns"

TRACE::2026-01-08.17:32:26::SCWBDomain::"Running Make libs in ps7_cortexa9_0/libsrc/scuwdt_v2_4/src"

TRACE::2026-01-08.17:32:26::SCWBDomain::make -C ps7_cortexa9_0/libsrc/scuwdt_v2_4/src -s libs  "SHELL=CMD" "COMPILER=arm-none-eabi-gcc" "ASSEMBLER=arm-none-eabi-as" "A
TRACE::2026-01-08.17:32:26::SCWBDomain::RCHIVER=arm-none-eabi-ar" "COMPILER_FLAGS=  -O2 -c" "EXTRA_COMPILER_FLAGS=-mcpu=cortex-a9 -mfpu=vfpv3 -mfloat-abi=hard -nostart
TRACE::2026-01-08.17:32:26::SCWBDomain::files -g -Wall -Wextra -fno-tree-loop-distribute-patterns"

TRACE::2026-01-08.17:32:27::SCWBDomain::"Running Make libs in ps7_cortexa9_0/libsrc/sdps_v3_13/src"

TRACE::2026-01-08.17:32:27::SCWBDomain::make -C ps7_cortexa9_0/libsrc/sdps_v3_13/src -s libs  "SHELL=CMD" "COMPILER=arm-none-eabi-gcc" "ASSEMBLER=arm-none-eabi-as" "AR
TRACE::2026-01-08.17:32:27::SCWBDomain::CHIVER=arm-none-eabi-ar" "COMPILER_FLAGS=  -O2 -c" "EXTRA_COMPILER_FLAGS=-mcpu=cortex-a9 -mfpu=vfpv3 -mfloat-abi=hard -nostartf
TRACE::2026-01-08.17:32:27::SCWBDomain::iles -g -Wall -Wextra -fno-tree-loop-distribute-patterns"

TRACE::2026-01-08.17:32:27::SCWBDomain::"Running Make libs in ps7_cortexa9_0/libsrc/standalone_v7_6/src"

TRACE::2026-01-08.17:32:27::SCWBDomain::"Running Make libs in ps7_cortexa9_0/libsrc/ttcps_v3_14/src"

TRACE::2026-01-08.17:32:27::SCWBDomain::make -C ps7_cortexa9_0/libsrc/standalone_v7_6/src -s libs  "SHELL=CMD" "COMPILER=arm-none-eabi-gcc" "ASSEMBLER=arm-none-eabi-as
TRACE::2026-01-08.17:32:27::SCWBDomain::" "ARCHIVER=arm-none-eabi-ar" "COMPILER_FLAGS=  -O2 -c" "EXTRA_COMPILER_FLAGS=-mcpu=cortex-a9 -mfpu=vfpv3 -mfloat-abi=hard -nos
TRACE::2026-01-08.17:32:27::SCWBDomain::tartfiles -g -Wall -Wextra -fno-tree-loop-distribute-patterns"

TRACE::2026-01-08.17:32:27::SCWBDomain::make -C ps7_cortexa9_0/libsrc/ttcps_v3_14/src -s libs  "SHELL=CMD" "COMPILER=arm-none-eabi-gcc" "ASSEMBLER=arm-none-eabi-as" "A
TRACE::2026-01-08.17:32:27::SCWBDomain::RCHIVER=arm-none-eabi-ar" "COMPILER_FLAGS=  -O2 -c" "EXTRA_COMPILER_FLAGS=-mcpu=cortex-a9 -mfpu=vfpv3 -mfloat-abi=hard -nostart
TRACE::2026-01-08.17:32:27::SCWBDomain::files -g -Wall -Wextra -fno-tree-loop-distribute-patterns"

TRACE::2026-01-08.17:32:27::SCWBDomain::"Running Make libs in ps7_cortexa9_0/libsrc/uartps_v3_11/src"

TRACE::2026-01-08.17:32:27::SCWBDomain::make -C ps7_cortexa9_0/libsrc/uartps_v3_11/src -s libs  "SHELL=CMD" "COMPILER=arm-none-eabi-gcc" "ASSEMBLER=arm-none-eabi-as" "
TRACE::2026-01-08.17:32:27::SCWBDomain::ARCHIVER=arm-none-eabi-ar" "COMPILER_FLAGS=  -O2 -c" "EXTRA_COMPILER_FLAGS=-mcpu=cortex-a9 -mfpu=vfpv3 -mfloat-abi=hard -nostar
TRACE::2026-01-08.17:32:27::SCWBDomain::tfiles -g -Wall -Wextra -fno-tree-loop-distribute-patterns"

TRACE::2026-01-08.17:32:27::SCWBDomain::"Running Make libs in ps7_cortexa9_0/libsrc/usbps_v2_7/src"

TRACE::2026-01-08.17:32:27::SCWBDomain::make -C ps7_cortexa9_0/libsrc/usbps_v2_7/src -s libs  "SHELL=CMD" "COMPILER=arm-none-eabi-gcc" "ASSEMBLER=arm-none-eabi-as" "AR
TRACE::2026-01-08.17:32:27::SCWBDomain::CHIVER=arm-none-eabi-ar" "COMPILER_FLAGS=  -O2 -c" "EXTRA_COMPILER_FLAGS=-mcpu=cortex-a9 -mfpu=vfpv3 -mfloat-abi=hard -nostartf
TRACE::2026-01-08.17:32:27::SCWBDomain::iles -g -Wall -Wextra -fno-tree-loop-distribute-patterns"

TRACE::2026-01-08.17:32:28::SCWBDomain::"Running Make libs in ps7_cortexa9_0/libsrc/xadcps_v2_6/src"

TRACE::2026-01-08.17:32:28::SCWBDomain::make -C ps7_cortexa9_0/libsrc/xadcps_v2_6/src -s libs  "SHELL=CMD" "COMPILER=arm-none-eabi-gcc" "ASSEMBLER=arm-none-eabi-as" "A
TRACE::2026-01-08.17:32:28::SCWBDomain::RCHIVER=arm-none-eabi-ar" "COMPILER_FLAGS=  -O2 -c" "EXTRA_COMPILER_FLAGS=-mcpu=cortex-a9 -mfpu=vfpv3 -mfloat-abi=hard -nostart
TRACE::2026-01-08.17:32:28::SCWBDomain::files -g -Wall -Wextra -fno-tree-loop-distribute-patterns"

TRACE::2026-01-08.17:32:28::SCWBDomain::"Running Make libs in ps7_cortexa9_0/libsrc/xilffs_v4_6/src"

TRACE::2026-01-08.17:32:28::SCWBDomain::make -C ps7_cortexa9_0/libsrc/xilffs_v4_6/src -s libs  "SHELL=CMD" "COMPILER=arm-none-eabi-gcc" "ASSEMBLER=arm-none-eabi-as" "A
TRACE::2026-01-08.17:32:28::SCWBDomain::RCHIVER=arm-none-eabi-ar" "COMPILER_FLAGS=  -O2 -c" "EXTRA_COMPILER_FLAGS=-mcpu=cortex-a9 -mfpu=vfpv3 -mfloat-abi=hard -nostart
TRACE::2026-01-08.17:32:28::SCWBDomain::files -g -Wall -Wextra -fno-tree-loop-distribute-patterns"

TRACE::2026-01-08.17:32:32::SCWBDomain::'Finished building libraries parallelly.'

TRACE::2026-01-08.17:32:32::SCWBDomain::make --no-print-directory archive

TRACE::2026-01-08.17:32:32::SCWBDomain::arm-none-eabi-ar -r  ps7_cortexa9_0/lib/libxil.a ps7_cortexa9_0/lib/xadcps_selftest.o ps7_cortexa9_0/lib/xplatform_info.o ps7_c
TRACE::2026-01-08.17:32:32::SCWBDomain::ortexa9_0/lib/xil_mem.o ps7_cortexa9_0/lib/_exit.o ps7_cortexa9_0/lib/xusbps_sinit.o ps7_cortexa9_0/lib/xdevcfg_hw.o ps7_cortex
TRACE::2026-01-08.17:32:32::SCWBDomain::a9_0/lib/xil_sleeptimer.o ps7_cortexa9_0/lib/xqspips_options.o ps7_cortexa9_0/lib/xdmaps_g.o ps7_cortexa9_0/lib/xscutimer_g.o p
TRACE::2026-01-08.17:32:32::SCWBDomain::s7_cortexa9_0/lib/xsdps_options.o ps7_cortexa9_0/lib/xil_misc_psreset_api.o ps7_cortexa9_0/lib/xdmaps_sinit.o ps7_cortexa9_0/li
TRACE::2026-01-08.17:32:32::SCWBDomain::b/xscutimer_sinit.o ps7_cortexa9_0/lib/xemacps_hw.o ps7_cortexa9_0/lib/inbyte.o ps7_cortexa9_0/lib/xdmaps_selftest.o ps7_cortex
TRACE::2026-01-08.17:32:32::SCWBDomain::a9_0/lib/xscutimer_selftest.o ps7_cortexa9_0/lib/putnum.o ps7_cortexa9_0/lib/xttcps_selftest.o ps7_cortexa9_0/lib/xqspips_hw.o 
TRACE::2026-01-08.17:32:32::SCWBDomain::ps7_cortexa9_0/lib/xgpiops_g.o ps7_cortexa9_0/lib/xsdps.o ps7_cortexa9_0/lib/close.o ps7_cortexa9_0/lib/xemacps_g.o ps7_cortexa
TRACE::2026-01-08.17:32:32::SCWBDomain::9_0/lib/xgpiops_sinit.o ps7_cortexa9_0/lib/xgpiops_selftest.o ps7_cortexa9_0/lib/xscuwdt.o ps7_cortexa9_0/lib/xaxivdma_g.o ps7_
TRACE::2026-01-08.17:32:32::SCWBDomain::cortexa9_0/lib/xil_clocking.o ps7_cortexa9_0/lib/xiicps_intr.o ps7_cortexa9_0/lib/xaxivdma_sinit.o ps7_cortexa9_0/lib/xuartps_s
TRACE::2026-01-08.17:32:32::SCWBDomain::init.o ps7_cortexa9_0/lib/time.o ps7_cortexa9_0/lib/xaxivdma_selftest.o ps7_cortexa9_0/lib/xiicps_slave.o ps7_cortexa9_0/lib/xi
TRACE::2026-01-08.17:32:32::SCWBDomain::l_printf.o ps7_cortexa9_0/lib/kill.o ps7_cortexa9_0/lib/xadcps.o ps7_cortexa9_0/lib/xiicps_options.o ps7_cortexa9_0/lib/xuartps
TRACE::2026-01-08.17:32:32::SCWBDomain::_selftest.o ps7_cortexa9_0/lib/xuartps_g.o ps7_cortexa9_0/lib/lseek.o ps7_cortexa9_0/lib/xgpiops.o ps7_cortexa9_0/lib/xl2cc_cou
TRACE::2026-01-08.17:32:32::SCWBDomain::nter.o ps7_cortexa9_0/lib/xiicps_hw.o ps7_cortexa9_0/lib/asm_vectors.o ps7_cortexa9_0/lib/usleep.o ps7_cortexa9_0/lib/abort.o p
TRACE::2026-01-08.17:32:32::SCWBDomain::s7_cortexa9_0/lib/xscugic_intr.o ps7_cortexa9_0/lib/getpid.o ps7_cortexa9_0/lib/xiicps_selftest.o ps7_cortexa9_0/lib/xil_testca
TRACE::2026-01-08.17:32:32::SCWBDomain::che.o ps7_cortexa9_0/lib/xdevcfg_sinit.o ps7_cortexa9_0/lib/xdmaps.o ps7_cortexa9_0/lib/xscutimer.o ps7_cortexa9_0/lib/xdevcfg_
TRACE::2026-01-08.17:32:32::SCWBDomain::selftest.o ps7_cortexa9_0/lib/xttcps.o ps7_cortexa9_0/lib/xpm_counter.o ps7_cortexa9_0/lib/xiicps.o ps7_cortexa9_0/lib/_sbrk.o 
TRACE::2026-01-08.17:32:32::SCWBDomain::ps7_cortexa9_0/lib/xiicps_master.o ps7_cortexa9_0/lib/xqspips_g.o ps7_cortexa9_0/lib/xemacps_bdring.o ps7_cortexa9_0/lib/xusbps
TRACE::2026-01-08.17:32:32::SCWBDomain::_endpoint.o ps7_cortexa9_0/lib/xusbps_g.o ps7_cortexa9_0/lib/xsdps_sinit.o ps7_cortexa9_0/lib/xqspips_selftest.o ps7_cortexa9_0
TRACE::2026-01-08.17:32:32::SCWBDomain::/lib/xil_exception.o ps7_cortexa9_0/lib/sbrk.o ps7_cortexa9_0/lib/xil_testmem.o ps7_cortexa9_0/lib/xaxivdma.o ps7_cortexa9_0/li
TRACE::2026-01-08.17:32:32::SCWBDomain::b/xemacps_control.o ps7_cortexa9_0/lib/open.o ps7_cortexa9_0/lib/xil_assert.o ps7_cortexa9_0/lib/xaxivdma_intr.o ps7_cortexa9_0
TRACE::2026-01-08.17:32:32::SCWBDomain::/lib/xusbps_intr.o ps7_cortexa9_0/lib/xsdps_host.o ps7_cortexa9_0/lib/xcoresightpsdcc.o ps7_cortexa9_0/lib/xiicps_xfer.o ps7_co
TRACE::2026-01-08.17:32:32::SCWBDomain::rtexa9_0/lib/xscugic_hw.o ps7_cortexa9_0/lib/sleep.o ps7_cortexa9_0/lib/cpputest_time.o ps7_cortexa9_0/lib/_open.o ps7_cortexa9
TRACE::2026-01-08.17:32:32::SCWBDomain::_0/lib/xttcps_options.o ps7_cortexa9_0/lib/print.o ps7_cortexa9_0/lib/read.o ps7_cortexa9_0/lib/xdevcfg.o ps7_cortexa9_0/lib/xa
TRACE::2026-01-08.17:32:32::SCWBDomain::dcps_intr.o ps7_cortexa9_0/lib/xqspips.o ps7_cortexa9_0/lib/xemacps.o ps7_cortexa9_0/lib/xil_cache.o ps7_cortexa9_0/lib/xil_tes
TRACE::2026-01-08.17:32:32::SCWBDomain::tio.o ps7_cortexa9_0/lib/unlink.o ps7_cortexa9_0/lib/xusbps.o ps7_cortexa9_0/lib/xil_spinlock.o ps7_cortexa9_0/lib/xiicps_g.o p
TRACE::2026-01-08.17:32:32::SCWBDomain::s7_cortexa9_0/lib/translation_table.o ps7_cortexa9_0/lib/xusbps_hw.o ps7_cortexa9_0/lib/write.o ps7_cortexa9_0/lib/xil_mmu.o ps
TRACE::2026-01-08.17:32:32::SCWBDomain::7_cortexa9_0/lib/boot.o ps7_cortexa9_0/lib/xaxivdma_channel.o ps7_cortexa9_0/lib/cpu_init.o ps7_cortexa9_0/lib/xil_sleepcommon.
TRACE::2026-01-08.17:32:32::SCWBDomain::o ps7_cortexa9_0/lib/xgpiops_intr.o ps7_cortexa9_0/lib/xscugic_sinit.o ps7_cortexa9_0/lib/fcntl.o ps7_cortexa9_0/lib/xdevcfg_g.
TRACE::2026-01-08.17:32:32::SCWBDomain::o ps7_cortexa9_0/lib/outbyte.o ps7_cortexa9_0/lib/xuartps_hw.o ps7_cortexa9_0/lib/xttcps_g.o ps7_cortexa9_0/lib/xtime_l.o ps7_c
TRACE::2026-01-08.17:32:32::SCWBDomain::ortexa9_0/lib/xemacps_sinit.o ps7_cortexa9_0/lib/xscugic_selftest.o ps7_cortexa9_0/lib/xil_util.o ps7_cortexa9_0/lib/xuartps_in
TRACE::2026-01-08.17:32:32::SCWBDomain::tr.o ps7_cortexa9_0/lib/xuartps.o ps7_cortexa9_0/lib/xsdps_card.o ps7_cortexa9_0/lib/xdmaps_hw.o ps7_cortexa9_0/lib/xttcps_sini
TRACE::2026-01-08.17:32:32::SCWBDomain::t.o ps7_cortexa9_0/lib/xgpiops_hw.o ps7_cortexa9_0/lib/xsdps_g.o ps7_cortexa9_0/lib/fstat.o ps7_cortexa9_0/lib/errno.o ps7_cort
TRACE::2026-01-08.17:32:32::SCWBDomain::exa9_0/lib/xdevcfg_intr.o ps7_cortexa9_0/lib/xuartps_options.o ps7_cortexa9_0/lib/vectors.o ps7_cortexa9_0/lib/xscuwdt_g.o ps7_
TRACE::2026-01-08.17:32:32::SCWBDomain::cortexa9_0/lib/xscuwdt_sinit.o ps7_cortexa9_0/lib/xemacps_intr.o ps7_cortexa9_0/lib/xscuwdt_selftest.o ps7_cortexa9_0/lib/xscug
TRACE::2026-01-08.17:32:32::SCWBDomain::ic_g.o ps7_cortexa9_0/lib/isatty.o ps7_cortexa9_0/lib/xil-crt0.o ps7_cortexa9_0/lib/xscugic.o ps7_cortexa9_0/lib/xiicps_sinit.o
TRACE::2026-01-08.17:32:32::SCWBDomain:: ps7_cortexa9_0/lib/xadcps_g.o ps7_cortexa9_0/lib/xqspips_sinit.o ps7_cortexa9_0/lib/xadcps_sinit.o

TRACE::2026-01-08.17:32:32::SCWBDomain::'Finished building libraries'

TRACE::2026-01-08.17:32:32::SCWBDomain::make: Leaving directory 'H:/test/two/fpga_arm/vitis/zc706_md/zynq_fsbl/zynq_fsbl_bsp'

TRACE::2026-01-08.17:32:32::SCWBDomain::arm-none-eabi-gcc  -O2 -c -MMD -MP       -mcpu=cortex-a9 -mfpu=vfpv3 -mfloat-abi=hard  -c sd.c -o sd.o -Izynq_fsbl_bsp/ps7_cort
TRACE::2026-01-08.17:32:32::SCWBDomain::exa9_0/include -I.

TRACE::2026-01-08.17:32:33::SCWBDomain::arm-none-eabi-gcc  -O2 -c -MMD -MP       -mcpu=cortex-a9 -mfpu=vfpv3 -mfloat-abi=hard  -c nand.c -o nand.o -Izynq_fsbl_bsp/ps7_
TRACE::2026-01-08.17:32:33::SCWBDomain::cortexa9_0/include -I.

TRACE::2026-01-08.17:32:33::SCWBDomain::arm-none-eabi-gcc  -O2 -c -MMD -MP       -mcpu=cortex-a9 -mfpu=vfpv3 -mfloat-abi=hard  -c image_mover.c -o image_mover.o -Izynq
TRACE::2026-01-08.17:32:33::SCWBDomain::_fsbl_bsp/ps7_cortexa9_0/include -I.

TRACE::2026-01-08.17:32:34::SCWBDomain::arm-none-eabi-gcc  -O2 -c -MMD -MP       -mcpu=cortex-a9 -mfpu=vfpv3 -mfloat-abi=hard  -c md5.c -o md5.o -Izynq_fsbl_bsp/ps7_co
TRACE::2026-01-08.17:32:34::SCWBDomain::rtexa9_0/include -I.

TRACE::2026-01-08.17:32:34::SCWBDomain::arm-none-eabi-gcc  -O2 -c -MMD -MP       -mcpu=cortex-a9 -mfpu=vfpv3 -mfloat-abi=hard  -c fsbl_hooks.c -o fsbl_hooks.o -Izynq_f
TRACE::2026-01-08.17:32:34::SCWBDomain::sbl_bsp/ps7_cortexa9_0/include -I.

TRACE::2026-01-08.17:32:34::SCWBDomain::arm-none-eabi-gcc  -O2 -c -MMD -MP       -mcpu=cortex-a9 -mfpu=vfpv3 -mfloat-abi=hard  -c main.c -o main.o -Izynq_fsbl_bsp/ps7_
TRACE::2026-01-08.17:32:34::SCWBDomain::cortexa9_0/include -I.

TRACE::2026-01-08.17:32:34::SCWBDomain::arm-none-eabi-gcc  -O2 -c -MMD -MP       -mcpu=cortex-a9 -mfpu=vfpv3 -mfloat-abi=hard  -c rsa.c -o rsa.o -Izynq_fsbl_bsp/ps7_co
TRACE::2026-01-08.17:32:34::SCWBDomain::rtexa9_0/include -I.

TRACE::2026-01-08.17:32:34::SCWBDomain::arm-none-eabi-gcc  -O2 -c -MMD -MP       -mcpu=cortex-a9 -mfpu=vfpv3 -mfloat-abi=hard  -c nor.c -o nor.o -Izynq_fsbl_bsp/ps7_co
TRACE::2026-01-08.17:32:34::SCWBDomain::rtexa9_0/include -I.

TRACE::2026-01-08.17:32:35::SCWBDomain::arm-none-eabi-gcc  -O2 -c -MMD -MP       -mcpu=cortex-a9 -mfpu=vfpv3 -mfloat-abi=hard  -c qspi.c -o qspi.o -Izynq_fsbl_bsp/ps7_
TRACE::2026-01-08.17:32:35::SCWBDomain::cortexa9_0/include -I.

TRACE::2026-01-08.17:32:35::SCWBDomain::arm-none-eabi-gcc  -O2 -c -MMD -MP       -mcpu=cortex-a9 -mfpu=vfpv3 -mfloat-abi=hard  -c ps7_init.c -o ps7_init.o -Izynq_fsbl_
TRACE::2026-01-08.17:32:35::SCWBDomain::bsp/ps7_cortexa9_0/include -I.

TRACE::2026-01-08.17:32:35::SCWBDomain::arm-none-eabi-gcc  -O2 -c -MMD -MP       -mcpu=cortex-a9 -mfpu=vfpv3 -mfloat-abi=hard  -c pcap.c -o pcap.o -Izynq_fsbl_bsp/ps7_
TRACE::2026-01-08.17:32:35::SCWBDomain::cortexa9_0/include -I.

TRACE::2026-01-08.17:32:35::SCWBDomain::arm-none-eabi-gcc  -O2 -c -MMD -MP       -mcpu=cortex-a9 -mfpu=vfpv3 -mfloat-abi=hard  -c fsbl_handoff.S -o fsbl_handoff.o -Izy
TRACE::2026-01-08.17:32:35::SCWBDomain::nq_fsbl_bsp/ps7_cortexa9_0/include -I.

TRACE::2026-01-08.17:32:35::SCWBDomain::arm-none-eabi-gcc -o fsbl.elf fsbl_handoff.o fsbl_hooks.o image_mover.o main.o md5.o nand.o nor.o pcap.o ps7_init.o qspi.o rsa.
TRACE::2026-01-08.17:32:35::SCWBDomain::o sd.o -MMD -MP       -mcpu=cortex-a9 -mfpu=vfpv3 -mfloat-abi=hard   -mcpu=cortex-a9 -mfpu=vfpv3 -mfloat-abi=hard -Wl,-build-id
TRACE::2026-01-08.17:32:35::SCWBDomain::=none -specs=Xilinx.spec  -lrsa -Wl,--start-group,-lxil,-lgcc,-lc,--end-group -Wl,--start-group,-lxilffs,-lxil,-lgcc,-lc,--end-
TRACE::2026-01-08.17:32:35::SCWBDomain::group -Wl,--start-group,-lrsa,-lxil,-lgcc,-lc,--end-group                                      -Wl,--gc-sections -Lzynq_fsbl_bs
TRACE::2026-01-08.17:32:35::SCWBDomain::p/ps7_cortexa9_0/lib -L./ -Tlscript.ld

LOG::2026-01-08.17:32:36::SCWSystem::Checking the domain standalone_ps7_cortexa9_0
LOG::2026-01-08.17:32:36::SCWSystem::Not a boot domain 
LOG::2026-01-08.17:32:36::SCWSystem::Started Processing the domain standalone_ps7_cortexa9_0
TRACE::2026-01-08.17:32:36::SCWDomain::Generating domain artifcats
TRACE::2026-01-08.17:32:36::SCWMssOS::Generating standalone artifcats
TRACE::2026-01-08.17:32:36::SCWMssOS::Copying the qemu file from  E:/xilinx/Vitis/2021.2/data/emulation/platforms/zynq/sw/a9_standalone/qemu/qemu_args.txt To H:/test/two/fpga_arm/vitis/zc706_md/export/zc706_md/sw/zc706_md/qemu/
TRACE::2026-01-08.17:32:36::SCWMssOS::Copying the qemu file from  E:/xilinx/Vitis/2021.2/data/emulation/platforms/zynq/sw/a9_standalone/qemu/qemu_args.txt To H:/test/two/fpga_arm/vitis/zc706_md/export/zc706_md/sw/zc706_md/standalone_ps7_cortexa9_0/qemu/
TRACE::2026-01-08.17:32:36::SCWMssOS:: Copying the user libraries. 
TRACE::2026-01-08.17:32:36::SCWPlatform::Trying to open the hw design at H:/test/two/fpga_arm/vitis/zc706_md/hw/design_1_wrapper.xsa
TRACE::2026-01-08.17:32:36::SCWPlatform::DSA given H:/test/two/fpga_arm/vitis/zc706_md/hw/design_1_wrapper.xsa
TRACE::2026-01-08.17:32:36::SCWPlatform::DSA absoulate path H:/test/two/fpga_arm/vitis/zc706_md/hw/design_1_wrapper.xsa
TRACE::2026-01-08.17:32:36::SCWPlatform::DSA directory H:/test/two/fpga_arm/vitis/zc706_md/hw
TRACE::2026-01-08.17:32:36::SCWPlatform:: Platform Path H:/test/two/fpga_arm/vitis/zc706_md/hw/design_1_wrapper.xsa
TRACE::2026-01-08.17:32:36::SCWPlatform:: Unique name xilinx:zc706::0.0
TRACE::2026-01-08.17:32:36::SCWPlatform::Trying to set the existing hwdb with name design_1_wrapper_6
TRACE::2026-01-08.17:32:36::SCWPlatform::Opened existing hwdb design_1_wrapper_6
TRACE::2026-01-08.17:32:36::SCWPlatform::Found the Hw Db part of the input DSA
TRACE::2026-01-08.17:32:36::SCWMssOS::Checking the sw design at  H:/test/two/fpga_arm/vitis/zc706_md/ps7_cortexa9_0/standalone_ps7_cortexa9_0/bsp/system.mss
TRACE::2026-01-08.17:32:36::SCWMssOS::DEBUG:  swdes dump  H:/test/two/fpga_arm/vitis/zc706_md/zynq_fsbl/zynq_fsbl_bsp/system.mss|system||

TRACE::2026-01-08.17:32:36::SCWMssOS::No sw design opened at  H:/test/two/fpga_arm/vitis/zc706_md/ps7_cortexa9_0/standalone_ps7_cortexa9_0/bsp/system.mss
TRACE::2026-01-08.17:32:36::SCWMssOS::mss exists loading the mss file  H:/test/two/fpga_arm/vitis/zc706_md/ps7_cortexa9_0/standalone_ps7_cortexa9_0/bsp/system.mss
TRACE::2026-01-08.17:32:36::SCWMssOS::Opened the sw design from mss  H:/test/two/fpga_arm/vitis/zc706_md/ps7_cortexa9_0/standalone_ps7_cortexa9_0/bsp/system.mss
TRACE::2026-01-08.17:32:36::SCWMssOS::Adding the swdes entry H:/test/two/fpga_arm/vitis/zc706_md/ps7_cortexa9_0/standalone_ps7_cortexa9_0/bsp/system.mss with des name system_0
TRACE::2026-01-08.17:32:36::SCWMssOS::updating the scw layer about changes
TRACE::2026-01-08.17:32:36::SCWMssOS::Opened the sw design.  H:/test/two/fpga_arm/vitis/zc706_md/ps7_cortexa9_0/standalone_ps7_cortexa9_0/bsp/system.mss
TRACE::2026-01-08.17:32:36::SCWMssOS::Completed writing the mss file at H:/test/two/fpga_arm/vitis/zc706_md/ps7_cortexa9_0/standalone_ps7_cortexa9_0/bsp
TRACE::2026-01-08.17:32:36::SCWMssOS::Mss edits present, copying mssfile into export location H:/test/two/fpga_arm/vitis/zc706_md/ps7_cortexa9_0/standalone_ps7_cortexa9_0/bsp/system.mss
TRACE::2026-01-08.17:32:36::SCWMssOS::bsp generated is upto date with the mss file. Skipping bsp generation.
TRACE::2026-01-08.17:32:36::SCWMssOS::BSP is already built. skipping the bsp build ... 
TRACE::2026-01-08.17:32:36::SCWDomain::Building the domain as part of full build :  standalone_ps7_cortexa9_0
TRACE::2026-01-08.17:32:36::SCWMssOS::doing bsp build ... 
TRACE::2026-01-08.17:32:36::SCWMssOS::System Command Ran  H: & cd  H:/test/two/fpga_arm/vitis/zc706_md/ps7_cortexa9_0/standalone_ps7_cortexa9_0/bsp & make 
TRACE::2026-01-08.17:32:36::SCWMssOS::make --no-print-directory seq_libs

TRACE::2026-01-08.17:32:36::SCWMssOS::"Running Make include in ps7_cortexa9_0/libsrc/axivdma_v6_10/src"

TRACE::2026-01-08.17:32:36::SCWMssOS::make -C ps7_cortexa9_0/libsrc/axivdma_v6_10/src -s include  "SHELL=CMD" "COMPILER=arm-none-eabi-gcc" "ASSEMBLER=arm-none-eabi-a
TRACE::2026-01-08.17:32:36::SCWMssOS::s" "ARCHIVER=arm-none-eabi-ar" "COMPILER_FLAGS=  -O2 -c" "EXTRA_COMPILER_FLAGS=-mcpu=cortex-a9 -mfpu=vfpv3 -mfloat-abi=hard -no
TRACE::2026-01-08.17:32:36::SCWMssOS::startfiles -g -Wall -Wextra -fno-tree-loop-distribute-patterns"

TRACE::2026-01-08.17:32:36::SCWMssOS::"Running Make include in ps7_cortexa9_0/libsrc/coresightps_dcc_v1_8/src"

TRACE::2026-01-08.17:32:36::SCWMssOS::make -C ps7_cortexa9_0/libsrc/coresightps_dcc_v1_8/src -s include  "SHELL=CMD" "COMPILER=arm-none-eabi-gcc" "ASSEMBLER=arm-none
TRACE::2026-01-08.17:32:36::SCWMssOS::-eabi-as" "ARCHIVER=arm-none-eabi-ar" "COMPILER_FLAGS=  -O2 -c" "EXTRA_COMPILER_FLAGS=-mcpu=cortex-a9 -mfpu=vfpv3 -mfloat-abi=h
TRACE::2026-01-08.17:32:36::SCWMssOS::ard -nostartfiles -g -Wall -Wextra -fno-tree-loop-distribute-patterns"

TRACE::2026-01-08.17:32:37::SCWMssOS::"Running Make include in ps7_cortexa9_0/libsrc/cpu_cortexa9_v2_11/src"

TRACE::2026-01-08.17:32:37::SCWMssOS::make -C ps7_cortexa9_0/libsrc/cpu_cortexa9_v2_11/src -s include  "SHELL=CMD" "COMPILER=arm-none-eabi-gcc" "ASSEMBLER=arm-none-e
TRACE::2026-01-08.17:32:37::SCWMssOS::abi-as" "ARCHIVER=arm-none-eabi-ar" "COMPILER_FLAGS=  -O2 -c" "EXTRA_COMPILER_FLAGS=-mcpu=cortex-a9 -mfpu=vfpv3 -mfloat-abi=har
TRACE::2026-01-08.17:32:37::SCWMssOS::d -nostartfiles -g -Wall -Wextra -fno-tree-loop-distribute-patterns"

TRACE::2026-01-08.17:32:37::SCWMssOS::"Running Make include in ps7_cortexa9_0/libsrc/ddrps_v1_2/src"

TRACE::2026-01-08.17:32:37::SCWMssOS::make -C ps7_cortexa9_0/libsrc/ddrps_v1_2/src -s include  "SHELL=CMD" "COMPILER=arm-none-eabi-gcc" "ASSEMBLER=arm-none-eabi-as" 
TRACE::2026-01-08.17:32:37::SCWMssOS::"ARCHIVER=arm-none-eabi-ar" "COMPILER_FLAGS=  -O2 -c" "EXTRA_COMPILER_FLAGS=-mcpu=cortex-a9 -mfpu=vfpv3 -mfloat-abi=hard -nosta
TRACE::2026-01-08.17:32:37::SCWMssOS::rtfiles -g -Wall -Wextra -fno-tree-loop-distribute-patterns"

TRACE::2026-01-08.17:32:37::SCWMssOS::"Running Make include in ps7_cortexa9_0/libsrc/devcfg_v3_7/src"

TRACE::2026-01-08.17:32:37::SCWMssOS::make -C ps7_cortexa9_0/libsrc/devcfg_v3_7/src -s include  "SHELL=CMD" "COMPILER=arm-none-eabi-gcc" "ASSEMBLER=arm-none-eabi-as"
TRACE::2026-01-08.17:32:37::SCWMssOS:: "ARCHIVER=arm-none-eabi-ar" "COMPILER_FLAGS=  -O2 -c" "EXTRA_COMPILER_FLAGS=-mcpu=cortex-a9 -mfpu=vfpv3 -mfloat-abi=hard -nost
TRACE::2026-01-08.17:32:37::SCWMssOS::artfiles -g -Wall -Wextra -fno-tree-loop-distribute-patterns"

TRACE::2026-01-08.17:32:37::SCWMssOS::"Running Make include in ps7_cortexa9_0/libsrc/dmaps_v2_8/src"

TRACE::2026-01-08.17:32:37::SCWMssOS::make -C ps7_cortexa9_0/libsrc/dmaps_v2_8/src -s include  "SHELL=CMD" "COMPILER=arm-none-eabi-gcc" "ASSEMBLER=arm-none-eabi-as" 
TRACE::2026-01-08.17:32:37::SCWMssOS::"ARCHIVER=arm-none-eabi-ar" "COMPILER_FLAGS=  -O2 -c" "EXTRA_COMPILER_FLAGS=-mcpu=cortex-a9 -mfpu=vfpv3 -mfloat-abi=hard -nosta
TRACE::2026-01-08.17:32:37::SCWMssOS::rtfiles -g -Wall -Wextra -fno-tree-loop-distribute-patterns"

TRACE::2026-01-08.17:32:37::SCWMssOS::"Running Make include in ps7_cortexa9_0/libsrc/emacps_v3_15/src"

TRACE::2026-01-08.17:32:38::SCWMssOS::make -C ps7_cortexa9_0/libsrc/emacps_v3_15/src -s include  "SHELL=CMD" "COMPILER=arm-none-eabi-gcc" "ASSEMBLER=arm-none-eabi-as
TRACE::2026-01-08.17:32:38::SCWMssOS::" "ARCHIVER=arm-none-eabi-ar" "COMPILER_FLAGS=  -O2 -c" "EXTRA_COMPILER_FLAGS=-mcpu=cortex-a9 -mfpu=vfpv3 -mfloat-abi=hard -nos
TRACE::2026-01-08.17:32:38::SCWMssOS::tartfiles -g -Wall -Wextra -fno-tree-loop-distribute-patterns"

TRACE::2026-01-08.17:32:38::SCWMssOS::"Running Make include in ps7_cortexa9_0/libsrc/gpiops_v3_9/src"

TRACE::2026-01-08.17:32:38::SCWMssOS::make -C ps7_cortexa9_0/libsrc/gpiops_v3_9/src -s include  "SHELL=CMD" "COMPILER=arm-none-eabi-gcc" "ASSEMBLER=arm-none-eabi-as"
TRACE::2026-01-08.17:32:38::SCWMssOS:: "ARCHIVER=arm-none-eabi-ar" "COMPILER_FLAGS=  -O2 -c" "EXTRA_COMPILER_FLAGS=-mcpu=cortex-a9 -mfpu=vfpv3 -mfloat-abi=hard -nost
TRACE::2026-01-08.17:32:38::SCWMssOS::artfiles -g -Wall -Wextra -fno-tree-loop-distribute-patterns"

TRACE::2026-01-08.17:32:39::SCWMssOS::"Running Make include in ps7_cortexa9_0/libsrc/iicps_v3_14/src"

TRACE::2026-01-08.17:32:39::SCWMssOS::make -C ps7_cortexa9_0/libsrc/iicps_v3_14/src -s include  "SHELL=CMD" "COMPILER=arm-none-eabi-gcc" "ASSEMBLER=arm-none-eabi-as"
TRACE::2026-01-08.17:32:39::SCWMssOS:: "ARCHIVER=arm-none-eabi-ar" "COMPILER_FLAGS=  -O2 -c" "EXTRA_COMPILER_FLAGS=-mcpu=cortex-a9 -mfpu=vfpv3 -mfloat-abi=hard -nost
TRACE::2026-01-08.17:32:39::SCWMssOS::artfiles -g -Wall -Wextra -fno-tree-loop-distribute-patterns"

TRACE::2026-01-08.17:32:39::SCWMssOS::"Running Make include in ps7_cortexa9_0/libsrc/lwip211_v1_6/src"

TRACE::2026-01-08.17:32:39::SCWMssOS::make -C ps7_cortexa9_0/libsrc/lwip211_v1_6/src -s include  "SHELL=CMD" "COMPILER=arm-none-eabi-gcc" "ASSEMBLER=arm-none-eabi-as
TRACE::2026-01-08.17:32:39::SCWMssOS::" "ARCHIVER=arm-none-eabi-ar" "COMPILER_FLAGS=  -O2 -c" "EXTRA_COMPILER_FLAGS=-mcpu=cortex-a9 -mfpu=vfpv3 -mfloat-abi=hard -nos
TRACE::2026-01-08.17:32:39::SCWMssOS::tartfiles -g -Wall -Wextra -fno-tree-loop-distribute-patterns"

TRACE::2026-01-08.17:32:42::SCWMssOS::"Running Make include in ps7_cortexa9_0/libsrc/qspips_v3_9/src"

TRACE::2026-01-08.17:32:42::SCWMssOS::make -C ps7_cortexa9_0/libsrc/qspips_v3_9/src -s include  "SHELL=CMD" "COMPILER=arm-none-eabi-gcc" "ASSEMBLER=arm-none-eabi-as"
TRACE::2026-01-08.17:32:42::SCWMssOS:: "ARCHIVER=arm-none-eabi-ar" "COMPILER_FLAGS=  -O2 -c" "EXTRA_COMPILER_FLAGS=-mcpu=cortex-a9 -mfpu=vfpv3 -mfloat-abi=hard -nost
TRACE::2026-01-08.17:32:42::SCWMssOS::artfiles -g -Wall -Wextra -fno-tree-loop-distribute-patterns"

TRACE::2026-01-08.17:32:42::SCWMssOS::"Running Make include in ps7_cortexa9_0/libsrc/scugic_v4_6/src"

TRACE::2026-01-08.17:32:42::SCWMssOS::make -C ps7_cortexa9_0/libsrc/scugic_v4_6/src -s include  "SHELL=CMD" "COMPILER=arm-none-eabi-gcc" "ASSEMBLER=arm-none-eabi-as"
TRACE::2026-01-08.17:32:42::SCWMssOS:: "ARCHIVER=arm-none-eabi-ar" "COMPILER_FLAGS=  -O2 -c" "EXTRA_COMPILER_FLAGS=-mcpu=cortex-a9 -mfpu=vfpv3 -mfloat-abi=hard -nost
TRACE::2026-01-08.17:32:42::SCWMssOS::artfiles -g -Wall -Wextra -fno-tree-loop-distribute-patterns"

TRACE::2026-01-08.17:32:42::SCWMssOS::"Running Make include in ps7_cortexa9_0/libsrc/scutimer_v2_3/src"

TRACE::2026-01-08.17:32:42::SCWMssOS::make -C ps7_cortexa9_0/libsrc/scutimer_v2_3/src -s include  "SHELL=CMD" "COMPILER=arm-none-eabi-gcc" "ASSEMBLER=arm-none-eabi-a
TRACE::2026-01-08.17:32:42::SCWMssOS::s" "ARCHIVER=arm-none-eabi-ar" "COMPILER_FLAGS=  -O2 -c" "EXTRA_COMPILER_FLAGS=-mcpu=cortex-a9 -mfpu=vfpv3 -mfloat-abi=hard -no
TRACE::2026-01-08.17:32:42::SCWMssOS::startfiles -g -Wall -Wextra -fno-tree-loop-distribute-patterns"

TRACE::2026-01-08.17:32:43::SCWMssOS::"Running Make include in ps7_cortexa9_0/libsrc/scuwdt_v2_4/src"

TRACE::2026-01-08.17:32:43::SCWMssOS::make -C ps7_cortexa9_0/libsrc/scuwdt_v2_4/src -s include  "SHELL=CMD" "COMPILER=arm-none-eabi-gcc" "ASSEMBLER=arm-none-eabi-as"
TRACE::2026-01-08.17:32:43::SCWMssOS:: "ARCHIVER=arm-none-eabi-ar" "COMPILER_FLAGS=  -O2 -c" "EXTRA_COMPILER_FLAGS=-mcpu=cortex-a9 -mfpu=vfpv3 -mfloat-abi=hard -nost
TRACE::2026-01-08.17:32:43::SCWMssOS::artfiles -g -Wall -Wextra -fno-tree-loop-distribute-patterns"

TRACE::2026-01-08.17:32:43::SCWMssOS::"Running Make include in ps7_cortexa9_0/libsrc/sdps_v3_13/src"

TRACE::2026-01-08.17:32:43::SCWMssOS::make -C ps7_cortexa9_0/libsrc/sdps_v3_13/src -s include  "SHELL=CMD" "COMPILER=arm-none-eabi-gcc" "ASSEMBLER=arm-none-eabi-as" 
TRACE::2026-01-08.17:32:43::SCWMssOS::"ARCHIVER=arm-none-eabi-ar" "COMPILER_FLAGS=  -O2 -c" "EXTRA_COMPILER_FLAGS=-mcpu=cortex-a9 -mfpu=vfpv3 -mfloat-abi=hard -nosta
TRACE::2026-01-08.17:32:43::SCWMssOS::rtfiles -g -Wall -Wextra -fno-tree-loop-distribute-patterns"

TRACE::2026-01-08.17:32:43::SCWMssOS::"Running Make include in ps7_cortexa9_0/libsrc/standalone_v7_6/src"

TRACE::2026-01-08.17:32:43::SCWMssOS::make -C ps7_cortexa9_0/libsrc/standalone_v7_6/src -s include  "SHELL=CMD" "COMPILER=arm-none-eabi-gcc" "ASSEMBLER=arm-none-eabi
TRACE::2026-01-08.17:32:43::SCWMssOS::-as" "ARCHIVER=arm-none-eabi-ar" "COMPILER_FLAGS=  -O2 -c" "EXTRA_COMPILER_FLAGS=-mcpu=cortex-a9 -mfpu=vfpv3 -mfloat-abi=hard -
TRACE::2026-01-08.17:32:43::SCWMssOS::nostartfiles -g -Wall -Wextra -fno-tree-loop-distribute-patterns"

TRACE::2026-01-08.17:32:46::SCWMssOS::"Running Make include in ps7_cortexa9_0/libsrc/ttcps_v3_14/src"

TRACE::2026-01-08.17:32:46::SCWMssOS::make -C ps7_cortexa9_0/libsrc/ttcps_v3_14/src -s include  "SHELL=CMD" "COMPILER=arm-none-eabi-gcc" "ASSEMBLER=arm-none-eabi-as"
TRACE::2026-01-08.17:32:46::SCWMssOS:: "ARCHIVER=arm-none-eabi-ar" "COMPILER_FLAGS=  -O2 -c" "EXTRA_COMPILER_FLAGS=-mcpu=cortex-a9 -mfpu=vfpv3 -mfloat-abi=hard -nost
TRACE::2026-01-08.17:32:46::SCWMssOS::artfiles -g -Wall -Wextra -fno-tree-loop-distribute-patterns"

TRACE::2026-01-08.17:32:46::SCWMssOS::"Running Make include in ps7_cortexa9_0/libsrc/uartps_v3_11/src"

TRACE::2026-01-08.17:32:46::SCWMssOS::make -C ps7_cortexa9_0/libsrc/uartps_v3_11/src -s include  "SHELL=CMD" "COMPILER=arm-none-eabi-gcc" "ASSEMBLER=arm-none-eabi-as
TRACE::2026-01-08.17:32:46::SCWMssOS::" "ARCHIVER=arm-none-eabi-ar" "COMPILER_FLAGS=  -O2 -c" "EXTRA_COMPILER_FLAGS=-mcpu=cortex-a9 -mfpu=vfpv3 -mfloat-abi=hard -nos
TRACE::2026-01-08.17:32:46::SCWMssOS::tartfiles -g -Wall -Wextra -fno-tree-loop-distribute-patterns"

TRACE::2026-01-08.17:32:46::SCWMssOS::"Running Make include in ps7_cortexa9_0/libsrc/usbps_v2_7/src"

TRACE::2026-01-08.17:32:46::SCWMssOS::make -C ps7_cortexa9_0/libsrc/usbps_v2_7/src -s include  "SHELL=CMD" "COMPILER=arm-none-eabi-gcc" "ASSEMBLER=arm-none-eabi-as" 
TRACE::2026-01-08.17:32:46::SCWMssOS::"ARCHIVER=arm-none-eabi-ar" "COMPILER_FLAGS=  -O2 -c" "EXTRA_COMPILER_FLAGS=-mcpu=cortex-a9 -mfpu=vfpv3 -mfloat-abi=hard -nosta
TRACE::2026-01-08.17:32:46::SCWMssOS::rtfiles -g -Wall -Wextra -fno-tree-loop-distribute-patterns"

TRACE::2026-01-08.17:32:47::SCWMssOS::"Running Make include in ps7_cortexa9_0/libsrc/xadcps_v2_6/src"

TRACE::2026-01-08.17:32:47::SCWMssOS::make -C ps7_cortexa9_0/libsrc/xadcps_v2_6/src -s include  "SHELL=CMD" "COMPILER=arm-none-eabi-gcc" "ASSEMBLER=arm-none-eabi-as"
TRACE::2026-01-08.17:32:47::SCWMssOS:: "ARCHIVER=arm-none-eabi-ar" "COMPILER_FLAGS=  -O2 -c" "EXTRA_COMPILER_FLAGS=-mcpu=cortex-a9 -mfpu=vfpv3 -mfloat-abi=hard -nost
TRACE::2026-01-08.17:32:47::SCWMssOS::artfiles -g -Wall -Wextra -fno-tree-loop-distribute-patterns"

TRACE::2026-01-08.17:32:47::SCWMssOS::"Running Make include in ps7_cortexa9_0/libsrc/xilffs_v4_6/src"

TRACE::2026-01-08.17:32:47::SCWMssOS::make -C ps7_cortexa9_0/libsrc/xilffs_v4_6/src -s include  "SHELL=CMD" "COMPILER=arm-none-eabi-gcc" "ASSEMBLER=arm-none-eabi-as"
TRACE::2026-01-08.17:32:47::SCWMssOS:: "ARCHIVER=arm-none-eabi-ar" "COMPILER_FLAGS=  -O2 -c" "EXTRA_COMPILER_FLAGS=-mcpu=cortex-a9 -mfpu=vfpv3 -mfloat-abi=hard -nost
TRACE::2026-01-08.17:32:47::SCWMssOS::artfiles -g -Wall -Wextra -fno-tree-loop-distribute-patterns"

TRACE::2026-01-08.17:32:47::SCWMssOS::"Running Make libs in ps7_cortexa9_0/libsrc/lwip211_v1_6/src"

TRACE::2026-01-08.17:32:47::SCWMssOS::make -C ps7_cortexa9_0/libsrc/lwip211_v1_6/src -s libs  "SHELL=CMD" "COMPILER=arm-none-eabi-gcc" "ASSEMBLER=arm-none-eabi-as" "
TRACE::2026-01-08.17:32:47::SCWMssOS::ARCHIVER=arm-none-eabi-ar" "COMPILER_FLAGS=  -O2 -c" "EXTRA_COMPILER_FLAGS=-mcpu=cortex-a9 -mfpu=vfpv3 -mfloat-abi=hard -nostar
TRACE::2026-01-08.17:32:47::SCWMssOS::tfiles -g -Wall -Wextra -fno-tree-loop-distribute-patterns"

TRACE::2026-01-08.17:32:47::SCWMssOS::"Compiling lwip src and adapter files"

TRACE::2026-01-08.17:32:59::SCWMssOS::'Finished building libraries sequentially.'

TRACE::2026-01-08.17:32:59::SCWMssOS::make -j 14 --no-print-directory par_libs

TRACE::2026-01-08.17:32:59::SCWMssOS::"Running Make include in ps7_cortexa9_0/libsrc/axivdma_v6_10/src"

TRACE::2026-01-08.17:32:59::SCWMssOS::make -C ps7_cortexa9_0/libsrc/axivdma_v6_10/src -s include  "SHELL=CMD" "COMPILER=arm-none-eabi-gcc" "ASSEMBLER=arm-none-eabi-a
TRACE::2026-01-08.17:32:59::SCWMssOS::s" "ARCHIVER=arm-none-eabi-ar" "COMPILER_FLAGS=  -O2 -c" "EXTRA_COMPILER_FLAGS=-mcpu=cortex-a9 -mfpu=vfpv3 -mfloat-abi=hard -no
TRACE::2026-01-08.17:32:59::SCWMssOS::startfiles -g -Wall -Wextra -fno-tree-loop-distribute-patterns"

TRACE::2026-01-08.17:32:59::SCWMssOS::"Running Make include in ps7_cortexa9_0/libsrc/coresightps_dcc_v1_8/src"

TRACE::2026-01-08.17:32:59::SCWMssOS::make -C ps7_cortexa9_0/libsrc/coresightps_dcc_v1_8/src -s include  "SHELL=CMD" "COMPILER=arm-none-eabi-gcc" "ASSEMBLER=arm-none
TRACE::2026-01-08.17:32:59::SCWMssOS::-eabi-as" "ARCHIVER=arm-none-eabi-ar" "COMPILER_FLAGS=  -O2 -c" "EXTRA_COMPILER_FLAGS=-mcpu=cortex-a9 -mfpu=vfpv3 -mfloat-abi=h
TRACE::2026-01-08.17:32:59::SCWMssOS::ard -nostartfiles -g -Wall -Wextra -fno-tree-loop-distribute-patterns"

TRACE::2026-01-08.17:32:59::SCWMssOS::"Running Make include in ps7_cortexa9_0/libsrc/cpu_cortexa9_v2_11/src"

TRACE::2026-01-08.17:32:59::SCWMssOS::"Running Make include in ps7_cortexa9_0/libsrc/ddrps_v1_2/src"

TRACE::2026-01-08.17:32:59::SCWMssOS::"Running Make include in ps7_cortexa9_0/libsrc/devcfg_v3_7/src"

TRACE::2026-01-08.17:32:59::SCWMssOS::"Running Make include in ps7_cortexa9_0/libsrc/dmaps_v2_8/src"

TRACE::2026-01-08.17:32:59::SCWMssOS::"Running Make include in ps7_cortexa9_0/libsrc/emacps_v3_15/src"

TRACE::2026-01-08.17:32:59::SCWMssOS::make -C ps7_cortexa9_0/libsrc/cpu_cortexa9_v2_11/src -s include  "SHELL=CMD" "COMPILER=arm-none-eabi-gcc" "ASSEMBLER=arm-none-e
TRACE::2026-01-08.17:32:59::SCWMssOS::abi-as" "ARCHIVER=arm-none-eabi-ar" "COMPILER_FLAGS=  -O2 -c" "EXTRA_COMPILER_FLAGS=-mcpu=cortex-a9 -mfpu=vfpv3 -mfloat-abi=har
TRACE::2026-01-08.17:32:59::SCWMssOS::d -nostartfiles -g -Wall -Wextra -fno-tree-loop-distribute-patterns"

TRACE::2026-01-08.17:32:59::SCWMssOS::make -C ps7_cortexa9_0/libsrc/ddrps_v1_2/src -s include  "SHELL=CMD" "COMPILER=arm-none-eabi-gcc" "ASSEMBLER=arm-none-eabi-as" 
TRACE::2026-01-08.17:32:59::SCWMssOS::"ARCHIVER=arm-none-eabi-ar" "COMPILER_FLAGS=  -O2 -c" "EXTRA_COMPILER_FLAGS=-mcpu=cortex-a9 -mfpu=vfpv3 -mfloat-abi=hard -nosta
TRACE::2026-01-08.17:32:59::SCWMssOS::rtfiles -g -Wall -Wextra -fno-tree-loop-distribute-patterns"

TRACE::2026-01-08.17:32:59::SCWMssOS::make -C ps7_cortexa9_0/libsrc/devcfg_v3_7/src -s include  "SHELL=CMD" "COMPILER=arm-none-eabi-gcc" "ASSEMBLER=arm-none-eabi-as"
TRACE::2026-01-08.17:32:59::SCWMssOS:: "ARCHIVER=arm-none-eabi-ar" "COMPILER_FLAGS=  -O2 -c" "EXTRA_COMPILER_FLAGS=-mcpu=cortex-a9 -mfpu=vfpv3 -mfloat-abi=hard -nost
TRACE::2026-01-08.17:32:59::SCWMssOS::artfiles -g -Wall -Wextra -fno-tree-loop-distribute-patterns"

TRACE::2026-01-08.17:32:59::SCWMssOS::"Running Make include in ps7_cortexa9_0/libsrc/gpiops_v3_9/src"

TRACE::2026-01-08.17:32:59::SCWMssOS::make -C ps7_cortexa9_0/libsrc/dmaps_v2_8/src -s include  "SHELL=CMD" "COMPILER=arm-none-eabi-gcc" "ASSEMBLER=arm-none-eabi-as" 
TRACE::2026-01-08.17:32:59::SCWMssOS::"ARCHIVER=arm-none-eabi-ar" "COMPILER_FLAGS=  -O2 -c" "EXTRA_COMPILER_FLAGS=-mcpu=cortex-a9 -mfpu=vfpv3 -mfloat-abi=hard -nosta
TRACE::2026-01-08.17:32:59::SCWMssOS::rtfiles -g -Wall -Wextra -fno-tree-loop-distribute-patterns"

TRACE::2026-01-08.17:32:59::SCWMssOS::make -C ps7_cortexa9_0/libsrc/emacps_v3_15/src -s include  "SHELL=CMD" "COMPILER=arm-none-eabi-gcc" "ASSEMBLER=arm-none-eabi-as
TRACE::2026-01-08.17:32:59::SCWMssOS::" "ARCHIVER=arm-none-eabi-ar" "COMPILER_FLAGS=  -O2 -c" "EXTRA_COMPILER_FLAGS=-mcpu=cortex-a9 -mfpu=vfpv3 -mfloat-abi=hard -nos
TRACE::2026-01-08.17:32:59::SCWMssOS::tartfiles -g -Wall -Wextra -fno-tree-loop-distribute-patterns"

TRACE::2026-01-08.17:32:59::SCWMssOS::make -C ps7_cortexa9_0/libsrc/gpiops_v3_9/src -s include  "SHELL=CMD" "COMPILER=arm-none-eabi-gcc" "ASSEMBLER=arm-none-eabi-as"
TRACE::2026-01-08.17:32:59::SCWMssOS:: "ARCHIVER=arm-none-eabi-ar" "COMPILER_FLAGS=  -O2 -c" "EXTRA_COMPILER_FLAGS=-mcpu=cortex-a9 -mfpu=vfpv3 -mfloat-abi=hard -nost
TRACE::2026-01-08.17:32:59::SCWMssOS::artfiles -g -Wall -Wextra -fno-tree-loop-distribute-patterns"

TRACE::2026-01-08.17:32:59::SCWMssOS::"Running Make include in ps7_cortexa9_0/libsrc/iicps_v3_14/src"

TRACE::2026-01-08.17:32:59::SCWMssOS::"Running Make include in ps7_cortexa9_0/libsrc/lwip211_v1_6/src"

TRACE::2026-01-08.17:32:59::SCWMssOS::"Running Make include in ps7_cortexa9_0/libsrc/qspips_v3_9/src"

TRACE::2026-01-08.17:32:59::SCWMssOS::"Running Make include in ps7_cortexa9_0/libsrc/scugic_v4_6/src"

TRACE::2026-01-08.17:32:59::SCWMssOS::make -C ps7_cortexa9_0/libsrc/iicps_v3_14/src -s include  "SHELL=CMD" "COMPILER=arm-none-eabi-gcc" "ASSEMBLER=arm-none-eabi-as"
TRACE::2026-01-08.17:32:59::SCWMssOS:: "ARCHIVER=arm-none-eabi-ar" "COMPILER_FLAGS=  -O2 -c" "EXTRA_COMPILER_FLAGS=-mcpu=cortex-a9 -mfpu=vfpv3 -mfloat-abi=hard -nost
TRACE::2026-01-08.17:32:59::SCWMssOS::artfiles -g -Wall -Wextra -fno-tree-loop-distribute-patterns"

TRACE::2026-01-08.17:32:59::SCWMssOS::make -C ps7_cortexa9_0/libsrc/lwip211_v1_6/src -s include  "SHELL=CMD" "COMPILER=arm-none-eabi-gcc" "ASSEMBLER=arm-none-eabi-as
TRACE::2026-01-08.17:32:59::SCWMssOS::" "ARCHIVER=arm-none-eabi-ar" "COMPILER_FLAGS=  -O2 -c" "EXTRA_COMPILER_FLAGS=-mcpu=cortex-a9 -mfpu=vfpv3 -mfloat-abi=hard -nos
TRACE::2026-01-08.17:32:59::SCWMssOS::tartfiles -g -Wall -Wextra -fno-tree-loop-distribute-patterns"

TRACE::2026-01-08.17:32:59::SCWMssOS::"Running Make include in ps7_cortexa9_0/libsrc/scutimer_v2_3/src"

TRACE::2026-01-08.17:32:59::SCWMssOS::make -C ps7_cortexa9_0/libsrc/qspips_v3_9/src -s include  "SHELL=CMD" "COMPILER=arm-none-eabi-gcc" "ASSEMBLER=arm-none-eabi-as"
TRACE::2026-01-08.17:32:59::SCWMssOS:: "ARCHIVER=arm-none-eabi-ar" "COMPILER_FLAGS=  -O2 -c" "EXTRA_COMPILER_FLAGS=-mcpu=cortex-a9 -mfpu=vfpv3 -mfloat-abi=hard -nost
TRACE::2026-01-08.17:32:59::SCWMssOS::artfiles -g -Wall -Wextra -fno-tree-loop-distribute-patterns"

TRACE::2026-01-08.17:32:59::SCWMssOS::"Running Make include in ps7_cortexa9_0/libsrc/scuwdt_v2_4/src"

TRACE::2026-01-08.17:32:59::SCWMssOS::"Running Make include in ps7_cortexa9_0/libsrc/sdps_v3_13/src"

TRACE::2026-01-08.17:32:59::SCWMssOS::"Running Make include in ps7_cortexa9_0/libsrc/standalone_v7_6/src"

TRACE::2026-01-08.17:32:59::SCWMssOS::"Running Make include in ps7_cortexa9_0/libsrc/ttcps_v3_14/src"

TRACE::2026-01-08.17:32:59::SCWMssOS::make -C ps7_cortexa9_0/libsrc/scugic_v4_6/src -s include  "SHELL=CMD" "COMPILER=arm-none-eabi-gcc" "ASSEMBLER=arm-none-eabi-as"
TRACE::2026-01-08.17:32:59::SCWMssOS:: "ARCHIVER=arm-none-eabi-ar" "COMPILER_FLAGS=  -O2 -c" "EXTRA_COMPILER_FLAGS=-mcpu=cortex-a9 -mfpu=vfpv3 -mfloat-abi=hard -nost
TRACE::2026-01-08.17:32:59::SCWMssOS::artfiles -g -Wall -Wextra -fno-tree-loop-distribute-patterns"

TRACE::2026-01-08.17:32:59::SCWMssOS::make -C ps7_cortexa9_0/libsrc/scutimer_v2_3/src -s include  "SHELL=CMD" "COMPILER=arm-none-eabi-gcc" "ASSEMBLER=arm-none-eabi-a
TRACE::2026-01-08.17:32:59::SCWMssOS::s" "ARCHIVER=arm-none-eabi-ar" "COMPILER_FLAGS=  -O2 -c" "EXTRA_COMPILER_FLAGS=-mcpu=cortex-a9 -mfpu=vfpv3 -mfloat-abi=hard -no
TRACE::2026-01-08.17:32:59::SCWMssOS::startfiles -g -Wall -Wextra -fno-tree-loop-distribute-patterns"

TRACE::2026-01-08.17:32:59::SCWMssOS::make -C ps7_cortexa9_0/libsrc/scuwdt_v2_4/src -s include  "SHELL=CMD" "COMPILER=arm-none-eabi-gcc" "ASSEMBLER=arm-none-eabi-as"
TRACE::2026-01-08.17:32:59::SCWMssOS:: "ARCHIVER=arm-none-eabi-ar" "COMPILER_FLAGS=  -O2 -c" "EXTRA_COMPILER_FLAGS=-mcpu=cortex-a9 -mfpu=vfpv3 -mfloat-abi=hard -nost
TRACE::2026-01-08.17:32:59::SCWMssOS::artfiles -g -Wall -Wextra -fno-tree-loop-distribute-patterns"

TRACE::2026-01-08.17:32:59::SCWMssOS::"Running Make include in ps7_cortexa9_0/libsrc/uartps_v3_11/src"

TRACE::2026-01-08.17:32:59::SCWMssOS::make -C ps7_cortexa9_0/libsrc/sdps_v3_13/src -s include  "SHELL=CMD" "COMPILER=arm-none-eabi-gcc" "ASSEMBLER=arm-none-eabi-as" 
TRACE::2026-01-08.17:32:59::SCWMssOS::"ARCHIVER=arm-none-eabi-ar" "COMPILER_FLAGS=  -O2 -c" "EXTRA_COMPILER_FLAGS=-mcpu=cortex-a9 -mfpu=vfpv3 -mfloat-abi=hard -nosta
TRACE::2026-01-08.17:32:59::SCWMssOS::rtfiles -g -Wall -Wextra -fno-tree-loop-distribute-patterns"

TRACE::2026-01-08.17:32:59::SCWMssOS::make -C ps7_cortexa9_0/libsrc/standalone_v7_6/src -s include  "SHELL=CMD" "COMPILER=arm-none-eabi-gcc" "ASSEMBLER=arm-none-eabi
TRACE::2026-01-08.17:32:59::SCWMssOS::-as" "ARCHIVER=arm-none-eabi-ar" "COMPILER_FLAGS=  -O2 -c" "EXTRA_COMPILER_FLAGS=-mcpu=cortex-a9 -mfpu=vfpv3 -mfloat-abi=hard -
TRACE::2026-01-08.17:32:59::SCWMssOS::nostartfiles -g -Wall -Wextra -fno-tree-loop-distribute-patterns"

TRACE::2026-01-08.17:32:59::SCWMssOS::make -C ps7_cortexa9_0/libsrc/ttcps_v3_14/src -s include  "SHELL=CMD" "COMPILER=arm-none-eabi-gcc" "ASSEMBLER=arm-none-eabi-as"
TRACE::2026-01-08.17:32:59::SCWMssOS:: "ARCHIVER=arm-none-eabi-ar" "COMPILER_FLAGS=  -O2 -c" "EXTRA_COMPILER_FLAGS=-mcpu=cortex-a9 -mfpu=vfpv3 -mfloat-abi=hard -nost
TRACE::2026-01-08.17:32:59::SCWMssOS::artfiles -g -Wall -Wextra -fno-tree-loop-distribute-patterns"

TRACE::2026-01-08.17:32:59::SCWMssOS::"Running Make include in ps7_cortexa9_0/libsrc/usbps_v2_7/src"

TRACE::2026-01-08.17:32:59::SCWMssOS::"Running Make include in ps7_cortexa9_0/libsrc/xadcps_v2_6/src"

TRACE::2026-01-08.17:32:59::SCWMssOS::"Running Make include in ps7_cortexa9_0/libsrc/xilffs_v4_6/src"

TRACE::2026-01-08.17:32:59::SCWMssOS::make -C ps7_cortexa9_0/libsrc/uartps_v3_11/src -s include  "SHELL=CMD" "COMPILER=arm-none-eabi-gcc" "ASSEMBLER=arm-none-eabi-as
TRACE::2026-01-08.17:33:00::SCWMssOS::" "ARCHIVER=arm-none-eabi-ar" "COMPILER_FLAGS=  -O2 -c" "EXTRA_COMPILER_FLAGS=-mcpu=cortex-a9 -mfpu=vfpv3 -mfloat-abi=hard -nos
TRACE::2026-01-08.17:33:00::SCWMssOS::tartfiles -g -Wall -Wextra -fno-tree-loop-distribute-patterns"

TRACE::2026-01-08.17:33:00::SCWMssOS::make -C ps7_cortexa9_0/libsrc/usbps_v2_7/src -s include  "SHELL=CMD" "COMPILER=arm-none-eabi-gcc" "ASSEMBLER=arm-none-eabi-as" 
TRACE::2026-01-08.17:33:00::SCWMssOS::"ARCHIVER=arm-none-eabi-ar" "COMPILER_FLAGS=  -O2 -c" "EXTRA_COMPILER_FLAGS=-mcpu=cortex-a9 -mfpu=vfpv3 -mfloat-abi=hard -nosta
TRACE::2026-01-08.17:33:00::SCWMssOS::rtfiles -g -Wall -Wextra -fno-tree-loop-distribute-patterns"

TRACE::2026-01-08.17:33:00::SCWMssOS::make -C ps7_cortexa9_0/libsrc/xadcps_v2_6/src -s include  "SHELL=CMD" "COMPILER=arm-none-eabi-gcc" "ASSEMBLER=arm-none-eabi-as"
TRACE::2026-01-08.17:33:00::SCWMssOS:: "ARCHIVER=arm-none-eabi-ar" "COMPILER_FLAGS=  -O2 -c" "EXTRA_COMPILER_FLAGS=-mcpu=cortex-a9 -mfpu=vfpv3 -mfloat-abi=hard -nost
TRACE::2026-01-08.17:33:00::SCWMssOS::artfiles -g -Wall -Wextra -fno-tree-loop-distribute-patterns"

TRACE::2026-01-08.17:33:00::SCWMssOS::make -C ps7_cortexa9_0/libsrc/xilffs_v4_6/src -s include  "SHELL=CMD" "COMPILER=arm-none-eabi-gcc" "ASSEMBLER=arm-none-eabi-as"
TRACE::2026-01-08.17:33:00::SCWMssOS:: "ARCHIVER=arm-none-eabi-ar" "COMPILER_FLAGS=  -O2 -c" "EXTRA_COMPILER_FLAGS=-mcpu=cortex-a9 -mfpu=vfpv3 -mfloat-abi=hard -nost
TRACE::2026-01-08.17:33:00::SCWMssOS::artfiles -g -Wall -Wextra -fno-tree-loop-distribute-patterns"

TRACE::2026-01-08.17:33:00::SCWMssOS::"Running Make libs in ps7_cortexa9_0/libsrc/axivdma_v6_10/src"

TRACE::2026-01-08.17:33:00::SCWMssOS::"Running Make libs in ps7_cortexa9_0/libsrc/coresightps_dcc_v1_8/src"

TRACE::2026-01-08.17:33:00::SCWMssOS::"Running Make libs in ps7_cortexa9_0/libsrc/cpu_cortexa9_v2_11/src"

TRACE::2026-01-08.17:33:00::SCWMssOS::make -C ps7_cortexa9_0/libsrc/axivdma_v6_10/src -s libs  "SHELL=CMD" "COMPILER=arm-none-eabi-gcc" "ASSEMBLER=arm-none-eabi-as" 
TRACE::2026-01-08.17:33:00::SCWMssOS::"ARCHIVER=arm-none-eabi-ar" "COMPILER_FLAGS=  -O2 -c" "EXTRA_COMPILER_FLAGS=-mcpu=cortex-a9 -mfpu=vfpv3 -mfloat-abi=hard -nosta
TRACE::2026-01-08.17:33:00::SCWMssOS::rtfiles -g -Wall -Wextra -fno-tree-loop-distribute-patterns"

TRACE::2026-01-08.17:33:00::SCWMssOS::make -C ps7_cortexa9_0/libsrc/coresightps_dcc_v1_8/src -s libs  "SHELL=CMD" "COMPILER=arm-none-eabi-gcc" "ASSEMBLER=arm-none-ea
TRACE::2026-01-08.17:33:00::SCWMssOS::bi-as" "ARCHIVER=arm-none-eabi-ar" "COMPILER_FLAGS=  -O2 -c" "EXTRA_COMPILER_FLAGS=-mcpu=cortex-a9 -mfpu=vfpv3 -mfloat-abi=hard
TRACE::2026-01-08.17:33:00::SCWMssOS:: -nostartfiles -g -Wall -Wextra -fno-tree-loop-distribute-patterns"

TRACE::2026-01-08.17:33:00::SCWMssOS::make -C ps7_cortexa9_0/libsrc/cpu_cortexa9_v2_11/src -s libs  "SHELL=CMD" "COMPILER=arm-none-eabi-gcc" "ASSEMBLER=arm-none-eabi
TRACE::2026-01-08.17:33:00::SCWMssOS::-as" "ARCHIVER=arm-none-eabi-ar" "COMPILER_FLAGS=  -O2 -c" "EXTRA_COMPILER_FLAGS=-mcpu=cortex-a9 -mfpu=vfpv3 -mfloat-abi=hard -
TRACE::2026-01-08.17:33:00::SCWMssOS::nostartfiles -g -Wall -Wextra -fno-tree-loop-distribute-patterns"

TRACE::2026-01-08.17:33:00::SCWMssOS::"Running Make libs in ps7_cortexa9_0/libsrc/ddrps_v1_2/src"

TRACE::2026-01-08.17:33:00::SCWMssOS::"Running Make libs in ps7_cortexa9_0/libsrc/devcfg_v3_7/src"

TRACE::2026-01-08.17:33:00::SCWMssOS::"Running Make libs in ps7_cortexa9_0/libsrc/dmaps_v2_8/src"

TRACE::2026-01-08.17:33:00::SCWMssOS::"Running Make libs in ps7_cortexa9_0/libsrc/emacps_v3_15/src"

TRACE::2026-01-08.17:33:00::SCWMssOS::"Running Make libs in ps7_cortexa9_0/libsrc/gpiops_v3_9/src"

TRACE::2026-01-08.17:33:00::SCWMssOS::"Running Make libs in ps7_cortexa9_0/libsrc/iicps_v3_14/src"

TRACE::2026-01-08.17:33:00::SCWMssOS::make -C ps7_cortexa9_0/libsrc/ddrps_v1_2/src -s libs  "SHELL=CMD" "COMPILER=arm-none-eabi-gcc" "ASSEMBLER=arm-none-eabi-as" "AR
TRACE::2026-01-08.17:33:00::SCWMssOS::CHIVER=arm-none-eabi-ar" "COMPILER_FLAGS=  -O2 -c" "EXTRA_COMPILER_FLAGS=-mcpu=cortex-a9 -mfpu=vfpv3 -mfloat-abi=hard -nostartf
TRACE::2026-01-08.17:33:00::SCWMssOS::iles -g -Wall -Wextra -fno-tree-loop-distribute-patterns"

TRACE::2026-01-08.17:33:00::SCWMssOS::make -C ps7_cortexa9_0/libsrc/devcfg_v3_7/src -s libs  "SHELL=CMD" "COMPILER=arm-none-eabi-gcc" "ASSEMBLER=arm-none-eabi-as" "A
TRACE::2026-01-08.17:33:00::SCWMssOS::RCHIVER=arm-none-eabi-ar" "COMPILER_FLAGS=  -O2 -c" "EXTRA_COMPILER_FLAGS=-mcpu=cortex-a9 -mfpu=vfpv3 -mfloat-abi=hard -nostart
TRACE::2026-01-08.17:33:00::SCWMssOS::files -g -Wall -Wextra -fno-tree-loop-distribute-patterns"

TRACE::2026-01-08.17:33:00::SCWMssOS::make -C ps7_cortexa9_0/libsrc/dmaps_v2_8/src -s libs  "SHELL=CMD" "COMPILER=arm-none-eabi-gcc" "ASSEMBLER=arm-none-eabi-as" "AR
TRACE::2026-01-08.17:33:00::SCWMssOS::CHIVER=arm-none-eabi-ar" "COMPILER_FLAGS=  -O2 -c" "EXTRA_COMPILER_FLAGS=-mcpu=cortex-a9 -mfpu=vfpv3 -mfloat-abi=hard -nostartf
TRACE::2026-01-08.17:33:00::SCWMssOS::iles -g -Wall -Wextra -fno-tree-loop-distribute-patterns"

TRACE::2026-01-08.17:33:00::SCWMssOS::"Running Make libs in ps7_cortexa9_0/libsrc/qspips_v3_9/src"

TRACE::2026-01-08.17:33:00::SCWMssOS::make -C ps7_cortexa9_0/libsrc/emacps_v3_15/src -s libs  "SHELL=CMD" "COMPILER=arm-none-eabi-gcc" "ASSEMBLER=arm-none-eabi-as" "
TRACE::2026-01-08.17:33:00::SCWMssOS::ARCHIVER=arm-none-eabi-ar" "COMPILER_FLAGS=  -O2 -c" "EXTRA_COMPILER_FLAGS=-mcpu=cortex-a9 -mfpu=vfpv3 -mfloat-abi=hard -nostar
TRACE::2026-01-08.17:33:00::SCWMssOS::tfiles -g -Wall -Wextra -fno-tree-loop-distribute-patterns"

TRACE::2026-01-08.17:33:00::SCWMssOS::make -C ps7_cortexa9_0/libsrc/gpiops_v3_9/src -s libs  "SHELL=CMD" "COMPILER=arm-none-eabi-gcc" "ASSEMBLER=arm-none-eabi-as" "A
TRACE::2026-01-08.17:33:00::SCWMssOS::RCHIVER=arm-none-eabi-ar" "COMPILER_FLAGS=  -O2 -c" "EXTRA_COMPILER_FLAGS=-mcpu=cortex-a9 -mfpu=vfpv3 -mfloat-abi=hard -nostart
TRACE::2026-01-08.17:33:00::SCWMssOS::files -g -Wall -Wextra -fno-tree-loop-distribute-patterns"

TRACE::2026-01-08.17:33:00::SCWMssOS::make -C ps7_cortexa9_0/libsrc/iicps_v3_14/src -s libs  "SHELL=CMD" "COMPILER=arm-none-eabi-gcc" "ASSEMBLER=arm-none-eabi-as" "A
TRACE::2026-01-08.17:33:00::SCWMssOS::RCHIVER=arm-none-eabi-ar" "COMPILER_FLAGS=  -O2 -c" "EXTRA_COMPILER_FLAGS=-mcpu=cortex-a9 -mfpu=vfpv3 -mfloat-abi=hard -nostart
TRACE::2026-01-08.17:33:00::SCWMssOS::files -g -Wall -Wextra -fno-tree-loop-distribute-patterns"

TRACE::2026-01-08.17:33:00::SCWMssOS::make -C ps7_cortexa9_0/libsrc/qspips_v3_9/src -s libs  "SHELL=CMD" "COMPILER=arm-none-eabi-gcc" "ASSEMBLER=arm-none-eabi-as" "A
TRACE::2026-01-08.17:33:01::SCWMssOS::RCHIVER=arm-none-eabi-ar" "COMPILER_FLAGS=  -O2 -c" "EXTRA_COMPILER_FLAGS=-mcpu=cortex-a9 -mfpu=vfpv3 -mfloat-abi=hard -nostart
TRACE::2026-01-08.17:33:01::SCWMssOS::files -g -Wall -Wextra -fno-tree-loop-distribute-patterns"

TRACE::2026-01-08.17:33:01::SCWMssOS::"Running Make libs in ps7_cortexa9_0/libsrc/scugic_v4_6/src"

TRACE::2026-01-08.17:33:01::SCWMssOS::make -C ps7_cortexa9_0/libsrc/scugic_v4_6/src -s libs  "SHELL=CMD" "COMPILER=arm-none-eabi-gcc" "ASSEMBLER=arm-none-eabi-as" "A
TRACE::2026-01-08.17:33:01::SCWMssOS::RCHIVER=arm-none-eabi-ar" "COMPILER_FLAGS=  -O2 -c" "EXTRA_COMPILER_FLAGS=-mcpu=cortex-a9 -mfpu=vfpv3 -mfloat-abi=hard -nostart
TRACE::2026-01-08.17:33:01::SCWMssOS::files -g -Wall -Wextra -fno-tree-loop-distribute-patterns"

TRACE::2026-01-08.17:33:01::SCWMssOS::"Running Make libs in ps7_cortexa9_0/libsrc/scutimer_v2_3/src"

TRACE::2026-01-08.17:33:02::SCWMssOS::make -C ps7_cortexa9_0/libsrc/scutimer_v2_3/src -s libs  "SHELL=CMD" "COMPILER=arm-none-eabi-gcc" "ASSEMBLER=arm-none-eabi-as" 
TRACE::2026-01-08.17:33:02::SCWMssOS::"ARCHIVER=arm-none-eabi-ar" "COMPILER_FLAGS=  -O2 -c" "EXTRA_COMPILER_FLAGS=-mcpu=cortex-a9 -mfpu=vfpv3 -mfloat-abi=hard -nosta
TRACE::2026-01-08.17:33:02::SCWMssOS::rtfiles -g -Wall -Wextra -fno-tree-loop-distribute-patterns"

TRACE::2026-01-08.17:33:02::SCWMssOS::"Running Make libs in ps7_cortexa9_0/libsrc/scuwdt_v2_4/src"

TRACE::2026-01-08.17:33:02::SCWMssOS::make -C ps7_cortexa9_0/libsrc/scuwdt_v2_4/src -s libs  "SHELL=CMD" "COMPILER=arm-none-eabi-gcc" "ASSEMBLER=arm-none-eabi-as" "A
TRACE::2026-01-08.17:33:02::SCWMssOS::RCHIVER=arm-none-eabi-ar" "COMPILER_FLAGS=  -O2 -c" "EXTRA_COMPILER_FLAGS=-mcpu=cortex-a9 -mfpu=vfpv3 -mfloat-abi=hard -nostart
TRACE::2026-01-08.17:33:02::SCWMssOS::files -g -Wall -Wextra -fno-tree-loop-distribute-patterns"

TRACE::2026-01-08.17:33:03::SCWMssOS::"Running Make libs in ps7_cortexa9_0/libsrc/sdps_v3_13/src"

TRACE::2026-01-08.17:33:03::SCWMssOS::"Running Make libs in ps7_cortexa9_0/libsrc/standalone_v7_6/src"

TRACE::2026-01-08.17:33:03::SCWMssOS::make -C ps7_cortexa9_0/libsrc/sdps_v3_13/src -s libs  "SHELL=CMD" "COMPILER=arm-none-eabi-gcc" "ASSEMBLER=arm-none-eabi-as" "AR
TRACE::2026-01-08.17:33:03::SCWMssOS::CHIVER=arm-none-eabi-ar" "COMPILER_FLAGS=  -O2 -c" "EXTRA_COMPILER_FLAGS=-mcpu=cortex-a9 -mfpu=vfpv3 -mfloat-abi=hard -nostartf
TRACE::2026-01-08.17:33:03::SCWMssOS::iles -g -Wall -Wextra -fno-tree-loop-distribute-patterns"

TRACE::2026-01-08.17:33:03::SCWMssOS::make -C ps7_cortexa9_0/libsrc/standalone_v7_6/src -s libs  "SHELL=CMD" "COMPILER=arm-none-eabi-gcc" "ASSEMBLER=arm-none-eabi-as
TRACE::2026-01-08.17:33:03::SCWMssOS::" "ARCHIVER=arm-none-eabi-ar" "COMPILER_FLAGS=  -O2 -c" "EXTRA_COMPILER_FLAGS=-mcpu=cortex-a9 -mfpu=vfpv3 -mfloat-abi=hard -nos
TRACE::2026-01-08.17:33:03::SCWMssOS::tartfiles -g -Wall -Wextra -fno-tree-loop-distribute-patterns"

TRACE::2026-01-08.17:33:03::SCWMssOS::"Running Make libs in ps7_cortexa9_0/libsrc/ttcps_v3_14/src"

TRACE::2026-01-08.17:33:03::SCWMssOS::make -C ps7_cortexa9_0/libsrc/ttcps_v3_14/src -s libs  "SHELL=CMD" "COMPILER=arm-none-eabi-gcc" "ASSEMBLER=arm-none-eabi-as" "A
TRACE::2026-01-08.17:33:03::SCWMssOS::RCHIVER=arm-none-eabi-ar" "COMPILER_FLAGS=  -O2 -c" "EXTRA_COMPILER_FLAGS=-mcpu=cortex-a9 -mfpu=vfpv3 -mfloat-abi=hard -nostart
TRACE::2026-01-08.17:33:03::SCWMssOS::files -g -Wall -Wextra -fno-tree-loop-distribute-patterns"

TRACE::2026-01-08.17:33:03::SCWMssOS::"Running Make libs in ps7_cortexa9_0/libsrc/uartps_v3_11/src"

TRACE::2026-01-08.17:33:03::SCWMssOS::make -C ps7_cortexa9_0/libsrc/uartps_v3_11/src -s libs  "SHELL=CMD" "COMPILER=arm-none-eabi-gcc" "ASSEMBLER=arm-none-eabi-as" "
TRACE::2026-01-08.17:33:03::SCWMssOS::ARCHIVER=arm-none-eabi-ar" "COMPILER_FLAGS=  -O2 -c" "EXTRA_COMPILER_FLAGS=-mcpu=cortex-a9 -mfpu=vfpv3 -mfloat-abi=hard -nostar
TRACE::2026-01-08.17:33:03::SCWMssOS::tfiles -g -Wall -Wextra -fno-tree-loop-distribute-patterns"

TRACE::2026-01-08.17:33:04::SCWMssOS::"Running Make libs in ps7_cortexa9_0/libsrc/usbps_v2_7/src"

TRACE::2026-01-08.17:33:04::SCWMssOS::make -C ps7_cortexa9_0/libsrc/usbps_v2_7/src -s libs  "SHELL=CMD" "COMPILER=arm-none-eabi-gcc" "ASSEMBLER=arm-none-eabi-as" "AR
TRACE::2026-01-08.17:33:04::SCWMssOS::CHIVER=arm-none-eabi-ar" "COMPILER_FLAGS=  -O2 -c" "EXTRA_COMPILER_FLAGS=-mcpu=cortex-a9 -mfpu=vfpv3 -mfloat-abi=hard -nostartf
TRACE::2026-01-08.17:33:04::SCWMssOS::iles -g -Wall -Wextra -fno-tree-loop-distribute-patterns"

TRACE::2026-01-08.17:33:04::SCWMssOS::"Running Make libs in ps7_cortexa9_0/libsrc/xadcps_v2_6/src"

TRACE::2026-01-08.17:33:04::SCWMssOS::make -C ps7_cortexa9_0/libsrc/xadcps_v2_6/src -s libs  "SHELL=CMD" "COMPILER=arm-none-eabi-gcc" "ASSEMBLER=arm-none-eabi-as" "A
TRACE::2026-01-08.17:33:04::SCWMssOS::RCHIVER=arm-none-eabi-ar" "COMPILER_FLAGS=  -O2 -c" "EXTRA_COMPILER_FLAGS=-mcpu=cortex-a9 -mfpu=vfpv3 -mfloat-abi=hard -nostart
TRACE::2026-01-08.17:33:04::SCWMssOS::files -g -Wall -Wextra -fno-tree-loop-distribute-patterns"

TRACE::2026-01-08.17:33:04::SCWMssOS::"Running Make libs in ps7_cortexa9_0/libsrc/xilffs_v4_6/src"

TRACE::2026-01-08.17:33:04::SCWMssOS::make -C ps7_cortexa9_0/libsrc/xilffs_v4_6/src -s libs  "SHELL=CMD" "COMPILER=arm-none-eabi-gcc" "ASSEMBLER=arm-none-eabi-as" "A
TRACE::2026-01-08.17:33:04::SCWMssOS::RCHIVER=arm-none-eabi-ar" "COMPILER_FLAGS=  -O2 -c" "EXTRA_COMPILER_FLAGS=-mcpu=cortex-a9 -mfpu=vfpv3 -mfloat-abi=hard -nostart
TRACE::2026-01-08.17:33:04::SCWMssOS::files -g -Wall -Wextra -fno-tree-loop-distribute-patterns"

TRACE::2026-01-08.17:33:07::SCWMssOS::'Finished building libraries parallelly.'

TRACE::2026-01-08.17:33:08::SCWMssOS::make --no-print-directory archive

TRACE::2026-01-08.17:33:08::SCWMssOS::arm-none-eabi-ar -r  ps7_cortexa9_0/lib/libxil.a ps7_cortexa9_0/lib/xadcps_selftest.o ps7_cortexa9_0/lib/xplatform_info.o ps7_c
TRACE::2026-01-08.17:33:08::SCWMssOS::ortexa9_0/lib/xil_mem.o ps7_cortexa9_0/lib/_exit.o ps7_cortexa9_0/lib/xusbps_sinit.o ps7_cortexa9_0/lib/xdevcfg_hw.o ps7_cortex
TRACE::2026-01-08.17:33:08::SCWMssOS::a9_0/lib/xil_sleeptimer.o ps7_cortexa9_0/lib/xqspips_options.o ps7_cortexa9_0/lib/xdmaps_g.o ps7_cortexa9_0/lib/xscutimer_g.o p
TRACE::2026-01-08.17:33:08::SCWMssOS::s7_cortexa9_0/lib/xsdps_options.o ps7_cortexa9_0/lib/xil_misc_psreset_api.o ps7_cortexa9_0/lib/xdmaps_sinit.o ps7_cortexa9_0/li
TRACE::2026-01-08.17:33:08::SCWMssOS::b/xscutimer_sinit.o ps7_cortexa9_0/lib/xemacps_hw.o ps7_cortexa9_0/lib/inbyte.o ps7_cortexa9_0/lib/xdmaps_selftest.o ps7_cortex
TRACE::2026-01-08.17:33:08::SCWMssOS::a9_0/lib/xscutimer_selftest.o ps7_cortexa9_0/lib/putnum.o ps7_cortexa9_0/lib/xttcps_selftest.o ps7_cortexa9_0/lib/xqspips_hw.o 
TRACE::2026-01-08.17:33:08::SCWMssOS::ps7_cortexa9_0/lib/xgpiops_g.o ps7_cortexa9_0/lib/xsdps.o ps7_cortexa9_0/lib/close.o ps7_cortexa9_0/lib/xemacps_g.o ps7_cortexa
TRACE::2026-01-08.17:33:08::SCWMssOS::9_0/lib/xgpiops_sinit.o ps7_cortexa9_0/lib/xgpiops_selftest.o ps7_cortexa9_0/lib/xscuwdt.o ps7_cortexa9_0/lib/xaxivdma_g.o ps7_
TRACE::2026-01-08.17:33:08::SCWMssOS::cortexa9_0/lib/xil_clocking.o ps7_cortexa9_0/lib/xiicps_intr.o ps7_cortexa9_0/lib/xaxivdma_sinit.o ps7_cortexa9_0/lib/xuartps_s
TRACE::2026-01-08.17:33:08::SCWMssOS::init.o ps7_cortexa9_0/lib/time.o ps7_cortexa9_0/lib/xaxivdma_selftest.o ps7_cortexa9_0/lib/xiicps_slave.o ps7_cortexa9_0/lib/xi
TRACE::2026-01-08.17:33:08::SCWMssOS::l_printf.o ps7_cortexa9_0/lib/kill.o ps7_cortexa9_0/lib/xadcps.o ps7_cortexa9_0/lib/xiicps_options.o ps7_cortexa9_0/lib/xuartps
TRACE::2026-01-08.17:33:08::SCWMssOS::_selftest.o ps7_cortexa9_0/lib/xuartps_g.o ps7_cortexa9_0/lib/lseek.o ps7_cortexa9_0/lib/xgpiops.o ps7_cortexa9_0/lib/xl2cc_cou
TRACE::2026-01-08.17:33:08::SCWMssOS::nter.o ps7_cortexa9_0/lib/xiicps_hw.o ps7_cortexa9_0/lib/asm_vectors.o ps7_cortexa9_0/lib/usleep.o ps7_cortexa9_0/lib/abort.o p
TRACE::2026-01-08.17:33:08::SCWMssOS::s7_cortexa9_0/lib/xscugic_intr.o ps7_cortexa9_0/lib/getpid.o ps7_cortexa9_0/lib/xiicps_selftest.o ps7_cortexa9_0/lib/xil_testca
TRACE::2026-01-08.17:33:08::SCWMssOS::che.o ps7_cortexa9_0/lib/xdevcfg_sinit.o ps7_cortexa9_0/lib/xdmaps.o ps7_cortexa9_0/lib/xscutimer.o ps7_cortexa9_0/lib/xdevcfg_
TRACE::2026-01-08.17:33:08::SCWMssOS::selftest.o ps7_cortexa9_0/lib/xttcps.o ps7_cortexa9_0/lib/xpm_counter.o ps7_cortexa9_0/lib/xiicps.o ps7_cortexa9_0/lib/_sbrk.o 
TRACE::2026-01-08.17:33:08::SCWMssOS::ps7_cortexa9_0/lib/xiicps_master.o ps7_cortexa9_0/lib/xqspips_g.o ps7_cortexa9_0/lib/xemacps_bdring.o ps7_cortexa9_0/lib/xusbps
TRACE::2026-01-08.17:33:08::SCWMssOS::_endpoint.o ps7_cortexa9_0/lib/xusbps_g.o ps7_cortexa9_0/lib/xsdps_sinit.o ps7_cortexa9_0/lib/xqspips_selftest.o ps7_cortexa9_0
TRACE::2026-01-08.17:33:08::SCWMssOS::/lib/xil_exception.o ps7_cortexa9_0/lib/sbrk.o ps7_cortexa9_0/lib/xil_testmem.o ps7_cortexa9_0/lib/xaxivdma.o ps7_cortexa9_0/li
TRACE::2026-01-08.17:33:08::SCWMssOS::b/xemacps_control.o ps7_cortexa9_0/lib/open.o ps7_cortexa9_0/lib/xil_assert.o ps7_cortexa9_0/lib/xaxivdma_intr.o ps7_cortexa9_0
TRACE::2026-01-08.17:33:08::SCWMssOS::/lib/xusbps_intr.o ps7_cortexa9_0/lib/xsdps_host.o ps7_cortexa9_0/lib/xcoresightpsdcc.o ps7_cortexa9_0/lib/xiicps_xfer.o ps7_co
TRACE::2026-01-08.17:33:08::SCWMssOS::rtexa9_0/lib/xscugic_hw.o ps7_cortexa9_0/lib/sleep.o ps7_cortexa9_0/lib/cpputest_time.o ps7_cortexa9_0/lib/_open.o ps7_cortexa9
TRACE::2026-01-08.17:33:08::SCWMssOS::_0/lib/xttcps_options.o ps7_cortexa9_0/lib/print.o ps7_cortexa9_0/lib/read.o ps7_cortexa9_0/lib/xdevcfg.o ps7_cortexa9_0/lib/xa
TRACE::2026-01-08.17:33:08::SCWMssOS::dcps_intr.o ps7_cortexa9_0/lib/xqspips.o ps7_cortexa9_0/lib/xemacps.o ps7_cortexa9_0/lib/xil_cache.o ps7_cortexa9_0/lib/xil_tes
TRACE::2026-01-08.17:33:08::SCWMssOS::tio.o ps7_cortexa9_0/lib/unlink.o ps7_cortexa9_0/lib/xusbps.o ps7_cortexa9_0/lib/xil_spinlock.o ps7_cortexa9_0/lib/xiicps_g.o p
TRACE::2026-01-08.17:33:08::SCWMssOS::s7_cortexa9_0/lib/translation_table.o ps7_cortexa9_0/lib/xusbps_hw.o ps7_cortexa9_0/lib/write.o ps7_cortexa9_0/lib/xil_mmu.o ps
TRACE::2026-01-08.17:33:08::SCWMssOS::7_cortexa9_0/lib/boot.o ps7_cortexa9_0/lib/xaxivdma_channel.o ps7_cortexa9_0/lib/cpu_init.o ps7_cortexa9_0/lib/xil_sleepcommon.
TRACE::2026-01-08.17:33:08::SCWMssOS::o ps7_cortexa9_0/lib/xgpiops_intr.o ps7_cortexa9_0/lib/xscugic_sinit.o ps7_cortexa9_0/lib/fcntl.o ps7_cortexa9_0/lib/xdevcfg_g.
TRACE::2026-01-08.17:33:08::SCWMssOS::o ps7_cortexa9_0/lib/outbyte.o ps7_cortexa9_0/lib/xuartps_hw.o ps7_cortexa9_0/lib/xttcps_g.o ps7_cortexa9_0/lib/xtime_l.o ps7_c
TRACE::2026-01-08.17:33:08::SCWMssOS::ortexa9_0/lib/xemacps_sinit.o ps7_cortexa9_0/lib/xscugic_selftest.o ps7_cortexa9_0/lib/xil_util.o ps7_cortexa9_0/lib/xuartps_in
TRACE::2026-01-08.17:33:08::SCWMssOS::tr.o ps7_cortexa9_0/lib/xuartps.o ps7_cortexa9_0/lib/xsdps_card.o ps7_cortexa9_0/lib/xdmaps_hw.o ps7_cortexa9_0/lib/xttcps_sini
TRACE::2026-01-08.17:33:08::SCWMssOS::t.o ps7_cortexa9_0/lib/xgpiops_hw.o ps7_cortexa9_0/lib/xsdps_g.o ps7_cortexa9_0/lib/fstat.o ps7_cortexa9_0/lib/errno.o ps7_cort
TRACE::2026-01-08.17:33:08::SCWMssOS::exa9_0/lib/xdevcfg_intr.o ps7_cortexa9_0/lib/xuartps_options.o ps7_cortexa9_0/lib/vectors.o ps7_cortexa9_0/lib/xscuwdt_g.o ps7_
TRACE::2026-01-08.17:33:08::SCWMssOS::cortexa9_0/lib/xscuwdt_sinit.o ps7_cortexa9_0/lib/xemacps_intr.o ps7_cortexa9_0/lib/xscuwdt_selftest.o ps7_cortexa9_0/lib/xscug
TRACE::2026-01-08.17:33:08::SCWMssOS::ic_g.o ps7_cortexa9_0/lib/isatty.o ps7_cortexa9_0/lib/xil-crt0.o ps7_cortexa9_0/lib/xscugic.o ps7_cortexa9_0/lib/xiicps_sinit.o
TRACE::2026-01-08.17:33:08::SCWMssOS:: ps7_cortexa9_0/lib/xadcps_g.o ps7_cortexa9_0/lib/xqspips_sinit.o ps7_cortexa9_0/lib/xadcps_sinit.o

TRACE::2026-01-08.17:33:08::SCWMssOS::'Finished building libraries'

TRACE::2026-01-08.17:33:09::SCWMssOS::Copying to export directory.
TRACE::2026-01-08.17:33:10::SCWMssOS:: Checking if to create the Supporting Applications
TRACE::2026-01-08.17:33:10::SCWMssOS:: No Linux domain exists, trying to generate FSBL 
LOG::2026-01-08.17:33:10::SCWSystem::Completed Processing the domain standalone_ps7_cortexa9_0
LOG::2026-01-08.17:33:10::SCWSystem::Completed Processing the sysconfig zc706_md
LOG::2026-01-08.17:33:10::SCWPlatform::Completed generating the artifacts for system configuration zc706_md
TRACE::2026-01-08.17:33:10::SCWPlatform::Started preparing the platform 
TRACE::2026-01-08.17:33:10::SCWSystem::Writing the bif file for system config zc706_md
TRACE::2026-01-08.17:33:10::SCWSystem::dir created 
TRACE::2026-01-08.17:33:10::SCWSystem::Writing the bif 
TRACE::2026-01-08.17:33:10::SCWPlatform::Started writing the spfm file 
TRACE::2026-01-08.17:33:10::SCWPlatform::Started writing the xpfm file 
TRACE::2026-01-08.17:33:10::SCWPlatform::Completed generating the platform
TRACE::2026-01-08.17:33:10::SCWMssOS::Saving the mss changes H:/test/two/fpga_arm/vitis/zc706_md/zynq_fsbl/zynq_fsbl_bsp/system.mss
TRACE::2026-01-08.17:33:10::SCWMssOS::Found a swdesign opened with the mssfile.
TRACE::2026-01-08.17:33:10::SCWMssOS::Completed writemss as part of save.
TRACE::2026-01-08.17:33:10::SCWMssOS::Commit changes completed.
TRACE::2026-01-08.17:33:10::SCWMssOS::Saving the mss changes H:/test/two/fpga_arm/vitis/zc706_md/ps7_cortexa9_0/standalone_ps7_cortexa9_0/bsp/system.mss
TRACE::2026-01-08.17:33:10::SCWMssOS::Found a swdesign opened with the mssfile.
TRACE::2026-01-08.17:33:10::SCWMssOS::Completed writemss as part of save.
TRACE::2026-01-08.17:33:10::SCWMssOS::Commit changes completed.
TRACE::2026-01-08.17:33:10::SCWPlatform::Trying to open the hw design at H:/test/two/fpga_arm/vitis/zc706_md/hw/design_1_wrapper.xsa
TRACE::2026-01-08.17:33:10::SCWPlatform::DSA given H:/test/two/fpga_arm/vitis/zc706_md/hw/design_1_wrapper.xsa
TRACE::2026-01-08.17:33:10::SCWPlatform::DSA absoulate path H:/test/two/fpga_arm/vitis/zc706_md/hw/design_1_wrapper.xsa
TRACE::2026-01-08.17:33:10::SCWPlatform::DSA directory H:/test/two/fpga_arm/vitis/zc706_md/hw
TRACE::2026-01-08.17:33:10::SCWPlatform:: Platform Path H:/test/two/fpga_arm/vitis/zc706_md/hw/design_1_wrapper.xsa
TRACE::2026-01-08.17:33:10::SCWPlatform:: Unique name xilinx:zc706::0.0
TRACE::2026-01-08.17:33:10::SCWPlatform::Trying to set the existing hwdb with name design_1_wrapper_6
TRACE::2026-01-08.17:33:10::SCWPlatform::Opened existing hwdb design_1_wrapper_6
TRACE::2026-01-08.17:33:10::SCWPlatform::Found the Hw Db part of the input DSA
TRACE::2026-01-08.17:33:10::SCWMssOS::Checking the sw design at  H:/test/two/fpga_arm/vitis/zc706_md/zynq_fsbl/zynq_fsbl_bsp/system.mss
TRACE::2026-01-08.17:33:10::SCWMssOS::DEBUG:  swdes dump  H:/test/two/fpga_arm/vitis/zc706_md/ps7_cortexa9_0/standalone_ps7_cortexa9_0/bsp/system.mss|system_0||
H:/test/two/fpga_arm/vitis/zc706_md/zynq_fsbl/zynq_fsbl_bsp/system.mss|system||

TRACE::2026-01-08.17:33:10::SCWMssOS::Sw design exists and opened at  H:/test/two/fpga_arm/vitis/zc706_md/zynq_fsbl/zynq_fsbl_bsp/system.mss
TRACE::2026-01-08.17:33:10::SCWPlatform::Trying to open the hw design at H:/test/two/fpga_arm/vitis/zc706_md/hw/design_1_wrapper.xsa
TRACE::2026-01-08.17:33:10::SCWPlatform::DSA given H:/test/two/fpga_arm/vitis/zc706_md/hw/design_1_wrapper.xsa
TRACE::2026-01-08.17:33:10::SCWPlatform::DSA absoulate path H:/test/two/fpga_arm/vitis/zc706_md/hw/design_1_wrapper.xsa
TRACE::2026-01-08.17:33:10::SCWPlatform::DSA directory H:/test/two/fpga_arm/vitis/zc706_md/hw
TRACE::2026-01-08.17:33:10::SCWPlatform:: Platform Path H:/test/two/fpga_arm/vitis/zc706_md/hw/design_1_wrapper.xsa
TRACE::2026-01-08.17:33:10::SCWPlatform:: Unique name xilinx:zc706::0.0
TRACE::2026-01-08.17:33:10::SCWPlatform::Trying to set the existing hwdb with name design_1_wrapper_6
TRACE::2026-01-08.17:33:10::SCWPlatform::Opened existing hwdb design_1_wrapper_6
TRACE::2026-01-08.17:33:10::SCWPlatform::Found the Hw Db part of the input DSA
TRACE::2026-01-08.17:33:10::SCWMssOS::Checking the sw design at  H:/test/two/fpga_arm/vitis/zc706_md/ps7_cortexa9_0/standalone_ps7_cortexa9_0/bsp/system.mss
TRACE::2026-01-08.17:33:10::SCWMssOS::DEBUG:  swdes dump  H:/test/two/fpga_arm/vitis/zc706_md/ps7_cortexa9_0/standalone_ps7_cortexa9_0/bsp/system.mss|system_0||
H:/test/two/fpga_arm/vitis/zc706_md/zynq_fsbl/zynq_fsbl_bsp/system.mss|system||

TRACE::2026-01-08.17:33:10::SCWMssOS::Sw design exists and opened at  H:/test/two/fpga_arm/vitis/zc706_md/ps7_cortexa9_0/standalone_ps7_cortexa9_0/bsp/system.mss
TRACE::2026-01-08.17:33:10::SCWWriter::formatted JSON is {
	"platformName":	"zc706_md",
	"sprVersion":	"2.0",
	"mode":	"gui",
	"dsaType":	"Fixed",
	"platformDesc":	"zc706_md",
	"platHandOff":	"H:/test/two/fpga_arm/design_1_wrapper.xsa",
	"platIntHandOff":	"<platformDir>/hw/design_1_wrapper.xsa",
	"deviceType":	"zynq",
	"platIsPrebuiltAutogen":	"false",
	"platIsNoBootBsp":	"false",
	"hasFsblMakeHasChanges":	"false",
	"hasPmufwMakeHasChanges":	"false",
	"fsblExtraCompilerFlags":	"-MMD -MP       -mcpu=cortex-a9 -mfpu=vfpv3 -mfloat-abi=hard ",
	"platPreBuiltFlag":	false,
	"platformSamplesDir":	"",
	"platActiveSys":	"zc706_md",
	"systems":	[{
			"systemName":	"zc706_md",
			"systemDesc":	"zc706_md",
			"sysIsBootAutoGen":	"true",
			"systemDispName":	"zc706_md",
			"sysActiveDom":	"standalone_ps7_cortexa9_0",
			"sysDefaultDom":	"standalone_ps7_cortexa9_0",
			"domains":	[{
					"domainName":	"zynq_fsbl",
					"domainDispName":	"zynq_fsbl",
					"domainDesc":	"FSBL Application BSP - Auto Generated.",
					"processors":	"ps7_cortexa9_0",
					"os":	"standalone",
					"sdxOs":	"standalone",
					"debugEnable":	"",
					"domRuntimes":	["cpp"],
					"swRepo":	"",
					"mssOsVer":	"7.6",
					"mssFile":	"",
					"md5Digest":	"7cd591954aef16c446ad36e1353bac9a",
					"compatibleApp":	"zynq_fsbl",
					"domType":	"bootDomain",
					"arch":	"32-bit",
					"appSettings":	{
						"appCompilerFlags":	"",
						"appLinkerFlags":	""
					},
					"addedLibs":	["xilffs:4.6", "xilrsa:1.6"],
					"libOptions":	{
						"libsContainingOptions":	[]
					},
					"prebuiltLibs":	{
						"prebuiltIncPath":	[],
						"prebuiltLibPath":	[]
					},
					"isolation":	{
					}
				}, {
					"domainName":	"standalone_ps7_cortexa9_0",
					"domainDispName":	"standalone_ps7_cortexa9_0",
					"domainDesc":	"standalone_ps7_cortexa9_0",
					"processors":	"ps7_cortexa9_0",
					"os":	"standalone",
					"sdxOs":	"standalone",
					"qemuArgs":	"E:/xilinx/Vitis/2021.2/data/emulation/platforms/zynq/sw/a9_standalone/qemu/qemu_args.txt",
					"qemuData":	"E:/xilinx/Vitis/2021.2/data/emulation/platforms/zynq/sw/a9_standalone/qemu/",
					"debugEnable":	"False",
					"domRuntimes":	["cpp"],
					"swRepo":	"",
					"mssOsVer":	"7.6",
					"mssFile":	"",
					"md5Digest":	"62c9962af44135ffdbd239044094cdcd",
					"compatibleApp":	"",
					"domType":	"mssDomain",
					"arch":	"32-bit",
					"appSettings":	{
						"appCompilerFlags":	"",
						"appLinkerFlags":	""
					},
					"addedLibs":	["lwip211:1.6", "xilffs:4.6"],
					"libOptions":	{
						"lwip211":	{
							"dhcp_does_arp_check":	"true",
							"lwip_dhcp":	"true",
							"pbuf_pool_size":	"2048",
							"libOptionNames":	["dhcp_does_arp_check", "lwip_dhcp", "pbuf_pool_size"]
						},
						"libsContainingOptions":	["lwip211"]
					},
					"prebuiltLibs":	{
						"prebuiltIncPath":	[],
						"prebuiltLibPath":	[]
					},
					"isolation":	{
					}
				}]
		}]
}
KEYINFO::2026-01-08.17:33:10::SCWPlatform::updated the xpfm file.
TRACE::2026-01-08.17:33:10::SCWPlatform::Trying to open the hw design at H:/test/two/fpga_arm/vitis/zc706_md/hw/design_1_wrapper.xsa
TRACE::2026-01-08.17:33:10::SCWPlatform::DSA given H:/test/two/fpga_arm/vitis/zc706_md/hw/design_1_wrapper.xsa
TRACE::2026-01-08.17:33:10::SCWPlatform::DSA absoulate path H:/test/two/fpga_arm/vitis/zc706_md/hw/design_1_wrapper.xsa
TRACE::2026-01-08.17:33:10::SCWPlatform::DSA directory H:/test/two/fpga_arm/vitis/zc706_md/hw
TRACE::2026-01-08.17:33:10::SCWPlatform:: Platform Path H:/test/two/fpga_arm/vitis/zc706_md/hw/design_1_wrapper.xsa
TRACE::2026-01-08.17:33:10::SCWPlatform:: Unique name xilinx:zc706::0.0
TRACE::2026-01-08.17:33:10::SCWPlatform::Trying to set the existing hwdb with name design_1_wrapper_6
TRACE::2026-01-08.17:33:10::SCWPlatform::Opened existing hwdb design_1_wrapper_6
TRACE::2026-01-08.17:33:10::SCWPlatform::Found the Hw Db part of the input DSA
TRACE::2026-01-08.17:33:10::SCWMssOS::Checking the sw design at  H:/test/two/fpga_arm/vitis/zc706_md/ps7_cortexa9_0/standalone_ps7_cortexa9_0/bsp/system.mss
TRACE::2026-01-08.17:33:10::SCWMssOS::DEBUG:  swdes dump  H:/test/two/fpga_arm/vitis/zc706_md/ps7_cortexa9_0/standalone_ps7_cortexa9_0/bsp/system.mss|system_0||
H:/test/two/fpga_arm/vitis/zc706_md/zynq_fsbl/zynq_fsbl_bsp/system.mss|system||

TRACE::2026-01-08.17:33:10::SCWMssOS::Sw design exists and opened at  H:/test/two/fpga_arm/vitis/zc706_md/ps7_cortexa9_0/standalone_ps7_cortexa9_0/bsp/system.mss
TRACE::2026-01-08.18:10:56::SCWPlatform::DSA given H:/test/two/fpga_arm/vitis/zc706_md/tempdsa/design_1_wrapper.xsa
TRACE::2026-01-08.18:10:56::SCWPlatform::DSA absoulate path H:/test/two/fpga_arm/vitis/zc706_md/tempdsa/design_1_wrapper.xsa
TRACE::2026-01-08.18:10:56::SCWPlatform:: Platform location is H:/test/two/fpga_arm/vitis/zc706_md/tempdsa
TRACE::2026-01-08.18:10:56::SCWPlatform:: Platform Path H:/test/two/fpga_arm/vitis/zc706_md/tempdsa/design_1_wrapper.xsa
TRACE::2026-01-08.18:10:56::SCWPlatform:: Unique name xilinx:zc706::0.0
TRACE::2026-01-08.18:11:01::SCWPlatform::Found the Hw Db part of the input DSA
TRACE::2026-01-08.18:11:01::SCWMssOS::Doing hw sync for the mss in domain: zynq_fsbl
TRACE::2026-01-08.18:11:01::SCWPlatform::Trying to open the hw design at H:/test/two/fpga_arm/vitis/zc706_md/hw/design_1_wrapper.xsa
TRACE::2026-01-08.18:11:01::SCWPlatform::DSA given H:/test/two/fpga_arm/vitis/zc706_md/hw/design_1_wrapper.xsa
TRACE::2026-01-08.18:11:01::SCWPlatform::DSA absoulate path H:/test/two/fpga_arm/vitis/zc706_md/hw/design_1_wrapper.xsa
TRACE::2026-01-08.18:11:01::SCWPlatform::DSA directory H:/test/two/fpga_arm/vitis/zc706_md/hw
TRACE::2026-01-08.18:11:01::SCWPlatform:: Platform Path H:/test/two/fpga_arm/vitis/zc706_md/hw/design_1_wrapper.xsa
TRACE::2026-01-08.18:11:01::SCWPlatform:: Unique name xilinx:zc706::0.0
TRACE::2026-01-08.18:11:01::SCWPlatform::Trying to set the existing hwdb with name design_1_wrapper_6
TRACE::2026-01-08.18:11:01::SCWPlatform::Opened existing hwdb design_1_wrapper_6
TRACE::2026-01-08.18:11:01::SCWPlatform::Found the Hw Db part of the input DSA
TRACE::2026-01-08.18:11:01::SCWPlatform::Trying to open the hw design at H:/test/two/fpga_arm/vitis/zc706_md/hw/design_1_wrapper.xsa
TRACE::2026-01-08.18:11:01::SCWPlatform::DSA given H:/test/two/fpga_arm/vitis/zc706_md/hw/design_1_wrapper.xsa
TRACE::2026-01-08.18:11:01::SCWPlatform::DSA absoulate path H:/test/two/fpga_arm/vitis/zc706_md/hw/design_1_wrapper.xsa
TRACE::2026-01-08.18:11:01::SCWPlatform::DSA directory H:/test/two/fpga_arm/vitis/zc706_md/hw
TRACE::2026-01-08.18:11:01::SCWPlatform:: Platform Path H:/test/two/fpga_arm/vitis/zc706_md/hw/design_1_wrapper.xsa
TRACE::2026-01-08.18:11:01::SCWPlatform:: Unique name xilinx:zc706::0.0
TRACE::2026-01-08.18:11:01::SCWPlatform::Trying to set the existing hwdb with name design_1_wrapper_6
TRACE::2026-01-08.18:11:01::SCWPlatform::Opened existing hwdb design_1_wrapper_6
TRACE::2026-01-08.18:11:01::SCWPlatform::Found the Hw Db part of the input DSA
TRACE::2026-01-08.18:11:01::SCWMssOS::Checking the sw design at  H:/test/two/fpga_arm/vitis/zc706_md/zynq_fsbl/zynq_fsbl_bsp/system.mss
TRACE::2026-01-08.18:11:01::SCWMssOS::DEBUG:  swdes dump  H:/test/two/fpga_arm/vitis/zc706_md/ps7_cortexa9_0/standalone_ps7_cortexa9_0/bsp/system.mss|system_0||
H:/test/two/fpga_arm/vitis/zc706_md/zynq_fsbl/zynq_fsbl_bsp/system.mss|system||

TRACE::2026-01-08.18:11:01::SCWMssOS::Sw design exists and opened at  H:/test/two/fpga_arm/vitis/zc706_md/zynq_fsbl/zynq_fsbl_bsp/system.mss
TRACE::2026-01-08.18:11:01::SCWPlatform::Trying to open the hw design at H:/test/two/fpga_arm/vitis/zc706_md/tempdsa/design_1_wrapper.xsa
TRACE::2026-01-08.18:11:01::SCWPlatform::DSA given H:/test/two/fpga_arm/vitis/zc706_md/tempdsa/design_1_wrapper.xsa
TRACE::2026-01-08.18:11:01::SCWPlatform::DSA absoulate path H:/test/two/fpga_arm/vitis/zc706_md/tempdsa/design_1_wrapper.xsa
TRACE::2026-01-08.18:11:01::SCWPlatform::DSA directory H:/test/two/fpga_arm/vitis/zc706_md/tempdsa
TRACE::2026-01-08.18:11:01::SCWPlatform:: Platform Path H:/test/two/fpga_arm/vitis/zc706_md/tempdsa/design_1_wrapper.xsa
TRACE::2026-01-08.18:11:01::SCWPlatform:: Unique name xilinx:zc706::0.0
TRACE::2026-01-08.18:11:01::SCWPlatform::update - Opened existing hwdb design_1_wrapper_9
TRACE::2026-01-08.18:11:01::SCWPlatform::Found the Hw Db part of the input DSA
TRACE::2026-01-08.18:11:01::SCWMssOS::Doing hw sync for the mss in domain: standalone_ps7_cortexa9_0
TRACE::2026-01-08.18:11:01::SCWPlatform::Trying to open the hw design at H:/test/two/fpga_arm/vitis/zc706_md/hw/design_1_wrapper.xsa
TRACE::2026-01-08.18:11:01::SCWPlatform::DSA given H:/test/two/fpga_arm/vitis/zc706_md/hw/design_1_wrapper.xsa
TRACE::2026-01-08.18:11:01::SCWPlatform::DSA absoulate path H:/test/two/fpga_arm/vitis/zc706_md/hw/design_1_wrapper.xsa
TRACE::2026-01-08.18:11:01::SCWPlatform::DSA directory H:/test/two/fpga_arm/vitis/zc706_md/hw
TRACE::2026-01-08.18:11:01::SCWPlatform:: Platform Path H:/test/two/fpga_arm/vitis/zc706_md/hw/design_1_wrapper.xsa
TRACE::2026-01-08.18:11:01::SCWPlatform:: Unique name xilinx:zc706::0.0
TRACE::2026-01-08.18:11:01::SCWPlatform::Trying to set the existing hwdb with name design_1_wrapper_6
TRACE::2026-01-08.18:11:01::SCWPlatform::Opened existing hwdb design_1_wrapper_6
TRACE::2026-01-08.18:11:01::SCWPlatform::Found the Hw Db part of the input DSA
TRACE::2026-01-08.18:11:01::SCWPlatform::Trying to open the hw design at H:/test/two/fpga_arm/vitis/zc706_md/hw/design_1_wrapper.xsa
TRACE::2026-01-08.18:11:01::SCWPlatform::DSA given H:/test/two/fpga_arm/vitis/zc706_md/hw/design_1_wrapper.xsa
TRACE::2026-01-08.18:11:01::SCWPlatform::DSA absoulate path H:/test/two/fpga_arm/vitis/zc706_md/hw/design_1_wrapper.xsa
TRACE::2026-01-08.18:11:01::SCWPlatform::DSA directory H:/test/two/fpga_arm/vitis/zc706_md/hw
TRACE::2026-01-08.18:11:01::SCWPlatform:: Platform Path H:/test/two/fpga_arm/vitis/zc706_md/hw/design_1_wrapper.xsa
TRACE::2026-01-08.18:11:01::SCWPlatform:: Unique name xilinx:zc706::0.0
TRACE::2026-01-08.18:11:01::SCWPlatform::Trying to set the existing hwdb with name design_1_wrapper_6
TRACE::2026-01-08.18:11:01::SCWPlatform::Opened existing hwdb design_1_wrapper_6
TRACE::2026-01-08.18:11:01::SCWPlatform::Found the Hw Db part of the input DSA
TRACE::2026-01-08.18:11:01::SCWMssOS::Checking the sw design at  H:/test/two/fpga_arm/vitis/zc706_md/ps7_cortexa9_0/standalone_ps7_cortexa9_0/bsp/system.mss
TRACE::2026-01-08.18:11:01::SCWMssOS::DEBUG:  swdes dump  H:/test/two/fpga_arm/vitis/zc706_md/ps7_cortexa9_0/standalone_ps7_cortexa9_0/bsp/system.mss|system_0||
H:/test/two/fpga_arm/vitis/zc706_md/zynq_fsbl/zynq_fsbl_bsp/system.mss|system||

TRACE::2026-01-08.18:11:01::SCWMssOS::Sw design exists and opened at  H:/test/two/fpga_arm/vitis/zc706_md/ps7_cortexa9_0/standalone_ps7_cortexa9_0/bsp/system.mss
TRACE::2026-01-08.18:11:01::SCWPlatform::Trying to open the hw design at H:/test/two/fpga_arm/vitis/zc706_md/tempdsa/design_1_wrapper.xsa
TRACE::2026-01-08.18:11:01::SCWPlatform::DSA given H:/test/two/fpga_arm/vitis/zc706_md/tempdsa/design_1_wrapper.xsa
TRACE::2026-01-08.18:11:01::SCWPlatform::DSA absoulate path H:/test/two/fpga_arm/vitis/zc706_md/tempdsa/design_1_wrapper.xsa
TRACE::2026-01-08.18:11:01::SCWPlatform::DSA directory H:/test/two/fpga_arm/vitis/zc706_md/tempdsa
TRACE::2026-01-08.18:11:01::SCWPlatform:: Platform Path H:/test/two/fpga_arm/vitis/zc706_md/tempdsa/design_1_wrapper.xsa
TRACE::2026-01-08.18:11:01::SCWPlatform:: Unique name xilinx:zc706::0.0
TRACE::2026-01-08.18:11:01::SCWPlatform::update - Opened existing hwdb design_1_wrapper_9
TRACE::2026-01-08.18:11:01::SCWPlatform::Found the Hw Db part of the input DSA
TRACE::2026-01-08.18:11:01::SCWMssOS::Saving the mss changes H:/test/two/fpga_arm/vitis/zc706_md/zynq_fsbl/zynq_fsbl_bsp/system.mss
TRACE::2026-01-08.18:11:01::SCWMssOS::Found a swdesign opened with the mssfile.
TRACE::2026-01-08.18:11:01::SCWMssOS::Completed writemss as part of save.
TRACE::2026-01-08.18:11:01::SCWMssOS::Commit changes completed.
TRACE::2026-01-08.18:11:01::SCWMssOS::Completed hw sync for the mss in domain: zynq_fsbl
TRACE::2026-01-08.18:11:01::SCWMssOS::Removing the swdes entry for  H:/test/two/fpga_arm/vitis/zc706_md/zynq_fsbl/zynq_fsbl_bsp/system.mss
TRACE::2026-01-08.18:11:01::SCWMssOS::Saving the mss changes H:/test/two/fpga_arm/vitis/zc706_md/ps7_cortexa9_0/standalone_ps7_cortexa9_0/bsp/system.mss
TRACE::2026-01-08.18:11:01::SCWMssOS::Found a swdesign opened with the mssfile.
TRACE::2026-01-08.18:11:01::SCWMssOS::Completed writemss as part of save.
TRACE::2026-01-08.18:11:01::SCWMssOS::Commit changes completed.
TRACE::2026-01-08.18:11:01::SCWMssOS::Completed hw sync for the mss in domain: standalone_ps7_cortexa9_0
TRACE::2026-01-08.18:11:01::SCWMssOS::Removing the swdes entry for  H:/test/two/fpga_arm/vitis/zc706_md/ps7_cortexa9_0/standalone_ps7_cortexa9_0/bsp/system.mss
TRACE::2026-01-08.18:11:01::SCWPlatform::Trying to open the hw design at H:/test/two/fpga_arm/vitis/zc706_md/hw/design_1_wrapper.xsa
TRACE::2026-01-08.18:11:01::SCWPlatform::DSA given H:/test/two/fpga_arm/vitis/zc706_md/hw/design_1_wrapper.xsa
TRACE::2026-01-08.18:11:01::SCWPlatform::DSA absoulate path H:/test/two/fpga_arm/vitis/zc706_md/hw/design_1_wrapper.xsa
TRACE::2026-01-08.18:11:01::SCWPlatform::DSA directory H:/test/two/fpga_arm/vitis/zc706_md/hw
TRACE::2026-01-08.18:11:01::SCWPlatform:: Platform Path H:/test/two/fpga_arm/vitis/zc706_md/hw/design_1_wrapper.xsa
TRACE::2026-01-08.18:11:01::SCWPlatform:: Unique name xilinx:zc706::0.0
TRACE::2026-01-08.18:11:01::SCWPlatform::Do not have an existing db opened. 
TRACE::2026-01-08.18:11:05::SCWPlatform::Opened new HwDB with name design_1_wrapper_10
TRACE::2026-01-08.18:11:05::SCWMssOS::Saving the mss changes H:/test/two/fpga_arm/vitis/zc706_md/zynq_fsbl/zynq_fsbl_bsp/system.mss
TRACE::2026-01-08.18:11:05::SCWMssOS::Adding the swdes entry, mss present, able to open swdb H:/test/two/fpga_arm/vitis/zc706_md/zynq_fsbl/zynq_fsbl_bsp/system.mss with des name system
TRACE::2026-01-08.18:11:05::SCWMssOS::Writing the mss file completed H:/test/two/fpga_arm/vitis/zc706_md/zynq_fsbl/zynq_fsbl_bsp/system.mss
TRACE::2026-01-08.18:11:05::SCWMssOS::Commit changes completed.
TRACE::2026-01-08.18:11:05::SCWMssOS::Saving the mss changes H:/test/two/fpga_arm/vitis/zc706_md/ps7_cortexa9_0/standalone_ps7_cortexa9_0/bsp/system.mss
TRACE::2026-01-08.18:11:05::SCWMssOS::Adding the swdes entry, mss present, able to open swdb H:/test/two/fpga_arm/vitis/zc706_md/ps7_cortexa9_0/standalone_ps7_cortexa9_0/bsp/system.mss with des name system_0
TRACE::2026-01-08.18:11:05::SCWMssOS::Writing the mss file completed H:/test/two/fpga_arm/vitis/zc706_md/ps7_cortexa9_0/standalone_ps7_cortexa9_0/bsp/system.mss
TRACE::2026-01-08.18:11:05::SCWMssOS::Commit changes completed.
TRACE::2026-01-08.18:11:05::SCWPlatform::Trying to open the hw design at H:/test/two/fpga_arm/vitis/zc706_md/hw/design_1_wrapper.xsa
TRACE::2026-01-08.18:11:05::SCWPlatform::DSA given H:/test/two/fpga_arm/vitis/zc706_md/hw/design_1_wrapper.xsa
TRACE::2026-01-08.18:11:05::SCWPlatform::DSA absoulate path H:/test/two/fpga_arm/vitis/zc706_md/hw/design_1_wrapper.xsa
TRACE::2026-01-08.18:11:05::SCWPlatform::DSA directory H:/test/two/fpga_arm/vitis/zc706_md/hw
TRACE::2026-01-08.18:11:05::SCWPlatform:: Platform Path H:/test/two/fpga_arm/vitis/zc706_md/hw/design_1_wrapper.xsa
TRACE::2026-01-08.18:11:05::SCWPlatform:: Unique name xilinx:zc706::0.0
TRACE::2026-01-08.18:11:05::SCWPlatform::Trying to set the existing hwdb with name design_1_wrapper_10
TRACE::2026-01-08.18:11:05::SCWPlatform::Opened existing hwdb design_1_wrapper_10
TRACE::2026-01-08.18:11:05::SCWPlatform::Found the Hw Db part of the input DSA
TRACE::2026-01-08.18:11:05::SCWMssOS::Checking the sw design at  H:/test/two/fpga_arm/vitis/zc706_md/zynq_fsbl/zynq_fsbl_bsp/system.mss
TRACE::2026-01-08.18:11:05::SCWMssOS::DEBUG:  swdes dump  H:/test/two/fpga_arm/vitis/zc706_md/ps7_cortexa9_0/standalone_ps7_cortexa9_0/bsp/system.mss|system_0||
H:/test/two/fpga_arm/vitis/zc706_md/zynq_fsbl/zynq_fsbl_bsp/system.mss|system||

TRACE::2026-01-08.18:11:05::SCWMssOS::Sw design exists and opened at  H:/test/two/fpga_arm/vitis/zc706_md/zynq_fsbl/zynq_fsbl_bsp/system.mss
TRACE::2026-01-08.18:11:05::SCWPlatform::Trying to open the hw design at H:/test/two/fpga_arm/vitis/zc706_md/hw/design_1_wrapper.xsa
TRACE::2026-01-08.18:11:05::SCWPlatform::DSA given H:/test/two/fpga_arm/vitis/zc706_md/hw/design_1_wrapper.xsa
TRACE::2026-01-08.18:11:05::SCWPlatform::DSA absoulate path H:/test/two/fpga_arm/vitis/zc706_md/hw/design_1_wrapper.xsa
TRACE::2026-01-08.18:11:05::SCWPlatform::DSA directory H:/test/two/fpga_arm/vitis/zc706_md/hw
TRACE::2026-01-08.18:11:05::SCWPlatform:: Platform Path H:/test/two/fpga_arm/vitis/zc706_md/hw/design_1_wrapper.xsa
TRACE::2026-01-08.18:11:05::SCWPlatform:: Unique name xilinx:zc706::0.0
TRACE::2026-01-08.18:11:05::SCWPlatform::Trying to set the existing hwdb with name design_1_wrapper_10
TRACE::2026-01-08.18:11:05::SCWPlatform::Opened existing hwdb design_1_wrapper_10
TRACE::2026-01-08.18:11:05::SCWPlatform::Found the Hw Db part of the input DSA
TRACE::2026-01-08.18:11:05::SCWMssOS::Checking the sw design at  H:/test/two/fpga_arm/vitis/zc706_md/ps7_cortexa9_0/standalone_ps7_cortexa9_0/bsp/system.mss
TRACE::2026-01-08.18:11:05::SCWMssOS::DEBUG:  swdes dump  H:/test/two/fpga_arm/vitis/zc706_md/ps7_cortexa9_0/standalone_ps7_cortexa9_0/bsp/system.mss|system_0||
H:/test/two/fpga_arm/vitis/zc706_md/zynq_fsbl/zynq_fsbl_bsp/system.mss|system||

TRACE::2026-01-08.18:11:05::SCWMssOS::Sw design exists and opened at  H:/test/two/fpga_arm/vitis/zc706_md/ps7_cortexa9_0/standalone_ps7_cortexa9_0/bsp/system.mss
TRACE::2026-01-08.18:11:05::SCWWriter::formatted JSON is {
	"platformName":	"zc706_md",
	"sprVersion":	"2.0",
	"mode":	"gui",
	"dsaType":	"Fixed",
	"platformDesc":	"zc706_md",
	"platHandOff":	"H:/test/two/fpga_arm/design_1_wrapper.xsa",
	"platIntHandOff":	"<platformDir>/hw/design_1_wrapper.xsa",
	"deviceType":	"zynq",
	"platIsPrebuiltAutogen":	"false",
	"platIsNoBootBsp":	"false",
	"hasFsblMakeHasChanges":	"false",
	"hasPmufwMakeHasChanges":	"false",
	"fsblExtraCompilerFlags":	"-MMD -MP       -mcpu=cortex-a9 -mfpu=vfpv3 -mfloat-abi=hard ",
	"platPreBuiltFlag":	false,
	"platformSamplesDir":	"",
	"platActiveSys":	"zc706_md",
	"systems":	[{
			"systemName":	"zc706_md",
			"systemDesc":	"zc706_md",
			"sysIsBootAutoGen":	"true",
			"systemDispName":	"zc706_md",
			"sysActiveDom":	"standalone_ps7_cortexa9_0",
			"sysDefaultDom":	"standalone_ps7_cortexa9_0",
			"domains":	[{
					"domainName":	"zynq_fsbl",
					"domainDispName":	"zynq_fsbl",
					"domainDesc":	"FSBL Application BSP - Auto Generated.",
					"processors":	"ps7_cortexa9_0",
					"os":	"standalone",
					"sdxOs":	"standalone",
					"debugEnable":	"",
					"domRuntimes":	["cpp"],
					"swRepo":	"",
					"mssOsVer":	"7.6",
					"mssFile":	"",
					"md5Digest":	"7cd591954aef16c446ad36e1353bac9a",
					"compatibleApp":	"zynq_fsbl",
					"domType":	"bootDomain",
					"arch":	"32-bit",
					"appSettings":	{
						"appCompilerFlags":	"",
						"appLinkerFlags":	""
					},
					"addedLibs":	["xilffs:4.6", "xilrsa:1.6"],
					"libOptions":	{
						"libsContainingOptions":	[]
					},
					"prebuiltLibs":	{
						"prebuiltIncPath":	[],
						"prebuiltLibPath":	[]
					},
					"isolation":	{
					}
				}, {
					"domainName":	"standalone_ps7_cortexa9_0",
					"domainDispName":	"standalone_ps7_cortexa9_0",
					"domainDesc":	"standalone_ps7_cortexa9_0",
					"processors":	"ps7_cortexa9_0",
					"os":	"standalone",
					"sdxOs":	"standalone",
					"qemuArgs":	"E:/xilinx/Vitis/2021.2/data/emulation/platforms/zynq/sw/a9_standalone/qemu/qemu_args.txt",
					"qemuData":	"E:/xilinx/Vitis/2021.2/data/emulation/platforms/zynq/sw/a9_standalone/qemu/",
					"debugEnable":	"False",
					"domRuntimes":	["cpp"],
					"swRepo":	"",
					"mssOsVer":	"7.6",
					"mssFile":	"",
					"md5Digest":	"62c9962af44135ffdbd239044094cdcd",
					"compatibleApp":	"",
					"domType":	"mssDomain",
					"arch":	"32-bit",
					"appSettings":	{
						"appCompilerFlags":	"",
						"appLinkerFlags":	""
					},
					"addedLibs":	["lwip211:1.6", "xilffs:4.6"],
					"libOptions":	{
						"lwip211":	{
							"dhcp_does_arp_check":	"true",
							"lwip_dhcp":	"true",
							"pbuf_pool_size":	"2048",
							"libOptionNames":	["dhcp_does_arp_check", "lwip_dhcp", "pbuf_pool_size"]
						},
						"libsContainingOptions":	["lwip211"]
					},
					"prebuiltLibs":	{
						"prebuiltIncPath":	[],
						"prebuiltLibPath":	[]
					},
					"isolation":	{
					}
				}]
		}]
}
TRACE::2026-01-08.18:11:06::SCWPlatform::Clearing the existing platform
TRACE::2026-01-08.18:11:06::SCWSystem::Clearing the existing sysconfig
TRACE::2026-01-08.18:11:06::SCWBDomain::clearing the fsbl build
TRACE::2026-01-08.18:11:06::SCWMssOS::Removing the swdes entry for  H:/test/two/fpga_arm/vitis/zc706_md/zynq_fsbl/zynq_fsbl_bsp/system.mss
TRACE::2026-01-08.18:11:06::SCWMssOS::Removing the swdes entry for  H:/test/two/fpga_arm/vitis/zc706_md/ps7_cortexa9_0/standalone_ps7_cortexa9_0/bsp/system.mss
TRACE::2026-01-08.18:11:06::SCWSystem::Clearing the domains completed.
TRACE::2026-01-08.18:11:06::SCWPlatform::Clearing the opened hw db.
TRACE::2026-01-08.18:11:06::SCWPlatform::DSA given H:/test/two/fpga_arm/vitis/zc706_md/hw/design_1_wrapper.xsa
TRACE::2026-01-08.18:11:06::SCWPlatform::DSA absoulate path H:/test/two/fpga_arm/vitis/zc706_md/hw/design_1_wrapper.xsa
TRACE::2026-01-08.18:11:06::SCWPlatform:: Platform location is H:/test/two/fpga_arm/vitis/zc706_md/hw
TRACE::2026-01-08.18:11:06::SCWPlatform:: Platform Path H:/test/two/fpga_arm/vitis/zc706_md/hw/design_1_wrapper.xsa
TRACE::2026-01-08.18:11:06::SCWPlatform:: Unique name xilinx:zc706::0.0
TRACE::2026-01-08.18:11:06::SCWPlatform::Removing the HwDB with name H:/test/two/fpga_arm/vitis/zc706_md/hw/design_1_wrapper.xsa
TRACE::2026-01-08.18:11:06::SCWPlatform::Trying to open the hw design at H:/test/two/fpga_arm/vitis/zc706_md/hw/design_1_wrapper.xsa
TRACE::2026-01-08.18:11:06::SCWPlatform::DSA given H:/test/two/fpga_arm/vitis/zc706_md/hw/design_1_wrapper.xsa
TRACE::2026-01-08.18:11:06::SCWPlatform::DSA absoulate path H:/test/two/fpga_arm/vitis/zc706_md/hw/design_1_wrapper.xsa
TRACE::2026-01-08.18:11:06::SCWPlatform::DSA directory H:/test/two/fpga_arm/vitis/zc706_md/hw
TRACE::2026-01-08.18:11:06::SCWPlatform:: Platform Path H:/test/two/fpga_arm/vitis/zc706_md/hw/design_1_wrapper.xsa
TRACE::2026-01-08.18:11:06::SCWPlatform:: Unique name xilinx:zc706::0.0
TRACE::2026-01-08.18:11:06::SCWPlatform::Do not have an existing db opened. 
TRACE::2026-01-08.18:11:10::SCWPlatform::Opened new HwDB with name design_1_wrapper_11
TRACE::2026-01-08.18:11:10::SCWReader::Active system found as  zc706_md
TRACE::2026-01-08.18:11:10::SCWReader::Handling sysconfig zc706_md
TRACE::2026-01-08.18:11:10::SCWDomain::checking for install qemu data   : 
TRACE::2026-01-08.18:11:10::SCWDomain:: Using the QEMU Data from install at  : E:/xilinx/Vitis/2021.2/data/emulation/platforms/zynq/sw/a9_standalone/qemu/
TRACE::2026-01-08.18:11:10::SCWDomain:: Using the QEMU args  from install at  : E:/xilinx/Vitis/2021.2/data/emulation/platforms/zynq/sw/a9_standalone/qemu/qemu_args.txt
TRACE::2026-01-08.18:11:10::SCWPlatform::Trying to open the hw design at H:/test/two/fpga_arm/vitis/zc706_md/hw/design_1_wrapper.xsa
TRACE::2026-01-08.18:11:10::SCWPlatform::DSA given H:/test/two/fpga_arm/vitis/zc706_md/hw/design_1_wrapper.xsa
TRACE::2026-01-08.18:11:10::SCWPlatform::DSA absoulate path H:/test/two/fpga_arm/vitis/zc706_md/hw/design_1_wrapper.xsa
TRACE::2026-01-08.18:11:10::SCWPlatform::DSA directory H:/test/two/fpga_arm/vitis/zc706_md/hw
TRACE::2026-01-08.18:11:10::SCWPlatform:: Platform Path H:/test/two/fpga_arm/vitis/zc706_md/hw/design_1_wrapper.xsa
TRACE::2026-01-08.18:11:10::SCWPlatform:: Unique name xilinx:zc706::0.0
TRACE::2026-01-08.18:11:10::SCWPlatform::Trying to set the existing hwdb with name design_1_wrapper_11
TRACE::2026-01-08.18:11:10::SCWPlatform::Opened existing hwdb design_1_wrapper_11
TRACE::2026-01-08.18:11:10::SCWPlatform::Found the Hw Db part of the input DSA
TRACE::2026-01-08.18:11:10::SCWPlatform::Trying to open the hw design at H:/test/two/fpga_arm/vitis/zc706_md/hw/design_1_wrapper.xsa
TRACE::2026-01-08.18:11:10::SCWPlatform::DSA given H:/test/two/fpga_arm/vitis/zc706_md/hw/design_1_wrapper.xsa
TRACE::2026-01-08.18:11:10::SCWPlatform::DSA absoulate path H:/test/two/fpga_arm/vitis/zc706_md/hw/design_1_wrapper.xsa
TRACE::2026-01-08.18:11:10::SCWPlatform::DSA directory H:/test/two/fpga_arm/vitis/zc706_md/hw
TRACE::2026-01-08.18:11:10::SCWPlatform:: Platform Path H:/test/two/fpga_arm/vitis/zc706_md/hw/design_1_wrapper.xsa
TRACE::2026-01-08.18:11:10::SCWPlatform:: Unique name xilinx:zc706::0.0
TRACE::2026-01-08.18:11:10::SCWPlatform::Trying to set the existing hwdb with name design_1_wrapper_11
TRACE::2026-01-08.18:11:10::SCWPlatform::Opened existing hwdb design_1_wrapper_11
TRACE::2026-01-08.18:11:10::SCWPlatform::Found the Hw Db part of the input DSA
TRACE::2026-01-08.18:11:10::SCWPlatform::Trying to open the hw design at H:/test/two/fpga_arm/vitis/zc706_md/hw/design_1_wrapper.xsa
TRACE::2026-01-08.18:11:10::SCWPlatform::DSA given H:/test/two/fpga_arm/vitis/zc706_md/hw/design_1_wrapper.xsa
TRACE::2026-01-08.18:11:10::SCWPlatform::DSA absoulate path H:/test/two/fpga_arm/vitis/zc706_md/hw/design_1_wrapper.xsa
TRACE::2026-01-08.18:11:10::SCWPlatform::DSA directory H:/test/two/fpga_arm/vitis/zc706_md/hw
TRACE::2026-01-08.18:11:10::SCWPlatform:: Platform Path H:/test/two/fpga_arm/vitis/zc706_md/hw/design_1_wrapper.xsa
TRACE::2026-01-08.18:11:10::SCWPlatform:: Unique name xilinx:zc706::0.0
TRACE::2026-01-08.18:11:10::SCWPlatform::Trying to set the existing hwdb with name design_1_wrapper_11
TRACE::2026-01-08.18:11:10::SCWPlatform::Opened existing hwdb design_1_wrapper_11
TRACE::2026-01-08.18:11:10::SCWPlatform::Found the Hw Db part of the input DSA
TRACE::2026-01-08.18:11:10::SCWReader::Boot application domain added for zynq_fsbl
TRACE::2026-01-08.18:11:10::SCWPlatform::Trying to open the hw design at H:/test/two/fpga_arm/vitis/zc706_md/hw/design_1_wrapper.xsa
TRACE::2026-01-08.18:11:10::SCWPlatform::DSA given H:/test/two/fpga_arm/vitis/zc706_md/hw/design_1_wrapper.xsa
TRACE::2026-01-08.18:11:10::SCWPlatform::DSA absoulate path H:/test/two/fpga_arm/vitis/zc706_md/hw/design_1_wrapper.xsa
TRACE::2026-01-08.18:11:10::SCWPlatform::DSA directory H:/test/two/fpga_arm/vitis/zc706_md/hw
TRACE::2026-01-08.18:11:10::SCWPlatform:: Platform Path H:/test/two/fpga_arm/vitis/zc706_md/hw/design_1_wrapper.xsa
TRACE::2026-01-08.18:11:10::SCWPlatform:: Unique name xilinx:zc706::0.0
TRACE::2026-01-08.18:11:10::SCWPlatform::Trying to set the existing hwdb with name design_1_wrapper_11
TRACE::2026-01-08.18:11:10::SCWPlatform::Opened existing hwdb design_1_wrapper_11
TRACE::2026-01-08.18:11:10::SCWPlatform::Found the Hw Db part of the input DSA
TRACE::2026-01-08.18:11:10::SCWMssOS::Checking the sw design at  H:/test/two/fpga_arm/vitis/zc706_md/zynq_fsbl/zynq_fsbl_bsp/system.mss
TRACE::2026-01-08.18:11:10::SCWMssOS::DEBUG:  swdes dump  
TRACE::2026-01-08.18:11:10::SCWMssOS::No sw design opened at  H:/test/two/fpga_arm/vitis/zc706_md/zynq_fsbl/zynq_fsbl_bsp/system.mss
TRACE::2026-01-08.18:11:10::SCWMssOS::mss exists loading the mss file  H:/test/two/fpga_arm/vitis/zc706_md/zynq_fsbl/zynq_fsbl_bsp/system.mss
TRACE::2026-01-08.18:11:10::SCWMssOS::Opened the sw design from mss  H:/test/two/fpga_arm/vitis/zc706_md/zynq_fsbl/zynq_fsbl_bsp/system.mss
TRACE::2026-01-08.18:11:10::SCWMssOS::Adding the swdes entry H:/test/two/fpga_arm/vitis/zc706_md/zynq_fsbl/zynq_fsbl_bsp/system.mss with des name system
TRACE::2026-01-08.18:11:10::SCWMssOS::updating the scw layer about changes
TRACE::2026-01-08.18:11:10::SCWMssOS::Opened the sw design.  H:/test/two/fpga_arm/vitis/zc706_md/zynq_fsbl/zynq_fsbl_bsp/system.mss
TRACE::2026-01-08.18:11:10::SCWPlatform::Trying to open the hw design at H:/test/two/fpga_arm/vitis/zc706_md/hw/design_1_wrapper.xsa
TRACE::2026-01-08.18:11:10::SCWPlatform::DSA given H:/test/two/fpga_arm/vitis/zc706_md/hw/design_1_wrapper.xsa
TRACE::2026-01-08.18:11:10::SCWPlatform::DSA absoulate path H:/test/two/fpga_arm/vitis/zc706_md/hw/design_1_wrapper.xsa
TRACE::2026-01-08.18:11:10::SCWPlatform::DSA directory H:/test/two/fpga_arm/vitis/zc706_md/hw
TRACE::2026-01-08.18:11:10::SCWPlatform:: Platform Path H:/test/two/fpga_arm/vitis/zc706_md/hw/design_1_wrapper.xsa
TRACE::2026-01-08.18:11:10::SCWPlatform:: Unique name xilinx:zc706::0.0
TRACE::2026-01-08.18:11:10::SCWPlatform::Trying to set the existing hwdb with name design_1_wrapper_11
TRACE::2026-01-08.18:11:10::SCWPlatform::Opened existing hwdb design_1_wrapper_11
TRACE::2026-01-08.18:11:10::SCWPlatform::Found the Hw Db part of the input DSA
TRACE::2026-01-08.18:11:10::SCWMssOS::Checking the sw design at  H:/test/two/fpga_arm/vitis/zc706_md/zynq_fsbl/zynq_fsbl_bsp/system.mss
TRACE::2026-01-08.18:11:10::SCWMssOS::DEBUG:  swdes dump  H:/test/two/fpga_arm/vitis/zc706_md/zynq_fsbl/zynq_fsbl_bsp/system.mss|system||

TRACE::2026-01-08.18:11:10::SCWMssOS::Sw design exists and opened at  H:/test/two/fpga_arm/vitis/zc706_md/zynq_fsbl/zynq_fsbl_bsp/system.mss
TRACE::2026-01-08.18:11:10::SCWMssOS:: library already available in sw design:  xilffs:4.6
TRACE::2026-01-08.18:11:10::SCWPlatform::Trying to open the hw design at H:/test/two/fpga_arm/vitis/zc706_md/hw/design_1_wrapper.xsa
TRACE::2026-01-08.18:11:10::SCWPlatform::DSA given H:/test/two/fpga_arm/vitis/zc706_md/hw/design_1_wrapper.xsa
TRACE::2026-01-08.18:11:10::SCWPlatform::DSA absoulate path H:/test/two/fpga_arm/vitis/zc706_md/hw/design_1_wrapper.xsa
TRACE::2026-01-08.18:11:10::SCWPlatform::DSA directory H:/test/two/fpga_arm/vitis/zc706_md/hw
TRACE::2026-01-08.18:11:10::SCWPlatform:: Platform Path H:/test/two/fpga_arm/vitis/zc706_md/hw/design_1_wrapper.xsa
TRACE::2026-01-08.18:11:10::SCWPlatform:: Unique name xilinx:zc706::0.0
TRACE::2026-01-08.18:11:10::SCWPlatform::Trying to set the existing hwdb with name design_1_wrapper_11
TRACE::2026-01-08.18:11:10::SCWPlatform::Opened existing hwdb design_1_wrapper_11
TRACE::2026-01-08.18:11:10::SCWPlatform::Found the Hw Db part of the input DSA
TRACE::2026-01-08.18:11:10::SCWMssOS::Checking the sw design at  H:/test/two/fpga_arm/vitis/zc706_md/zynq_fsbl/zynq_fsbl_bsp/system.mss
TRACE::2026-01-08.18:11:10::SCWMssOS::DEBUG:  swdes dump  H:/test/two/fpga_arm/vitis/zc706_md/zynq_fsbl/zynq_fsbl_bsp/system.mss|system||

TRACE::2026-01-08.18:11:10::SCWMssOS::Sw design exists and opened at  H:/test/two/fpga_arm/vitis/zc706_md/zynq_fsbl/zynq_fsbl_bsp/system.mss
TRACE::2026-01-08.18:11:10::SCWMssOS:: library already available in sw design:  xilrsa:1.6
TRACE::2026-01-08.18:11:10::SCWMssOS::Saving the mss changes H:/test/two/fpga_arm/vitis/zc706_md/zynq_fsbl/zynq_fsbl_bsp/system.mss
TRACE::2026-01-08.18:11:10::SCWMssOS::Found a swdesign opened with the mssfile.
TRACE::2026-01-08.18:11:10::SCWMssOS::Completed writemss as part of save.
TRACE::2026-01-08.18:11:10::SCWMssOS::Commit changes completed.
TRACE::2026-01-08.18:11:10::SCWReader::Adding prebuilt librarypaths as   
TRACE::2026-01-08.18:11:10::SCWReader::Adding prebuilt incpaths  as   
TRACE::2026-01-08.18:11:10::SCWPlatform::Trying to open the hw design at H:/test/two/fpga_arm/vitis/zc706_md/hw/design_1_wrapper.xsa
TRACE::2026-01-08.18:11:10::SCWPlatform::DSA given H:/test/two/fpga_arm/vitis/zc706_md/hw/design_1_wrapper.xsa
TRACE::2026-01-08.18:11:10::SCWPlatform::DSA absoulate path H:/test/two/fpga_arm/vitis/zc706_md/hw/design_1_wrapper.xsa
TRACE::2026-01-08.18:11:10::SCWPlatform::DSA directory H:/test/two/fpga_arm/vitis/zc706_md/hw
TRACE::2026-01-08.18:11:10::SCWPlatform:: Platform Path H:/test/two/fpga_arm/vitis/zc706_md/hw/design_1_wrapper.xsa
TRACE::2026-01-08.18:11:10::SCWPlatform:: Unique name xilinx:zc706::0.0
TRACE::2026-01-08.18:11:10::SCWPlatform::Trying to set the existing hwdb with name design_1_wrapper_11
TRACE::2026-01-08.18:11:10::SCWPlatform::Opened existing hwdb design_1_wrapper_11
TRACE::2026-01-08.18:11:10::SCWPlatform::Found the Hw Db part of the input DSA
TRACE::2026-01-08.18:11:10::SCWMssOS::Checking the sw design at  H:/test/two/fpga_arm/vitis/zc706_md/zynq_fsbl/zynq_fsbl_bsp/system.mss
TRACE::2026-01-08.18:11:10::SCWMssOS::DEBUG:  swdes dump  H:/test/two/fpga_arm/vitis/zc706_md/zynq_fsbl/zynq_fsbl_bsp/system.mss|system||

TRACE::2026-01-08.18:11:10::SCWMssOS::Sw design exists and opened at  H:/test/two/fpga_arm/vitis/zc706_md/zynq_fsbl/zynq_fsbl_bsp/system.mss
TRACE::2026-01-08.18:11:10::SCWReader::No isolation master present  
TRACE::2026-01-08.18:11:10::SCWDomain::checking for install qemu data   : 
TRACE::2026-01-08.18:11:10::SCWDomain:: Using the QEMU Data from install at  : E:/xilinx/Vitis/2021.2/data/emulation/platforms/zynq/sw/a9_standalone/qemu/
TRACE::2026-01-08.18:11:10::SCWDomain:: Using the QEMU args  from install at  : E:/xilinx/Vitis/2021.2/data/emulation/platforms/zynq/sw/a9_standalone/qemu/qemu_args.txt
TRACE::2026-01-08.18:11:10::SCWPlatform::Trying to open the hw design at H:/test/two/fpga_arm/vitis/zc706_md/hw/design_1_wrapper.xsa
TRACE::2026-01-08.18:11:10::SCWPlatform::DSA given H:/test/two/fpga_arm/vitis/zc706_md/hw/design_1_wrapper.xsa
TRACE::2026-01-08.18:11:10::SCWPlatform::DSA absoulate path H:/test/two/fpga_arm/vitis/zc706_md/hw/design_1_wrapper.xsa
TRACE::2026-01-08.18:11:10::SCWPlatform::DSA directory H:/test/two/fpga_arm/vitis/zc706_md/hw
TRACE::2026-01-08.18:11:10::SCWPlatform:: Platform Path H:/test/two/fpga_arm/vitis/zc706_md/hw/design_1_wrapper.xsa
TRACE::2026-01-08.18:11:10::SCWPlatform:: Unique name xilinx:zc706::0.0
TRACE::2026-01-08.18:11:10::SCWPlatform::Trying to set the existing hwdb with name design_1_wrapper_11
TRACE::2026-01-08.18:11:10::SCWPlatform::Opened existing hwdb design_1_wrapper_11
TRACE::2026-01-08.18:11:10::SCWPlatform::Found the Hw Db part of the input DSA
TRACE::2026-01-08.18:11:10::SCWPlatform::Trying to open the hw design at H:/test/two/fpga_arm/vitis/zc706_md/hw/design_1_wrapper.xsa
TRACE::2026-01-08.18:11:10::SCWPlatform::DSA given H:/test/two/fpga_arm/vitis/zc706_md/hw/design_1_wrapper.xsa
TRACE::2026-01-08.18:11:10::SCWPlatform::DSA absoulate path H:/test/two/fpga_arm/vitis/zc706_md/hw/design_1_wrapper.xsa
TRACE::2026-01-08.18:11:10::SCWPlatform::DSA directory H:/test/two/fpga_arm/vitis/zc706_md/hw
TRACE::2026-01-08.18:11:10::SCWPlatform:: Platform Path H:/test/two/fpga_arm/vitis/zc706_md/hw/design_1_wrapper.xsa
TRACE::2026-01-08.18:11:10::SCWPlatform:: Unique name xilinx:zc706::0.0
TRACE::2026-01-08.18:11:10::SCWPlatform::Trying to set the existing hwdb with name design_1_wrapper_11
TRACE::2026-01-08.18:11:10::SCWPlatform::Opened existing hwdb design_1_wrapper_11
TRACE::2026-01-08.18:11:10::SCWPlatform::Found the Hw Db part of the input DSA
TRACE::2026-01-08.18:11:10::SCWPlatform::Trying to open the hw design at H:/test/two/fpga_arm/vitis/zc706_md/hw/design_1_wrapper.xsa
TRACE::2026-01-08.18:11:10::SCWPlatform::DSA given H:/test/two/fpga_arm/vitis/zc706_md/hw/design_1_wrapper.xsa
TRACE::2026-01-08.18:11:10::SCWPlatform::DSA absoulate path H:/test/two/fpga_arm/vitis/zc706_md/hw/design_1_wrapper.xsa
TRACE::2026-01-08.18:11:10::SCWPlatform::DSA directory H:/test/two/fpga_arm/vitis/zc706_md/hw
TRACE::2026-01-08.18:11:10::SCWPlatform:: Platform Path H:/test/two/fpga_arm/vitis/zc706_md/hw/design_1_wrapper.xsa
TRACE::2026-01-08.18:11:10::SCWPlatform:: Unique name xilinx:zc706::0.0
TRACE::2026-01-08.18:11:10::SCWPlatform::Trying to set the existing hwdb with name design_1_wrapper_11
TRACE::2026-01-08.18:11:10::SCWPlatform::Opened existing hwdb design_1_wrapper_11
TRACE::2026-01-08.18:11:10::SCWPlatform::Found the Hw Db part of the input DSA
TRACE::2026-01-08.18:11:10::SCWMssOS::Checking the sw design at  H:/test/two/fpga_arm/vitis/zc706_md/ps7_cortexa9_0/standalone_ps7_cortexa9_0/bsp/system.mss
TRACE::2026-01-08.18:11:10::SCWMssOS::DEBUG:  swdes dump  H:/test/two/fpga_arm/vitis/zc706_md/zynq_fsbl/zynq_fsbl_bsp/system.mss|system||

TRACE::2026-01-08.18:11:10::SCWMssOS::No sw design opened at  H:/test/two/fpga_arm/vitis/zc706_md/ps7_cortexa9_0/standalone_ps7_cortexa9_0/bsp/system.mss
TRACE::2026-01-08.18:11:10::SCWMssOS::mss exists loading the mss file  H:/test/two/fpga_arm/vitis/zc706_md/ps7_cortexa9_0/standalone_ps7_cortexa9_0/bsp/system.mss
TRACE::2026-01-08.18:11:10::SCWMssOS::Opened the sw design from mss  H:/test/two/fpga_arm/vitis/zc706_md/ps7_cortexa9_0/standalone_ps7_cortexa9_0/bsp/system.mss
TRACE::2026-01-08.18:11:10::SCWMssOS::Adding the swdes entry H:/test/two/fpga_arm/vitis/zc706_md/ps7_cortexa9_0/standalone_ps7_cortexa9_0/bsp/system.mss with des name system_0
TRACE::2026-01-08.18:11:10::SCWMssOS::updating the scw layer about changes
TRACE::2026-01-08.18:11:10::SCWMssOS::Opened the sw design.  H:/test/two/fpga_arm/vitis/zc706_md/ps7_cortexa9_0/standalone_ps7_cortexa9_0/bsp/system.mss
TRACE::2026-01-08.18:11:10::SCWPlatform::Trying to open the hw design at H:/test/two/fpga_arm/vitis/zc706_md/hw/design_1_wrapper.xsa
TRACE::2026-01-08.18:11:10::SCWPlatform::DSA given H:/test/two/fpga_arm/vitis/zc706_md/hw/design_1_wrapper.xsa
TRACE::2026-01-08.18:11:10::SCWPlatform::DSA absoulate path H:/test/two/fpga_arm/vitis/zc706_md/hw/design_1_wrapper.xsa
TRACE::2026-01-08.18:11:10::SCWPlatform::DSA directory H:/test/two/fpga_arm/vitis/zc706_md/hw
TRACE::2026-01-08.18:11:10::SCWPlatform:: Platform Path H:/test/two/fpga_arm/vitis/zc706_md/hw/design_1_wrapper.xsa
TRACE::2026-01-08.18:11:10::SCWPlatform:: Unique name xilinx:zc706::0.0
TRACE::2026-01-08.18:11:10::SCWPlatform::Trying to set the existing hwdb with name design_1_wrapper_11
TRACE::2026-01-08.18:11:10::SCWPlatform::Opened existing hwdb design_1_wrapper_11
TRACE::2026-01-08.18:11:10::SCWPlatform::Found the Hw Db part of the input DSA
TRACE::2026-01-08.18:11:10::SCWMssOS::Checking the sw design at  H:/test/two/fpga_arm/vitis/zc706_md/ps7_cortexa9_0/standalone_ps7_cortexa9_0/bsp/system.mss
TRACE::2026-01-08.18:11:10::SCWMssOS::DEBUG:  swdes dump  H:/test/two/fpga_arm/vitis/zc706_md/ps7_cortexa9_0/standalone_ps7_cortexa9_0/bsp/system.mss|system_0||
H:/test/two/fpga_arm/vitis/zc706_md/zynq_fsbl/zynq_fsbl_bsp/system.mss|system||

TRACE::2026-01-08.18:11:10::SCWMssOS::Sw design exists and opened at  H:/test/two/fpga_arm/vitis/zc706_md/ps7_cortexa9_0/standalone_ps7_cortexa9_0/bsp/system.mss
TRACE::2026-01-08.18:11:10::SCWMssOS:: library already available in sw design:  lwip211:1.6
TRACE::2026-01-08.18:11:10::SCWPlatform::Trying to open the hw design at H:/test/two/fpga_arm/vitis/zc706_md/hw/design_1_wrapper.xsa
TRACE::2026-01-08.18:11:10::SCWPlatform::DSA given H:/test/two/fpga_arm/vitis/zc706_md/hw/design_1_wrapper.xsa
TRACE::2026-01-08.18:11:10::SCWPlatform::DSA absoulate path H:/test/two/fpga_arm/vitis/zc706_md/hw/design_1_wrapper.xsa
TRACE::2026-01-08.18:11:10::SCWPlatform::DSA directory H:/test/two/fpga_arm/vitis/zc706_md/hw
TRACE::2026-01-08.18:11:10::SCWPlatform:: Platform Path H:/test/two/fpga_arm/vitis/zc706_md/hw/design_1_wrapper.xsa
TRACE::2026-01-08.18:11:10::SCWPlatform:: Unique name xilinx:zc706::0.0
TRACE::2026-01-08.18:11:10::SCWPlatform::Trying to set the existing hwdb with name design_1_wrapper_11
TRACE::2026-01-08.18:11:10::SCWPlatform::Opened existing hwdb design_1_wrapper_11
TRACE::2026-01-08.18:11:10::SCWPlatform::Found the Hw Db part of the input DSA
TRACE::2026-01-08.18:11:10::SCWMssOS::Checking the sw design at  H:/test/two/fpga_arm/vitis/zc706_md/ps7_cortexa9_0/standalone_ps7_cortexa9_0/bsp/system.mss
TRACE::2026-01-08.18:11:10::SCWMssOS::DEBUG:  swdes dump  H:/test/two/fpga_arm/vitis/zc706_md/ps7_cortexa9_0/standalone_ps7_cortexa9_0/bsp/system.mss|system_0||
H:/test/two/fpga_arm/vitis/zc706_md/zynq_fsbl/zynq_fsbl_bsp/system.mss|system||

TRACE::2026-01-08.18:11:10::SCWMssOS::Sw design exists and opened at  H:/test/two/fpga_arm/vitis/zc706_md/ps7_cortexa9_0/standalone_ps7_cortexa9_0/bsp/system.mss
TRACE::2026-01-08.18:11:10::SCWMssOS:: library already available in sw design:  xilffs:4.6
TRACE::2026-01-08.18:11:10::SCWPlatform::Trying to open the hw design at H:/test/two/fpga_arm/vitis/zc706_md/hw/design_1_wrapper.xsa
TRACE::2026-01-08.18:11:10::SCWPlatform::DSA given H:/test/two/fpga_arm/vitis/zc706_md/hw/design_1_wrapper.xsa
TRACE::2026-01-08.18:11:10::SCWPlatform::DSA absoulate path H:/test/two/fpga_arm/vitis/zc706_md/hw/design_1_wrapper.xsa
TRACE::2026-01-08.18:11:10::SCWPlatform::DSA directory H:/test/two/fpga_arm/vitis/zc706_md/hw
TRACE::2026-01-08.18:11:10::SCWPlatform:: Platform Path H:/test/two/fpga_arm/vitis/zc706_md/hw/design_1_wrapper.xsa
TRACE::2026-01-08.18:11:10::SCWPlatform:: Unique name xilinx:zc706::0.0
TRACE::2026-01-08.18:11:10::SCWPlatform::Trying to set the existing hwdb with name design_1_wrapper_11
TRACE::2026-01-08.18:11:10::SCWPlatform::Opened existing hwdb design_1_wrapper_11
TRACE::2026-01-08.18:11:10::SCWPlatform::Found the Hw Db part of the input DSA
TRACE::2026-01-08.18:11:10::SCWMssOS::Checking the sw design at  H:/test/two/fpga_arm/vitis/zc706_md/ps7_cortexa9_0/standalone_ps7_cortexa9_0/bsp/system.mss
TRACE::2026-01-08.18:11:10::SCWMssOS::DEBUG:  swdes dump  H:/test/two/fpga_arm/vitis/zc706_md/ps7_cortexa9_0/standalone_ps7_cortexa9_0/bsp/system.mss|system_0||
H:/test/two/fpga_arm/vitis/zc706_md/zynq_fsbl/zynq_fsbl_bsp/system.mss|system||

TRACE::2026-01-08.18:11:10::SCWMssOS::Sw design exists and opened at  H:/test/two/fpga_arm/vitis/zc706_md/ps7_cortexa9_0/standalone_ps7_cortexa9_0/bsp/system.mss
TRACE::2026-01-08.18:11:10::SCWPlatform::Trying to open the hw design at H:/test/two/fpga_arm/vitis/zc706_md/hw/design_1_wrapper.xsa
TRACE::2026-01-08.18:11:10::SCWPlatform::DSA given H:/test/two/fpga_arm/vitis/zc706_md/hw/design_1_wrapper.xsa
TRACE::2026-01-08.18:11:10::SCWPlatform::DSA absoulate path H:/test/two/fpga_arm/vitis/zc706_md/hw/design_1_wrapper.xsa
TRACE::2026-01-08.18:11:10::SCWPlatform::DSA directory H:/test/two/fpga_arm/vitis/zc706_md/hw
TRACE::2026-01-08.18:11:10::SCWPlatform:: Platform Path H:/test/two/fpga_arm/vitis/zc706_md/hw/design_1_wrapper.xsa
TRACE::2026-01-08.18:11:10::SCWPlatform:: Unique name xilinx:zc706::0.0
TRACE::2026-01-08.18:11:10::SCWPlatform::Trying to set the existing hwdb with name design_1_wrapper_11
TRACE::2026-01-08.18:11:10::SCWPlatform::Opened existing hwdb design_1_wrapper_11
TRACE::2026-01-08.18:11:10::SCWPlatform::Found the Hw Db part of the input DSA
TRACE::2026-01-08.18:11:10::SCWMssOS::Checking the sw design at  H:/test/two/fpga_arm/vitis/zc706_md/ps7_cortexa9_0/standalone_ps7_cortexa9_0/bsp/system.mss
TRACE::2026-01-08.18:11:10::SCWMssOS::DEBUG:  swdes dump  H:/test/two/fpga_arm/vitis/zc706_md/ps7_cortexa9_0/standalone_ps7_cortexa9_0/bsp/system.mss|system_0||
H:/test/two/fpga_arm/vitis/zc706_md/zynq_fsbl/zynq_fsbl_bsp/system.mss|system||

TRACE::2026-01-08.18:11:10::SCWMssOS::Sw design exists and opened at  H:/test/two/fpga_arm/vitis/zc706_md/ps7_cortexa9_0/standalone_ps7_cortexa9_0/bsp/system.mss
TRACE::2026-01-08.18:11:10::SCWPlatform::Trying to open the hw design at H:/test/two/fpga_arm/vitis/zc706_md/hw/design_1_wrapper.xsa
TRACE::2026-01-08.18:11:10::SCWPlatform::DSA given H:/test/two/fpga_arm/vitis/zc706_md/hw/design_1_wrapper.xsa
TRACE::2026-01-08.18:11:10::SCWPlatform::DSA absoulate path H:/test/two/fpga_arm/vitis/zc706_md/hw/design_1_wrapper.xsa
TRACE::2026-01-08.18:11:10::SCWPlatform::DSA directory H:/test/two/fpga_arm/vitis/zc706_md/hw
TRACE::2026-01-08.18:11:10::SCWPlatform:: Platform Path H:/test/two/fpga_arm/vitis/zc706_md/hw/design_1_wrapper.xsa
TRACE::2026-01-08.18:11:10::SCWPlatform:: Unique name xilinx:zc706::0.0
TRACE::2026-01-08.18:11:10::SCWPlatform::Trying to set the existing hwdb with name design_1_wrapper_11
TRACE::2026-01-08.18:11:10::SCWPlatform::Opened existing hwdb design_1_wrapper_11
TRACE::2026-01-08.18:11:10::SCWPlatform::Found the Hw Db part of the input DSA
TRACE::2026-01-08.18:11:10::SCWMssOS::Checking the sw design at  H:/test/two/fpga_arm/vitis/zc706_md/ps7_cortexa9_0/standalone_ps7_cortexa9_0/bsp/system.mss
TRACE::2026-01-08.18:11:10::SCWMssOS::DEBUG:  swdes dump  H:/test/two/fpga_arm/vitis/zc706_md/ps7_cortexa9_0/standalone_ps7_cortexa9_0/bsp/system.mss|system_0||
H:/test/two/fpga_arm/vitis/zc706_md/zynq_fsbl/zynq_fsbl_bsp/system.mss|system||

TRACE::2026-01-08.18:11:10::SCWMssOS::Sw design exists and opened at  H:/test/two/fpga_arm/vitis/zc706_md/ps7_cortexa9_0/standalone_ps7_cortexa9_0/bsp/system.mss
TRACE::2026-01-08.18:11:10::SCWPlatform::Trying to open the hw design at H:/test/two/fpga_arm/vitis/zc706_md/hw/design_1_wrapper.xsa
TRACE::2026-01-08.18:11:10::SCWPlatform::DSA given H:/test/two/fpga_arm/vitis/zc706_md/hw/design_1_wrapper.xsa
TRACE::2026-01-08.18:11:10::SCWPlatform::DSA absoulate path H:/test/two/fpga_arm/vitis/zc706_md/hw/design_1_wrapper.xsa
TRACE::2026-01-08.18:11:10::SCWPlatform::DSA directory H:/test/two/fpga_arm/vitis/zc706_md/hw
TRACE::2026-01-08.18:11:10::SCWPlatform:: Platform Path H:/test/two/fpga_arm/vitis/zc706_md/hw/design_1_wrapper.xsa
TRACE::2026-01-08.18:11:10::SCWPlatform:: Unique name xilinx:zc706::0.0
TRACE::2026-01-08.18:11:10::SCWPlatform::Trying to set the existing hwdb with name design_1_wrapper_11
TRACE::2026-01-08.18:11:10::SCWPlatform::Opened existing hwdb design_1_wrapper_11
TRACE::2026-01-08.18:11:10::SCWPlatform::Found the Hw Db part of the input DSA
TRACE::2026-01-08.18:11:10::SCWMssOS::Checking the sw design at  H:/test/two/fpga_arm/vitis/zc706_md/ps7_cortexa9_0/standalone_ps7_cortexa9_0/bsp/system.mss
TRACE::2026-01-08.18:11:10::SCWMssOS::DEBUG:  swdes dump  H:/test/two/fpga_arm/vitis/zc706_md/ps7_cortexa9_0/standalone_ps7_cortexa9_0/bsp/system.mss|system_0||
H:/test/two/fpga_arm/vitis/zc706_md/zynq_fsbl/zynq_fsbl_bsp/system.mss|system||

TRACE::2026-01-08.18:11:10::SCWMssOS::Sw design exists and opened at  H:/test/two/fpga_arm/vitis/zc706_md/ps7_cortexa9_0/standalone_ps7_cortexa9_0/bsp/system.mss
TRACE::2026-01-08.18:11:10::SCWPlatform::Trying to open the hw design at H:/test/two/fpga_arm/vitis/zc706_md/hw/design_1_wrapper.xsa
TRACE::2026-01-08.18:11:10::SCWPlatform::DSA given H:/test/two/fpga_arm/vitis/zc706_md/hw/design_1_wrapper.xsa
TRACE::2026-01-08.18:11:10::SCWPlatform::DSA absoulate path H:/test/two/fpga_arm/vitis/zc706_md/hw/design_1_wrapper.xsa
TRACE::2026-01-08.18:11:10::SCWPlatform::DSA directory H:/test/two/fpga_arm/vitis/zc706_md/hw
TRACE::2026-01-08.18:11:10::SCWPlatform:: Platform Path H:/test/two/fpga_arm/vitis/zc706_md/hw/design_1_wrapper.xsa
TRACE::2026-01-08.18:11:10::SCWPlatform:: Unique name xilinx:zc706::0.0
TRACE::2026-01-08.18:11:10::SCWPlatform::Trying to set the existing hwdb with name design_1_wrapper_11
TRACE::2026-01-08.18:11:10::SCWPlatform::Opened existing hwdb design_1_wrapper_11
TRACE::2026-01-08.18:11:10::SCWPlatform::Found the Hw Db part of the input DSA
TRACE::2026-01-08.18:11:10::SCWMssOS::Checking the sw design at  H:/test/two/fpga_arm/vitis/zc706_md/ps7_cortexa9_0/standalone_ps7_cortexa9_0/bsp/system.mss
TRACE::2026-01-08.18:11:10::SCWMssOS::DEBUG:  swdes dump  H:/test/two/fpga_arm/vitis/zc706_md/ps7_cortexa9_0/standalone_ps7_cortexa9_0/bsp/system.mss|system_0||
H:/test/two/fpga_arm/vitis/zc706_md/zynq_fsbl/zynq_fsbl_bsp/system.mss|system||

TRACE::2026-01-08.18:11:10::SCWMssOS::Sw design exists and opened at  H:/test/two/fpga_arm/vitis/zc706_md/ps7_cortexa9_0/standalone_ps7_cortexa9_0/bsp/system.mss
TRACE::2026-01-08.18:11:10::SCWPlatform::Trying to open the hw design at H:/test/two/fpga_arm/vitis/zc706_md/hw/design_1_wrapper.xsa
TRACE::2026-01-08.18:11:10::SCWPlatform::DSA given H:/test/two/fpga_arm/vitis/zc706_md/hw/design_1_wrapper.xsa
TRACE::2026-01-08.18:11:10::SCWPlatform::DSA absoulate path H:/test/two/fpga_arm/vitis/zc706_md/hw/design_1_wrapper.xsa
TRACE::2026-01-08.18:11:10::SCWPlatform::DSA directory H:/test/two/fpga_arm/vitis/zc706_md/hw
TRACE::2026-01-08.18:11:10::SCWPlatform:: Platform Path H:/test/two/fpga_arm/vitis/zc706_md/hw/design_1_wrapper.xsa
TRACE::2026-01-08.18:11:10::SCWPlatform:: Unique name xilinx:zc706::0.0
TRACE::2026-01-08.18:11:10::SCWPlatform::Trying to set the existing hwdb with name design_1_wrapper_11
TRACE::2026-01-08.18:11:10::SCWPlatform::Opened existing hwdb design_1_wrapper_11
TRACE::2026-01-08.18:11:10::SCWPlatform::Found the Hw Db part of the input DSA
TRACE::2026-01-08.18:11:10::SCWMssOS::Checking the sw design at  H:/test/two/fpga_arm/vitis/zc706_md/ps7_cortexa9_0/standalone_ps7_cortexa9_0/bsp/system.mss
TRACE::2026-01-08.18:11:10::SCWMssOS::DEBUG:  swdes dump  H:/test/two/fpga_arm/vitis/zc706_md/ps7_cortexa9_0/standalone_ps7_cortexa9_0/bsp/system.mss|system_0||
H:/test/two/fpga_arm/vitis/zc706_md/zynq_fsbl/zynq_fsbl_bsp/system.mss|system||

TRACE::2026-01-08.18:11:10::SCWMssOS::Sw design exists and opened at  H:/test/two/fpga_arm/vitis/zc706_md/ps7_cortexa9_0/standalone_ps7_cortexa9_0/bsp/system.mss
TRACE::2026-01-08.18:11:10::SCWMssOS::Saving the mss changes H:/test/two/fpga_arm/vitis/zc706_md/ps7_cortexa9_0/standalone_ps7_cortexa9_0/bsp/system.mss
TRACE::2026-01-08.18:11:10::SCWMssOS::Found a swdesign opened with the mssfile.
TRACE::2026-01-08.18:11:10::SCWMssOS::Completed writemss as part of save.
TRACE::2026-01-08.18:11:10::SCWMssOS::Commit changes completed.
TRACE::2026-01-08.18:11:10::SCWReader::Adding prebuilt librarypaths as   
TRACE::2026-01-08.18:11:10::SCWReader::Adding prebuilt incpaths  as   
TRACE::2026-01-08.18:11:10::SCWPlatform::Trying to open the hw design at H:/test/two/fpga_arm/vitis/zc706_md/hw/design_1_wrapper.xsa
TRACE::2026-01-08.18:11:10::SCWPlatform::DSA given H:/test/two/fpga_arm/vitis/zc706_md/hw/design_1_wrapper.xsa
TRACE::2026-01-08.18:11:10::SCWPlatform::DSA absoulate path H:/test/two/fpga_arm/vitis/zc706_md/hw/design_1_wrapper.xsa
TRACE::2026-01-08.18:11:10::SCWPlatform::DSA directory H:/test/two/fpga_arm/vitis/zc706_md/hw
TRACE::2026-01-08.18:11:10::SCWPlatform:: Platform Path H:/test/two/fpga_arm/vitis/zc706_md/hw/design_1_wrapper.xsa
TRACE::2026-01-08.18:11:10::SCWPlatform:: Unique name xilinx:zc706::0.0
TRACE::2026-01-08.18:11:10::SCWPlatform::Trying to set the existing hwdb with name design_1_wrapper_11
TRACE::2026-01-08.18:11:10::SCWPlatform::Opened existing hwdb design_1_wrapper_11
TRACE::2026-01-08.18:11:10::SCWPlatform::Found the Hw Db part of the input DSA
TRACE::2026-01-08.18:11:10::SCWMssOS::Checking the sw design at  H:/test/two/fpga_arm/vitis/zc706_md/ps7_cortexa9_0/standalone_ps7_cortexa9_0/bsp/system.mss
TRACE::2026-01-08.18:11:10::SCWMssOS::DEBUG:  swdes dump  H:/test/two/fpga_arm/vitis/zc706_md/ps7_cortexa9_0/standalone_ps7_cortexa9_0/bsp/system.mss|system_0||
H:/test/two/fpga_arm/vitis/zc706_md/zynq_fsbl/zynq_fsbl_bsp/system.mss|system||

TRACE::2026-01-08.18:11:10::SCWMssOS::Sw design exists and opened at  H:/test/two/fpga_arm/vitis/zc706_md/ps7_cortexa9_0/standalone_ps7_cortexa9_0/bsp/system.mss
TRACE::2026-01-08.18:11:10::SCWReader::No isolation master present  
TRACE::2026-01-08.18:11:10::SCWPlatform::Trying to open the hw design at H:/test/two/fpga_arm/vitis/zc706_md/hw/design_1_wrapper.xsa
TRACE::2026-01-08.18:11:10::SCWPlatform::DSA given H:/test/two/fpga_arm/vitis/zc706_md/hw/design_1_wrapper.xsa
TRACE::2026-01-08.18:11:10::SCWPlatform::DSA absoulate path H:/test/two/fpga_arm/vitis/zc706_md/hw/design_1_wrapper.xsa
TRACE::2026-01-08.18:11:10::SCWPlatform::DSA directory H:/test/two/fpga_arm/vitis/zc706_md/hw
TRACE::2026-01-08.18:11:10::SCWPlatform:: Platform Path H:/test/two/fpga_arm/vitis/zc706_md/hw/design_1_wrapper.xsa
TRACE::2026-01-08.18:11:10::SCWPlatform:: Unique name xilinx:zc706::0.0
TRACE::2026-01-08.18:11:10::SCWPlatform::Trying to set the existing hwdb with name design_1_wrapper_11
TRACE::2026-01-08.18:11:10::SCWPlatform::Opened existing hwdb design_1_wrapper_11
TRACE::2026-01-08.18:11:10::SCWPlatform::Found the Hw Db part of the input DSA
TRACE::2026-01-08.18:11:10::SCWMssOS::Checking the sw design at  H:/test/two/fpga_arm/vitis/zc706_md/ps7_cortexa9_0/standalone_ps7_cortexa9_0/bsp/system.mss
TRACE::2026-01-08.18:11:10::SCWMssOS::DEBUG:  swdes dump  H:/test/two/fpga_arm/vitis/zc706_md/ps7_cortexa9_0/standalone_ps7_cortexa9_0/bsp/system.mss|system_0||
H:/test/two/fpga_arm/vitis/zc706_md/zynq_fsbl/zynq_fsbl_bsp/system.mss|system||

TRACE::2026-01-08.18:11:10::SCWMssOS::Sw design exists and opened at  H:/test/two/fpga_arm/vitis/zc706_md/ps7_cortexa9_0/standalone_ps7_cortexa9_0/bsp/system.mss
TRACE::2026-01-08.18:11:11::SCWMssOS::In reload Mss file.
TRACE::2026-01-08.18:11:11::SCWPlatform::Trying to open the hw design at H:/test/two/fpga_arm/vitis/zc706_md/hw/design_1_wrapper.xsa
TRACE::2026-01-08.18:11:11::SCWPlatform::DSA given H:/test/two/fpga_arm/vitis/zc706_md/hw/design_1_wrapper.xsa
TRACE::2026-01-08.18:11:11::SCWPlatform::DSA absoulate path H:/test/two/fpga_arm/vitis/zc706_md/hw/design_1_wrapper.xsa
TRACE::2026-01-08.18:11:11::SCWPlatform::DSA directory H:/test/two/fpga_arm/vitis/zc706_md/hw
TRACE::2026-01-08.18:11:11::SCWPlatform:: Platform Path H:/test/two/fpga_arm/vitis/zc706_md/hw/design_1_wrapper.xsa
TRACE::2026-01-08.18:11:11::SCWPlatform:: Unique name xilinx:zc706::0.0
TRACE::2026-01-08.18:11:11::SCWPlatform::Trying to set the existing hwdb with name design_1_wrapper_11
TRACE::2026-01-08.18:11:11::SCWPlatform::Opened existing hwdb design_1_wrapper_11
TRACE::2026-01-08.18:11:11::SCWPlatform::Found the Hw Db part of the input DSA
TRACE::2026-01-08.18:11:11::SCWMssOS::Checking the sw design at  H:/test/two/fpga_arm/vitis/zc706_md/ps7_cortexa9_0/standalone_ps7_cortexa9_0/bsp/system.mss
TRACE::2026-01-08.18:11:11::SCWMssOS::DEBUG:  swdes dump  H:/test/two/fpga_arm/vitis/zc706_md/zynq_fsbl/zynq_fsbl_bsp/system.mss|system||

TRACE::2026-01-08.18:11:11::SCWMssOS::No sw design opened at  H:/test/two/fpga_arm/vitis/zc706_md/ps7_cortexa9_0/standalone_ps7_cortexa9_0/bsp/system.mss
TRACE::2026-01-08.18:11:11::SCWMssOS::mss exists loading the mss file  H:/test/two/fpga_arm/vitis/zc706_md/ps7_cortexa9_0/standalone_ps7_cortexa9_0/bsp/system.mss
TRACE::2026-01-08.18:11:11::SCWMssOS::Opened the sw design from mss  H:/test/two/fpga_arm/vitis/zc706_md/ps7_cortexa9_0/standalone_ps7_cortexa9_0/bsp/system.mss
TRACE::2026-01-08.18:11:11::SCWMssOS::Adding the swdes entry H:/test/two/fpga_arm/vitis/zc706_md/ps7_cortexa9_0/standalone_ps7_cortexa9_0/bsp/system.mss with des name system_0
TRACE::2026-01-08.18:11:11::SCWMssOS::updating the scw layer about changes
TRACE::2026-01-08.18:11:11::SCWMssOS::Opened the sw design.  H:/test/two/fpga_arm/vitis/zc706_md/ps7_cortexa9_0/standalone_ps7_cortexa9_0/bsp/system.mss
TRACE::2026-01-08.18:11:11::SCWPlatform::Trying to open the hw design at H:/test/two/fpga_arm/vitis/zc706_md/hw/design_1_wrapper.xsa
TRACE::2026-01-08.18:11:11::SCWPlatform::DSA given H:/test/two/fpga_arm/vitis/zc706_md/hw/design_1_wrapper.xsa
TRACE::2026-01-08.18:11:11::SCWPlatform::DSA absoulate path H:/test/two/fpga_arm/vitis/zc706_md/hw/design_1_wrapper.xsa
TRACE::2026-01-08.18:11:11::SCWPlatform::DSA directory H:/test/two/fpga_arm/vitis/zc706_md/hw
TRACE::2026-01-08.18:11:11::SCWPlatform:: Platform Path H:/test/two/fpga_arm/vitis/zc706_md/hw/design_1_wrapper.xsa
TRACE::2026-01-08.18:11:11::SCWPlatform:: Unique name xilinx:zc706::0.0
TRACE::2026-01-08.18:11:11::SCWPlatform::Trying to set the existing hwdb with name design_1_wrapper_11
TRACE::2026-01-08.18:11:11::SCWPlatform::Opened existing hwdb design_1_wrapper_11
TRACE::2026-01-08.18:11:11::SCWPlatform::Found the Hw Db part of the input DSA
TRACE::2026-01-08.18:11:11::SCWMssOS::Checking the sw design at  H:/test/two/fpga_arm/vitis/zc706_md/ps7_cortexa9_0/standalone_ps7_cortexa9_0/bsp/system.mss
TRACE::2026-01-08.18:11:11::SCWMssOS::DEBUG:  swdes dump  H:/test/two/fpga_arm/vitis/zc706_md/ps7_cortexa9_0/standalone_ps7_cortexa9_0/bsp/system.mss|system_0||
H:/test/two/fpga_arm/vitis/zc706_md/zynq_fsbl/zynq_fsbl_bsp/system.mss|system||

TRACE::2026-01-08.18:11:11::SCWMssOS::Sw design exists and opened at  H:/test/two/fpga_arm/vitis/zc706_md/ps7_cortexa9_0/standalone_ps7_cortexa9_0/bsp/system.mss
TRACE::2026-01-08.18:11:11::SCWMssOS:: library already available in sw design:  lwip211:1.6
TRACE::2026-01-08.18:11:11::SCWPlatform::Trying to open the hw design at H:/test/two/fpga_arm/vitis/zc706_md/hw/design_1_wrapper.xsa
TRACE::2026-01-08.18:11:11::SCWPlatform::DSA given H:/test/two/fpga_arm/vitis/zc706_md/hw/design_1_wrapper.xsa
TRACE::2026-01-08.18:11:11::SCWPlatform::DSA absoulate path H:/test/two/fpga_arm/vitis/zc706_md/hw/design_1_wrapper.xsa
TRACE::2026-01-08.18:11:11::SCWPlatform::DSA directory H:/test/two/fpga_arm/vitis/zc706_md/hw
TRACE::2026-01-08.18:11:11::SCWPlatform:: Platform Path H:/test/two/fpga_arm/vitis/zc706_md/hw/design_1_wrapper.xsa
TRACE::2026-01-08.18:11:11::SCWPlatform:: Unique name xilinx:zc706::0.0
TRACE::2026-01-08.18:11:11::SCWPlatform::Trying to set the existing hwdb with name design_1_wrapper_11
TRACE::2026-01-08.18:11:11::SCWPlatform::Opened existing hwdb design_1_wrapper_11
TRACE::2026-01-08.18:11:11::SCWPlatform::Found the Hw Db part of the input DSA
TRACE::2026-01-08.18:11:11::SCWMssOS::Checking the sw design at  H:/test/two/fpga_arm/vitis/zc706_md/ps7_cortexa9_0/standalone_ps7_cortexa9_0/bsp/system.mss
TRACE::2026-01-08.18:11:11::SCWMssOS::DEBUG:  swdes dump  H:/test/two/fpga_arm/vitis/zc706_md/ps7_cortexa9_0/standalone_ps7_cortexa9_0/bsp/system.mss|system_0||
H:/test/two/fpga_arm/vitis/zc706_md/zynq_fsbl/zynq_fsbl_bsp/system.mss|system||

TRACE::2026-01-08.18:11:11::SCWMssOS::Sw design exists and opened at  H:/test/two/fpga_arm/vitis/zc706_md/ps7_cortexa9_0/standalone_ps7_cortexa9_0/bsp/system.mss
TRACE::2026-01-08.18:11:11::SCWMssOS:: library already available in sw design:  xilffs:4.6
TRACE::2026-01-08.18:11:11::SCWPlatform::Trying to open the hw design at H:/test/two/fpga_arm/vitis/zc706_md/hw/design_1_wrapper.xsa
TRACE::2026-01-08.18:11:11::SCWPlatform::DSA given H:/test/two/fpga_arm/vitis/zc706_md/hw/design_1_wrapper.xsa
TRACE::2026-01-08.18:11:11::SCWPlatform::DSA absoulate path H:/test/two/fpga_arm/vitis/zc706_md/hw/design_1_wrapper.xsa
TRACE::2026-01-08.18:11:11::SCWPlatform::DSA directory H:/test/two/fpga_arm/vitis/zc706_md/hw
TRACE::2026-01-08.18:11:11::SCWPlatform:: Platform Path H:/test/two/fpga_arm/vitis/zc706_md/hw/design_1_wrapper.xsa
TRACE::2026-01-08.18:11:11::SCWPlatform:: Unique name xilinx:zc706::0.0
TRACE::2026-01-08.18:11:11::SCWPlatform::Trying to set the existing hwdb with name design_1_wrapper_11
TRACE::2026-01-08.18:11:11::SCWPlatform::Opened existing hwdb design_1_wrapper_11
TRACE::2026-01-08.18:11:11::SCWPlatform::Found the Hw Db part of the input DSA
TRACE::2026-01-08.18:11:11::SCWMssOS::Checking the sw design at  H:/test/two/fpga_arm/vitis/zc706_md/ps7_cortexa9_0/standalone_ps7_cortexa9_0/bsp/system.mss
TRACE::2026-01-08.18:11:11::SCWMssOS::DEBUG:  swdes dump  H:/test/two/fpga_arm/vitis/zc706_md/ps7_cortexa9_0/standalone_ps7_cortexa9_0/bsp/system.mss|system_0||
H:/test/two/fpga_arm/vitis/zc706_md/zynq_fsbl/zynq_fsbl_bsp/system.mss|system||

TRACE::2026-01-08.18:11:11::SCWMssOS::Sw design exists and opened at  H:/test/two/fpga_arm/vitis/zc706_md/ps7_cortexa9_0/standalone_ps7_cortexa9_0/bsp/system.mss
TRACE::2026-01-08.18:11:11::SCWPlatform::Trying to open the hw design at H:/test/two/fpga_arm/vitis/zc706_md/hw/design_1_wrapper.xsa
TRACE::2026-01-08.18:11:11::SCWPlatform::DSA given H:/test/two/fpga_arm/vitis/zc706_md/hw/design_1_wrapper.xsa
TRACE::2026-01-08.18:11:11::SCWPlatform::DSA absoulate path H:/test/two/fpga_arm/vitis/zc706_md/hw/design_1_wrapper.xsa
TRACE::2026-01-08.18:11:11::SCWPlatform::DSA directory H:/test/two/fpga_arm/vitis/zc706_md/hw
TRACE::2026-01-08.18:11:11::SCWPlatform:: Platform Path H:/test/two/fpga_arm/vitis/zc706_md/hw/design_1_wrapper.xsa
TRACE::2026-01-08.18:11:11::SCWPlatform:: Unique name xilinx:zc706::0.0
TRACE::2026-01-08.18:11:11::SCWPlatform::Trying to set the existing hwdb with name design_1_wrapper_11
TRACE::2026-01-08.18:11:11::SCWPlatform::Opened existing hwdb design_1_wrapper_11
TRACE::2026-01-08.18:11:11::SCWPlatform::Found the Hw Db part of the input DSA
TRACE::2026-01-08.18:11:11::SCWMssOS::Checking the sw design at  H:/test/two/fpga_arm/vitis/zc706_md/ps7_cortexa9_0/standalone_ps7_cortexa9_0/bsp/system.mss
TRACE::2026-01-08.18:11:11::SCWMssOS::DEBUG:  swdes dump  H:/test/two/fpga_arm/vitis/zc706_md/ps7_cortexa9_0/standalone_ps7_cortexa9_0/bsp/system.mss|system_0||
H:/test/two/fpga_arm/vitis/zc706_md/zynq_fsbl/zynq_fsbl_bsp/system.mss|system||

TRACE::2026-01-08.18:11:11::SCWMssOS::Sw design exists and opened at  H:/test/two/fpga_arm/vitis/zc706_md/ps7_cortexa9_0/standalone_ps7_cortexa9_0/bsp/system.mss
TRACE::2026-01-08.18:11:11::SCWPlatform::Trying to open the hw design at H:/test/two/fpga_arm/vitis/zc706_md/hw/design_1_wrapper.xsa
TRACE::2026-01-08.18:11:11::SCWPlatform::DSA given H:/test/two/fpga_arm/vitis/zc706_md/hw/design_1_wrapper.xsa
TRACE::2026-01-08.18:11:11::SCWPlatform::DSA absoulate path H:/test/two/fpga_arm/vitis/zc706_md/hw/design_1_wrapper.xsa
TRACE::2026-01-08.18:11:11::SCWPlatform::DSA directory H:/test/two/fpga_arm/vitis/zc706_md/hw
TRACE::2026-01-08.18:11:11::SCWPlatform:: Platform Path H:/test/two/fpga_arm/vitis/zc706_md/hw/design_1_wrapper.xsa
TRACE::2026-01-08.18:11:11::SCWPlatform:: Unique name xilinx:zc706::0.0
TRACE::2026-01-08.18:11:11::SCWPlatform::Trying to set the existing hwdb with name design_1_wrapper_11
TRACE::2026-01-08.18:11:11::SCWPlatform::Opened existing hwdb design_1_wrapper_11
TRACE::2026-01-08.18:11:11::SCWPlatform::Found the Hw Db part of the input DSA
TRACE::2026-01-08.18:11:11::SCWMssOS::Checking the sw design at  H:/test/two/fpga_arm/vitis/zc706_md/ps7_cortexa9_0/standalone_ps7_cortexa9_0/bsp/system.mss
TRACE::2026-01-08.18:11:11::SCWMssOS::DEBUG:  swdes dump  H:/test/two/fpga_arm/vitis/zc706_md/ps7_cortexa9_0/standalone_ps7_cortexa9_0/bsp/system.mss|system_0||
H:/test/two/fpga_arm/vitis/zc706_md/zynq_fsbl/zynq_fsbl_bsp/system.mss|system||

TRACE::2026-01-08.18:11:11::SCWMssOS::Sw design exists and opened at  H:/test/two/fpga_arm/vitis/zc706_md/ps7_cortexa9_0/standalone_ps7_cortexa9_0/bsp/system.mss
TRACE::2026-01-08.18:11:11::SCWPlatform::Trying to open the hw design at H:/test/two/fpga_arm/vitis/zc706_md/hw/design_1_wrapper.xsa
TRACE::2026-01-08.18:11:11::SCWPlatform::DSA given H:/test/two/fpga_arm/vitis/zc706_md/hw/design_1_wrapper.xsa
TRACE::2026-01-08.18:11:11::SCWPlatform::DSA absoulate path H:/test/two/fpga_arm/vitis/zc706_md/hw/design_1_wrapper.xsa
TRACE::2026-01-08.18:11:11::SCWPlatform::DSA directory H:/test/two/fpga_arm/vitis/zc706_md/hw
TRACE::2026-01-08.18:11:11::SCWPlatform:: Platform Path H:/test/two/fpga_arm/vitis/zc706_md/hw/design_1_wrapper.xsa
TRACE::2026-01-08.18:11:11::SCWPlatform:: Unique name xilinx:zc706::0.0
TRACE::2026-01-08.18:11:11::SCWPlatform::Trying to set the existing hwdb with name design_1_wrapper_11
TRACE::2026-01-08.18:11:11::SCWPlatform::Opened existing hwdb design_1_wrapper_11
TRACE::2026-01-08.18:11:11::SCWPlatform::Found the Hw Db part of the input DSA
TRACE::2026-01-08.18:11:11::SCWMssOS::Checking the sw design at  H:/test/two/fpga_arm/vitis/zc706_md/ps7_cortexa9_0/standalone_ps7_cortexa9_0/bsp/system.mss
TRACE::2026-01-08.18:11:11::SCWMssOS::DEBUG:  swdes dump  H:/test/two/fpga_arm/vitis/zc706_md/ps7_cortexa9_0/standalone_ps7_cortexa9_0/bsp/system.mss|system_0||
H:/test/two/fpga_arm/vitis/zc706_md/zynq_fsbl/zynq_fsbl_bsp/system.mss|system||

TRACE::2026-01-08.18:11:11::SCWMssOS::Sw design exists and opened at  H:/test/two/fpga_arm/vitis/zc706_md/ps7_cortexa9_0/standalone_ps7_cortexa9_0/bsp/system.mss
TRACE::2026-01-08.18:11:11::SCWPlatform::Trying to open the hw design at H:/test/two/fpga_arm/vitis/zc706_md/hw/design_1_wrapper.xsa
TRACE::2026-01-08.18:11:11::SCWPlatform::DSA given H:/test/two/fpga_arm/vitis/zc706_md/hw/design_1_wrapper.xsa
TRACE::2026-01-08.18:11:11::SCWPlatform::DSA absoulate path H:/test/two/fpga_arm/vitis/zc706_md/hw/design_1_wrapper.xsa
TRACE::2026-01-08.18:11:11::SCWPlatform::DSA directory H:/test/two/fpga_arm/vitis/zc706_md/hw
TRACE::2026-01-08.18:11:11::SCWPlatform:: Platform Path H:/test/two/fpga_arm/vitis/zc706_md/hw/design_1_wrapper.xsa
TRACE::2026-01-08.18:11:11::SCWPlatform:: Unique name xilinx:zc706::0.0
TRACE::2026-01-08.18:11:11::SCWPlatform::Trying to set the existing hwdb with name design_1_wrapper_11
TRACE::2026-01-08.18:11:11::SCWPlatform::Opened existing hwdb design_1_wrapper_11
TRACE::2026-01-08.18:11:11::SCWPlatform::Found the Hw Db part of the input DSA
TRACE::2026-01-08.18:11:11::SCWMssOS::Checking the sw design at  H:/test/two/fpga_arm/vitis/zc706_md/ps7_cortexa9_0/standalone_ps7_cortexa9_0/bsp/system.mss
TRACE::2026-01-08.18:11:11::SCWMssOS::DEBUG:  swdes dump  H:/test/two/fpga_arm/vitis/zc706_md/ps7_cortexa9_0/standalone_ps7_cortexa9_0/bsp/system.mss|system_0||
H:/test/two/fpga_arm/vitis/zc706_md/zynq_fsbl/zynq_fsbl_bsp/system.mss|system||

TRACE::2026-01-08.18:11:11::SCWMssOS::Sw design exists and opened at  H:/test/two/fpga_arm/vitis/zc706_md/ps7_cortexa9_0/standalone_ps7_cortexa9_0/bsp/system.mss
TRACE::2026-01-08.18:11:11::SCWPlatform::Trying to open the hw design at H:/test/two/fpga_arm/vitis/zc706_md/hw/design_1_wrapper.xsa
TRACE::2026-01-08.18:11:11::SCWPlatform::DSA given H:/test/two/fpga_arm/vitis/zc706_md/hw/design_1_wrapper.xsa
TRACE::2026-01-08.18:11:11::SCWPlatform::DSA absoulate path H:/test/two/fpga_arm/vitis/zc706_md/hw/design_1_wrapper.xsa
TRACE::2026-01-08.18:11:11::SCWPlatform::DSA directory H:/test/two/fpga_arm/vitis/zc706_md/hw
TRACE::2026-01-08.18:11:11::SCWPlatform:: Platform Path H:/test/two/fpga_arm/vitis/zc706_md/hw/design_1_wrapper.xsa
TRACE::2026-01-08.18:11:11::SCWPlatform:: Unique name xilinx:zc706::0.0
TRACE::2026-01-08.18:11:11::SCWPlatform::Trying to set the existing hwdb with name design_1_wrapper_11
TRACE::2026-01-08.18:11:11::SCWPlatform::Opened existing hwdb design_1_wrapper_11
TRACE::2026-01-08.18:11:11::SCWPlatform::Found the Hw Db part of the input DSA
TRACE::2026-01-08.18:11:11::SCWMssOS::Checking the sw design at  H:/test/two/fpga_arm/vitis/zc706_md/ps7_cortexa9_0/standalone_ps7_cortexa9_0/bsp/system.mss
TRACE::2026-01-08.18:11:11::SCWMssOS::DEBUG:  swdes dump  H:/test/two/fpga_arm/vitis/zc706_md/ps7_cortexa9_0/standalone_ps7_cortexa9_0/bsp/system.mss|system_0||
H:/test/two/fpga_arm/vitis/zc706_md/zynq_fsbl/zynq_fsbl_bsp/system.mss|system||

TRACE::2026-01-08.18:11:11::SCWMssOS::Sw design exists and opened at  H:/test/two/fpga_arm/vitis/zc706_md/ps7_cortexa9_0/standalone_ps7_cortexa9_0/bsp/system.mss
TRACE::2026-01-08.18:11:11::SCWMssOS::Saving the mss changes H:/test/two/fpga_arm/vitis/zc706_md/ps7_cortexa9_0/standalone_ps7_cortexa9_0/bsp/system.mss
TRACE::2026-01-08.18:11:11::SCWMssOS::Found a swdesign opened with the mssfile.
TRACE::2026-01-08.18:11:11::SCWMssOS::Completed writemss as part of save.
TRACE::2026-01-08.18:11:11::SCWMssOS::Commit changes completed.
TRACE::2026-01-08.18:11:11::SCWPlatform::Trying to open the hw design at H:/test/two/fpga_arm/vitis/zc706_md/hw/design_1_wrapper.xsa
TRACE::2026-01-08.18:11:11::SCWPlatform::DSA given H:/test/two/fpga_arm/vitis/zc706_md/hw/design_1_wrapper.xsa
TRACE::2026-01-08.18:11:11::SCWPlatform::DSA absoulate path H:/test/two/fpga_arm/vitis/zc706_md/hw/design_1_wrapper.xsa
TRACE::2026-01-08.18:11:11::SCWPlatform::DSA directory H:/test/two/fpga_arm/vitis/zc706_md/hw
TRACE::2026-01-08.18:11:11::SCWPlatform:: Platform Path H:/test/two/fpga_arm/vitis/zc706_md/hw/design_1_wrapper.xsa
TRACE::2026-01-08.18:11:11::SCWPlatform:: Unique name xilinx:zc706::0.0
TRACE::2026-01-08.18:11:11::SCWPlatform::Trying to set the existing hwdb with name design_1_wrapper_11
TRACE::2026-01-08.18:11:11::SCWPlatform::Opened existing hwdb design_1_wrapper_11
TRACE::2026-01-08.18:11:11::SCWPlatform::Found the Hw Db part of the input DSA
TRACE::2026-01-08.18:11:11::SCWMssOS::Checking the sw design at  H:/test/two/fpga_arm/vitis/zc706_md/ps7_cortexa9_0/standalone_ps7_cortexa9_0/bsp/system.mss
TRACE::2026-01-08.18:11:11::SCWMssOS::DEBUG:  swdes dump  H:/test/two/fpga_arm/vitis/zc706_md/ps7_cortexa9_0/standalone_ps7_cortexa9_0/bsp/system.mss|system_0||
H:/test/two/fpga_arm/vitis/zc706_md/zynq_fsbl/zynq_fsbl_bsp/system.mss|system||

TRACE::2026-01-08.18:11:11::SCWMssOS::Sw design exists and opened at  H:/test/two/fpga_arm/vitis/zc706_md/ps7_cortexa9_0/standalone_ps7_cortexa9_0/bsp/system.mss
TRACE::2026-01-08.18:11:11::SCWMssOS::Removing the swdes entry for  H:/test/two/fpga_arm/vitis/zc706_md/ps7_cortexa9_0/standalone_ps7_cortexa9_0/bsp/system.mss
TRACE::2026-01-08.18:11:13::SCWPlatform::Trying to open the hw design at H:/test/two/fpga_arm/vitis/zc706_md/hw/design_1_wrapper.xsa
TRACE::2026-01-08.18:11:13::SCWPlatform::DSA given H:/test/two/fpga_arm/vitis/zc706_md/hw/design_1_wrapper.xsa
TRACE::2026-01-08.18:11:13::SCWPlatform::DSA absoulate path H:/test/two/fpga_arm/vitis/zc706_md/hw/design_1_wrapper.xsa
TRACE::2026-01-08.18:11:13::SCWPlatform::DSA directory H:/test/two/fpga_arm/vitis/zc706_md/hw
TRACE::2026-01-08.18:11:13::SCWPlatform:: Platform Path H:/test/two/fpga_arm/vitis/zc706_md/hw/design_1_wrapper.xsa
TRACE::2026-01-08.18:11:13::SCWPlatform:: Unique name xilinx:zc706::0.0
TRACE::2026-01-08.18:11:13::SCWPlatform::Trying to set the existing hwdb with name design_1_wrapper_11
TRACE::2026-01-08.18:11:13::SCWPlatform::Opened existing hwdb design_1_wrapper_11
TRACE::2026-01-08.18:11:13::SCWPlatform::Found the Hw Db part of the input DSA
TRACE::2026-01-08.18:11:13::SCWMssOS::Checking the sw design at  H:/test/two/fpga_arm/vitis/zc706_md/ps7_cortexa9_0/standalone_ps7_cortexa9_0/bsp/system.mss
TRACE::2026-01-08.18:11:13::SCWMssOS::DEBUG:  swdes dump  H:/test/two/fpga_arm/vitis/zc706_md/zynq_fsbl/zynq_fsbl_bsp/system.mss|system||

TRACE::2026-01-08.18:11:13::SCWMssOS::No sw design opened at  H:/test/two/fpga_arm/vitis/zc706_md/ps7_cortexa9_0/standalone_ps7_cortexa9_0/bsp/system.mss
TRACE::2026-01-08.18:11:13::SCWMssOS::mss exists loading the mss file  H:/test/two/fpga_arm/vitis/zc706_md/ps7_cortexa9_0/standalone_ps7_cortexa9_0/bsp/system.mss
TRACE::2026-01-08.18:11:13::SCWMssOS::Opened the sw design from mss  H:/test/two/fpga_arm/vitis/zc706_md/ps7_cortexa9_0/standalone_ps7_cortexa9_0/bsp/system.mss
TRACE::2026-01-08.18:11:13::SCWMssOS::Adding the swdes entry H:/test/two/fpga_arm/vitis/zc706_md/ps7_cortexa9_0/standalone_ps7_cortexa9_0/bsp/system.mss with des name system_0
TRACE::2026-01-08.18:11:13::SCWMssOS::updating the scw layer about changes
TRACE::2026-01-08.18:11:13::SCWMssOS::Opened the sw design.  H:/test/two/fpga_arm/vitis/zc706_md/ps7_cortexa9_0/standalone_ps7_cortexa9_0/bsp/system.mss
TRACE::2026-01-08.18:11:13::SCWMssOS::Completed writing the mss file at H:/test/two/fpga_arm/vitis/zc706_md/ps7_cortexa9_0/standalone_ps7_cortexa9_0/bsp
TRACE::2026-01-08.18:11:13::SCWMssOS::Forcing BSP Sources regeneration.
KEYINFO::2026-01-08.18:11:16::SCWMssOS::Removing file H:/test/two/fpga_arm/vitis/zc706_md/ps7_cortexa9_0/standalone_ps7_cortexa9_0/bsp\system_0.mss
TRACE::2026-01-08.18:11:16::SCWPlatform::Trying to open the hw design at H:/test/two/fpga_arm/vitis/zc706_md/hw/design_1_wrapper.xsa
TRACE::2026-01-08.18:11:16::SCWPlatform::DSA given H:/test/two/fpga_arm/vitis/zc706_md/hw/design_1_wrapper.xsa
TRACE::2026-01-08.18:11:16::SCWPlatform::DSA absoulate path H:/test/two/fpga_arm/vitis/zc706_md/hw/design_1_wrapper.xsa
TRACE::2026-01-08.18:11:16::SCWPlatform::DSA directory H:/test/two/fpga_arm/vitis/zc706_md/hw
TRACE::2026-01-08.18:11:16::SCWPlatform:: Platform Path H:/test/two/fpga_arm/vitis/zc706_md/hw/design_1_wrapper.xsa
TRACE::2026-01-08.18:11:16::SCWPlatform:: Unique name xilinx:zc706::0.0
TRACE::2026-01-08.18:11:16::SCWPlatform::Trying to set the existing hwdb with name design_1_wrapper_11
TRACE::2026-01-08.18:11:16::SCWPlatform::Opened existing hwdb design_1_wrapper_11
TRACE::2026-01-08.18:11:16::SCWPlatform::Found the Hw Db part of the input DSA
TRACE::2026-01-08.18:11:16::SCWMssOS::Checking the sw design at  H:/test/two/fpga_arm/vitis/zc706_md/zynq_fsbl/zynq_fsbl_bsp/system.mss
TRACE::2026-01-08.18:11:16::SCWMssOS::DEBUG:  swdes dump  H:/test/two/fpga_arm/vitis/zc706_md/zynq_fsbl/zynq_fsbl_bsp/system.mss|system||

TRACE::2026-01-08.18:11:16::SCWMssOS::Sw design exists and opened at  H:/test/two/fpga_arm/vitis/zc706_md/zynq_fsbl/zynq_fsbl_bsp/system.mss
TRACE::2026-01-08.18:11:17::SCWMssOS::In reload Mss file.
TRACE::2026-01-08.18:11:17::SCWPlatform::Trying to open the hw design at H:/test/two/fpga_arm/vitis/zc706_md/hw/design_1_wrapper.xsa
TRACE::2026-01-08.18:11:17::SCWPlatform::DSA given H:/test/two/fpga_arm/vitis/zc706_md/hw/design_1_wrapper.xsa
TRACE::2026-01-08.18:11:17::SCWPlatform::DSA absoulate path H:/test/two/fpga_arm/vitis/zc706_md/hw/design_1_wrapper.xsa
TRACE::2026-01-08.18:11:17::SCWPlatform::DSA directory H:/test/two/fpga_arm/vitis/zc706_md/hw
TRACE::2026-01-08.18:11:17::SCWPlatform:: Platform Path H:/test/two/fpga_arm/vitis/zc706_md/hw/design_1_wrapper.xsa
TRACE::2026-01-08.18:11:17::SCWPlatform:: Unique name xilinx:zc706::0.0
TRACE::2026-01-08.18:11:17::SCWPlatform::Trying to set the existing hwdb with name design_1_wrapper_11
TRACE::2026-01-08.18:11:17::SCWPlatform::Opened existing hwdb design_1_wrapper_11
TRACE::2026-01-08.18:11:17::SCWPlatform::Found the Hw Db part of the input DSA
TRACE::2026-01-08.18:11:17::SCWMssOS::Checking the sw design at  H:/test/two/fpga_arm/vitis/zc706_md/zynq_fsbl/zynq_fsbl_bsp/system.mss
TRACE::2026-01-08.18:11:17::SCWMssOS::DEBUG:  swdes dump  
TRACE::2026-01-08.18:11:17::SCWMssOS::No sw design opened at  H:/test/two/fpga_arm/vitis/zc706_md/zynq_fsbl/zynq_fsbl_bsp/system.mss
TRACE::2026-01-08.18:11:17::SCWMssOS::mss exists loading the mss file  H:/test/two/fpga_arm/vitis/zc706_md/zynq_fsbl/zynq_fsbl_bsp/system.mss
TRACE::2026-01-08.18:11:17::SCWMssOS::Opened the sw design from mss  H:/test/two/fpga_arm/vitis/zc706_md/zynq_fsbl/zynq_fsbl_bsp/system.mss
TRACE::2026-01-08.18:11:17::SCWMssOS::Adding the swdes entry H:/test/two/fpga_arm/vitis/zc706_md/zynq_fsbl/zynq_fsbl_bsp/system.mss with des name system
TRACE::2026-01-08.18:11:17::SCWMssOS::updating the scw layer about changes
TRACE::2026-01-08.18:11:17::SCWMssOS::Opened the sw design.  H:/test/two/fpga_arm/vitis/zc706_md/zynq_fsbl/zynq_fsbl_bsp/system.mss
TRACE::2026-01-08.18:11:17::SCWPlatform::Trying to open the hw design at H:/test/two/fpga_arm/vitis/zc706_md/hw/design_1_wrapper.xsa
TRACE::2026-01-08.18:11:17::SCWPlatform::DSA given H:/test/two/fpga_arm/vitis/zc706_md/hw/design_1_wrapper.xsa
TRACE::2026-01-08.18:11:17::SCWPlatform::DSA absoulate path H:/test/two/fpga_arm/vitis/zc706_md/hw/design_1_wrapper.xsa
TRACE::2026-01-08.18:11:17::SCWPlatform::DSA directory H:/test/two/fpga_arm/vitis/zc706_md/hw
TRACE::2026-01-08.18:11:17::SCWPlatform:: Platform Path H:/test/two/fpga_arm/vitis/zc706_md/hw/design_1_wrapper.xsa
TRACE::2026-01-08.18:11:17::SCWPlatform:: Unique name xilinx:zc706::0.0
TRACE::2026-01-08.18:11:17::SCWPlatform::Trying to set the existing hwdb with name design_1_wrapper_11
TRACE::2026-01-08.18:11:17::SCWPlatform::Opened existing hwdb design_1_wrapper_11
TRACE::2026-01-08.18:11:17::SCWPlatform::Found the Hw Db part of the input DSA
TRACE::2026-01-08.18:11:17::SCWMssOS::Checking the sw design at  H:/test/two/fpga_arm/vitis/zc706_md/zynq_fsbl/zynq_fsbl_bsp/system.mss
TRACE::2026-01-08.18:11:17::SCWMssOS::DEBUG:  swdes dump  H:/test/two/fpga_arm/vitis/zc706_md/zynq_fsbl/zynq_fsbl_bsp/system.mss|system||

TRACE::2026-01-08.18:11:17::SCWMssOS::Sw design exists and opened at  H:/test/two/fpga_arm/vitis/zc706_md/zynq_fsbl/zynq_fsbl_bsp/system.mss
TRACE::2026-01-08.18:11:17::SCWMssOS:: library already available in sw design:  xilffs:4.6
TRACE::2026-01-08.18:11:17::SCWPlatform::Trying to open the hw design at H:/test/two/fpga_arm/vitis/zc706_md/hw/design_1_wrapper.xsa
TRACE::2026-01-08.18:11:17::SCWPlatform::DSA given H:/test/two/fpga_arm/vitis/zc706_md/hw/design_1_wrapper.xsa
TRACE::2026-01-08.18:11:17::SCWPlatform::DSA absoulate path H:/test/two/fpga_arm/vitis/zc706_md/hw/design_1_wrapper.xsa
TRACE::2026-01-08.18:11:17::SCWPlatform::DSA directory H:/test/two/fpga_arm/vitis/zc706_md/hw
TRACE::2026-01-08.18:11:17::SCWPlatform:: Platform Path H:/test/two/fpga_arm/vitis/zc706_md/hw/design_1_wrapper.xsa
TRACE::2026-01-08.18:11:17::SCWPlatform:: Unique name xilinx:zc706::0.0
TRACE::2026-01-08.18:11:17::SCWPlatform::Trying to set the existing hwdb with name design_1_wrapper_11
TRACE::2026-01-08.18:11:17::SCWPlatform::Opened existing hwdb design_1_wrapper_11
TRACE::2026-01-08.18:11:17::SCWPlatform::Found the Hw Db part of the input DSA
TRACE::2026-01-08.18:11:17::SCWMssOS::Checking the sw design at  H:/test/two/fpga_arm/vitis/zc706_md/zynq_fsbl/zynq_fsbl_bsp/system.mss
TRACE::2026-01-08.18:11:17::SCWMssOS::DEBUG:  swdes dump  H:/test/two/fpga_arm/vitis/zc706_md/zynq_fsbl/zynq_fsbl_bsp/system.mss|system||

TRACE::2026-01-08.18:11:17::SCWMssOS::Sw design exists and opened at  H:/test/two/fpga_arm/vitis/zc706_md/zynq_fsbl/zynq_fsbl_bsp/system.mss
TRACE::2026-01-08.18:11:17::SCWMssOS:: library already available in sw design:  xilrsa:1.6
TRACE::2026-01-08.18:11:17::SCWMssOS::Saving the mss changes H:/test/two/fpga_arm/vitis/zc706_md/zynq_fsbl/zynq_fsbl_bsp/system.mss
TRACE::2026-01-08.18:11:17::SCWMssOS::Found a swdesign opened with the mssfile.
TRACE::2026-01-08.18:11:17::SCWMssOS::Completed writemss as part of save.
TRACE::2026-01-08.18:11:17::SCWMssOS::Commit changes completed.
TRACE::2026-01-08.18:11:17::SCWPlatform::Trying to open the hw design at H:/test/two/fpga_arm/vitis/zc706_md/hw/design_1_wrapper.xsa
TRACE::2026-01-08.18:11:17::SCWPlatform::DSA given H:/test/two/fpga_arm/vitis/zc706_md/hw/design_1_wrapper.xsa
TRACE::2026-01-08.18:11:17::SCWPlatform::DSA absoulate path H:/test/two/fpga_arm/vitis/zc706_md/hw/design_1_wrapper.xsa
TRACE::2026-01-08.18:11:17::SCWPlatform::DSA directory H:/test/two/fpga_arm/vitis/zc706_md/hw
TRACE::2026-01-08.18:11:17::SCWPlatform:: Platform Path H:/test/two/fpga_arm/vitis/zc706_md/hw/design_1_wrapper.xsa
TRACE::2026-01-08.18:11:17::SCWPlatform:: Unique name xilinx:zc706::0.0
TRACE::2026-01-08.18:11:17::SCWPlatform::Trying to set the existing hwdb with name design_1_wrapper_11
TRACE::2026-01-08.18:11:17::SCWPlatform::Opened existing hwdb design_1_wrapper_11
TRACE::2026-01-08.18:11:17::SCWPlatform::Found the Hw Db part of the input DSA
TRACE::2026-01-08.18:11:17::SCWMssOS::Checking the sw design at  H:/test/two/fpga_arm/vitis/zc706_md/zynq_fsbl/zynq_fsbl_bsp/system.mss
TRACE::2026-01-08.18:11:17::SCWMssOS::DEBUG:  swdes dump  H:/test/two/fpga_arm/vitis/zc706_md/zynq_fsbl/zynq_fsbl_bsp/system.mss|system||

TRACE::2026-01-08.18:11:17::SCWMssOS::Sw design exists and opened at  H:/test/two/fpga_arm/vitis/zc706_md/zynq_fsbl/zynq_fsbl_bsp/system.mss
TRACE::2026-01-08.18:11:17::SCWMssOS::Removing the swdes entry for  H:/test/two/fpga_arm/vitis/zc706_md/zynq_fsbl/zynq_fsbl_bsp/system.mss
TRACE::2026-01-08.18:11:18::SCWPlatform::Trying to open the hw design at H:/test/two/fpga_arm/vitis/zc706_md/hw/design_1_wrapper.xsa
TRACE::2026-01-08.18:11:18::SCWPlatform::DSA given H:/test/two/fpga_arm/vitis/zc706_md/hw/design_1_wrapper.xsa
TRACE::2026-01-08.18:11:18::SCWPlatform::DSA absoulate path H:/test/two/fpga_arm/vitis/zc706_md/hw/design_1_wrapper.xsa
TRACE::2026-01-08.18:11:18::SCWPlatform::DSA directory H:/test/two/fpga_arm/vitis/zc706_md/hw
TRACE::2026-01-08.18:11:18::SCWPlatform:: Platform Path H:/test/two/fpga_arm/vitis/zc706_md/hw/design_1_wrapper.xsa
TRACE::2026-01-08.18:11:18::SCWPlatform:: Unique name xilinx:zc706::0.0
TRACE::2026-01-08.18:11:18::SCWPlatform::Trying to set the existing hwdb with name design_1_wrapper_11
TRACE::2026-01-08.18:11:18::SCWPlatform::Opened existing hwdb design_1_wrapper_11
TRACE::2026-01-08.18:11:18::SCWPlatform::Found the Hw Db part of the input DSA
TRACE::2026-01-08.18:11:18::SCWMssOS::Checking the sw design at  H:/test/two/fpga_arm/vitis/zc706_md/zynq_fsbl/zynq_fsbl_bsp/system.mss
TRACE::2026-01-08.18:11:18::SCWMssOS::DEBUG:  swdes dump  
TRACE::2026-01-08.18:11:18::SCWMssOS::No sw design opened at  H:/test/two/fpga_arm/vitis/zc706_md/zynq_fsbl/zynq_fsbl_bsp/system.mss
TRACE::2026-01-08.18:11:18::SCWMssOS::mss exists loading the mss file  H:/test/two/fpga_arm/vitis/zc706_md/zynq_fsbl/zynq_fsbl_bsp/system.mss
TRACE::2026-01-08.18:11:18::SCWMssOS::Opened the sw design from mss  H:/test/two/fpga_arm/vitis/zc706_md/zynq_fsbl/zynq_fsbl_bsp/system.mss
TRACE::2026-01-08.18:11:18::SCWMssOS::Adding the swdes entry H:/test/two/fpga_arm/vitis/zc706_md/zynq_fsbl/zynq_fsbl_bsp/system.mss with des name system
TRACE::2026-01-08.18:11:18::SCWMssOS::updating the scw layer about changes
TRACE::2026-01-08.18:11:18::SCWMssOS::Opened the sw design.  H:/test/two/fpga_arm/vitis/zc706_md/zynq_fsbl/zynq_fsbl_bsp/system.mss
TRACE::2026-01-08.18:11:18::SCWBDomain::Completed writing the mss file at H:/test/two/fpga_arm/vitis/zc706_md/zynq_fsbl/zynq_fsbl_bsp
TRACE::2026-01-08.18:11:18::SCWBDomain::Forcing BSP Sources regeneration.
TRACE::2026-01-08.18:11:20::SCWBDomain::Updating the makefile used for building the Application zynq_fsbl
TRACE::2026-01-08.18:11:20::SCWPlatform::Trying to open the hw design at H:/test/two/fpga_arm/vitis/zc706_md/hw/design_1_wrapper.xsa
TRACE::2026-01-08.18:11:20::SCWPlatform::DSA given H:/test/two/fpga_arm/vitis/zc706_md/hw/design_1_wrapper.xsa
TRACE::2026-01-08.18:11:20::SCWPlatform::DSA absoulate path H:/test/two/fpga_arm/vitis/zc706_md/hw/design_1_wrapper.xsa
TRACE::2026-01-08.18:11:20::SCWPlatform::DSA directory H:/test/two/fpga_arm/vitis/zc706_md/hw
TRACE::2026-01-08.18:11:20::SCWPlatform:: Platform Path H:/test/two/fpga_arm/vitis/zc706_md/hw/design_1_wrapper.xsa
TRACE::2026-01-08.18:11:20::SCWPlatform:: Unique name xilinx:zc706::0.0
TRACE::2026-01-08.18:11:20::SCWPlatform::Trying to set the existing hwdb with name design_1_wrapper_11
TRACE::2026-01-08.18:11:20::SCWPlatform::Opened existing hwdb design_1_wrapper_11
TRACE::2026-01-08.18:11:20::SCWPlatform::Found the Hw Db part of the input DSA
TRACE::2026-01-08.18:11:20::SCWMssOS::Checking the sw design at  H:/test/two/fpga_arm/vitis/zc706_md/zynq_fsbl/zynq_fsbl_bsp/system.mss
TRACE::2026-01-08.18:11:20::SCWMssOS::DEBUG:  swdes dump  
TRACE::2026-01-08.18:11:20::SCWMssOS::No sw design opened at  H:/test/two/fpga_arm/vitis/zc706_md/zynq_fsbl/zynq_fsbl_bsp/system.mss
TRACE::2026-01-08.18:11:20::SCWMssOS::mss exists loading the mss file  H:/test/two/fpga_arm/vitis/zc706_md/zynq_fsbl/zynq_fsbl_bsp/system.mss
TRACE::2026-01-08.18:11:20::SCWMssOS::Opened the sw design from mss  H:/test/two/fpga_arm/vitis/zc706_md/zynq_fsbl/zynq_fsbl_bsp/system.mss
TRACE::2026-01-08.18:11:20::SCWMssOS::Adding the swdes entry H:/test/two/fpga_arm/vitis/zc706_md/zynq_fsbl/zynq_fsbl_bsp/system.mss with des name system
TRACE::2026-01-08.18:11:20::SCWMssOS::updating the scw layer about changes
TRACE::2026-01-08.18:11:20::SCWMssOS::Opened the sw design.  H:/test/two/fpga_arm/vitis/zc706_md/zynq_fsbl/zynq_fsbl_bsp/system.mss
TRACE::2026-01-08.18:11:27::SCWBDomain::removing the temporary location in _platform.
TRACE::2026-01-08.18:11:27::SCWBDomain::Makefile is Updated.
TRACE::2026-01-08.18:11:27::SCWBDomain::doing clean.
TRACE::2026-01-08.18:11:27::SCWBDomain::System Command Ran  H:&  cd  H:/test/two/fpga_arm/vitis/zc706_md/zynq_fsbl & make clean
TRACE::2026-01-08.18:11:27::SCWBDomain::rm -rf  sd.o  nand.o  image_mover.o  md5.o  fsbl_hooks.o  main.o  nor.o  qspi.o  rsa.o  ps7_init.o  pcap.o  fsbl_handoff.o zynq
TRACE::2026-01-08.18:11:27::SCWBDomain::_fsbl_bsp/ps7_cortexa9_0/lib/libxil.a fsbl.elf *.o

TRACE::2026-01-08.18:11:32::SCWBDomain::System Command Ran  H:&  cd  H:/test/two/fpga_arm/vitis/zc706_md/zynq_fsbl & make clean
TRACE::2026-01-08.18:11:32::SCWBDomain::rm -rf  sd.o  nand.o  image_mover.o  md5.o  fsbl_hooks.o  main.o  rsa.o  nor.o  qspi.o  ps7_init.o  pcap.o  fsbl_handoff.o zynq
TRACE::2026-01-08.18:11:32::SCWBDomain::_fsbl_bsp/ps7_cortexa9_0/lib/libxil.a fsbl.elf *.o

ERROR::2026-01-08.18:11:33::SCWSystem::Error in Processing the domain zynq_fsbl
LOG::2026-01-08.18:11:36::SCWPlatform::Started generating the artifacts platform zc706_md
TRACE::2026-01-08.18:11:36::SCWPlatform::Sanity checking of platform is completed
LOG::2026-01-08.18:11:36::SCWPlatform::Started generating the artifacts for system configuration zc706_md
LOG::2026-01-08.18:11:36::SCWSystem::Checking the domain zynq_fsbl
LOG::2026-01-08.18:11:36::SCWSystem::Doing application build for :  zynq_fsbl
TRACE::2026-01-08.18:11:36::SCWBDomain::Not a forced makefile updation, No changes are present. 
TRACE::2026-01-08.18:11:36::SCWDomain::Building the domain as part of full build :  zynq_fsbl
TRACE::2026-01-08.18:11:36::SCWPlatform::Trying to open the hw design at H:/test/two/fpga_arm/vitis/zc706_md/hw/design_1_wrapper.xsa
TRACE::2026-01-08.18:11:36::SCWPlatform::DSA given H:/test/two/fpga_arm/vitis/zc706_md/hw/design_1_wrapper.xsa
TRACE::2026-01-08.18:11:36::SCWPlatform::DSA absoulate path H:/test/two/fpga_arm/vitis/zc706_md/hw/design_1_wrapper.xsa
TRACE::2026-01-08.18:11:36::SCWPlatform::DSA directory H:/test/two/fpga_arm/vitis/zc706_md/hw
TRACE::2026-01-08.18:11:36::SCWPlatform:: Platform Path H:/test/two/fpga_arm/vitis/zc706_md/hw/design_1_wrapper.xsa
TRACE::2026-01-08.18:11:36::SCWPlatform:: Unique name xilinx:zc706::0.0
TRACE::2026-01-08.18:11:36::SCWPlatform::Trying to set the existing hwdb with name design_1_wrapper_11
TRACE::2026-01-08.18:11:36::SCWPlatform::Opened existing hwdb design_1_wrapper_11
TRACE::2026-01-08.18:11:36::SCWPlatform::Found the Hw Db part of the input DSA
TRACE::2026-01-08.18:11:36::SCWMssOS::Checking the sw design at  H:/test/two/fpga_arm/vitis/zc706_md/zynq_fsbl/zynq_fsbl_bsp/system.mss
TRACE::2026-01-08.18:11:36::SCWMssOS::DEBUG:  swdes dump  H:/test/two/fpga_arm/vitis/zc706_md/zynq_fsbl/zynq_fsbl_bsp/system.mss|system||

KEYINFO::2026-01-08.18:11:36::SCWMssOS::Could not open the swdb for system
KEYINFO::2026-01-08.18:11:36::SCWMssOS::Could not open the sw design at  system
ERROR: [Hsi 55-1558] Software Design system is not found

TRACE::2026-01-08.18:11:36::SCWMssOS::Cleared the swdb table entry
TRACE::2026-01-08.18:11:36::SCWMssOS::No sw design opened at  H:/test/two/fpga_arm/vitis/zc706_md/zynq_fsbl/zynq_fsbl_bsp/system.mss
TRACE::2026-01-08.18:11:36::SCWMssOS::mss exists loading the mss file  H:/test/two/fpga_arm/vitis/zc706_md/zynq_fsbl/zynq_fsbl_bsp/system.mss
TRACE::2026-01-08.18:11:36::SCWMssOS::Opened the sw design from mss  H:/test/two/fpga_arm/vitis/zc706_md/zynq_fsbl/zynq_fsbl_bsp/system.mss
TRACE::2026-01-08.18:11:36::SCWMssOS::Adding the swdes entry H:/test/two/fpga_arm/vitis/zc706_md/zynq_fsbl/zynq_fsbl_bsp/system.mss with des name system
TRACE::2026-01-08.18:11:36::SCWMssOS::updating the scw layer about changes
TRACE::2026-01-08.18:11:36::SCWMssOS::Opened the sw design.  H:/test/two/fpga_arm/vitis/zc706_md/zynq_fsbl/zynq_fsbl_bsp/system.mss
TRACE::2026-01-08.18:11:36::SCWBDomain::Completed writing the mss file at H:/test/two/fpga_arm/vitis/zc706_md/zynq_fsbl/zynq_fsbl_bsp
TRACE::2026-01-08.18:11:36::SCWBDomain::bsp generated is upto date with the mss file. Skipping bsp generation.
TRACE::2026-01-08.18:11:36::SCWBDomain::Not a forced makefile updation, No changes are present. 
TRACE::2026-01-08.18:11:36::SCWBDomain::System Command Ran  H:&  cd  H:/test/two/fpga_arm/vitis/zc706_md/zynq_fsbl& make -C  zynq_fsbl_bsp & make 
TRACE::2026-01-08.18:11:36::SCWBDomain::make: Entering directory 'H:/test/two/fpga_arm/vitis/zc706_md/zynq_fsbl/zynq_fsbl_bsp'

TRACE::2026-01-08.18:11:36::SCWBDomain::make --no-print-directory seq_libs

TRACE::2026-01-08.18:11:36::SCWBDomain::"Running Make include in ps7_cortexa9_0/libsrc/axivdma_v6_10/src"

TRACE::2026-01-08.18:11:36::SCWBDomain::make -C ps7_cortexa9_0/libsrc/axivdma_v6_10/src -s include  "SHELL=CMD" "COMPILER=arm-none-eabi-gcc" "ASSEMBLER=arm-none-eabi-a
TRACE::2026-01-08.18:11:36::SCWBDomain::s" "ARCHIVER=arm-none-eabi-ar" "COMPILER_FLAGS=  -O2 -c" "EXTRA_COMPILER_FLAGS=-mcpu=cortex-a9 -mfpu=vfpv3 -mfloat-abi=hard -no
TRACE::2026-01-08.18:11:36::SCWBDomain::startfiles -g -Wall -Wextra -fno-tree-loop-distribute-patterns"

TRACE::2026-01-08.18:11:37::SCWBDomain::"Running Make include in ps7_cortexa9_0/libsrc/coresightps_dcc_v1_8/src"

TRACE::2026-01-08.18:11:37::SCWBDomain::make -C ps7_cortexa9_0/libsrc/coresightps_dcc_v1_8/src -s include  "SHELL=CMD" "COMPILER=arm-none-eabi-gcc" "ASSEMBLER=arm-none
TRACE::2026-01-08.18:11:37::SCWBDomain::-eabi-as" "ARCHIVER=arm-none-eabi-ar" "COMPILER_FLAGS=  -O2 -c" "EXTRA_COMPILER_FLAGS=-mcpu=cortex-a9 -mfpu=vfpv3 -mfloat-abi=h
TRACE::2026-01-08.18:11:37::SCWBDomain::ard -nostartfiles -g -Wall -Wextra -fno-tree-loop-distribute-patterns"

TRACE::2026-01-08.18:11:37::SCWBDomain::"Running Make include in ps7_cortexa9_0/libsrc/cpu_cortexa9_v2_11/src"

TRACE::2026-01-08.18:11:37::SCWBDomain::make -C ps7_cortexa9_0/libsrc/cpu_cortexa9_v2_11/src -s include  "SHELL=CMD" "COMPILER=arm-none-eabi-gcc" "ASSEMBLER=arm-none-e
TRACE::2026-01-08.18:11:37::SCWBDomain::abi-as" "ARCHIVER=arm-none-eabi-ar" "COMPILER_FLAGS=  -O2 -c" "EXTRA_COMPILER_FLAGS=-mcpu=cortex-a9 -mfpu=vfpv3 -mfloat-abi=har
TRACE::2026-01-08.18:11:37::SCWBDomain::d -nostartfiles -g -Wall -Wextra -fno-tree-loop-distribute-patterns"

TRACE::2026-01-08.18:11:37::SCWBDomain::"Running Make include in ps7_cortexa9_0/libsrc/ddrps_v1_2/src"

TRACE::2026-01-08.18:11:37::SCWBDomain::make -C ps7_cortexa9_0/libsrc/ddrps_v1_2/src -s include  "SHELL=CMD" "COMPILER=arm-none-eabi-gcc" "ASSEMBLER=arm-none-eabi-as" 
TRACE::2026-01-08.18:11:37::SCWBDomain::"ARCHIVER=arm-none-eabi-ar" "COMPILER_FLAGS=  -O2 -c" "EXTRA_COMPILER_FLAGS=-mcpu=cortex-a9 -mfpu=vfpv3 -mfloat-abi=hard -nosta
TRACE::2026-01-08.18:11:37::SCWBDomain::rtfiles -g -Wall -Wextra -fno-tree-loop-distribute-patterns"

TRACE::2026-01-08.18:11:37::SCWBDomain::"Running Make include in ps7_cortexa9_0/libsrc/devcfg_v3_7/src"

TRACE::2026-01-08.18:11:37::SCWBDomain::make -C ps7_cortexa9_0/libsrc/devcfg_v3_7/src -s include  "SHELL=CMD" "COMPILER=arm-none-eabi-gcc" "ASSEMBLER=arm-none-eabi-as"
TRACE::2026-01-08.18:11:37::SCWBDomain:: "ARCHIVER=arm-none-eabi-ar" "COMPILER_FLAGS=  -O2 -c" "EXTRA_COMPILER_FLAGS=-mcpu=cortex-a9 -mfpu=vfpv3 -mfloat-abi=hard -nost
TRACE::2026-01-08.18:11:37::SCWBDomain::artfiles -g -Wall -Wextra -fno-tree-loop-distribute-patterns"

TRACE::2026-01-08.18:11:38::SCWBDomain::"Running Make include in ps7_cortexa9_0/libsrc/dmaps_v2_8/src"

TRACE::2026-01-08.18:11:38::SCWBDomain::make -C ps7_cortexa9_0/libsrc/dmaps_v2_8/src -s include  "SHELL=CMD" "COMPILER=arm-none-eabi-gcc" "ASSEMBLER=arm-none-eabi-as" 
TRACE::2026-01-08.18:11:38::SCWBDomain::"ARCHIVER=arm-none-eabi-ar" "COMPILER_FLAGS=  -O2 -c" "EXTRA_COMPILER_FLAGS=-mcpu=cortex-a9 -mfpu=vfpv3 -mfloat-abi=hard -nosta
TRACE::2026-01-08.18:11:38::SCWBDomain::rtfiles -g -Wall -Wextra -fno-tree-loop-distribute-patterns"

TRACE::2026-01-08.18:11:38::SCWBDomain::"Running Make include in ps7_cortexa9_0/libsrc/emacps_v3_15/src"

TRACE::2026-01-08.18:11:38::SCWBDomain::make -C ps7_cortexa9_0/libsrc/emacps_v3_15/src -s include  "SHELL=CMD" "COMPILER=arm-none-eabi-gcc" "ASSEMBLER=arm-none-eabi-as
TRACE::2026-01-08.18:11:38::SCWBDomain::" "ARCHIVER=arm-none-eabi-ar" "COMPILER_FLAGS=  -O2 -c" "EXTRA_COMPILER_FLAGS=-mcpu=cortex-a9 -mfpu=vfpv3 -mfloat-abi=hard -nos
TRACE::2026-01-08.18:11:38::SCWBDomain::tartfiles -g -Wall -Wextra -fno-tree-loop-distribute-patterns"

TRACE::2026-01-08.18:11:38::SCWBDomain::"Running Make include in ps7_cortexa9_0/libsrc/gpiops_v3_9/src"

TRACE::2026-01-08.18:11:38::SCWBDomain::make -C ps7_cortexa9_0/libsrc/gpiops_v3_9/src -s include  "SHELL=CMD" "COMPILER=arm-none-eabi-gcc" "ASSEMBLER=arm-none-eabi-as"
TRACE::2026-01-08.18:11:39::SCWBDomain:: "ARCHIVER=arm-none-eabi-ar" "COMPILER_FLAGS=  -O2 -c" "EXTRA_COMPILER_FLAGS=-mcpu=cortex-a9 -mfpu=vfpv3 -mfloat-abi=hard -nost
TRACE::2026-01-08.18:11:39::SCWBDomain::artfiles -g -Wall -Wextra -fno-tree-loop-distribute-patterns"

TRACE::2026-01-08.18:11:39::SCWBDomain::"Running Make include in ps7_cortexa9_0/libsrc/iicps_v3_14/src"

TRACE::2026-01-08.18:11:39::SCWBDomain::make -C ps7_cortexa9_0/libsrc/iicps_v3_14/src -s include  "SHELL=CMD" "COMPILER=arm-none-eabi-gcc" "ASSEMBLER=arm-none-eabi-as"
TRACE::2026-01-08.18:11:39::SCWBDomain:: "ARCHIVER=arm-none-eabi-ar" "COMPILER_FLAGS=  -O2 -c" "EXTRA_COMPILER_FLAGS=-mcpu=cortex-a9 -mfpu=vfpv3 -mfloat-abi=hard -nost
TRACE::2026-01-08.18:11:39::SCWBDomain::artfiles -g -Wall -Wextra -fno-tree-loop-distribute-patterns"

TRACE::2026-01-08.18:11:39::SCWBDomain::"Running Make include in ps7_cortexa9_0/libsrc/qspips_v3_9/src"

TRACE::2026-01-08.18:11:39::SCWBDomain::make -C ps7_cortexa9_0/libsrc/qspips_v3_9/src -s include  "SHELL=CMD" "COMPILER=arm-none-eabi-gcc" "ASSEMBLER=arm-none-eabi-as"
TRACE::2026-01-08.18:11:39::SCWBDomain:: "ARCHIVER=arm-none-eabi-ar" "COMPILER_FLAGS=  -O2 -c" "EXTRA_COMPILER_FLAGS=-mcpu=cortex-a9 -mfpu=vfpv3 -mfloat-abi=hard -nost
TRACE::2026-01-08.18:11:39::SCWBDomain::artfiles -g -Wall -Wextra -fno-tree-loop-distribute-patterns"

TRACE::2026-01-08.18:11:39::SCWBDomain::"Running Make include in ps7_cortexa9_0/libsrc/scugic_v4_6/src"

TRACE::2026-01-08.18:11:39::SCWBDomain::make -C ps7_cortexa9_0/libsrc/scugic_v4_6/src -s include  "SHELL=CMD" "COMPILER=arm-none-eabi-gcc" "ASSEMBLER=arm-none-eabi-as"
TRACE::2026-01-08.18:11:39::SCWBDomain:: "ARCHIVER=arm-none-eabi-ar" "COMPILER_FLAGS=  -O2 -c" "EXTRA_COMPILER_FLAGS=-mcpu=cortex-a9 -mfpu=vfpv3 -mfloat-abi=hard -nost
TRACE::2026-01-08.18:11:39::SCWBDomain::artfiles -g -Wall -Wextra -fno-tree-loop-distribute-patterns"

TRACE::2026-01-08.18:11:39::SCWBDomain::"Running Make include in ps7_cortexa9_0/libsrc/scutimer_v2_3/src"

TRACE::2026-01-08.18:11:39::SCWBDomain::make -C ps7_cortexa9_0/libsrc/scutimer_v2_3/src -s include  "SHELL=CMD" "COMPILER=arm-none-eabi-gcc" "ASSEMBLER=arm-none-eabi-a
TRACE::2026-01-08.18:11:39::SCWBDomain::s" "ARCHIVER=arm-none-eabi-ar" "COMPILER_FLAGS=  -O2 -c" "EXTRA_COMPILER_FLAGS=-mcpu=cortex-a9 -mfpu=vfpv3 -mfloat-abi=hard -no
TRACE::2026-01-08.18:11:39::SCWBDomain::startfiles -g -Wall -Wextra -fno-tree-loop-distribute-patterns"

TRACE::2026-01-08.18:11:40::SCWBDomain::"Running Make include in ps7_cortexa9_0/libsrc/scuwdt_v2_4/src"

TRACE::2026-01-08.18:11:40::SCWBDomain::make -C ps7_cortexa9_0/libsrc/scuwdt_v2_4/src -s include  "SHELL=CMD" "COMPILER=arm-none-eabi-gcc" "ASSEMBLER=arm-none-eabi-as"
TRACE::2026-01-08.18:11:40::SCWBDomain:: "ARCHIVER=arm-none-eabi-ar" "COMPILER_FLAGS=  -O2 -c" "EXTRA_COMPILER_FLAGS=-mcpu=cortex-a9 -mfpu=vfpv3 -mfloat-abi=hard -nost
TRACE::2026-01-08.18:11:40::SCWBDomain::artfiles -g -Wall -Wextra -fno-tree-loop-distribute-patterns"

TRACE::2026-01-08.18:11:40::SCWBDomain::"Running Make include in ps7_cortexa9_0/libsrc/sdps_v3_13/src"

TRACE::2026-01-08.18:11:40::SCWBDomain::make -C ps7_cortexa9_0/libsrc/sdps_v3_13/src -s include  "SHELL=CMD" "COMPILER=arm-none-eabi-gcc" "ASSEMBLER=arm-none-eabi-as" 
TRACE::2026-01-08.18:11:40::SCWBDomain::"ARCHIVER=arm-none-eabi-ar" "COMPILER_FLAGS=  -O2 -c" "EXTRA_COMPILER_FLAGS=-mcpu=cortex-a9 -mfpu=vfpv3 -mfloat-abi=hard -nosta
TRACE::2026-01-08.18:11:40::SCWBDomain::rtfiles -g -Wall -Wextra -fno-tree-loop-distribute-patterns"

TRACE::2026-01-08.18:11:41::SCWBDomain::"Running Make include in ps7_cortexa9_0/libsrc/standalone_v7_6/src"

TRACE::2026-01-08.18:11:41::SCWBDomain::make -C ps7_cortexa9_0/libsrc/standalone_v7_6/src -s include  "SHELL=CMD" "COMPILER=arm-none-eabi-gcc" "ASSEMBLER=arm-none-eabi
TRACE::2026-01-08.18:11:41::SCWBDomain::-as" "ARCHIVER=arm-none-eabi-ar" "COMPILER_FLAGS=  -O2 -c" "EXTRA_COMPILER_FLAGS=-mcpu=cortex-a9 -mfpu=vfpv3 -mfloat-abi=hard -
TRACE::2026-01-08.18:11:41::SCWBDomain::nostartfiles -g -Wall -Wextra -fno-tree-loop-distribute-patterns"

TRACE::2026-01-08.18:11:44::SCWBDomain::"Running Make include in ps7_cortexa9_0/libsrc/ttcps_v3_14/src"

TRACE::2026-01-08.18:11:44::SCWBDomain::make -C ps7_cortexa9_0/libsrc/ttcps_v3_14/src -s include  "SHELL=CMD" "COMPILER=arm-none-eabi-gcc" "ASSEMBLER=arm-none-eabi-as"
TRACE::2026-01-08.18:11:44::SCWBDomain:: "ARCHIVER=arm-none-eabi-ar" "COMPILER_FLAGS=  -O2 -c" "EXTRA_COMPILER_FLAGS=-mcpu=cortex-a9 -mfpu=vfpv3 -mfloat-abi=hard -nost
TRACE::2026-01-08.18:11:44::SCWBDomain::artfiles -g -Wall -Wextra -fno-tree-loop-distribute-patterns"

TRACE::2026-01-08.18:11:44::SCWBDomain::"Running Make include in ps7_cortexa9_0/libsrc/uartps_v3_11/src"

TRACE::2026-01-08.18:11:44::SCWBDomain::make -C ps7_cortexa9_0/libsrc/uartps_v3_11/src -s include  "SHELL=CMD" "COMPILER=arm-none-eabi-gcc" "ASSEMBLER=arm-none-eabi-as
TRACE::2026-01-08.18:11:44::SCWBDomain::" "ARCHIVER=arm-none-eabi-ar" "COMPILER_FLAGS=  -O2 -c" "EXTRA_COMPILER_FLAGS=-mcpu=cortex-a9 -mfpu=vfpv3 -mfloat-abi=hard -nos
TRACE::2026-01-08.18:11:44::SCWBDomain::tartfiles -g -Wall -Wextra -fno-tree-loop-distribute-patterns"

TRACE::2026-01-08.18:11:44::SCWBDomain::"Running Make include in ps7_cortexa9_0/libsrc/usbps_v2_7/src"

TRACE::2026-01-08.18:11:44::SCWBDomain::make -C ps7_cortexa9_0/libsrc/usbps_v2_7/src -s include  "SHELL=CMD" "COMPILER=arm-none-eabi-gcc" "ASSEMBLER=arm-none-eabi-as" 
TRACE::2026-01-08.18:11:44::SCWBDomain::"ARCHIVER=arm-none-eabi-ar" "COMPILER_FLAGS=  -O2 -c" "EXTRA_COMPILER_FLAGS=-mcpu=cortex-a9 -mfpu=vfpv3 -mfloat-abi=hard -nosta
TRACE::2026-01-08.18:11:44::SCWBDomain::rtfiles -g -Wall -Wextra -fno-tree-loop-distribute-patterns"

TRACE::2026-01-08.18:11:45::SCWBDomain::"Running Make include in ps7_cortexa9_0/libsrc/xadcps_v2_6/src"

TRACE::2026-01-08.18:11:45::SCWBDomain::make -C ps7_cortexa9_0/libsrc/xadcps_v2_6/src -s include  "SHELL=CMD" "COMPILER=arm-none-eabi-gcc" "ASSEMBLER=arm-none-eabi-as"
TRACE::2026-01-08.18:11:45::SCWBDomain:: "ARCHIVER=arm-none-eabi-ar" "COMPILER_FLAGS=  -O2 -c" "EXTRA_COMPILER_FLAGS=-mcpu=cortex-a9 -mfpu=vfpv3 -mfloat-abi=hard -nost
TRACE::2026-01-08.18:11:45::SCWBDomain::artfiles -g -Wall -Wextra -fno-tree-loop-distribute-patterns"

TRACE::2026-01-08.18:11:45::SCWBDomain::"Running Make include in ps7_cortexa9_0/libsrc/xilffs_v4_6/src"

TRACE::2026-01-08.18:11:45::SCWBDomain::make -C ps7_cortexa9_0/libsrc/xilffs_v4_6/src -s include  "SHELL=CMD" "COMPILER=arm-none-eabi-gcc" "ASSEMBLER=arm-none-eabi-as"
TRACE::2026-01-08.18:11:45::SCWBDomain:: "ARCHIVER=arm-none-eabi-ar" "COMPILER_FLAGS=  -O2 -c" "EXTRA_COMPILER_FLAGS=-mcpu=cortex-a9 -mfpu=vfpv3 -mfloat-abi=hard -nost
TRACE::2026-01-08.18:11:45::SCWBDomain::artfiles -g -Wall -Wextra -fno-tree-loop-distribute-patterns"

TRACE::2026-01-08.18:11:45::SCWBDomain::"Running Make include in ps7_cortexa9_0/libsrc/xilrsa_v1_6/src"

TRACE::2026-01-08.18:11:45::SCWBDomain::make -C ps7_cortexa9_0/libsrc/xilrsa_v1_6/src -s include  "SHELL=CMD" "COMPILER=arm-none-eabi-gcc" "ASSEMBLER=arm-none-eabi-as"
TRACE::2026-01-08.18:11:45::SCWBDomain:: "ARCHIVER=arm-none-eabi-ar" "COMPILER_FLAGS=  -O2 -c" "EXTRA_COMPILER_FLAGS=-mcpu=cortex-a9 -mfpu=vfpv3 -mfloat-abi=hard -nost
TRACE::2026-01-08.18:11:45::SCWBDomain::artfiles -g -Wall -Wextra -fno-tree-loop-distribute-patterns"

TRACE::2026-01-08.18:11:45::SCWBDomain::"Running Make libs in ps7_cortexa9_0/libsrc/xilrsa_v1_6/src"

TRACE::2026-01-08.18:11:45::SCWBDomain::make -C ps7_cortexa9_0/libsrc/xilrsa_v1_6/src -s libs  "SHELL=CMD" "COMPILER=arm-none-eabi-gcc" "ASSEMBLER=arm-none-eabi-as" "A
TRACE::2026-01-08.18:11:45::SCWBDomain::RCHIVER=arm-none-eabi-ar" "COMPILER_FLAGS=  -O2 -c" "EXTRA_COMPILER_FLAGS=-mcpu=cortex-a9 -mfpu=vfpv3 -mfloat-abi=hard -nostart
TRACE::2026-01-08.18:11:45::SCWBDomain::files -g -Wall -Wextra -fno-tree-loop-distribute-patterns"

TRACE::2026-01-08.18:11:45::SCWBDomain::'Finished building libraries sequentially.'

TRACE::2026-01-08.18:11:45::SCWBDomain::make -j 14 --no-print-directory par_libs

TRACE::2026-01-08.18:11:45::SCWBDomain::"Running Make include in ps7_cortexa9_0/libsrc/axivdma_v6_10/src"

TRACE::2026-01-08.18:11:45::SCWBDomain::make -C ps7_cortexa9_0/libsrc/axivdma_v6_10/src -s include  "SHELL=CMD" "COMPILER=arm-none-eabi-gcc" "ASSEMBLER=arm-none-eabi-a
TRACE::2026-01-08.18:11:45::SCWBDomain::s" "ARCHIVER=arm-none-eabi-ar" "COMPILER_FLAGS=  -O2 -c" "EXTRA_COMPILER_FLAGS=-mcpu=cortex-a9 -mfpu=vfpv3 -mfloat-abi=hard -no
TRACE::2026-01-08.18:11:45::SCWBDomain::startfiles -g -Wall -Wextra -fno-tree-loop-distribute-patterns"

TRACE::2026-01-08.18:11:45::SCWBDomain::"Running Make include in ps7_cortexa9_0/libsrc/coresightps_dcc_v1_8/src"

TRACE::2026-01-08.18:11:45::SCWBDomain::make -C ps7_cortexa9_0/libsrc/coresightps_dcc_v1_8/src -s include  "SHELL=CMD" "COMPILER=arm-none-eabi-gcc" "ASSEMBLER=arm-none
TRACE::2026-01-08.18:11:45::SCWBDomain::-eabi-as" "ARCHIVER=arm-none-eabi-ar" "COMPILER_FLAGS=  -O2 -c" "EXTRA_COMPILER_FLAGS=-mcpu=cortex-a9 -mfpu=vfpv3 -mfloat-abi=h
TRACE::2026-01-08.18:11:45::SCWBDomain::ard -nostartfiles -g -Wall -Wextra -fno-tree-loop-distribute-patterns"

TRACE::2026-01-08.18:11:45::SCWBDomain::"Running Make include in ps7_cortexa9_0/libsrc/cpu_cortexa9_v2_11/src"

TRACE::2026-01-08.18:11:46::SCWBDomain::make -C ps7_cortexa9_0/libsrc/cpu_cortexa9_v2_11/src -s include  "SHELL=CMD" "COMPILER=arm-none-eabi-gcc" "ASSEMBLER=arm-none-e
TRACE::2026-01-08.18:11:46::SCWBDomain::abi-as" "ARCHIVER=arm-none-eabi-ar" "COMPILER_FLAGS=  -O2 -c" "EXTRA_COMPILER_FLAGS=-mcpu=cortex-a9 -mfpu=vfpv3 -mfloat-abi=har
TRACE::2026-01-08.18:11:46::SCWBDomain::d -nostartfiles -g -Wall -Wextra -fno-tree-loop-distribute-patterns"

TRACE::2026-01-08.18:11:46::SCWBDomain::"Running Make include in ps7_cortexa9_0/libsrc/ddrps_v1_2/src"

TRACE::2026-01-08.18:11:46::SCWBDomain::make -C ps7_cortexa9_0/libsrc/ddrps_v1_2/src -s include  "SHELL=CMD" "COMPILER=arm-none-eabi-gcc" "ASSEMBLER=arm-none-eabi-as" 
TRACE::2026-01-08.18:11:46::SCWBDomain::"ARCHIVER=arm-none-eabi-ar" "COMPILER_FLAGS=  -O2 -c" "EXTRA_COMPILER_FLAGS=-mcpu=cortex-a9 -mfpu=vfpv3 -mfloat-abi=hard -nosta
TRACE::2026-01-08.18:11:46::SCWBDomain::rtfiles -g -Wall -Wextra -fno-tree-loop-distribute-patterns"

TRACE::2026-01-08.18:11:46::SCWBDomain::"Running Make include in ps7_cortexa9_0/libsrc/devcfg_v3_7/src"

TRACE::2026-01-08.18:11:46::SCWBDomain::make -C ps7_cortexa9_0/libsrc/devcfg_v3_7/src -s include  "SHELL=CMD" "COMPILER=arm-none-eabi-gcc" "ASSEMBLER=arm-none-eabi-as"
TRACE::2026-01-08.18:11:46::SCWBDomain:: "ARCHIVER=arm-none-eabi-ar" "COMPILER_FLAGS=  -O2 -c" "EXTRA_COMPILER_FLAGS=-mcpu=cortex-a9 -mfpu=vfpv3 -mfloat-abi=hard -nost
TRACE::2026-01-08.18:11:46::SCWBDomain::artfiles -g -Wall -Wextra -fno-tree-loop-distribute-patterns"

TRACE::2026-01-08.18:11:46::SCWBDomain::"Running Make include in ps7_cortexa9_0/libsrc/dmaps_v2_8/src"

TRACE::2026-01-08.18:11:46::SCWBDomain::make -C ps7_cortexa9_0/libsrc/dmaps_v2_8/src -s include  "SHELL=CMD" "COMPILER=arm-none-eabi-gcc" "ASSEMBLER=arm-none-eabi-as" 
TRACE::2026-01-08.18:11:46::SCWBDomain::"ARCHIVER=arm-none-eabi-ar" "COMPILER_FLAGS=  -O2 -c" "EXTRA_COMPILER_FLAGS=-mcpu=cortex-a9 -mfpu=vfpv3 -mfloat-abi=hard -nosta
TRACE::2026-01-08.18:11:46::SCWBDomain::rtfiles -g -Wall -Wextra -fno-tree-loop-distribute-patterns"

TRACE::2026-01-08.18:11:46::SCWBDomain::"Running Make include in ps7_cortexa9_0/libsrc/emacps_v3_15/src"

TRACE::2026-01-08.18:11:46::SCWBDomain::"Running Make include in ps7_cortexa9_0/libsrc/gpiops_v3_9/src"

TRACE::2026-01-08.18:11:46::SCWBDomain::"Running Make include in ps7_cortexa9_0/libsrc/iicps_v3_14/src"

TRACE::2026-01-08.18:11:46::SCWBDomain::"Running Make include in ps7_cortexa9_0/libsrc/qspips_v3_9/src"

TRACE::2026-01-08.18:11:46::SCWBDomain::"Running Make include in ps7_cortexa9_0/libsrc/scugic_v4_6/src"

TRACE::2026-01-08.18:11:46::SCWBDomain::make -C ps7_cortexa9_0/libsrc/emacps_v3_15/src -s include  "SHELL=CMD" "COMPILER=arm-none-eabi-gcc" "ASSEMBLER=arm-none-eabi-as
TRACE::2026-01-08.18:11:46::SCWBDomain::" "ARCHIVER=arm-none-eabi-ar" "COMPILER_FLAGS=  -O2 -c" "EXTRA_COMPILER_FLAGS=-mcpu=cortex-a9 -mfpu=vfpv3 -mfloat-abi=hard -nos
TRACE::2026-01-08.18:11:46::SCWBDomain::tartfiles -g -Wall -Wextra -fno-tree-loop-distribute-patterns"

TRACE::2026-01-08.18:11:46::SCWBDomain::make -C ps7_cortexa9_0/libsrc/gpiops_v3_9/src -s include  "SHELL=CMD" "COMPILER=arm-none-eabi-gcc" "ASSEMBLER=arm-none-eabi-as"
TRACE::2026-01-08.18:11:46::SCWBDomain:: "ARCHIVER=arm-none-eabi-ar" "COMPILER_FLAGS=  -O2 -c" "EXTRA_COMPILER_FLAGS=-mcpu=cortex-a9 -mfpu=vfpv3 -mfloat-abi=hard -nost
TRACE::2026-01-08.18:11:46::SCWBDomain::artfiles -g -Wall -Wextra -fno-tree-loop-distribute-patterns"

TRACE::2026-01-08.18:11:46::SCWBDomain::make -C ps7_cortexa9_0/libsrc/iicps_v3_14/src -s include  "SHELL=CMD" "COMPILER=arm-none-eabi-gcc" "ASSEMBLER=arm-none-eabi-as"
TRACE::2026-01-08.18:11:46::SCWBDomain:: "ARCHIVER=arm-none-eabi-ar" "COMPILER_FLAGS=  -O2 -c" "EXTRA_COMPILER_FLAGS=-mcpu=cortex-a9 -mfpu=vfpv3 -mfloat-abi=hard -nost
TRACE::2026-01-08.18:11:46::SCWBDomain::artfiles -g -Wall -Wextra -fno-tree-loop-distribute-patterns"

TRACE::2026-01-08.18:11:46::SCWBDomain::"Running Make include in ps7_cortexa9_0/libsrc/scutimer_v2_3/src"

TRACE::2026-01-08.18:11:46::SCWBDomain::make -C ps7_cortexa9_0/libsrc/qspips_v3_9/src -s include  "SHELL=CMD" "COMPILER=arm-none-eabi-gcc" "ASSEMBLER=arm-none-eabi-as"
TRACE::2026-01-08.18:11:46::SCWBDomain:: "ARCHIVER=arm-none-eabi-ar" "COMPILER_FLAGS=  -O2 -c" "EXTRA_COMPILER_FLAGS=-mcpu=cortex-a9 -mfpu=vfpv3 -mfloat-abi=hard -nost
TRACE::2026-01-08.18:11:46::SCWBDomain::artfiles -g -Wall -Wextra -fno-tree-loop-distribute-patterns"

TRACE::2026-01-08.18:11:46::SCWBDomain::make -C ps7_cortexa9_0/libsrc/scugic_v4_6/src -s include  "SHELL=CMD" "COMPILER=arm-none-eabi-gcc" "ASSEMBLER=arm-none-eabi-as"
TRACE::2026-01-08.18:11:46::SCWBDomain:: "ARCHIVER=arm-none-eabi-ar" "COMPILER_FLAGS=  -O2 -c" "EXTRA_COMPILER_FLAGS=-mcpu=cortex-a9 -mfpu=vfpv3 -mfloat-abi=hard -nost
TRACE::2026-01-08.18:11:46::SCWBDomain::artfiles -g -Wall -Wextra -fno-tree-loop-distribute-patterns"

TRACE::2026-01-08.18:11:46::SCWBDomain::"Running Make include in ps7_cortexa9_0/libsrc/scuwdt_v2_4/src"

TRACE::2026-01-08.18:11:46::SCWBDomain::"Running Make include in ps7_cortexa9_0/libsrc/sdps_v3_13/src"

TRACE::2026-01-08.18:11:46::SCWBDomain::make -C ps7_cortexa9_0/libsrc/scutimer_v2_3/src -s include  "SHELL=CMD" "COMPILER=arm-none-eabi-gcc" "ASSEMBLER=arm-none-eabi-a
TRACE::2026-01-08.18:11:46::SCWBDomain::s" "ARCHIVER=arm-none-eabi-ar" "COMPILER_FLAGS=  -O2 -c" "EXTRA_COMPILER_FLAGS=-mcpu=cortex-a9 -mfpu=vfpv3 -mfloat-abi=hard -no
TRACE::2026-01-08.18:11:46::SCWBDomain::startfiles -g -Wall -Wextra -fno-tree-loop-distribute-patterns"

TRACE::2026-01-08.18:11:46::SCWBDomain::make -C ps7_cortexa9_0/libsrc/scuwdt_v2_4/src -s include  "SHELL=CMD" "COMPILER=arm-none-eabi-gcc" "ASSEMBLER=arm-none-eabi-as"
TRACE::2026-01-08.18:11:46::SCWBDomain:: "ARCHIVER=arm-none-eabi-ar" "COMPILER_FLAGS=  -O2 -c" "EXTRA_COMPILER_FLAGS=-mcpu=cortex-a9 -mfpu=vfpv3 -mfloat-abi=hard -nost
TRACE::2026-01-08.18:11:46::SCWBDomain::artfiles -g -Wall -Wextra -fno-tree-loop-distribute-patterns"

TRACE::2026-01-08.18:11:46::SCWBDomain::"Running Make include in ps7_cortexa9_0/libsrc/standalone_v7_6/src"

TRACE::2026-01-08.18:11:46::SCWBDomain::"Running Make include in ps7_cortexa9_0/libsrc/ttcps_v3_14/src"

TRACE::2026-01-08.18:11:46::SCWBDomain::"Running Make include in ps7_cortexa9_0/libsrc/uartps_v3_11/src"

TRACE::2026-01-08.18:11:46::SCWBDomain::make -C ps7_cortexa9_0/libsrc/sdps_v3_13/src -s include  "SHELL=CMD" "COMPILER=arm-none-eabi-gcc" "ASSEMBLER=arm-none-eabi-as" 
TRACE::2026-01-08.18:11:46::SCWBDomain::"ARCHIVER=arm-none-eabi-ar" "COMPILER_FLAGS=  -O2 -c" "EXTRA_COMPILER_FLAGS=-mcpu=cortex-a9 -mfpu=vfpv3 -mfloat-abi=hard -nosta
TRACE::2026-01-08.18:11:46::SCWBDomain::rtfiles -g -Wall -Wextra -fno-tree-loop-distribute-patterns"

TRACE::2026-01-08.18:11:46::SCWBDomain::make -C ps7_cortexa9_0/libsrc/standalone_v7_6/src -s include  "SHELL=CMD" "COMPILER=arm-none-eabi-gcc" "ASSEMBLER=arm-none-eabi
TRACE::2026-01-08.18:11:46::SCWBDomain::-as" "ARCHIVER=arm-none-eabi-ar" "COMPILER_FLAGS=  -O2 -c" "EXTRA_COMPILER_FLAGS=-mcpu=cortex-a9 -mfpu=vfpv3 -mfloat-abi=hard -
TRACE::2026-01-08.18:11:46::SCWBDomain::nostartfiles -g -Wall -Wextra -fno-tree-loop-distribute-patterns"

TRACE::2026-01-08.18:11:46::SCWBDomain::make -C ps7_cortexa9_0/libsrc/ttcps_v3_14/src -s include  "SHELL=CMD" "COMPILER=arm-none-eabi-gcc" "ASSEMBLER=arm-none-eabi-as"
TRACE::2026-01-08.18:11:46::SCWBDomain:: "ARCHIVER=arm-none-eabi-ar" "COMPILER_FLAGS=  -O2 -c" "EXTRA_COMPILER_FLAGS=-mcpu=cortex-a9 -mfpu=vfpv3 -mfloat-abi=hard -nost
TRACE::2026-01-08.18:11:46::SCWBDomain::artfiles -g -Wall -Wextra -fno-tree-loop-distribute-patterns"

TRACE::2026-01-08.18:11:46::SCWBDomain::"Running Make include in ps7_cortexa9_0/libsrc/usbps_v2_7/src"

TRACE::2026-01-08.18:11:46::SCWBDomain::make -C ps7_cortexa9_0/libsrc/uartps_v3_11/src -s include  "SHELL=CMD" "COMPILER=arm-none-eabi-gcc" "ASSEMBLER=arm-none-eabi-as
TRACE::2026-01-08.18:11:46::SCWBDomain::" "ARCHIVER=arm-none-eabi-ar" "COMPILER_FLAGS=  -O2 -c" "EXTRA_COMPILER_FLAGS=-mcpu=cortex-a9 -mfpu=vfpv3 -mfloat-abi=hard -nos
TRACE::2026-01-08.18:11:46::SCWBDomain::tartfiles -g -Wall -Wextra -fno-tree-loop-distribute-patterns"

TRACE::2026-01-08.18:11:46::SCWBDomain::"Running Make include in ps7_cortexa9_0/libsrc/xadcps_v2_6/src"

TRACE::2026-01-08.18:11:46::SCWBDomain::make -C ps7_cortexa9_0/libsrc/usbps_v2_7/src -s include  "SHELL=CMD" "COMPILER=arm-none-eabi-gcc" "ASSEMBLER=arm-none-eabi-as" 
TRACE::2026-01-08.18:11:46::SCWBDomain::"ARCHIVER=arm-none-eabi-ar" "COMPILER_FLAGS=  -O2 -c" "EXTRA_COMPILER_FLAGS=-mcpu=cortex-a9 -mfpu=vfpv3 -mfloat-abi=hard -nosta
TRACE::2026-01-08.18:11:46::SCWBDomain::rtfiles -g -Wall -Wextra -fno-tree-loop-distribute-patterns"

TRACE::2026-01-08.18:11:46::SCWBDomain::make -C ps7_cortexa9_0/libsrc/xadcps_v2_6/src -s include  "SHELL=CMD" "COMPILER=arm-none-eabi-gcc" "ASSEMBLER=arm-none-eabi-as"
TRACE::2026-01-08.18:11:46::SCWBDomain:: "ARCHIVER=arm-none-eabi-ar" "COMPILER_FLAGS=  -O2 -c" "EXTRA_COMPILER_FLAGS=-mcpu=cortex-a9 -mfpu=vfpv3 -mfloat-abi=hard -nost
TRACE::2026-01-08.18:11:46::SCWBDomain::artfiles -g -Wall -Wextra -fno-tree-loop-distribute-patterns"

TRACE::2026-01-08.18:11:46::SCWBDomain::"Running Make include in ps7_cortexa9_0/libsrc/xilffs_v4_6/src"

TRACE::2026-01-08.18:11:46::SCWBDomain::"Running Make include in ps7_cortexa9_0/libsrc/xilrsa_v1_6/src"

TRACE::2026-01-08.18:11:46::SCWBDomain::make -C ps7_cortexa9_0/libsrc/xilrsa_v1_6/src -s include  "SHELL=CMD" "COMPILER=arm-none-eabi-gcc" "ASSEMBLER=arm-none-eabi-as"
TRACE::2026-01-08.18:11:46::SCWBDomain:: "ARCHIVER=arm-none-eabi-ar" "COMPILER_FLAGS=  -O2 -c" "EXTRA_COMPILER_FLAGS=-mcpu=cortex-a9 -mfpu=vfpv3 -mfloat-abi=hard -nost
TRACE::2026-01-08.18:11:46::SCWBDomain::artfiles -g -Wall -Wextra -fno-tree-loop-distribute-patterns"

TRACE::2026-01-08.18:11:46::SCWBDomain::make -C ps7_cortexa9_0/libsrc/xilffs_v4_6/src -s include  "SHELL=CMD" "COMPILER=arm-none-eabi-gcc" "ASSEMBLER=arm-none-eabi-as"
TRACE::2026-01-08.18:11:46::SCWBDomain:: "ARCHIVER=arm-none-eabi-ar" "COMPILER_FLAGS=  -O2 -c" "EXTRA_COMPILER_FLAGS=-mcpu=cortex-a9 -mfpu=vfpv3 -mfloat-abi=hard -nost
TRACE::2026-01-08.18:11:46::SCWBDomain::artfiles -g -Wall -Wextra -fno-tree-loop-distribute-patterns"

TRACE::2026-01-08.18:11:46::SCWBDomain::"Running Make libs in ps7_cortexa9_0/libsrc/axivdma_v6_10/src"

TRACE::2026-01-08.18:11:46::SCWBDomain::make -C ps7_cortexa9_0/libsrc/axivdma_v6_10/src -s libs  "SHELL=CMD" "COMPILER=arm-none-eabi-gcc" "ASSEMBLER=arm-none-eabi-as" 
TRACE::2026-01-08.18:11:46::SCWBDomain::"ARCHIVER=arm-none-eabi-ar" "COMPILER_FLAGS=  -O2 -c" "EXTRA_COMPILER_FLAGS=-mcpu=cortex-a9 -mfpu=vfpv3 -mfloat-abi=hard -nosta
TRACE::2026-01-08.18:11:46::SCWBDomain::rtfiles -g -Wall -Wextra -fno-tree-loop-distribute-patterns"

TRACE::2026-01-08.18:11:46::SCWBDomain::"Running Make libs in ps7_cortexa9_0/libsrc/coresightps_dcc_v1_8/src"

TRACE::2026-01-08.18:11:46::SCWBDomain::make -C ps7_cortexa9_0/libsrc/coresightps_dcc_v1_8/src -s libs  "SHELL=CMD" "COMPILER=arm-none-eabi-gcc" "ASSEMBLER=arm-none-ea
TRACE::2026-01-08.18:11:46::SCWBDomain::bi-as" "ARCHIVER=arm-none-eabi-ar" "COMPILER_FLAGS=  -O2 -c" "EXTRA_COMPILER_FLAGS=-mcpu=cortex-a9 -mfpu=vfpv3 -mfloat-abi=hard
TRACE::2026-01-08.18:11:46::SCWBDomain:: -nostartfiles -g -Wall -Wextra -fno-tree-loop-distribute-patterns"

TRACE::2026-01-08.18:11:46::SCWBDomain::"Running Make libs in ps7_cortexa9_0/libsrc/cpu_cortexa9_v2_11/src"

TRACE::2026-01-08.18:11:46::SCWBDomain::"Running Make libs in ps7_cortexa9_0/libsrc/ddrps_v1_2/src"

TRACE::2026-01-08.18:11:46::SCWBDomain::"Running Make libs in ps7_cortexa9_0/libsrc/devcfg_v3_7/src"

TRACE::2026-01-08.18:11:46::SCWBDomain::make -C ps7_cortexa9_0/libsrc/cpu_cortexa9_v2_11/src -s libs  "SHELL=CMD" "COMPILER=arm-none-eabi-gcc" "ASSEMBLER=arm-none-eabi
TRACE::2026-01-08.18:11:46::SCWBDomain::-as" "ARCHIVER=arm-none-eabi-ar" "COMPILER_FLAGS=  -O2 -c" "EXTRA_COMPILER_FLAGS=-mcpu=cortex-a9 -mfpu=vfpv3 -mfloat-abi=hard -
TRACE::2026-01-08.18:11:46::SCWBDomain::nostartfiles -g -Wall -Wextra -fno-tree-loop-distribute-patterns"

TRACE::2026-01-08.18:11:46::SCWBDomain::make -C ps7_cortexa9_0/libsrc/ddrps_v1_2/src -s libs  "SHELL=CMD" "COMPILER=arm-none-eabi-gcc" "ASSEMBLER=arm-none-eabi-as" "AR
TRACE::2026-01-08.18:11:46::SCWBDomain::CHIVER=arm-none-eabi-ar" "COMPILER_FLAGS=  -O2 -c" "EXTRA_COMPILER_FLAGS=-mcpu=cortex-a9 -mfpu=vfpv3 -mfloat-abi=hard -nostartf
TRACE::2026-01-08.18:11:46::SCWBDomain::iles -g -Wall -Wextra -fno-tree-loop-distribute-patterns"

TRACE::2026-01-08.18:11:46::SCWBDomain::"Running Make libs in ps7_cortexa9_0/libsrc/dmaps_v2_8/src"

TRACE::2026-01-08.18:11:46::SCWBDomain::"Running Make libs in ps7_cortexa9_0/libsrc/emacps_v3_15/src"

TRACE::2026-01-08.18:11:47::SCWBDomain::"Running Make libs in ps7_cortexa9_0/libsrc/gpiops_v3_9/src"

TRACE::2026-01-08.18:11:47::SCWBDomain::"Running Make libs in ps7_cortexa9_0/libsrc/iicps_v3_14/src"

TRACE::2026-01-08.18:11:47::SCWBDomain::make -C ps7_cortexa9_0/libsrc/dmaps_v2_8/src -s libs  "SHELL=CMD" "COMPILER=arm-none-eabi-gcc" "ASSEMBLER=arm-none-eabi-as" "AR
TRACE::2026-01-08.18:11:47::SCWBDomain::CHIVER=arm-none-eabi-ar" "COMPILER_FLAGS=  -O2 -c" "EXTRA_COMPILER_FLAGS=-mcpu=cortex-a9 -mfpu=vfpv3 -mfloat-abi=hard -nostartf
TRACE::2026-01-08.18:11:47::SCWBDomain::iles -g -Wall -Wextra -fno-tree-loop-distribute-patterns"

TRACE::2026-01-08.18:11:47::SCWBDomain::make -C ps7_cortexa9_0/libsrc/devcfg_v3_7/src -s libs  "SHELL=CMD" "COMPILER=arm-none-eabi-gcc" "ASSEMBLER=arm-none-eabi-as" "A
TRACE::2026-01-08.18:11:47::SCWBDomain::RCHIVER=arm-none-eabi-ar" "COMPILER_FLAGS=  -O2 -c" "EXTRA_COMPILER_FLAGS=-mcpu=cortex-a9 -mfpu=vfpv3 -mfloat-abi=hard -nostart
TRACE::2026-01-08.18:11:47::SCWBDomain::files -g -Wall -Wextra -fno-tree-loop-distribute-patterns"

TRACE::2026-01-08.18:11:47::SCWBDomain::make -C ps7_cortexa9_0/libsrc/emacps_v3_15/src -s libs  "SHELL=CMD" "COMPILER=arm-none-eabi-gcc" "ASSEMBLER=arm-none-eabi-as" "
TRACE::2026-01-08.18:11:47::SCWBDomain::ARCHIVER=arm-none-eabi-ar" "COMPILER_FLAGS=  -O2 -c" "EXTRA_COMPILER_FLAGS=-mcpu=cortex-a9 -mfpu=vfpv3 -mfloat-abi=hard -nostar
TRACE::2026-01-08.18:11:47::SCWBDomain::tfiles -g -Wall -Wextra -fno-tree-loop-distribute-patterns"

TRACE::2026-01-08.18:11:47::SCWBDomain::make -C ps7_cortexa9_0/libsrc/gpiops_v3_9/src -s libs  "SHELL=CMD" "COMPILER=arm-none-eabi-gcc" "ASSEMBLER=arm-none-eabi-as" "A
TRACE::2026-01-08.18:11:47::SCWBDomain::RCHIVER=arm-none-eabi-ar" "COMPILER_FLAGS=  -O2 -c" "EXTRA_COMPILER_FLAGS=-mcpu=cortex-a9 -mfpu=vfpv3 -mfloat-abi=hard -nostart
TRACE::2026-01-08.18:11:47::SCWBDomain::files -g -Wall -Wextra -fno-tree-loop-distribute-patterns"

TRACE::2026-01-08.18:11:47::SCWBDomain::make -C ps7_cortexa9_0/libsrc/iicps_v3_14/src -s libs  "SHELL=CMD" "COMPILER=arm-none-eabi-gcc" "ASSEMBLER=arm-none-eabi-as" "A
TRACE::2026-01-08.18:11:47::SCWBDomain::RCHIVER=arm-none-eabi-ar" "COMPILER_FLAGS=  -O2 -c" "EXTRA_COMPILER_FLAGS=-mcpu=cortex-a9 -mfpu=vfpv3 -mfloat-abi=hard -nostart
TRACE::2026-01-08.18:11:47::SCWBDomain::files -g -Wall -Wextra -fno-tree-loop-distribute-patterns"

TRACE::2026-01-08.18:11:47::SCWBDomain::"Running Make libs in ps7_cortexa9_0/libsrc/qspips_v3_9/src"

TRACE::2026-01-08.18:11:47::SCWBDomain::make -C ps7_cortexa9_0/libsrc/qspips_v3_9/src -s libs  "SHELL=CMD" "COMPILER=arm-none-eabi-gcc" "ASSEMBLER=arm-none-eabi-as" "A
TRACE::2026-01-08.18:11:47::SCWBDomain::RCHIVER=arm-none-eabi-ar" "COMPILER_FLAGS=  -O2 -c" "EXTRA_COMPILER_FLAGS=-mcpu=cortex-a9 -mfpu=vfpv3 -mfloat-abi=hard -nostart
TRACE::2026-01-08.18:11:47::SCWBDomain::files -g -Wall -Wextra -fno-tree-loop-distribute-patterns"

TRACE::2026-01-08.18:11:48::SCWBDomain::"Running Make libs in ps7_cortexa9_0/libsrc/scugic_v4_6/src"

TRACE::2026-01-08.18:11:48::SCWBDomain::make -C ps7_cortexa9_0/libsrc/scugic_v4_6/src -s libs  "SHELL=CMD" "COMPILER=arm-none-eabi-gcc" "ASSEMBLER=arm-none-eabi-as" "A
TRACE::2026-01-08.18:11:48::SCWBDomain::RCHIVER=arm-none-eabi-ar" "COMPILER_FLAGS=  -O2 -c" "EXTRA_COMPILER_FLAGS=-mcpu=cortex-a9 -mfpu=vfpv3 -mfloat-abi=hard -nostart
TRACE::2026-01-08.18:11:48::SCWBDomain::files -g -Wall -Wextra -fno-tree-loop-distribute-patterns"

TRACE::2026-01-08.18:11:48::SCWBDomain::"Running Make libs in ps7_cortexa9_0/libsrc/scutimer_v2_3/src"

TRACE::2026-01-08.18:11:48::SCWBDomain::make -C ps7_cortexa9_0/libsrc/scutimer_v2_3/src -s libs  "SHELL=CMD" "COMPILER=arm-none-eabi-gcc" "ASSEMBLER=arm-none-eabi-as" 
TRACE::2026-01-08.18:11:48::SCWBDomain::"ARCHIVER=arm-none-eabi-ar" "COMPILER_FLAGS=  -O2 -c" "EXTRA_COMPILER_FLAGS=-mcpu=cortex-a9 -mfpu=vfpv3 -mfloat-abi=hard -nosta
TRACE::2026-01-08.18:11:48::SCWBDomain::rtfiles -g -Wall -Wextra -fno-tree-loop-distribute-patterns"

TRACE::2026-01-08.18:11:48::SCWBDomain::"Running Make libs in ps7_cortexa9_0/libsrc/scuwdt_v2_4/src"

TRACE::2026-01-08.18:11:49::SCWBDomain::make -C ps7_cortexa9_0/libsrc/scuwdt_v2_4/src -s libs  "SHELL=CMD" "COMPILER=arm-none-eabi-gcc" "ASSEMBLER=arm-none-eabi-as" "A
TRACE::2026-01-08.18:11:49::SCWBDomain::RCHIVER=arm-none-eabi-ar" "COMPILER_FLAGS=  -O2 -c" "EXTRA_COMPILER_FLAGS=-mcpu=cortex-a9 -mfpu=vfpv3 -mfloat-abi=hard -nostart
TRACE::2026-01-08.18:11:49::SCWBDomain::files -g -Wall -Wextra -fno-tree-loop-distribute-patterns"

TRACE::2026-01-08.18:11:49::SCWBDomain::"Running Make libs in ps7_cortexa9_0/libsrc/sdps_v3_13/src"

TRACE::2026-01-08.18:11:49::SCWBDomain::make -C ps7_cortexa9_0/libsrc/sdps_v3_13/src -s libs  "SHELL=CMD" "COMPILER=arm-none-eabi-gcc" "ASSEMBLER=arm-none-eabi-as" "AR
TRACE::2026-01-08.18:11:49::SCWBDomain::CHIVER=arm-none-eabi-ar" "COMPILER_FLAGS=  -O2 -c" "EXTRA_COMPILER_FLAGS=-mcpu=cortex-a9 -mfpu=vfpv3 -mfloat-abi=hard -nostartf
TRACE::2026-01-08.18:11:49::SCWBDomain::iles -g -Wall -Wextra -fno-tree-loop-distribute-patterns"

TRACE::2026-01-08.18:11:50::SCWBDomain::"Running Make libs in ps7_cortexa9_0/libsrc/standalone_v7_6/src"

TRACE::2026-01-08.18:11:50::SCWBDomain::make -C ps7_cortexa9_0/libsrc/standalone_v7_6/src -s libs  "SHELL=CMD" "COMPILER=arm-none-eabi-gcc" "ASSEMBLER=arm-none-eabi-as
TRACE::2026-01-08.18:11:50::SCWBDomain::" "ARCHIVER=arm-none-eabi-ar" "COMPILER_FLAGS=  -O2 -c" "EXTRA_COMPILER_FLAGS=-mcpu=cortex-a9 -mfpu=vfpv3 -mfloat-abi=hard -nos
TRACE::2026-01-08.18:11:50::SCWBDomain::tartfiles -g -Wall -Wextra -fno-tree-loop-distribute-patterns"

TRACE::2026-01-08.18:11:50::SCWBDomain::"Running Make libs in ps7_cortexa9_0/libsrc/ttcps_v3_14/src"

TRACE::2026-01-08.18:11:50::SCWBDomain::make -C ps7_cortexa9_0/libsrc/ttcps_v3_14/src -s libs  "SHELL=CMD" "COMPILER=arm-none-eabi-gcc" "ASSEMBLER=arm-none-eabi-as" "A
TRACE::2026-01-08.18:11:50::SCWBDomain::RCHIVER=arm-none-eabi-ar" "COMPILER_FLAGS=  -O2 -c" "EXTRA_COMPILER_FLAGS=-mcpu=cortex-a9 -mfpu=vfpv3 -mfloat-abi=hard -nostart
TRACE::2026-01-08.18:11:50::SCWBDomain::files -g -Wall -Wextra -fno-tree-loop-distribute-patterns"

TRACE::2026-01-08.18:11:50::SCWBDomain::"Running Make libs in ps7_cortexa9_0/libsrc/uartps_v3_11/src"

TRACE::2026-01-08.18:11:50::SCWBDomain::make -C ps7_cortexa9_0/libsrc/uartps_v3_11/src -s libs  "SHELL=CMD" "COMPILER=arm-none-eabi-gcc" "ASSEMBLER=arm-none-eabi-as" "
TRACE::2026-01-08.18:11:50::SCWBDomain::ARCHIVER=arm-none-eabi-ar" "COMPILER_FLAGS=  -O2 -c" "EXTRA_COMPILER_FLAGS=-mcpu=cortex-a9 -mfpu=vfpv3 -mfloat-abi=hard -nostar
TRACE::2026-01-08.18:11:50::SCWBDomain::tfiles -g -Wall -Wextra -fno-tree-loop-distribute-patterns"

TRACE::2026-01-08.18:11:50::SCWBDomain::"Running Make libs in ps7_cortexa9_0/libsrc/usbps_v2_7/src"

TRACE::2026-01-08.18:11:50::SCWBDomain::"Running Make libs in ps7_cortexa9_0/libsrc/xadcps_v2_6/src"

TRACE::2026-01-08.18:11:51::SCWBDomain::make -C ps7_cortexa9_0/libsrc/usbps_v2_7/src -s libs  "SHELL=CMD" "COMPILER=arm-none-eabi-gcc" "ASSEMBLER=arm-none-eabi-as" "AR
TRACE::2026-01-08.18:11:51::SCWBDomain::CHIVER=arm-none-eabi-ar" "COMPILER_FLAGS=  -O2 -c" "EXTRA_COMPILER_FLAGS=-mcpu=cortex-a9 -mfpu=vfpv3 -mfloat-abi=hard -nostartf
TRACE::2026-01-08.18:11:51::SCWBDomain::iles -g -Wall -Wextra -fno-tree-loop-distribute-patterns"

TRACE::2026-01-08.18:11:51::SCWBDomain::make -C ps7_cortexa9_0/libsrc/xadcps_v2_6/src -s libs  "SHELL=CMD" "COMPILER=arm-none-eabi-gcc" "ASSEMBLER=arm-none-eabi-as" "A
TRACE::2026-01-08.18:11:51::SCWBDomain::RCHIVER=arm-none-eabi-ar" "COMPILER_FLAGS=  -O2 -c" "EXTRA_COMPILER_FLAGS=-mcpu=cortex-a9 -mfpu=vfpv3 -mfloat-abi=hard -nostart
TRACE::2026-01-08.18:11:51::SCWBDomain::files -g -Wall -Wextra -fno-tree-loop-distribute-patterns"

TRACE::2026-01-08.18:11:51::SCWBDomain::"Running Make libs in ps7_cortexa9_0/libsrc/xilffs_v4_6/src"

TRACE::2026-01-08.18:11:51::SCWBDomain::make -C ps7_cortexa9_0/libsrc/xilffs_v4_6/src -s libs  "SHELL=CMD" "COMPILER=arm-none-eabi-gcc" "ASSEMBLER=arm-none-eabi-as" "A
TRACE::2026-01-08.18:11:51::SCWBDomain::RCHIVER=arm-none-eabi-ar" "COMPILER_FLAGS=  -O2 -c" "EXTRA_COMPILER_FLAGS=-mcpu=cortex-a9 -mfpu=vfpv3 -mfloat-abi=hard -nostart
TRACE::2026-01-08.18:11:51::SCWBDomain::files -g -Wall -Wextra -fno-tree-loop-distribute-patterns"

TRACE::2026-01-08.18:11:55::SCWBDomain::'Finished building libraries parallelly.'

TRACE::2026-01-08.18:11:55::SCWBDomain::make --no-print-directory archive

TRACE::2026-01-08.18:11:55::SCWBDomain::arm-none-eabi-ar -r  ps7_cortexa9_0/lib/libxil.a ps7_cortexa9_0/lib/xadcps_selftest.o ps7_cortexa9_0/lib/xplatform_info.o ps7_c
TRACE::2026-01-08.18:11:55::SCWBDomain::ortexa9_0/lib/xil_mem.o ps7_cortexa9_0/lib/_exit.o ps7_cortexa9_0/lib/xusbps_sinit.o ps7_cortexa9_0/lib/xdevcfg_hw.o ps7_cortex
TRACE::2026-01-08.18:11:55::SCWBDomain::a9_0/lib/xil_sleeptimer.o ps7_cortexa9_0/lib/xqspips_options.o ps7_cortexa9_0/lib/xdmaps_g.o ps7_cortexa9_0/lib/xscutimer_g.o p
TRACE::2026-01-08.18:11:55::SCWBDomain::s7_cortexa9_0/lib/xsdps_options.o ps7_cortexa9_0/lib/xil_misc_psreset_api.o ps7_cortexa9_0/lib/xdmaps_sinit.o ps7_cortexa9_0/li
TRACE::2026-01-08.18:11:55::SCWBDomain::b/xscutimer_sinit.o ps7_cortexa9_0/lib/xemacps_hw.o ps7_cortexa9_0/lib/inbyte.o ps7_cortexa9_0/lib/xdmaps_selftest.o ps7_cortex
TRACE::2026-01-08.18:11:55::SCWBDomain::a9_0/lib/xscutimer_selftest.o ps7_cortexa9_0/lib/putnum.o ps7_cortexa9_0/lib/xttcps_selftest.o ps7_cortexa9_0/lib/xqspips_hw.o 
TRACE::2026-01-08.18:11:55::SCWBDomain::ps7_cortexa9_0/lib/xgpiops_g.o ps7_cortexa9_0/lib/xsdps.o ps7_cortexa9_0/lib/close.o ps7_cortexa9_0/lib/xemacps_g.o ps7_cortexa
TRACE::2026-01-08.18:11:55::SCWBDomain::9_0/lib/xgpiops_sinit.o ps7_cortexa9_0/lib/xgpiops_selftest.o ps7_cortexa9_0/lib/xscuwdt.o ps7_cortexa9_0/lib/xaxivdma_g.o ps7_
TRACE::2026-01-08.18:11:55::SCWBDomain::cortexa9_0/lib/xil_clocking.o ps7_cortexa9_0/lib/xiicps_intr.o ps7_cortexa9_0/lib/xaxivdma_sinit.o ps7_cortexa9_0/lib/xuartps_s
TRACE::2026-01-08.18:11:55::SCWBDomain::init.o ps7_cortexa9_0/lib/time.o ps7_cortexa9_0/lib/xaxivdma_selftest.o ps7_cortexa9_0/lib/xiicps_slave.o ps7_cortexa9_0/lib/xi
TRACE::2026-01-08.18:11:55::SCWBDomain::l_printf.o ps7_cortexa9_0/lib/kill.o ps7_cortexa9_0/lib/xadcps.o ps7_cortexa9_0/lib/xiicps_options.o ps7_cortexa9_0/lib/xuartps
TRACE::2026-01-08.18:11:55::SCWBDomain::_selftest.o ps7_cortexa9_0/lib/xuartps_g.o ps7_cortexa9_0/lib/lseek.o ps7_cortexa9_0/lib/xgpiops.o ps7_cortexa9_0/lib/xl2cc_cou
TRACE::2026-01-08.18:11:55::SCWBDomain::nter.o ps7_cortexa9_0/lib/xiicps_hw.o ps7_cortexa9_0/lib/asm_vectors.o ps7_cortexa9_0/lib/usleep.o ps7_cortexa9_0/lib/abort.o p
TRACE::2026-01-08.18:11:55::SCWBDomain::s7_cortexa9_0/lib/xscugic_intr.o ps7_cortexa9_0/lib/getpid.o ps7_cortexa9_0/lib/xiicps_selftest.o ps7_cortexa9_0/lib/xil_testca
TRACE::2026-01-08.18:11:55::SCWBDomain::che.o ps7_cortexa9_0/lib/xdevcfg_sinit.o ps7_cortexa9_0/lib/xdmaps.o ps7_cortexa9_0/lib/xscutimer.o ps7_cortexa9_0/lib/xdevcfg_
TRACE::2026-01-08.18:11:55::SCWBDomain::selftest.o ps7_cortexa9_0/lib/xttcps.o ps7_cortexa9_0/lib/xpm_counter.o ps7_cortexa9_0/lib/xiicps.o ps7_cortexa9_0/lib/_sbrk.o 
TRACE::2026-01-08.18:11:55::SCWBDomain::ps7_cortexa9_0/lib/xiicps_master.o ps7_cortexa9_0/lib/xqspips_g.o ps7_cortexa9_0/lib/xemacps_bdring.o ps7_cortexa9_0/lib/xusbps
TRACE::2026-01-08.18:11:55::SCWBDomain::_endpoint.o ps7_cortexa9_0/lib/xusbps_g.o ps7_cortexa9_0/lib/xsdps_sinit.o ps7_cortexa9_0/lib/xqspips_selftest.o ps7_cortexa9_0
TRACE::2026-01-08.18:11:55::SCWBDomain::/lib/xil_exception.o ps7_cortexa9_0/lib/sbrk.o ps7_cortexa9_0/lib/xil_testmem.o ps7_cortexa9_0/lib/xaxivdma.o ps7_cortexa9_0/li
TRACE::2026-01-08.18:11:55::SCWBDomain::b/xemacps_control.o ps7_cortexa9_0/lib/open.o ps7_cortexa9_0/lib/xil_assert.o ps7_cortexa9_0/lib/xaxivdma_intr.o ps7_cortexa9_0
TRACE::2026-01-08.18:11:55::SCWBDomain::/lib/xusbps_intr.o ps7_cortexa9_0/lib/xsdps_host.o ps7_cortexa9_0/lib/xcoresightpsdcc.o ps7_cortexa9_0/lib/xiicps_xfer.o ps7_co
TRACE::2026-01-08.18:11:55::SCWBDomain::rtexa9_0/lib/xscugic_hw.o ps7_cortexa9_0/lib/sleep.o ps7_cortexa9_0/lib/cpputest_time.o ps7_cortexa9_0/lib/_open.o ps7_cortexa9
TRACE::2026-01-08.18:11:55::SCWBDomain::_0/lib/xttcps_options.o ps7_cortexa9_0/lib/print.o ps7_cortexa9_0/lib/read.o ps7_cortexa9_0/lib/xdevcfg.o ps7_cortexa9_0/lib/xa
TRACE::2026-01-08.18:11:55::SCWBDomain::dcps_intr.o ps7_cortexa9_0/lib/xqspips.o ps7_cortexa9_0/lib/xemacps.o ps7_cortexa9_0/lib/xil_cache.o ps7_cortexa9_0/lib/xil_tes
TRACE::2026-01-08.18:11:55::SCWBDomain::tio.o ps7_cortexa9_0/lib/unlink.o ps7_cortexa9_0/lib/xusbps.o ps7_cortexa9_0/lib/xil_spinlock.o ps7_cortexa9_0/lib/xiicps_g.o p
TRACE::2026-01-08.18:11:55::SCWBDomain::s7_cortexa9_0/lib/translation_table.o ps7_cortexa9_0/lib/xusbps_hw.o ps7_cortexa9_0/lib/write.o ps7_cortexa9_0/lib/xil_mmu.o ps
TRACE::2026-01-08.18:11:55::SCWBDomain::7_cortexa9_0/lib/boot.o ps7_cortexa9_0/lib/xaxivdma_channel.o ps7_cortexa9_0/lib/cpu_init.o ps7_cortexa9_0/lib/xil_sleepcommon.
TRACE::2026-01-08.18:11:55::SCWBDomain::o ps7_cortexa9_0/lib/xgpiops_intr.o ps7_cortexa9_0/lib/xscugic_sinit.o ps7_cortexa9_0/lib/fcntl.o ps7_cortexa9_0/lib/xdevcfg_g.
TRACE::2026-01-08.18:11:55::SCWBDomain::o ps7_cortexa9_0/lib/outbyte.o ps7_cortexa9_0/lib/xuartps_hw.o ps7_cortexa9_0/lib/xttcps_g.o ps7_cortexa9_0/lib/xtime_l.o ps7_c
TRACE::2026-01-08.18:11:55::SCWBDomain::ortexa9_0/lib/xemacps_sinit.o ps7_cortexa9_0/lib/xscugic_selftest.o ps7_cortexa9_0/lib/xil_util.o ps7_cortexa9_0/lib/xuartps_in
TRACE::2026-01-08.18:11:55::SCWBDomain::tr.o ps7_cortexa9_0/lib/xuartps.o ps7_cortexa9_0/lib/xsdps_card.o ps7_cortexa9_0/lib/xdmaps_hw.o ps7_cortexa9_0/lib/xttcps_sini
TRACE::2026-01-08.18:11:55::SCWBDomain::t.o ps7_cortexa9_0/lib/xgpiops_hw.o ps7_cortexa9_0/lib/xsdps_g.o ps7_cortexa9_0/lib/fstat.o ps7_cortexa9_0/lib/errno.o ps7_cort
TRACE::2026-01-08.18:11:55::SCWBDomain::exa9_0/lib/xdevcfg_intr.o ps7_cortexa9_0/lib/xuartps_options.o ps7_cortexa9_0/lib/vectors.o ps7_cortexa9_0/lib/xscuwdt_g.o ps7_
TRACE::2026-01-08.18:11:55::SCWBDomain::cortexa9_0/lib/xscuwdt_sinit.o ps7_cortexa9_0/lib/xemacps_intr.o ps7_cortexa9_0/lib/xscuwdt_selftest.o ps7_cortexa9_0/lib/xscug
TRACE::2026-01-08.18:11:55::SCWBDomain::ic_g.o ps7_cortexa9_0/lib/isatty.o ps7_cortexa9_0/lib/xil-crt0.o ps7_cortexa9_0/lib/xscugic.o ps7_cortexa9_0/lib/xiicps_sinit.o
TRACE::2026-01-08.18:11:55::SCWBDomain:: ps7_cortexa9_0/lib/xadcps_g.o ps7_cortexa9_0/lib/xqspips_sinit.o ps7_cortexa9_0/lib/xadcps_sinit.o

TRACE::2026-01-08.18:11:56::SCWBDomain::'Finished building libraries'

TRACE::2026-01-08.18:11:56::SCWBDomain::make: Leaving directory 'H:/test/two/fpga_arm/vitis/zc706_md/zynq_fsbl/zynq_fsbl_bsp'

TRACE::2026-01-08.18:11:56::SCWBDomain::arm-none-eabi-gcc  -O2 -c -MMD -MP       -mcpu=cortex-a9 -mfpu=vfpv3 -mfloat-abi=hard  -c sd.c -o sd.o -Izynq_fsbl_bsp/ps7_cort
TRACE::2026-01-08.18:11:56::SCWBDomain::exa9_0/include -I.

TRACE::2026-01-08.18:11:56::SCWBDomain::arm-none-eabi-gcc  -O2 -c -MMD -MP       -mcpu=cortex-a9 -mfpu=vfpv3 -mfloat-abi=hard  -c nand.c -o nand.o -Izynq_fsbl_bsp/ps7_
TRACE::2026-01-08.18:11:56::SCWBDomain::cortexa9_0/include -I.

TRACE::2026-01-08.18:11:56::SCWBDomain::arm-none-eabi-gcc  -O2 -c -MMD -MP       -mcpu=cortex-a9 -mfpu=vfpv3 -mfloat-abi=hard  -c image_mover.c -o image_mover.o -Izynq
TRACE::2026-01-08.18:11:56::SCWBDomain::_fsbl_bsp/ps7_cortexa9_0/include -I.

TRACE::2026-01-08.18:11:56::SCWBDomain::arm-none-eabi-gcc  -O2 -c -MMD -MP       -mcpu=cortex-a9 -mfpu=vfpv3 -mfloat-abi=hard  -c md5.c -o md5.o -Izynq_fsbl_bsp/ps7_co
TRACE::2026-01-08.18:11:56::SCWBDomain::rtexa9_0/include -I.

TRACE::2026-01-08.18:11:57::SCWBDomain::arm-none-eabi-gcc  -O2 -c -MMD -MP       -mcpu=cortex-a9 -mfpu=vfpv3 -mfloat-abi=hard  -c fsbl_hooks.c -o fsbl_hooks.o -Izynq_f
TRACE::2026-01-08.18:11:57::SCWBDomain::sbl_bsp/ps7_cortexa9_0/include -I.

TRACE::2026-01-08.18:11:57::SCWBDomain::arm-none-eabi-gcc  -O2 -c -MMD -MP       -mcpu=cortex-a9 -mfpu=vfpv3 -mfloat-abi=hard  -c main.c -o main.o -Izynq_fsbl_bsp/ps7_
TRACE::2026-01-08.18:11:57::SCWBDomain::cortexa9_0/include -I.

TRACE::2026-01-08.18:11:57::SCWBDomain::arm-none-eabi-gcc  -O2 -c -MMD -MP       -mcpu=cortex-a9 -mfpu=vfpv3 -mfloat-abi=hard  -c rsa.c -o rsa.o -Izynq_fsbl_bsp/ps7_co
TRACE::2026-01-08.18:11:57::SCWBDomain::rtexa9_0/include -I.

TRACE::2026-01-08.18:11:57::SCWBDomain::arm-none-eabi-gcc  -O2 -c -MMD -MP       -mcpu=cortex-a9 -mfpu=vfpv3 -mfloat-abi=hard  -c nor.c -o nor.o -Izynq_fsbl_bsp/ps7_co
TRACE::2026-01-08.18:11:57::SCWBDomain::rtexa9_0/include -I.

TRACE::2026-01-08.18:11:57::SCWBDomain::arm-none-eabi-gcc  -O2 -c -MMD -MP       -mcpu=cortex-a9 -mfpu=vfpv3 -mfloat-abi=hard  -c qspi.c -o qspi.o -Izynq_fsbl_bsp/ps7_
TRACE::2026-01-08.18:11:57::SCWBDomain::cortexa9_0/include -I.

TRACE::2026-01-08.18:11:58::SCWBDomain::arm-none-eabi-gcc  -O2 -c -MMD -MP       -mcpu=cortex-a9 -mfpu=vfpv3 -mfloat-abi=hard  -c ps7_init.c -o ps7_init.o -Izynq_fsbl_
TRACE::2026-01-08.18:11:58::SCWBDomain::bsp/ps7_cortexa9_0/include -I.

TRACE::2026-01-08.18:11:58::SCWBDomain::arm-none-eabi-gcc  -O2 -c -MMD -MP       -mcpu=cortex-a9 -mfpu=vfpv3 -mfloat-abi=hard  -c pcap.c -o pcap.o -Izynq_fsbl_bsp/ps7_
TRACE::2026-01-08.18:11:58::SCWBDomain::cortexa9_0/include -I.

TRACE::2026-01-08.18:11:58::SCWBDomain::arm-none-eabi-gcc  -O2 -c -MMD -MP       -mcpu=cortex-a9 -mfpu=vfpv3 -mfloat-abi=hard  -c fsbl_handoff.S -o fsbl_handoff.o -Izy
TRACE::2026-01-08.18:11:58::SCWBDomain::nq_fsbl_bsp/ps7_cortexa9_0/include -I.

TRACE::2026-01-08.18:11:58::SCWBDomain::arm-none-eabi-gcc -o fsbl.elf fsbl_handoff.o fsbl_hooks.o image_mover.o main.o md5.o nand.o nor.o pcap.o ps7_init.o qspi.o rsa.
TRACE::2026-01-08.18:11:58::SCWBDomain::o sd.o -MMD -MP       -mcpu=cortex-a9 -mfpu=vfpv3 -mfloat-abi=hard   -mcpu=cortex-a9 -mfpu=vfpv3 -mfloat-abi=hard -Wl,-build-id
TRACE::2026-01-08.18:11:58::SCWBDomain::=none -specs=Xilinx.spec  -lrsa -Wl,--start-group,-lxil,-lgcc,-lc,--end-group -Wl,--start-group,-lxilffs,-lxil,-lgcc,-lc,--end-
TRACE::2026-01-08.18:11:58::SCWBDomain::group -Wl,--start-group,-lrsa,-lxil,-lgcc,-lc,--end-group                                      -Wl,--gc-sections -Lzynq_fsbl_bs
TRACE::2026-01-08.18:11:58::SCWBDomain::p/ps7_cortexa9_0/lib -L./ -Tlscript.ld

LOG::2026-01-08.18:11:58::SCWSystem::Checking the domain standalone_ps7_cortexa9_0
LOG::2026-01-08.18:11:58::SCWSystem::Not a boot domain 
LOG::2026-01-08.18:11:58::SCWSystem::Started Processing the domain standalone_ps7_cortexa9_0
TRACE::2026-01-08.18:11:58::SCWDomain::Generating domain artifcats
TRACE::2026-01-08.18:11:58::SCWMssOS::Generating standalone artifcats
TRACE::2026-01-08.18:11:58::SCWMssOS::Copying the qemu file from  E:/xilinx/Vitis/2021.2/data/emulation/platforms/zynq/sw/a9_standalone/qemu/qemu_args.txt To H:/test/two/fpga_arm/vitis/zc706_md/export/zc706_md/sw/zc706_md/qemu/
TRACE::2026-01-08.18:11:58::SCWMssOS::Copying the qemu file from  E:/xilinx/Vitis/2021.2/data/emulation/platforms/zynq/sw/a9_standalone/qemu/qemu_args.txt To H:/test/two/fpga_arm/vitis/zc706_md/export/zc706_md/sw/zc706_md/standalone_ps7_cortexa9_0/qemu/
TRACE::2026-01-08.18:11:58::SCWMssOS:: Copying the user libraries. 
TRACE::2026-01-08.18:11:58::SCWPlatform::Trying to open the hw design at H:/test/two/fpga_arm/vitis/zc706_md/hw/design_1_wrapper.xsa
TRACE::2026-01-08.18:11:58::SCWPlatform::DSA given H:/test/two/fpga_arm/vitis/zc706_md/hw/design_1_wrapper.xsa
TRACE::2026-01-08.18:11:58::SCWPlatform::DSA absoulate path H:/test/two/fpga_arm/vitis/zc706_md/hw/design_1_wrapper.xsa
TRACE::2026-01-08.18:11:58::SCWPlatform::DSA directory H:/test/two/fpga_arm/vitis/zc706_md/hw
TRACE::2026-01-08.18:11:58::SCWPlatform:: Platform Path H:/test/two/fpga_arm/vitis/zc706_md/hw/design_1_wrapper.xsa
TRACE::2026-01-08.18:11:58::SCWPlatform:: Unique name xilinx:zc706::0.0
TRACE::2026-01-08.18:11:58::SCWPlatform::Trying to set the existing hwdb with name design_1_wrapper_11
TRACE::2026-01-08.18:11:58::SCWPlatform::Opened existing hwdb design_1_wrapper_11
TRACE::2026-01-08.18:11:58::SCWPlatform::Found the Hw Db part of the input DSA
TRACE::2026-01-08.18:11:58::SCWMssOS::Checking the sw design at  H:/test/two/fpga_arm/vitis/zc706_md/ps7_cortexa9_0/standalone_ps7_cortexa9_0/bsp/system.mss
TRACE::2026-01-08.18:11:58::SCWMssOS::DEBUG:  swdes dump  H:/test/two/fpga_arm/vitis/zc706_md/zynq_fsbl/zynq_fsbl_bsp/system.mss|system||

TRACE::2026-01-08.18:11:58::SCWMssOS::No sw design opened at  H:/test/two/fpga_arm/vitis/zc706_md/ps7_cortexa9_0/standalone_ps7_cortexa9_0/bsp/system.mss
TRACE::2026-01-08.18:11:58::SCWMssOS::mss exists loading the mss file  H:/test/two/fpga_arm/vitis/zc706_md/ps7_cortexa9_0/standalone_ps7_cortexa9_0/bsp/system.mss
TRACE::2026-01-08.18:11:58::SCWMssOS::Opened the sw design from mss  H:/test/two/fpga_arm/vitis/zc706_md/ps7_cortexa9_0/standalone_ps7_cortexa9_0/bsp/system.mss
TRACE::2026-01-08.18:11:58::SCWMssOS::Adding the swdes entry H:/test/two/fpga_arm/vitis/zc706_md/ps7_cortexa9_0/standalone_ps7_cortexa9_0/bsp/system.mss with des name system_0
TRACE::2026-01-08.18:11:58::SCWMssOS::updating the scw layer about changes
TRACE::2026-01-08.18:11:58::SCWMssOS::Opened the sw design.  H:/test/two/fpga_arm/vitis/zc706_md/ps7_cortexa9_0/standalone_ps7_cortexa9_0/bsp/system.mss
TRACE::2026-01-08.18:11:58::SCWMssOS::Completed writing the mss file at H:/test/two/fpga_arm/vitis/zc706_md/ps7_cortexa9_0/standalone_ps7_cortexa9_0/bsp
TRACE::2026-01-08.18:11:58::SCWMssOS::Mss edits present, copying mssfile into export location H:/test/two/fpga_arm/vitis/zc706_md/ps7_cortexa9_0/standalone_ps7_cortexa9_0/bsp/system.mss
TRACE::2026-01-08.18:11:58::SCWMssOS::bsp generated is upto date with the mss file. Skipping bsp generation.
TRACE::2026-01-08.18:11:58::SCWMssOS::BSP is already built. skipping the bsp build ... 
TRACE::2026-01-08.18:11:58::SCWDomain::Building the domain as part of full build :  standalone_ps7_cortexa9_0
TRACE::2026-01-08.18:11:58::SCWMssOS::doing bsp build ... 
TRACE::2026-01-08.18:11:58::SCWMssOS::System Command Ran  H: & cd  H:/test/two/fpga_arm/vitis/zc706_md/ps7_cortexa9_0/standalone_ps7_cortexa9_0/bsp & make 
TRACE::2026-01-08.18:11:58::SCWMssOS::make --no-print-directory seq_libs

TRACE::2026-01-08.18:11:58::SCWMssOS::"Running Make include in ps7_cortexa9_0/libsrc/axivdma_v6_10/src"

TRACE::2026-01-08.18:11:58::SCWMssOS::make -C ps7_cortexa9_0/libsrc/axivdma_v6_10/src -s include  "SHELL=CMD" "COMPILER=arm-none-eabi-gcc" "ASSEMBLER=arm-none-eabi-a
TRACE::2026-01-08.18:11:58::SCWMssOS::s" "ARCHIVER=arm-none-eabi-ar" "COMPILER_FLAGS=  -O2 -c" "EXTRA_COMPILER_FLAGS=-mcpu=cortex-a9 -mfpu=vfpv3 -mfloat-abi=hard -no
TRACE::2026-01-08.18:11:58::SCWMssOS::startfiles -g -Wall -Wextra -fno-tree-loop-distribute-patterns"

TRACE::2026-01-08.18:11:59::SCWMssOS::"Running Make include in ps7_cortexa9_0/libsrc/coresightps_dcc_v1_8/src"

TRACE::2026-01-08.18:11:59::SCWMssOS::make -C ps7_cortexa9_0/libsrc/coresightps_dcc_v1_8/src -s include  "SHELL=CMD" "COMPILER=arm-none-eabi-gcc" "ASSEMBLER=arm-none
TRACE::2026-01-08.18:11:59::SCWMssOS::-eabi-as" "ARCHIVER=arm-none-eabi-ar" "COMPILER_FLAGS=  -O2 -c" "EXTRA_COMPILER_FLAGS=-mcpu=cortex-a9 -mfpu=vfpv3 -mfloat-abi=h
TRACE::2026-01-08.18:11:59::SCWMssOS::ard -nostartfiles -g -Wall -Wextra -fno-tree-loop-distribute-patterns"

TRACE::2026-01-08.18:11:59::SCWMssOS::"Running Make include in ps7_cortexa9_0/libsrc/cpu_cortexa9_v2_11/src"

TRACE::2026-01-08.18:11:59::SCWMssOS::make -C ps7_cortexa9_0/libsrc/cpu_cortexa9_v2_11/src -s include  "SHELL=CMD" "COMPILER=arm-none-eabi-gcc" "ASSEMBLER=arm-none-e
TRACE::2026-01-08.18:11:59::SCWMssOS::abi-as" "ARCHIVER=arm-none-eabi-ar" "COMPILER_FLAGS=  -O2 -c" "EXTRA_COMPILER_FLAGS=-mcpu=cortex-a9 -mfpu=vfpv3 -mfloat-abi=har
TRACE::2026-01-08.18:11:59::SCWMssOS::d -nostartfiles -g -Wall -Wextra -fno-tree-loop-distribute-patterns"

TRACE::2026-01-08.18:11:59::SCWMssOS::"Running Make include in ps7_cortexa9_0/libsrc/ddrps_v1_2/src"

TRACE::2026-01-08.18:11:59::SCWMssOS::make -C ps7_cortexa9_0/libsrc/ddrps_v1_2/src -s include  "SHELL=CMD" "COMPILER=arm-none-eabi-gcc" "ASSEMBLER=arm-none-eabi-as" 
TRACE::2026-01-08.18:11:59::SCWMssOS::"ARCHIVER=arm-none-eabi-ar" "COMPILER_FLAGS=  -O2 -c" "EXTRA_COMPILER_FLAGS=-mcpu=cortex-a9 -mfpu=vfpv3 -mfloat-abi=hard -nosta
TRACE::2026-01-08.18:11:59::SCWMssOS::rtfiles -g -Wall -Wextra -fno-tree-loop-distribute-patterns"

TRACE::2026-01-08.18:11:59::SCWMssOS::"Running Make include in ps7_cortexa9_0/libsrc/devcfg_v3_7/src"

TRACE::2026-01-08.18:11:59::SCWMssOS::make -C ps7_cortexa9_0/libsrc/devcfg_v3_7/src -s include  "SHELL=CMD" "COMPILER=arm-none-eabi-gcc" "ASSEMBLER=arm-none-eabi-as"
TRACE::2026-01-08.18:11:59::SCWMssOS:: "ARCHIVER=arm-none-eabi-ar" "COMPILER_FLAGS=  -O2 -c" "EXTRA_COMPILER_FLAGS=-mcpu=cortex-a9 -mfpu=vfpv3 -mfloat-abi=hard -nost
TRACE::2026-01-08.18:11:59::SCWMssOS::artfiles -g -Wall -Wextra -fno-tree-loop-distribute-patterns"

TRACE::2026-01-08.18:12:00::SCWMssOS::"Running Make include in ps7_cortexa9_0/libsrc/dmaps_v2_8/src"

TRACE::2026-01-08.18:12:00::SCWMssOS::make -C ps7_cortexa9_0/libsrc/dmaps_v2_8/src -s include  "SHELL=CMD" "COMPILER=arm-none-eabi-gcc" "ASSEMBLER=arm-none-eabi-as" 
TRACE::2026-01-08.18:12:00::SCWMssOS::"ARCHIVER=arm-none-eabi-ar" "COMPILER_FLAGS=  -O2 -c" "EXTRA_COMPILER_FLAGS=-mcpu=cortex-a9 -mfpu=vfpv3 -mfloat-abi=hard -nosta
TRACE::2026-01-08.18:12:00::SCWMssOS::rtfiles -g -Wall -Wextra -fno-tree-loop-distribute-patterns"

TRACE::2026-01-08.18:12:00::SCWMssOS::"Running Make include in ps7_cortexa9_0/libsrc/emacps_v3_15/src"

TRACE::2026-01-08.18:12:00::SCWMssOS::make -C ps7_cortexa9_0/libsrc/emacps_v3_15/src -s include  "SHELL=CMD" "COMPILER=arm-none-eabi-gcc" "ASSEMBLER=arm-none-eabi-as
TRACE::2026-01-08.18:12:00::SCWMssOS::" "ARCHIVER=arm-none-eabi-ar" "COMPILER_FLAGS=  -O2 -c" "EXTRA_COMPILER_FLAGS=-mcpu=cortex-a9 -mfpu=vfpv3 -mfloat-abi=hard -nos
TRACE::2026-01-08.18:12:00::SCWMssOS::tartfiles -g -Wall -Wextra -fno-tree-loop-distribute-patterns"

TRACE::2026-01-08.18:12:00::SCWMssOS::"Running Make include in ps7_cortexa9_0/libsrc/gpiops_v3_9/src"

TRACE::2026-01-08.18:12:00::SCWMssOS::make -C ps7_cortexa9_0/libsrc/gpiops_v3_9/src -s include  "SHELL=CMD" "COMPILER=arm-none-eabi-gcc" "ASSEMBLER=arm-none-eabi-as"
TRACE::2026-01-08.18:12:00::SCWMssOS:: "ARCHIVER=arm-none-eabi-ar" "COMPILER_FLAGS=  -O2 -c" "EXTRA_COMPILER_FLAGS=-mcpu=cortex-a9 -mfpu=vfpv3 -mfloat-abi=hard -nost
TRACE::2026-01-08.18:12:00::SCWMssOS::artfiles -g -Wall -Wextra -fno-tree-loop-distribute-patterns"

TRACE::2026-01-08.18:12:01::SCWMssOS::"Running Make include in ps7_cortexa9_0/libsrc/iicps_v3_14/src"

TRACE::2026-01-08.18:12:01::SCWMssOS::make -C ps7_cortexa9_0/libsrc/iicps_v3_14/src -s include  "SHELL=CMD" "COMPILER=arm-none-eabi-gcc" "ASSEMBLER=arm-none-eabi-as"
TRACE::2026-01-08.18:12:01::SCWMssOS:: "ARCHIVER=arm-none-eabi-ar" "COMPILER_FLAGS=  -O2 -c" "EXTRA_COMPILER_FLAGS=-mcpu=cortex-a9 -mfpu=vfpv3 -mfloat-abi=hard -nost
TRACE::2026-01-08.18:12:01::SCWMssOS::artfiles -g -Wall -Wextra -fno-tree-loop-distribute-patterns"

TRACE::2026-01-08.18:12:01::SCWMssOS::"Running Make include in ps7_cortexa9_0/libsrc/lwip211_v1_6/src"

TRACE::2026-01-08.18:12:01::SCWMssOS::make -C ps7_cortexa9_0/libsrc/lwip211_v1_6/src -s include  "SHELL=CMD" "COMPILER=arm-none-eabi-gcc" "ASSEMBLER=arm-none-eabi-as
TRACE::2026-01-08.18:12:01::SCWMssOS::" "ARCHIVER=arm-none-eabi-ar" "COMPILER_FLAGS=  -O2 -c" "EXTRA_COMPILER_FLAGS=-mcpu=cortex-a9 -mfpu=vfpv3 -mfloat-abi=hard -nos
TRACE::2026-01-08.18:12:01::SCWMssOS::tartfiles -g -Wall -Wextra -fno-tree-loop-distribute-patterns"

TRACE::2026-01-08.18:12:03::SCWMssOS::"Running Make include in ps7_cortexa9_0/libsrc/qspips_v3_9/src"

TRACE::2026-01-08.18:12:03::SCWMssOS::make -C ps7_cortexa9_0/libsrc/qspips_v3_9/src -s include  "SHELL=CMD" "COMPILER=arm-none-eabi-gcc" "ASSEMBLER=arm-none-eabi-as"
TRACE::2026-01-08.18:12:03::SCWMssOS:: "ARCHIVER=arm-none-eabi-ar" "COMPILER_FLAGS=  -O2 -c" "EXTRA_COMPILER_FLAGS=-mcpu=cortex-a9 -mfpu=vfpv3 -mfloat-abi=hard -nost
TRACE::2026-01-08.18:12:03::SCWMssOS::artfiles -g -Wall -Wextra -fno-tree-loop-distribute-patterns"

TRACE::2026-01-08.18:12:03::SCWMssOS::"Running Make include in ps7_cortexa9_0/libsrc/scugic_v4_6/src"

TRACE::2026-01-08.18:12:03::SCWMssOS::make -C ps7_cortexa9_0/libsrc/scugic_v4_6/src -s include  "SHELL=CMD" "COMPILER=arm-none-eabi-gcc" "ASSEMBLER=arm-none-eabi-as"
TRACE::2026-01-08.18:12:03::SCWMssOS:: "ARCHIVER=arm-none-eabi-ar" "COMPILER_FLAGS=  -O2 -c" "EXTRA_COMPILER_FLAGS=-mcpu=cortex-a9 -mfpu=vfpv3 -mfloat-abi=hard -nost
TRACE::2026-01-08.18:12:03::SCWMssOS::artfiles -g -Wall -Wextra -fno-tree-loop-distribute-patterns"

TRACE::2026-01-08.18:12:03::SCWMssOS::"Running Make include in ps7_cortexa9_0/libsrc/scutimer_v2_3/src"

TRACE::2026-01-08.18:12:03::SCWMssOS::make -C ps7_cortexa9_0/libsrc/scutimer_v2_3/src -s include  "SHELL=CMD" "COMPILER=arm-none-eabi-gcc" "ASSEMBLER=arm-none-eabi-a
TRACE::2026-01-08.18:12:03::SCWMssOS::s" "ARCHIVER=arm-none-eabi-ar" "COMPILER_FLAGS=  -O2 -c" "EXTRA_COMPILER_FLAGS=-mcpu=cortex-a9 -mfpu=vfpv3 -mfloat-abi=hard -no
TRACE::2026-01-08.18:12:03::SCWMssOS::startfiles -g -Wall -Wextra -fno-tree-loop-distribute-patterns"

TRACE::2026-01-08.18:12:04::SCWMssOS::"Running Make include in ps7_cortexa9_0/libsrc/scuwdt_v2_4/src"

TRACE::2026-01-08.18:12:04::SCWMssOS::make -C ps7_cortexa9_0/libsrc/scuwdt_v2_4/src -s include  "SHELL=CMD" "COMPILER=arm-none-eabi-gcc" "ASSEMBLER=arm-none-eabi-as"
TRACE::2026-01-08.18:12:04::SCWMssOS:: "ARCHIVER=arm-none-eabi-ar" "COMPILER_FLAGS=  -O2 -c" "EXTRA_COMPILER_FLAGS=-mcpu=cortex-a9 -mfpu=vfpv3 -mfloat-abi=hard -nost
TRACE::2026-01-08.18:12:04::SCWMssOS::artfiles -g -Wall -Wextra -fno-tree-loop-distribute-patterns"

TRACE::2026-01-08.18:12:04::SCWMssOS::"Running Make include in ps7_cortexa9_0/libsrc/sdps_v3_13/src"

TRACE::2026-01-08.18:12:04::SCWMssOS::make -C ps7_cortexa9_0/libsrc/sdps_v3_13/src -s include  "SHELL=CMD" "COMPILER=arm-none-eabi-gcc" "ASSEMBLER=arm-none-eabi-as" 
TRACE::2026-01-08.18:12:04::SCWMssOS::"ARCHIVER=arm-none-eabi-ar" "COMPILER_FLAGS=  -O2 -c" "EXTRA_COMPILER_FLAGS=-mcpu=cortex-a9 -mfpu=vfpv3 -mfloat-abi=hard -nosta
TRACE::2026-01-08.18:12:04::SCWMssOS::rtfiles -g -Wall -Wextra -fno-tree-loop-distribute-patterns"

TRACE::2026-01-08.18:12:04::SCWMssOS::"Running Make include in ps7_cortexa9_0/libsrc/standalone_v7_6/src"

TRACE::2026-01-08.18:12:05::SCWMssOS::make -C ps7_cortexa9_0/libsrc/standalone_v7_6/src -s include  "SHELL=CMD" "COMPILER=arm-none-eabi-gcc" "ASSEMBLER=arm-none-eabi
TRACE::2026-01-08.18:12:05::SCWMssOS::-as" "ARCHIVER=arm-none-eabi-ar" "COMPILER_FLAGS=  -O2 -c" "EXTRA_COMPILER_FLAGS=-mcpu=cortex-a9 -mfpu=vfpv3 -mfloat-abi=hard -
TRACE::2026-01-08.18:12:05::SCWMssOS::nostartfiles -g -Wall -Wextra -fno-tree-loop-distribute-patterns"

TRACE::2026-01-08.18:12:07::SCWMssOS::"Running Make include in ps7_cortexa9_0/libsrc/ttcps_v3_14/src"

TRACE::2026-01-08.18:12:07::SCWMssOS::make -C ps7_cortexa9_0/libsrc/ttcps_v3_14/src -s include  "SHELL=CMD" "COMPILER=arm-none-eabi-gcc" "ASSEMBLER=arm-none-eabi-as"
TRACE::2026-01-08.18:12:07::SCWMssOS:: "ARCHIVER=arm-none-eabi-ar" "COMPILER_FLAGS=  -O2 -c" "EXTRA_COMPILER_FLAGS=-mcpu=cortex-a9 -mfpu=vfpv3 -mfloat-abi=hard -nost
TRACE::2026-01-08.18:12:07::SCWMssOS::artfiles -g -Wall -Wextra -fno-tree-loop-distribute-patterns"

TRACE::2026-01-08.18:12:08::SCWMssOS::"Running Make include in ps7_cortexa9_0/libsrc/uartps_v3_11/src"

TRACE::2026-01-08.18:12:08::SCWMssOS::make -C ps7_cortexa9_0/libsrc/uartps_v3_11/src -s include  "SHELL=CMD" "COMPILER=arm-none-eabi-gcc" "ASSEMBLER=arm-none-eabi-as
TRACE::2026-01-08.18:12:08::SCWMssOS::" "ARCHIVER=arm-none-eabi-ar" "COMPILER_FLAGS=  -O2 -c" "EXTRA_COMPILER_FLAGS=-mcpu=cortex-a9 -mfpu=vfpv3 -mfloat-abi=hard -nos
TRACE::2026-01-08.18:12:08::SCWMssOS::tartfiles -g -Wall -Wextra -fno-tree-loop-distribute-patterns"

TRACE::2026-01-08.18:12:08::SCWMssOS::"Running Make include in ps7_cortexa9_0/libsrc/usbps_v2_7/src"

TRACE::2026-01-08.18:12:08::SCWMssOS::make -C ps7_cortexa9_0/libsrc/usbps_v2_7/src -s include  "SHELL=CMD" "COMPILER=arm-none-eabi-gcc" "ASSEMBLER=arm-none-eabi-as" 
TRACE::2026-01-08.18:12:08::SCWMssOS::"ARCHIVER=arm-none-eabi-ar" "COMPILER_FLAGS=  -O2 -c" "EXTRA_COMPILER_FLAGS=-mcpu=cortex-a9 -mfpu=vfpv3 -mfloat-abi=hard -nosta
TRACE::2026-01-08.18:12:08::SCWMssOS::rtfiles -g -Wall -Wextra -fno-tree-loop-distribute-patterns"

TRACE::2026-01-08.18:12:08::SCWMssOS::"Running Make include in ps7_cortexa9_0/libsrc/xadcps_v2_6/src"

TRACE::2026-01-08.18:12:08::SCWMssOS::make -C ps7_cortexa9_0/libsrc/xadcps_v2_6/src -s include  "SHELL=CMD" "COMPILER=arm-none-eabi-gcc" "ASSEMBLER=arm-none-eabi-as"
TRACE::2026-01-08.18:12:08::SCWMssOS:: "ARCHIVER=arm-none-eabi-ar" "COMPILER_FLAGS=  -O2 -c" "EXTRA_COMPILER_FLAGS=-mcpu=cortex-a9 -mfpu=vfpv3 -mfloat-abi=hard -nost
TRACE::2026-01-08.18:12:08::SCWMssOS::artfiles -g -Wall -Wextra -fno-tree-loop-distribute-patterns"

TRACE::2026-01-08.18:12:09::SCWMssOS::"Running Make include in ps7_cortexa9_0/libsrc/xilffs_v4_6/src"

TRACE::2026-01-08.18:12:09::SCWMssOS::make -C ps7_cortexa9_0/libsrc/xilffs_v4_6/src -s include  "SHELL=CMD" "COMPILER=arm-none-eabi-gcc" "ASSEMBLER=arm-none-eabi-as"
TRACE::2026-01-08.18:12:09::SCWMssOS:: "ARCHIVER=arm-none-eabi-ar" "COMPILER_FLAGS=  -O2 -c" "EXTRA_COMPILER_FLAGS=-mcpu=cortex-a9 -mfpu=vfpv3 -mfloat-abi=hard -nost
TRACE::2026-01-08.18:12:09::SCWMssOS::artfiles -g -Wall -Wextra -fno-tree-loop-distribute-patterns"

TRACE::2026-01-08.18:12:09::SCWMssOS::"Running Make libs in ps7_cortexa9_0/libsrc/lwip211_v1_6/src"

TRACE::2026-01-08.18:12:09::SCWMssOS::make -C ps7_cortexa9_0/libsrc/lwip211_v1_6/src -s libs  "SHELL=CMD" "COMPILER=arm-none-eabi-gcc" "ASSEMBLER=arm-none-eabi-as" "
TRACE::2026-01-08.18:12:09::SCWMssOS::ARCHIVER=arm-none-eabi-ar" "COMPILER_FLAGS=  -O2 -c" "EXTRA_COMPILER_FLAGS=-mcpu=cortex-a9 -mfpu=vfpv3 -mfloat-abi=hard -nostar
TRACE::2026-01-08.18:12:09::SCWMssOS::tfiles -g -Wall -Wextra -fno-tree-loop-distribute-patterns"

TRACE::2026-01-08.18:12:09::SCWMssOS::"Compiling lwip src and adapter files"

TRACE::2026-01-08.18:12:22::SCWMssOS::'Finished building libraries sequentially.'

TRACE::2026-01-08.18:12:22::SCWMssOS::make -j 14 --no-print-directory par_libs

TRACE::2026-01-08.18:12:22::SCWMssOS::"Running Make include in ps7_cortexa9_0/libsrc/axivdma_v6_10/src"

TRACE::2026-01-08.18:12:22::SCWMssOS::"Running Make include in ps7_cortexa9_0/libsrc/coresightps_dcc_v1_8/src"

TRACE::2026-01-08.18:12:22::SCWMssOS::make -C ps7_cortexa9_0/libsrc/axivdma_v6_10/src -s include  "SHELL=CMD" "COMPILER=arm-none-eabi-gcc" "ASSEMBLER=arm-none-eabi-a
TRACE::2026-01-08.18:12:22::SCWMssOS::s" "ARCHIVER=arm-none-eabi-ar" "COMPILER_FLAGS=  -O2 -c" "EXTRA_COMPILER_FLAGS=-mcpu=cortex-a9 -mfpu=vfpv3 -mfloat-abi=hard -no
TRACE::2026-01-08.18:12:22::SCWMssOS::startfiles -g -Wall -Wextra -fno-tree-loop-distribute-patterns"

TRACE::2026-01-08.18:12:22::SCWMssOS::make -C ps7_cortexa9_0/libsrc/coresightps_dcc_v1_8/src -s include  "SHELL=CMD" "COMPILER=arm-none-eabi-gcc" "ASSEMBLER=arm-none
TRACE::2026-01-08.18:12:22::SCWMssOS::-eabi-as" "ARCHIVER=arm-none-eabi-ar" "COMPILER_FLAGS=  -O2 -c" "EXTRA_COMPILER_FLAGS=-mcpu=cortex-a9 -mfpu=vfpv3 -mfloat-abi=h
TRACE::2026-01-08.18:12:22::SCWMssOS::ard -nostartfiles -g -Wall -Wextra -fno-tree-loop-distribute-patterns"

TRACE::2026-01-08.18:12:22::SCWMssOS::"Running Make include in ps7_cortexa9_0/libsrc/cpu_cortexa9_v2_11/src"

TRACE::2026-01-08.18:12:22::SCWMssOS::"Running Make include in ps7_cortexa9_0/libsrc/ddrps_v1_2/src"

TRACE::2026-01-08.18:12:22::SCWMssOS::make -C ps7_cortexa9_0/libsrc/cpu_cortexa9_v2_11/src -s include  "SHELL=CMD" "COMPILER=arm-none-eabi-gcc" "ASSEMBLER=arm-none-e
TRACE::2026-01-08.18:12:22::SCWMssOS::abi-as" "ARCHIVER=arm-none-eabi-ar" "COMPILER_FLAGS=  -O2 -c" "EXTRA_COMPILER_FLAGS=-mcpu=cortex-a9 -mfpu=vfpv3 -mfloat-abi=har
TRACE::2026-01-08.18:12:22::SCWMssOS::d -nostartfiles -g -Wall -Wextra -fno-tree-loop-distribute-patterns"

TRACE::2026-01-08.18:12:22::SCWMssOS::make -C ps7_cortexa9_0/libsrc/ddrps_v1_2/src -s include  "SHELL=CMD" "COMPILER=arm-none-eabi-gcc" "ASSEMBLER=arm-none-eabi-as" 
TRACE::2026-01-08.18:12:22::SCWMssOS::"ARCHIVER=arm-none-eabi-ar" "COMPILER_FLAGS=  -O2 -c" "EXTRA_COMPILER_FLAGS=-mcpu=cortex-a9 -mfpu=vfpv3 -mfloat-abi=hard -nosta
TRACE::2026-01-08.18:12:22::SCWMssOS::rtfiles -g -Wall -Wextra -fno-tree-loop-distribute-patterns"

TRACE::2026-01-08.18:12:22::SCWMssOS::"Running Make include in ps7_cortexa9_0/libsrc/devcfg_v3_7/src"

TRACE::2026-01-08.18:12:22::SCWMssOS::"Running Make include in ps7_cortexa9_0/libsrc/dmaps_v2_8/src"

TRACE::2026-01-08.18:12:22::SCWMssOS::"Running Make include in ps7_cortexa9_0/libsrc/emacps_v3_15/src"

TRACE::2026-01-08.18:12:22::SCWMssOS::make -C ps7_cortexa9_0/libsrc/devcfg_v3_7/src -s include  "SHELL=CMD" "COMPILER=arm-none-eabi-gcc" "ASSEMBLER=arm-none-eabi-as"
TRACE::2026-01-08.18:12:22::SCWMssOS:: "ARCHIVER=arm-none-eabi-ar" "COMPILER_FLAGS=  -O2 -c" "EXTRA_COMPILER_FLAGS=-mcpu=cortex-a9 -mfpu=vfpv3 -mfloat-abi=hard -nost
TRACE::2026-01-08.18:12:22::SCWMssOS::artfiles -g -Wall -Wextra -fno-tree-loop-distribute-patterns"

TRACE::2026-01-08.18:12:22::SCWMssOS::make -C ps7_cortexa9_0/libsrc/dmaps_v2_8/src -s include  "SHELL=CMD" "COMPILER=arm-none-eabi-gcc" "ASSEMBLER=arm-none-eabi-as" 
TRACE::2026-01-08.18:12:22::SCWMssOS::"ARCHIVER=arm-none-eabi-ar" "COMPILER_FLAGS=  -O2 -c" "EXTRA_COMPILER_FLAGS=-mcpu=cortex-a9 -mfpu=vfpv3 -mfloat-abi=hard -nosta
TRACE::2026-01-08.18:12:22::SCWMssOS::rtfiles -g -Wall -Wextra -fno-tree-loop-distribute-patterns"

TRACE::2026-01-08.18:12:22::SCWMssOS::make -C ps7_cortexa9_0/libsrc/emacps_v3_15/src -s include  "SHELL=CMD" "COMPILER=arm-none-eabi-gcc" "ASSEMBLER=arm-none-eabi-as
TRACE::2026-01-08.18:12:22::SCWMssOS::" "ARCHIVER=arm-none-eabi-ar" "COMPILER_FLAGS=  -O2 -c" "EXTRA_COMPILER_FLAGS=-mcpu=cortex-a9 -mfpu=vfpv3 -mfloat-abi=hard -nos
TRACE::2026-01-08.18:12:22::SCWMssOS::tartfiles -g -Wall -Wextra -fno-tree-loop-distribute-patterns"

TRACE::2026-01-08.18:12:22::SCWMssOS::"Running Make include in ps7_cortexa9_0/libsrc/gpiops_v3_9/src"

TRACE::2026-01-08.18:12:22::SCWMssOS::"Running Make include in ps7_cortexa9_0/libsrc/iicps_v3_14/src"

TRACE::2026-01-08.18:12:22::SCWMssOS::"Running Make include in ps7_cortexa9_0/libsrc/lwip211_v1_6/src"

TRACE::2026-01-08.18:12:22::SCWMssOS::"Running Make include in ps7_cortexa9_0/libsrc/qspips_v3_9/src"

TRACE::2026-01-08.18:12:22::SCWMssOS::"Running Make include in ps7_cortexa9_0/libsrc/scugic_v4_6/src"

TRACE::2026-01-08.18:12:22::SCWMssOS::"Running Make include in ps7_cortexa9_0/libsrc/scutimer_v2_3/src"

TRACE::2026-01-08.18:12:22::SCWMssOS::make -C ps7_cortexa9_0/libsrc/gpiops_v3_9/src -s include  "SHELL=CMD" "COMPILER=arm-none-eabi-gcc" "ASSEMBLER=arm-none-eabi-as"
TRACE::2026-01-08.18:12:22::SCWMssOS:: "ARCHIVER=arm-none-eabi-ar" "COMPILER_FLAGS=  -O2 -c" "EXTRA_COMPILER_FLAGS=-mcpu=cortex-a9 -mfpu=vfpv3 -mfloat-abi=hard -nost
TRACE::2026-01-08.18:12:22::SCWMssOS::artfiles -g -Wall -Wextra -fno-tree-loop-distribute-patterns"

TRACE::2026-01-08.18:12:22::SCWMssOS::make -C ps7_cortexa9_0/libsrc/iicps_v3_14/src -s include  "SHELL=CMD" "COMPILER=arm-none-eabi-gcc" "ASSEMBLER=arm-none-eabi-as"
TRACE::2026-01-08.18:12:22::SCWMssOS:: "ARCHIVER=arm-none-eabi-ar" "COMPILER_FLAGS=  -O2 -c" "EXTRA_COMPILER_FLAGS=-mcpu=cortex-a9 -mfpu=vfpv3 -mfloat-abi=hard -nost
TRACE::2026-01-08.18:12:22::SCWMssOS::artfiles -g -Wall -Wextra -fno-tree-loop-distribute-patterns"

TRACE::2026-01-08.18:12:22::SCWMssOS::"Running Make include in ps7_cortexa9_0/libsrc/scuwdt_v2_4/src"

TRACE::2026-01-08.18:12:22::SCWMssOS::make -C ps7_cortexa9_0/libsrc/lwip211_v1_6/src -s include  "SHELL=CMD" "COMPILER=arm-none-eabi-gcc" "ASSEMBLER=arm-none-eabi-as
TRACE::2026-01-08.18:12:22::SCWMssOS::" "ARCHIVER=arm-none-eabi-ar" "COMPILER_FLAGS=  -O2 -c" "EXTRA_COMPILER_FLAGS=-mcpu=cortex-a9 -mfpu=vfpv3 -mfloat-abi=hard -nos
TRACE::2026-01-08.18:12:22::SCWMssOS::tartfiles -g -Wall -Wextra -fno-tree-loop-distribute-patterns"

TRACE::2026-01-08.18:12:23::SCWMssOS::make -C ps7_cortexa9_0/libsrc/qspips_v3_9/src -s include  "SHELL=CMD" "COMPILER=arm-none-eabi-gcc" "ASSEMBLER=arm-none-eabi-as"
TRACE::2026-01-08.18:12:23::SCWMssOS:: "ARCHIVER=arm-none-eabi-ar" "COMPILER_FLAGS=  -O2 -c" "EXTRA_COMPILER_FLAGS=-mcpu=cortex-a9 -mfpu=vfpv3 -mfloat-abi=hard -nost
TRACE::2026-01-08.18:12:23::SCWMssOS::artfiles -g -Wall -Wextra -fno-tree-loop-distribute-patterns"

TRACE::2026-01-08.18:12:23::SCWMssOS::make -C ps7_cortexa9_0/libsrc/scugic_v4_6/src -s include  "SHELL=CMD" "COMPILER=arm-none-eabi-gcc" "ASSEMBLER=arm-none-eabi-as"
TRACE::2026-01-08.18:12:23::SCWMssOS:: "ARCHIVER=arm-none-eabi-ar" "COMPILER_FLAGS=  -O2 -c" "EXTRA_COMPILER_FLAGS=-mcpu=cortex-a9 -mfpu=vfpv3 -mfloat-abi=hard -nost
TRACE::2026-01-08.18:12:23::SCWMssOS::artfiles -g -Wall -Wextra -fno-tree-loop-distribute-patterns"

TRACE::2026-01-08.18:12:23::SCWMssOS::make -C ps7_cortexa9_0/libsrc/scutimer_v2_3/src -s include  "SHELL=CMD" "COMPILER=arm-none-eabi-gcc" "ASSEMBLER=arm-none-eabi-a
TRACE::2026-01-08.18:12:23::SCWMssOS::s" "ARCHIVER=arm-none-eabi-ar" "COMPILER_FLAGS=  -O2 -c" "EXTRA_COMPILER_FLAGS=-mcpu=cortex-a9 -mfpu=vfpv3 -mfloat-abi=hard -no
TRACE::2026-01-08.18:12:23::SCWMssOS::startfiles -g -Wall -Wextra -fno-tree-loop-distribute-patterns"

TRACE::2026-01-08.18:12:23::SCWMssOS::make -C ps7_cortexa9_0/libsrc/scuwdt_v2_4/src -s include  "SHELL=CMD" "COMPILER=arm-none-eabi-gcc" "ASSEMBLER=arm-none-eabi-as"
TRACE::2026-01-08.18:12:23::SCWMssOS:: "ARCHIVER=arm-none-eabi-ar" "COMPILER_FLAGS=  -O2 -c" "EXTRA_COMPILER_FLAGS=-mcpu=cortex-a9 -mfpu=vfpv3 -mfloat-abi=hard -nost
TRACE::2026-01-08.18:12:23::SCWMssOS::artfiles -g -Wall -Wextra -fno-tree-loop-distribute-patterns"

TRACE::2026-01-08.18:12:23::SCWMssOS::"Running Make include in ps7_cortexa9_0/libsrc/sdps_v3_13/src"

TRACE::2026-01-08.18:12:23::SCWMssOS::"Running Make include in ps7_cortexa9_0/libsrc/standalone_v7_6/src"

TRACE::2026-01-08.18:12:23::SCWMssOS::"Running Make include in ps7_cortexa9_0/libsrc/ttcps_v3_14/src"

TRACE::2026-01-08.18:12:23::SCWMssOS::"Running Make include in ps7_cortexa9_0/libsrc/uartps_v3_11/src"

TRACE::2026-01-08.18:12:23::SCWMssOS::make -C ps7_cortexa9_0/libsrc/sdps_v3_13/src -s include  "SHELL=CMD" "COMPILER=arm-none-eabi-gcc" "ASSEMBLER=arm-none-eabi-as" 
TRACE::2026-01-08.18:12:23::SCWMssOS::"ARCHIVER=arm-none-eabi-ar" "COMPILER_FLAGS=  -O2 -c" "EXTRA_COMPILER_FLAGS=-mcpu=cortex-a9 -mfpu=vfpv3 -mfloat-abi=hard -nosta
TRACE::2026-01-08.18:12:23::SCWMssOS::rtfiles -g -Wall -Wextra -fno-tree-loop-distribute-patterns"

TRACE::2026-01-08.18:12:23::SCWMssOS::make -C ps7_cortexa9_0/libsrc/standalone_v7_6/src -s include  "SHELL=CMD" "COMPILER=arm-none-eabi-gcc" "ASSEMBLER=arm-none-eabi
TRACE::2026-01-08.18:12:23::SCWMssOS::-as" "ARCHIVER=arm-none-eabi-ar" "COMPILER_FLAGS=  -O2 -c" "EXTRA_COMPILER_FLAGS=-mcpu=cortex-a9 -mfpu=vfpv3 -mfloat-abi=hard -
TRACE::2026-01-08.18:12:23::SCWMssOS::nostartfiles -g -Wall -Wextra -fno-tree-loop-distribute-patterns"

TRACE::2026-01-08.18:12:23::SCWMssOS::"Running Make include in ps7_cortexa9_0/libsrc/usbps_v2_7/src"

TRACE::2026-01-08.18:12:23::SCWMssOS::make -C ps7_cortexa9_0/libsrc/ttcps_v3_14/src -s include  "SHELL=CMD" "COMPILER=arm-none-eabi-gcc" "ASSEMBLER=arm-none-eabi-as"
TRACE::2026-01-08.18:12:23::SCWMssOS:: "ARCHIVER=arm-none-eabi-ar" "COMPILER_FLAGS=  -O2 -c" "EXTRA_COMPILER_FLAGS=-mcpu=cortex-a9 -mfpu=vfpv3 -mfloat-abi=hard -nost
TRACE::2026-01-08.18:12:23::SCWMssOS::artfiles -g -Wall -Wextra -fno-tree-loop-distribute-patterns"

TRACE::2026-01-08.18:12:23::SCWMssOS::make -C ps7_cortexa9_0/libsrc/uartps_v3_11/src -s include  "SHELL=CMD" "COMPILER=arm-none-eabi-gcc" "ASSEMBLER=arm-none-eabi-as
TRACE::2026-01-08.18:12:23::SCWMssOS::" "ARCHIVER=arm-none-eabi-ar" "COMPILER_FLAGS=  -O2 -c" "EXTRA_COMPILER_FLAGS=-mcpu=cortex-a9 -mfpu=vfpv3 -mfloat-abi=hard -nos
TRACE::2026-01-08.18:12:23::SCWMssOS::tartfiles -g -Wall -Wextra -fno-tree-loop-distribute-patterns"

TRACE::2026-01-08.18:12:23::SCWMssOS::"Running Make include in ps7_cortexa9_0/libsrc/xadcps_v2_6/src"

TRACE::2026-01-08.18:12:23::SCWMssOS::make -C ps7_cortexa9_0/libsrc/usbps_v2_7/src -s include  "SHELL=CMD" "COMPILER=arm-none-eabi-gcc" "ASSEMBLER=arm-none-eabi-as" 
TRACE::2026-01-08.18:12:23::SCWMssOS::"ARCHIVER=arm-none-eabi-ar" "COMPILER_FLAGS=  -O2 -c" "EXTRA_COMPILER_FLAGS=-mcpu=cortex-a9 -mfpu=vfpv3 -mfloat-abi=hard -nosta
TRACE::2026-01-08.18:12:23::SCWMssOS::rtfiles -g -Wall -Wextra -fno-tree-loop-distribute-patterns"

TRACE::2026-01-08.18:12:23::SCWMssOS::make -C ps7_cortexa9_0/libsrc/xadcps_v2_6/src -s include  "SHELL=CMD" "COMPILER=arm-none-eabi-gcc" "ASSEMBLER=arm-none-eabi-as"
TRACE::2026-01-08.18:12:23::SCWMssOS:: "ARCHIVER=arm-none-eabi-ar" "COMPILER_FLAGS=  -O2 -c" "EXTRA_COMPILER_FLAGS=-mcpu=cortex-a9 -mfpu=vfpv3 -mfloat-abi=hard -nost
TRACE::2026-01-08.18:12:23::SCWMssOS::artfiles -g -Wall -Wextra -fno-tree-loop-distribute-patterns"

TRACE::2026-01-08.18:12:23::SCWMssOS::"Running Make include in ps7_cortexa9_0/libsrc/xilffs_v4_6/src"

TRACE::2026-01-08.18:12:23::SCWMssOS::make -C ps7_cortexa9_0/libsrc/xilffs_v4_6/src -s include  "SHELL=CMD" "COMPILER=arm-none-eabi-gcc" "ASSEMBLER=arm-none-eabi-as"
TRACE::2026-01-08.18:12:23::SCWMssOS:: "ARCHIVER=arm-none-eabi-ar" "COMPILER_FLAGS=  -O2 -c" "EXTRA_COMPILER_FLAGS=-mcpu=cortex-a9 -mfpu=vfpv3 -mfloat-abi=hard -nost
TRACE::2026-01-08.18:12:23::SCWMssOS::artfiles -g -Wall -Wextra -fno-tree-loop-distribute-patterns"

TRACE::2026-01-08.18:12:24::SCWMssOS::"Running Make libs in ps7_cortexa9_0/libsrc/axivdma_v6_10/src"

TRACE::2026-01-08.18:12:24::SCWMssOS::"Running Make libs in ps7_cortexa9_0/libsrc/coresightps_dcc_v1_8/src"

TRACE::2026-01-08.18:12:24::SCWMssOS::"Running Make libs in ps7_cortexa9_0/libsrc/cpu_cortexa9_v2_11/src"

TRACE::2026-01-08.18:12:24::SCWMssOS::"Running Make libs in ps7_cortexa9_0/libsrc/ddrps_v1_2/src"

TRACE::2026-01-08.18:12:24::SCWMssOS::"Running Make libs in ps7_cortexa9_0/libsrc/devcfg_v3_7/src"

TRACE::2026-01-08.18:12:24::SCWMssOS::make -C ps7_cortexa9_0/libsrc/axivdma_v6_10/src -s libs  "SHELL=CMD" "COMPILER=arm-none-eabi-gcc" "ASSEMBLER=arm-none-eabi-as" 
TRACE::2026-01-08.18:12:24::SCWMssOS::"ARCHIVER=arm-none-eabi-ar" "COMPILER_FLAGS=  -O2 -c" "EXTRA_COMPILER_FLAGS=-mcpu=cortex-a9 -mfpu=vfpv3 -mfloat-abi=hard -nosta
TRACE::2026-01-08.18:12:24::SCWMssOS::rtfiles -g -Wall -Wextra -fno-tree-loop-distribute-patterns"

TRACE::2026-01-08.18:12:24::SCWMssOS::make -C ps7_cortexa9_0/libsrc/coresightps_dcc_v1_8/src -s libs  "SHELL=CMD" "COMPILER=arm-none-eabi-gcc" "ASSEMBLER=arm-none-ea
TRACE::2026-01-08.18:12:24::SCWMssOS::bi-as" "ARCHIVER=arm-none-eabi-ar" "COMPILER_FLAGS=  -O2 -c" "EXTRA_COMPILER_FLAGS=-mcpu=cortex-a9 -mfpu=vfpv3 -mfloat-abi=hard
TRACE::2026-01-08.18:12:24::SCWMssOS:: -nostartfiles -g -Wall -Wextra -fno-tree-loop-distribute-patterns"

TRACE::2026-01-08.18:12:24::SCWMssOS::make -C ps7_cortexa9_0/libsrc/cpu_cortexa9_v2_11/src -s libs  "SHELL=CMD" "COMPILER=arm-none-eabi-gcc" "ASSEMBLER=arm-none-eabi
TRACE::2026-01-08.18:12:24::SCWMssOS::-as" "ARCHIVER=arm-none-eabi-ar" "COMPILER_FLAGS=  -O2 -c" "EXTRA_COMPILER_FLAGS=-mcpu=cortex-a9 -mfpu=vfpv3 -mfloat-abi=hard -
TRACE::2026-01-08.18:12:24::SCWMssOS::nostartfiles -g -Wall -Wextra -fno-tree-loop-distribute-patterns"

TRACE::2026-01-08.18:12:24::SCWMssOS::"Running Make libs in ps7_cortexa9_0/libsrc/dmaps_v2_8/src"

TRACE::2026-01-08.18:12:24::SCWMssOS::make -C ps7_cortexa9_0/libsrc/ddrps_v1_2/src -s libs  "SHELL=CMD" "COMPILER=arm-none-eabi-gcc" "ASSEMBLER=arm-none-eabi-as" "AR
TRACE::2026-01-08.18:12:24::SCWMssOS::CHIVER=arm-none-eabi-ar" "COMPILER_FLAGS=  -O2 -c" "EXTRA_COMPILER_FLAGS=-mcpu=cortex-a9 -mfpu=vfpv3 -mfloat-abi=hard -nostartf
TRACE::2026-01-08.18:12:24::SCWMssOS::iles -g -Wall -Wextra -fno-tree-loop-distribute-patterns"

TRACE::2026-01-08.18:12:24::SCWMssOS::make -C ps7_cortexa9_0/libsrc/devcfg_v3_7/src -s libs  "SHELL=CMD" "COMPILER=arm-none-eabi-gcc" "ASSEMBLER=arm-none-eabi-as" "A
TRACE::2026-01-08.18:12:24::SCWMssOS::RCHIVER=arm-none-eabi-ar" "COMPILER_FLAGS=  -O2 -c" "EXTRA_COMPILER_FLAGS=-mcpu=cortex-a9 -mfpu=vfpv3 -mfloat-abi=hard -nostart
TRACE::2026-01-08.18:12:24::SCWMssOS::files -g -Wall -Wextra -fno-tree-loop-distribute-patterns"

TRACE::2026-01-08.18:12:24::SCWMssOS::"Running Make libs in ps7_cortexa9_0/libsrc/emacps_v3_15/src"

TRACE::2026-01-08.18:12:24::SCWMssOS::make -C ps7_cortexa9_0/libsrc/dmaps_v2_8/src -s libs  "SHELL=CMD" "COMPILER=arm-none-eabi-gcc" "ASSEMBLER=arm-none-eabi-as" "AR
TRACE::2026-01-08.18:12:24::SCWMssOS::CHIVER=arm-none-eabi-ar" "COMPILER_FLAGS=  -O2 -c" "EXTRA_COMPILER_FLAGS=-mcpu=cortex-a9 -mfpu=vfpv3 -mfloat-abi=hard -nostartf
TRACE::2026-01-08.18:12:24::SCWMssOS::iles -g -Wall -Wextra -fno-tree-loop-distribute-patterns"

TRACE::2026-01-08.18:12:24::SCWMssOS::make -C ps7_cortexa9_0/libsrc/emacps_v3_15/src -s libs  "SHELL=CMD" "COMPILER=arm-none-eabi-gcc" "ASSEMBLER=arm-none-eabi-as" "
TRACE::2026-01-08.18:12:24::SCWMssOS::ARCHIVER=arm-none-eabi-ar" "COMPILER_FLAGS=  -O2 -c" "EXTRA_COMPILER_FLAGS=-mcpu=cortex-a9 -mfpu=vfpv3 -mfloat-abi=hard -nostar
TRACE::2026-01-08.18:12:24::SCWMssOS::tfiles -g -Wall -Wextra -fno-tree-loop-distribute-patterns"

TRACE::2026-01-08.18:12:24::SCWMssOS::"Running Make libs in ps7_cortexa9_0/libsrc/gpiops_v3_9/src"

TRACE::2026-01-08.18:12:24::SCWMssOS::make -C ps7_cortexa9_0/libsrc/gpiops_v3_9/src -s libs  "SHELL=CMD" "COMPILER=arm-none-eabi-gcc" "ASSEMBLER=arm-none-eabi-as" "A
TRACE::2026-01-08.18:12:24::SCWMssOS::RCHIVER=arm-none-eabi-ar" "COMPILER_FLAGS=  -O2 -c" "EXTRA_COMPILER_FLAGS=-mcpu=cortex-a9 -mfpu=vfpv3 -mfloat-abi=hard -nostart
TRACE::2026-01-08.18:12:24::SCWMssOS::files -g -Wall -Wextra -fno-tree-loop-distribute-patterns"

TRACE::2026-01-08.18:12:25::SCWMssOS::"Running Make libs in ps7_cortexa9_0/libsrc/iicps_v3_14/src"

TRACE::2026-01-08.18:12:25::SCWMssOS::make -C ps7_cortexa9_0/libsrc/iicps_v3_14/src -s libs  "SHELL=CMD" "COMPILER=arm-none-eabi-gcc" "ASSEMBLER=arm-none-eabi-as" "A
TRACE::2026-01-08.18:12:25::SCWMssOS::RCHIVER=arm-none-eabi-ar" "COMPILER_FLAGS=  -O2 -c" "EXTRA_COMPILER_FLAGS=-mcpu=cortex-a9 -mfpu=vfpv3 -mfloat-abi=hard -nostart
TRACE::2026-01-08.18:12:25::SCWMssOS::files -g -Wall -Wextra -fno-tree-loop-distribute-patterns"

TRACE::2026-01-08.18:12:25::SCWMssOS::"Running Make libs in ps7_cortexa9_0/libsrc/qspips_v3_9/src"

TRACE::2026-01-08.18:12:25::SCWMssOS::make -C ps7_cortexa9_0/libsrc/qspips_v3_9/src -s libs  "SHELL=CMD" "COMPILER=arm-none-eabi-gcc" "ASSEMBLER=arm-none-eabi-as" "A
TRACE::2026-01-08.18:12:25::SCWMssOS::RCHIVER=arm-none-eabi-ar" "COMPILER_FLAGS=  -O2 -c" "EXTRA_COMPILER_FLAGS=-mcpu=cortex-a9 -mfpu=vfpv3 -mfloat-abi=hard -nostart
TRACE::2026-01-08.18:12:25::SCWMssOS::files -g -Wall -Wextra -fno-tree-loop-distribute-patterns"

TRACE::2026-01-08.18:12:25::SCWMssOS::"Running Make libs in ps7_cortexa9_0/libsrc/scugic_v4_6/src"

TRACE::2026-01-08.18:12:25::SCWMssOS::make -C ps7_cortexa9_0/libsrc/scugic_v4_6/src -s libs  "SHELL=CMD" "COMPILER=arm-none-eabi-gcc" "ASSEMBLER=arm-none-eabi-as" "A
TRACE::2026-01-08.18:12:25::SCWMssOS::RCHIVER=arm-none-eabi-ar" "COMPILER_FLAGS=  -O2 -c" "EXTRA_COMPILER_FLAGS=-mcpu=cortex-a9 -mfpu=vfpv3 -mfloat-abi=hard -nostart
TRACE::2026-01-08.18:12:25::SCWMssOS::files -g -Wall -Wextra -fno-tree-loop-distribute-patterns"

TRACE::2026-01-08.18:12:26::SCWMssOS::"Running Make libs in ps7_cortexa9_0/libsrc/scutimer_v2_3/src"

TRACE::2026-01-08.18:12:26::SCWMssOS::make -C ps7_cortexa9_0/libsrc/scutimer_v2_3/src -s libs  "SHELL=CMD" "COMPILER=arm-none-eabi-gcc" "ASSEMBLER=arm-none-eabi-as" 
TRACE::2026-01-08.18:12:26::SCWMssOS::"ARCHIVER=arm-none-eabi-ar" "COMPILER_FLAGS=  -O2 -c" "EXTRA_COMPILER_FLAGS=-mcpu=cortex-a9 -mfpu=vfpv3 -mfloat-abi=hard -nosta
TRACE::2026-01-08.18:12:26::SCWMssOS::rtfiles -g -Wall -Wextra -fno-tree-loop-distribute-patterns"

TRACE::2026-01-08.18:12:27::SCWMssOS::"Running Make libs in ps7_cortexa9_0/libsrc/scuwdt_v2_4/src"

TRACE::2026-01-08.18:12:27::SCWMssOS::make -C ps7_cortexa9_0/libsrc/scuwdt_v2_4/src -s libs  "SHELL=CMD" "COMPILER=arm-none-eabi-gcc" "ASSEMBLER=arm-none-eabi-as" "A
TRACE::2026-01-08.18:12:27::SCWMssOS::RCHIVER=arm-none-eabi-ar" "COMPILER_FLAGS=  -O2 -c" "EXTRA_COMPILER_FLAGS=-mcpu=cortex-a9 -mfpu=vfpv3 -mfloat-abi=hard -nostart
TRACE::2026-01-08.18:12:27::SCWMssOS::files -g -Wall -Wextra -fno-tree-loop-distribute-patterns"

TRACE::2026-01-08.18:12:27::SCWMssOS::"Running Make libs in ps7_cortexa9_0/libsrc/sdps_v3_13/src"

TRACE::2026-01-08.18:12:27::SCWMssOS::make -C ps7_cortexa9_0/libsrc/sdps_v3_13/src -s libs  "SHELL=CMD" "COMPILER=arm-none-eabi-gcc" "ASSEMBLER=arm-none-eabi-as" "AR
TRACE::2026-01-08.18:12:27::SCWMssOS::CHIVER=arm-none-eabi-ar" "COMPILER_FLAGS=  -O2 -c" "EXTRA_COMPILER_FLAGS=-mcpu=cortex-a9 -mfpu=vfpv3 -mfloat-abi=hard -nostartf
TRACE::2026-01-08.18:12:27::SCWMssOS::iles -g -Wall -Wextra -fno-tree-loop-distribute-patterns"

TRACE::2026-01-08.18:12:27::SCWMssOS::"Running Make libs in ps7_cortexa9_0/libsrc/standalone_v7_6/src"

TRACE::2026-01-08.18:12:27::SCWMssOS::make -C ps7_cortexa9_0/libsrc/standalone_v7_6/src -s libs  "SHELL=CMD" "COMPILER=arm-none-eabi-gcc" "ASSEMBLER=arm-none-eabi-as
TRACE::2026-01-08.18:12:27::SCWMssOS::" "ARCHIVER=arm-none-eabi-ar" "COMPILER_FLAGS=  -O2 -c" "EXTRA_COMPILER_FLAGS=-mcpu=cortex-a9 -mfpu=vfpv3 -mfloat-abi=hard -nos
TRACE::2026-01-08.18:12:27::SCWMssOS::tartfiles -g -Wall -Wextra -fno-tree-loop-distribute-patterns"

TRACE::2026-01-08.18:12:28::SCWMssOS::"Running Make libs in ps7_cortexa9_0/libsrc/ttcps_v3_14/src"

TRACE::2026-01-08.18:12:28::SCWMssOS::make -C ps7_cortexa9_0/libsrc/ttcps_v3_14/src -s libs  "SHELL=CMD" "COMPILER=arm-none-eabi-gcc" "ASSEMBLER=arm-none-eabi-as" "A
TRACE::2026-01-08.18:12:28::SCWMssOS::RCHIVER=arm-none-eabi-ar" "COMPILER_FLAGS=  -O2 -c" "EXTRA_COMPILER_FLAGS=-mcpu=cortex-a9 -mfpu=vfpv3 -mfloat-abi=hard -nostart
TRACE::2026-01-08.18:12:28::SCWMssOS::files -g -Wall -Wextra -fno-tree-loop-distribute-patterns"

TRACE::2026-01-08.18:12:28::SCWMssOS::"Running Make libs in ps7_cortexa9_0/libsrc/uartps_v3_11/src"

TRACE::2026-01-08.18:12:28::SCWMssOS::make -C ps7_cortexa9_0/libsrc/uartps_v3_11/src -s libs  "SHELL=CMD" "COMPILER=arm-none-eabi-gcc" "ASSEMBLER=arm-none-eabi-as" "
TRACE::2026-01-08.18:12:28::SCWMssOS::ARCHIVER=arm-none-eabi-ar" "COMPILER_FLAGS=  -O2 -c" "EXTRA_COMPILER_FLAGS=-mcpu=cortex-a9 -mfpu=vfpv3 -mfloat-abi=hard -nostar
TRACE::2026-01-08.18:12:28::SCWMssOS::tfiles -g -Wall -Wextra -fno-tree-loop-distribute-patterns"

TRACE::2026-01-08.18:12:28::SCWMssOS::"Running Make libs in ps7_cortexa9_0/libsrc/usbps_v2_7/src"

TRACE::2026-01-08.18:12:29::SCWMssOS::make -C ps7_cortexa9_0/libsrc/usbps_v2_7/src -s libs  "SHELL=CMD" "COMPILER=arm-none-eabi-gcc" "ASSEMBLER=arm-none-eabi-as" "AR
TRACE::2026-01-08.18:12:29::SCWMssOS::CHIVER=arm-none-eabi-ar" "COMPILER_FLAGS=  -O2 -c" "EXTRA_COMPILER_FLAGS=-mcpu=cortex-a9 -mfpu=vfpv3 -mfloat-abi=hard -nostartf
TRACE::2026-01-08.18:12:29::SCWMssOS::iles -g -Wall -Wextra -fno-tree-loop-distribute-patterns"

TRACE::2026-01-08.18:12:29::SCWMssOS::"Running Make libs in ps7_cortexa9_0/libsrc/xadcps_v2_6/src"

TRACE::2026-01-08.18:12:29::SCWMssOS::make -C ps7_cortexa9_0/libsrc/xadcps_v2_6/src -s libs  "SHELL=CMD" "COMPILER=arm-none-eabi-gcc" "ASSEMBLER=arm-none-eabi-as" "A
TRACE::2026-01-08.18:12:29::SCWMssOS::RCHIVER=arm-none-eabi-ar" "COMPILER_FLAGS=  -O2 -c" "EXTRA_COMPILER_FLAGS=-mcpu=cortex-a9 -mfpu=vfpv3 -mfloat-abi=hard -nostart
TRACE::2026-01-08.18:12:29::SCWMssOS::files -g -Wall -Wextra -fno-tree-loop-distribute-patterns"

TRACE::2026-01-08.18:12:29::SCWMssOS::"Running Make libs in ps7_cortexa9_0/libsrc/xilffs_v4_6/src"

TRACE::2026-01-08.18:12:29::SCWMssOS::make -C ps7_cortexa9_0/libsrc/xilffs_v4_6/src -s libs  "SHELL=CMD" "COMPILER=arm-none-eabi-gcc" "ASSEMBLER=arm-none-eabi-as" "A
TRACE::2026-01-08.18:12:29::SCWMssOS::RCHIVER=arm-none-eabi-ar" "COMPILER_FLAGS=  -O2 -c" "EXTRA_COMPILER_FLAGS=-mcpu=cortex-a9 -mfpu=vfpv3 -mfloat-abi=hard -nostart
TRACE::2026-01-08.18:12:29::SCWMssOS::files -g -Wall -Wextra -fno-tree-loop-distribute-patterns"

TRACE::2026-01-08.18:12:33::SCWMssOS::'Finished building libraries parallelly.'

TRACE::2026-01-08.18:12:33::SCWMssOS::make --no-print-directory archive

TRACE::2026-01-08.18:12:33::SCWMssOS::arm-none-eabi-ar -r  ps7_cortexa9_0/lib/libxil.a ps7_cortexa9_0/lib/xadcps_selftest.o ps7_cortexa9_0/lib/xplatform_info.o ps7_c
TRACE::2026-01-08.18:12:33::SCWMssOS::ortexa9_0/lib/xil_mem.o ps7_cortexa9_0/lib/_exit.o ps7_cortexa9_0/lib/xusbps_sinit.o ps7_cortexa9_0/lib/xdevcfg_hw.o ps7_cortex
TRACE::2026-01-08.18:12:33::SCWMssOS::a9_0/lib/xil_sleeptimer.o ps7_cortexa9_0/lib/xqspips_options.o ps7_cortexa9_0/lib/xdmaps_g.o ps7_cortexa9_0/lib/xscutimer_g.o p
TRACE::2026-01-08.18:12:33::SCWMssOS::s7_cortexa9_0/lib/xsdps_options.o ps7_cortexa9_0/lib/xil_misc_psreset_api.o ps7_cortexa9_0/lib/xdmaps_sinit.o ps7_cortexa9_0/li
TRACE::2026-01-08.18:12:33::SCWMssOS::b/xscutimer_sinit.o ps7_cortexa9_0/lib/xemacps_hw.o ps7_cortexa9_0/lib/inbyte.o ps7_cortexa9_0/lib/xdmaps_selftest.o ps7_cortex
TRACE::2026-01-08.18:12:33::SCWMssOS::a9_0/lib/xscutimer_selftest.o ps7_cortexa9_0/lib/putnum.o ps7_cortexa9_0/lib/xttcps_selftest.o ps7_cortexa9_0/lib/xqspips_hw.o 
TRACE::2026-01-08.18:12:33::SCWMssOS::ps7_cortexa9_0/lib/xgpiops_g.o ps7_cortexa9_0/lib/xsdps.o ps7_cortexa9_0/lib/close.o ps7_cortexa9_0/lib/xemacps_g.o ps7_cortexa
TRACE::2026-01-08.18:12:33::SCWMssOS::9_0/lib/xgpiops_sinit.o ps7_cortexa9_0/lib/xgpiops_selftest.o ps7_cortexa9_0/lib/xscuwdt.o ps7_cortexa9_0/lib/xaxivdma_g.o ps7_
TRACE::2026-01-08.18:12:33::SCWMssOS::cortexa9_0/lib/xil_clocking.o ps7_cortexa9_0/lib/xiicps_intr.o ps7_cortexa9_0/lib/xaxivdma_sinit.o ps7_cortexa9_0/lib/xuartps_s
TRACE::2026-01-08.18:12:33::SCWMssOS::init.o ps7_cortexa9_0/lib/time.o ps7_cortexa9_0/lib/xaxivdma_selftest.o ps7_cortexa9_0/lib/xiicps_slave.o ps7_cortexa9_0/lib/xi
TRACE::2026-01-08.18:12:33::SCWMssOS::l_printf.o ps7_cortexa9_0/lib/kill.o ps7_cortexa9_0/lib/xadcps.o ps7_cortexa9_0/lib/xiicps_options.o ps7_cortexa9_0/lib/xuartps
TRACE::2026-01-08.18:12:33::SCWMssOS::_selftest.o ps7_cortexa9_0/lib/xuartps_g.o ps7_cortexa9_0/lib/lseek.o ps7_cortexa9_0/lib/xgpiops.o ps7_cortexa9_0/lib/xl2cc_cou
TRACE::2026-01-08.18:12:33::SCWMssOS::nter.o ps7_cortexa9_0/lib/xiicps_hw.o ps7_cortexa9_0/lib/asm_vectors.o ps7_cortexa9_0/lib/usleep.o ps7_cortexa9_0/lib/abort.o p
TRACE::2026-01-08.18:12:33::SCWMssOS::s7_cortexa9_0/lib/xscugic_intr.o ps7_cortexa9_0/lib/getpid.o ps7_cortexa9_0/lib/xiicps_selftest.o ps7_cortexa9_0/lib/xil_testca
TRACE::2026-01-08.18:12:33::SCWMssOS::che.o ps7_cortexa9_0/lib/xdevcfg_sinit.o ps7_cortexa9_0/lib/xdmaps.o ps7_cortexa9_0/lib/xscutimer.o ps7_cortexa9_0/lib/xdevcfg_
TRACE::2026-01-08.18:12:33::SCWMssOS::selftest.o ps7_cortexa9_0/lib/xttcps.o ps7_cortexa9_0/lib/xpm_counter.o ps7_cortexa9_0/lib/xiicps.o ps7_cortexa9_0/lib/_sbrk.o 
TRACE::2026-01-08.18:12:33::SCWMssOS::ps7_cortexa9_0/lib/xiicps_master.o ps7_cortexa9_0/lib/xqspips_g.o ps7_cortexa9_0/lib/xemacps_bdring.o ps7_cortexa9_0/lib/xusbps
TRACE::2026-01-08.18:12:33::SCWMssOS::_endpoint.o ps7_cortexa9_0/lib/xusbps_g.o ps7_cortexa9_0/lib/xsdps_sinit.o ps7_cortexa9_0/lib/xqspips_selftest.o ps7_cortexa9_0
TRACE::2026-01-08.18:12:33::SCWMssOS::/lib/xil_exception.o ps7_cortexa9_0/lib/sbrk.o ps7_cortexa9_0/lib/xil_testmem.o ps7_cortexa9_0/lib/xaxivdma.o ps7_cortexa9_0/li
TRACE::2026-01-08.18:12:33::SCWMssOS::b/xemacps_control.o ps7_cortexa9_0/lib/open.o ps7_cortexa9_0/lib/xil_assert.o ps7_cortexa9_0/lib/xaxivdma_intr.o ps7_cortexa9_0
TRACE::2026-01-08.18:12:33::SCWMssOS::/lib/xusbps_intr.o ps7_cortexa9_0/lib/xsdps_host.o ps7_cortexa9_0/lib/xcoresightpsdcc.o ps7_cortexa9_0/lib/xiicps_xfer.o ps7_co
TRACE::2026-01-08.18:12:33::SCWMssOS::rtexa9_0/lib/xscugic_hw.o ps7_cortexa9_0/lib/sleep.o ps7_cortexa9_0/lib/cpputest_time.o ps7_cortexa9_0/lib/_open.o ps7_cortexa9
TRACE::2026-01-08.18:12:33::SCWMssOS::_0/lib/xttcps_options.o ps7_cortexa9_0/lib/print.o ps7_cortexa9_0/lib/read.o ps7_cortexa9_0/lib/xdevcfg.o ps7_cortexa9_0/lib/xa
TRACE::2026-01-08.18:12:33::SCWMssOS::dcps_intr.o ps7_cortexa9_0/lib/xqspips.o ps7_cortexa9_0/lib/xemacps.o ps7_cortexa9_0/lib/xil_cache.o ps7_cortexa9_0/lib/xil_tes
TRACE::2026-01-08.18:12:33::SCWMssOS::tio.o ps7_cortexa9_0/lib/unlink.o ps7_cortexa9_0/lib/xusbps.o ps7_cortexa9_0/lib/xil_spinlock.o ps7_cortexa9_0/lib/xiicps_g.o p
TRACE::2026-01-08.18:12:33::SCWMssOS::s7_cortexa9_0/lib/translation_table.o ps7_cortexa9_0/lib/xusbps_hw.o ps7_cortexa9_0/lib/write.o ps7_cortexa9_0/lib/xil_mmu.o ps
TRACE::2026-01-08.18:12:33::SCWMssOS::7_cortexa9_0/lib/boot.o ps7_cortexa9_0/lib/xaxivdma_channel.o ps7_cortexa9_0/lib/cpu_init.o ps7_cortexa9_0/lib/xil_sleepcommon.
TRACE::2026-01-08.18:12:33::SCWMssOS::o ps7_cortexa9_0/lib/xgpiops_intr.o ps7_cortexa9_0/lib/xscugic_sinit.o ps7_cortexa9_0/lib/fcntl.o ps7_cortexa9_0/lib/xdevcfg_g.
TRACE::2026-01-08.18:12:33::SCWMssOS::o ps7_cortexa9_0/lib/outbyte.o ps7_cortexa9_0/lib/xuartps_hw.o ps7_cortexa9_0/lib/xttcps_g.o ps7_cortexa9_0/lib/xtime_l.o ps7_c
TRACE::2026-01-08.18:12:33::SCWMssOS::ortexa9_0/lib/xemacps_sinit.o ps7_cortexa9_0/lib/xscugic_selftest.o ps7_cortexa9_0/lib/xil_util.o ps7_cortexa9_0/lib/xuartps_in
TRACE::2026-01-08.18:12:33::SCWMssOS::tr.o ps7_cortexa9_0/lib/xuartps.o ps7_cortexa9_0/lib/xsdps_card.o ps7_cortexa9_0/lib/xdmaps_hw.o ps7_cortexa9_0/lib/xttcps_sini
TRACE::2026-01-08.18:12:33::SCWMssOS::t.o ps7_cortexa9_0/lib/xgpiops_hw.o ps7_cortexa9_0/lib/xsdps_g.o ps7_cortexa9_0/lib/fstat.o ps7_cortexa9_0/lib/errno.o ps7_cort
TRACE::2026-01-08.18:12:33::SCWMssOS::exa9_0/lib/xdevcfg_intr.o ps7_cortexa9_0/lib/xuartps_options.o ps7_cortexa9_0/lib/vectors.o ps7_cortexa9_0/lib/xscuwdt_g.o ps7_
TRACE::2026-01-08.18:12:33::SCWMssOS::cortexa9_0/lib/xscuwdt_sinit.o ps7_cortexa9_0/lib/xemacps_intr.o ps7_cortexa9_0/lib/xscuwdt_selftest.o ps7_cortexa9_0/lib/xscug
TRACE::2026-01-08.18:12:33::SCWMssOS::ic_g.o ps7_cortexa9_0/lib/isatty.o ps7_cortexa9_0/lib/xil-crt0.o ps7_cortexa9_0/lib/xscugic.o ps7_cortexa9_0/lib/xiicps_sinit.o
TRACE::2026-01-08.18:12:33::SCWMssOS:: ps7_cortexa9_0/lib/xadcps_g.o ps7_cortexa9_0/lib/xqspips_sinit.o ps7_cortexa9_0/lib/xadcps_sinit.o

TRACE::2026-01-08.18:12:33::SCWMssOS::'Finished building libraries'

TRACE::2026-01-08.18:12:34::SCWMssOS::Copying to export directory.
TRACE::2026-01-08.18:12:35::SCWMssOS:: Checking if to create the Supporting Applications
TRACE::2026-01-08.18:12:35::SCWMssOS:: No Linux domain exists, trying to generate FSBL 
LOG::2026-01-08.18:12:35::SCWSystem::Completed Processing the domain standalone_ps7_cortexa9_0
LOG::2026-01-08.18:12:35::SCWSystem::Completed Processing the sysconfig zc706_md
LOG::2026-01-08.18:12:35::SCWPlatform::Completed generating the artifacts for system configuration zc706_md
TRACE::2026-01-08.18:12:35::SCWPlatform::Started preparing the platform 
TRACE::2026-01-08.18:12:35::SCWSystem::Writing the bif file for system config zc706_md
TRACE::2026-01-08.18:12:35::SCWSystem::dir created 
TRACE::2026-01-08.18:12:35::SCWSystem::Writing the bif 
TRACE::2026-01-08.18:12:35::SCWPlatform::Started writing the spfm file 
TRACE::2026-01-08.18:12:35::SCWPlatform::Started writing the xpfm file 
TRACE::2026-01-08.18:12:35::SCWPlatform::Completed generating the platform
TRACE::2026-01-08.18:12:35::SCWMssOS::Saving the mss changes H:/test/two/fpga_arm/vitis/zc706_md/zynq_fsbl/zynq_fsbl_bsp/system.mss
TRACE::2026-01-08.18:12:35::SCWMssOS::Found a swdesign opened with the mssfile.
TRACE::2026-01-08.18:12:35::SCWMssOS::Completed writemss as part of save.
TRACE::2026-01-08.18:12:35::SCWMssOS::Commit changes completed.
TRACE::2026-01-08.18:12:35::SCWMssOS::Saving the mss changes H:/test/two/fpga_arm/vitis/zc706_md/ps7_cortexa9_0/standalone_ps7_cortexa9_0/bsp/system.mss
TRACE::2026-01-08.18:12:35::SCWMssOS::Found a swdesign opened with the mssfile.
TRACE::2026-01-08.18:12:35::SCWMssOS::Completed writemss as part of save.
TRACE::2026-01-08.18:12:35::SCWMssOS::Commit changes completed.
TRACE::2026-01-08.18:12:35::SCWPlatform::Trying to open the hw design at H:/test/two/fpga_arm/vitis/zc706_md/hw/design_1_wrapper.xsa
TRACE::2026-01-08.18:12:35::SCWPlatform::DSA given H:/test/two/fpga_arm/vitis/zc706_md/hw/design_1_wrapper.xsa
TRACE::2026-01-08.18:12:35::SCWPlatform::DSA absoulate path H:/test/two/fpga_arm/vitis/zc706_md/hw/design_1_wrapper.xsa
TRACE::2026-01-08.18:12:35::SCWPlatform::DSA directory H:/test/two/fpga_arm/vitis/zc706_md/hw
TRACE::2026-01-08.18:12:35::SCWPlatform:: Platform Path H:/test/two/fpga_arm/vitis/zc706_md/hw/design_1_wrapper.xsa
TRACE::2026-01-08.18:12:35::SCWPlatform:: Unique name xilinx:zc706::0.0
TRACE::2026-01-08.18:12:35::SCWPlatform::Trying to set the existing hwdb with name design_1_wrapper_11
TRACE::2026-01-08.18:12:35::SCWPlatform::Opened existing hwdb design_1_wrapper_11
TRACE::2026-01-08.18:12:35::SCWPlatform::Found the Hw Db part of the input DSA
TRACE::2026-01-08.18:12:35::SCWMssOS::Checking the sw design at  H:/test/two/fpga_arm/vitis/zc706_md/zynq_fsbl/zynq_fsbl_bsp/system.mss
TRACE::2026-01-08.18:12:35::SCWMssOS::DEBUG:  swdes dump  H:/test/two/fpga_arm/vitis/zc706_md/ps7_cortexa9_0/standalone_ps7_cortexa9_0/bsp/system.mss|system_0||
H:/test/two/fpga_arm/vitis/zc706_md/zynq_fsbl/zynq_fsbl_bsp/system.mss|system||

TRACE::2026-01-08.18:12:35::SCWMssOS::Sw design exists and opened at  H:/test/two/fpga_arm/vitis/zc706_md/zynq_fsbl/zynq_fsbl_bsp/system.mss
TRACE::2026-01-08.18:12:35::SCWPlatform::Trying to open the hw design at H:/test/two/fpga_arm/vitis/zc706_md/hw/design_1_wrapper.xsa
TRACE::2026-01-08.18:12:35::SCWPlatform::DSA given H:/test/two/fpga_arm/vitis/zc706_md/hw/design_1_wrapper.xsa
TRACE::2026-01-08.18:12:35::SCWPlatform::DSA absoulate path H:/test/two/fpga_arm/vitis/zc706_md/hw/design_1_wrapper.xsa
TRACE::2026-01-08.18:12:35::SCWPlatform::DSA directory H:/test/two/fpga_arm/vitis/zc706_md/hw
TRACE::2026-01-08.18:12:35::SCWPlatform:: Platform Path H:/test/two/fpga_arm/vitis/zc706_md/hw/design_1_wrapper.xsa
TRACE::2026-01-08.18:12:35::SCWPlatform:: Unique name xilinx:zc706::0.0
TRACE::2026-01-08.18:12:35::SCWPlatform::Trying to set the existing hwdb with name design_1_wrapper_11
TRACE::2026-01-08.18:12:35::SCWPlatform::Opened existing hwdb design_1_wrapper_11
TRACE::2026-01-08.18:12:35::SCWPlatform::Found the Hw Db part of the input DSA
TRACE::2026-01-08.18:12:35::SCWMssOS::Checking the sw design at  H:/test/two/fpga_arm/vitis/zc706_md/ps7_cortexa9_0/standalone_ps7_cortexa9_0/bsp/system.mss
TRACE::2026-01-08.18:12:35::SCWMssOS::DEBUG:  swdes dump  H:/test/two/fpga_arm/vitis/zc706_md/ps7_cortexa9_0/standalone_ps7_cortexa9_0/bsp/system.mss|system_0||
H:/test/two/fpga_arm/vitis/zc706_md/zynq_fsbl/zynq_fsbl_bsp/system.mss|system||

TRACE::2026-01-08.18:12:35::SCWMssOS::Sw design exists and opened at  H:/test/two/fpga_arm/vitis/zc706_md/ps7_cortexa9_0/standalone_ps7_cortexa9_0/bsp/system.mss
TRACE::2026-01-08.18:12:35::SCWWriter::formatted JSON is {
	"platformName":	"zc706_md",
	"sprVersion":	"2.0",
	"mode":	"gui",
	"dsaType":	"Fixed",
	"platformDesc":	"zc706_md",
	"platHandOff":	"H:/test/two/fpga_arm/design_1_wrapper.xsa",
	"platIntHandOff":	"<platformDir>/hw/design_1_wrapper.xsa",
	"deviceType":	"zynq",
	"platIsPrebuiltAutogen":	"false",
	"platIsNoBootBsp":	"false",
	"hasFsblMakeHasChanges":	"false",
	"hasPmufwMakeHasChanges":	"false",
	"fsblExtraCompilerFlags":	"-MMD -MP       -mcpu=cortex-a9 -mfpu=vfpv3 -mfloat-abi=hard ",
	"platPreBuiltFlag":	false,
	"platformSamplesDir":	"",
	"platActiveSys":	"zc706_md",
	"systems":	[{
			"systemName":	"zc706_md",
			"systemDesc":	"zc706_md",
			"sysIsBootAutoGen":	"true",
			"systemDispName":	"zc706_md",
			"sysActiveDom":	"zynq_fsbl",
			"sysDefaultDom":	"standalone_ps7_cortexa9_0",
			"domains":	[{
					"domainName":	"zynq_fsbl",
					"domainDispName":	"zynq_fsbl",
					"domainDesc":	"FSBL Application BSP - Auto Generated.",
					"processors":	"ps7_cortexa9_0",
					"os":	"standalone",
					"sdxOs":	"standalone",
					"debugEnable":	"",
					"domRuntimes":	["cpp"],
					"swRepo":	"",
					"mssOsVer":	"7.6",
					"mssFile":	"",
					"md5Digest":	"7cd591954aef16c446ad36e1353bac9a",
					"compatibleApp":	"zynq_fsbl",
					"domType":	"bootDomain",
					"arch":	"32-bit",
					"appSettings":	{
						"appCompilerFlags":	"",
						"appLinkerFlags":	""
					},
					"addedLibs":	["xilffs:4.6", "xilrsa:1.6"],
					"libOptions":	{
						"libsContainingOptions":	[]
					},
					"prebuiltLibs":	{
						"prebuiltIncPath":	[],
						"prebuiltLibPath":	[]
					},
					"isolation":	{
					}
				}, {
					"domainName":	"standalone_ps7_cortexa9_0",
					"domainDispName":	"standalone_ps7_cortexa9_0",
					"domainDesc":	"standalone_ps7_cortexa9_0",
					"processors":	"ps7_cortexa9_0",
					"os":	"standalone",
					"sdxOs":	"standalone",
					"qemuArgs":	"E:/xilinx/Vitis/2021.2/data/emulation/platforms/zynq/sw/a9_standalone/qemu/qemu_args.txt",
					"qemuData":	"E:/xilinx/Vitis/2021.2/data/emulation/platforms/zynq/sw/a9_standalone/qemu/",
					"debugEnable":	"False",
					"domRuntimes":	["cpp"],
					"swRepo":	"",
					"mssOsVer":	"7.6",
					"mssFile":	"",
					"md5Digest":	"62c9962af44135ffdbd239044094cdcd",
					"compatibleApp":	"",
					"domType":	"mssDomain",
					"arch":	"32-bit",
					"appSettings":	{
						"appCompilerFlags":	"",
						"appLinkerFlags":	""
					},
					"addedLibs":	["lwip211:1.6", "xilffs:4.6"],
					"libOptions":	{
						"lwip211":	{
							"dhcp_does_arp_check":	"true",
							"lwip_dhcp":	"true",
							"pbuf_pool_size":	"2048",
							"libOptionNames":	["dhcp_does_arp_check", "lwip_dhcp", "pbuf_pool_size"]
						},
						"libsContainingOptions":	["lwip211"]
					},
					"prebuiltLibs":	{
						"prebuiltIncPath":	[],
						"prebuiltLibPath":	[]
					},
					"isolation":	{
					}
				}]
		}]
}
KEYINFO::2026-01-08.18:12:35::SCWPlatform::updated the xpfm file.
TRACE::2026-01-08.18:12:35::SCWPlatform::Trying to open the hw design at H:/test/two/fpga_arm/vitis/zc706_md/hw/design_1_wrapper.xsa
TRACE::2026-01-08.18:12:35::SCWPlatform::DSA given H:/test/two/fpga_arm/vitis/zc706_md/hw/design_1_wrapper.xsa
TRACE::2026-01-08.18:12:35::SCWPlatform::DSA absoulate path H:/test/two/fpga_arm/vitis/zc706_md/hw/design_1_wrapper.xsa
TRACE::2026-01-08.18:12:35::SCWPlatform::DSA directory H:/test/two/fpga_arm/vitis/zc706_md/hw
TRACE::2026-01-08.18:12:35::SCWPlatform:: Platform Path H:/test/two/fpga_arm/vitis/zc706_md/hw/design_1_wrapper.xsa
TRACE::2026-01-08.18:12:35::SCWPlatform:: Unique name xilinx:zc706::0.0
TRACE::2026-01-08.18:12:35::SCWPlatform::Trying to set the existing hwdb with name design_1_wrapper_11
TRACE::2026-01-08.18:12:35::SCWPlatform::Opened existing hwdb design_1_wrapper_11
TRACE::2026-01-08.18:12:35::SCWPlatform::Found the Hw Db part of the input DSA
TRACE::2026-01-08.18:12:35::SCWMssOS::Checking the sw design at  H:/test/two/fpga_arm/vitis/zc706_md/ps7_cortexa9_0/standalone_ps7_cortexa9_0/bsp/system.mss
TRACE::2026-01-08.18:12:35::SCWMssOS::DEBUG:  swdes dump  H:/test/two/fpga_arm/vitis/zc706_md/ps7_cortexa9_0/standalone_ps7_cortexa9_0/bsp/system.mss|system_0||
H:/test/two/fpga_arm/vitis/zc706_md/zynq_fsbl/zynq_fsbl_bsp/system.mss|system||

TRACE::2026-01-08.18:12:35::SCWMssOS::Sw design exists and opened at  H:/test/two/fpga_arm/vitis/zc706_md/ps7_cortexa9_0/standalone_ps7_cortexa9_0/bsp/system.mss
TRACE::2026-01-09.09:29:25::SCWPlatform::Trying to open the hw design at H:/test/two/fpga_arm/vitis/zc706_md/hw/design_1_wrapper.xsa
TRACE::2026-01-09.09:29:25::SCWPlatform::DSA given H:/test/two/fpga_arm/vitis/zc706_md/hw/design_1_wrapper.xsa
TRACE::2026-01-09.09:29:25::SCWPlatform::DSA absoulate path H:/test/two/fpga_arm/vitis/zc706_md/hw/design_1_wrapper.xsa
TRACE::2026-01-09.09:29:25::SCWPlatform::DSA directory H:/test/two/fpga_arm/vitis/zc706_md/hw
TRACE::2026-01-09.09:29:25::SCWPlatform:: Platform Path H:/test/two/fpga_arm/vitis/zc706_md/hw/design_1_wrapper.xsa
TRACE::2026-01-09.09:29:25::SCWPlatform:: Unique name xilinx:zc706::0.0
TRACE::2026-01-09.09:29:25::SCWPlatform::Do not have an existing db opened. 
TRACE::2026-01-09.09:29:30::SCWPlatform::Opened new HwDB with name design_1_wrapper
TRACE::2026-01-09.09:29:30::SCWReader::Active system found as  zc706_md
TRACE::2026-01-09.09:29:30::SCWReader::Handling sysconfig zc706_md
TRACE::2026-01-09.09:29:30::SCWDomain::checking for install qemu data   : 
TRACE::2026-01-09.09:29:30::SCWDomain:: Using the QEMU Data from install at  : E:/xilinx/Vitis/2021.2/data/emulation/platforms/zynq/sw/a9_standalone/qemu/
TRACE::2026-01-09.09:29:30::SCWDomain:: Using the QEMU args  from install at  : E:/xilinx/Vitis/2021.2/data/emulation/platforms/zynq/sw/a9_standalone/qemu/qemu_args.txt
TRACE::2026-01-09.09:29:30::SCWPlatform::Trying to open the hw design at H:/test/two/fpga_arm/vitis/zc706_md/hw/design_1_wrapper.xsa
TRACE::2026-01-09.09:29:30::SCWPlatform::DSA given H:/test/two/fpga_arm/vitis/zc706_md/hw/design_1_wrapper.xsa
TRACE::2026-01-09.09:29:30::SCWPlatform::DSA absoulate path H:/test/two/fpga_arm/vitis/zc706_md/hw/design_1_wrapper.xsa
TRACE::2026-01-09.09:29:30::SCWPlatform::DSA directory H:/test/two/fpga_arm/vitis/zc706_md/hw
TRACE::2026-01-09.09:29:30::SCWPlatform:: Platform Path H:/test/two/fpga_arm/vitis/zc706_md/hw/design_1_wrapper.xsa
TRACE::2026-01-09.09:29:30::SCWPlatform:: Unique name xilinx:zc706::0.0
TRACE::2026-01-09.09:29:30::SCWPlatform::Trying to set the existing hwdb with name design_1_wrapper
TRACE::2026-01-09.09:29:30::SCWPlatform::Opened existing hwdb design_1_wrapper
TRACE::2026-01-09.09:29:30::SCWPlatform::Found the Hw Db part of the input DSA
TRACE::2026-01-09.09:29:30::SCWPlatform::Trying to open the hw design at H:/test/two/fpga_arm/vitis/zc706_md/hw/design_1_wrapper.xsa
TRACE::2026-01-09.09:29:30::SCWPlatform::DSA given H:/test/two/fpga_arm/vitis/zc706_md/hw/design_1_wrapper.xsa
TRACE::2026-01-09.09:29:30::SCWPlatform::DSA absoulate path H:/test/two/fpga_arm/vitis/zc706_md/hw/design_1_wrapper.xsa
TRACE::2026-01-09.09:29:30::SCWPlatform::DSA directory H:/test/two/fpga_arm/vitis/zc706_md/hw
TRACE::2026-01-09.09:29:30::SCWPlatform:: Platform Path H:/test/two/fpga_arm/vitis/zc706_md/hw/design_1_wrapper.xsa
TRACE::2026-01-09.09:29:30::SCWPlatform:: Unique name xilinx:zc706::0.0
TRACE::2026-01-09.09:29:30::SCWPlatform::Trying to set the existing hwdb with name design_1_wrapper
TRACE::2026-01-09.09:29:30::SCWPlatform::Opened existing hwdb design_1_wrapper
TRACE::2026-01-09.09:29:31::SCWPlatform::Found the Hw Db part of the input DSA
TRACE::2026-01-09.09:29:31::SCWPlatform::Trying to open the hw design at H:/test/two/fpga_arm/vitis/zc706_md/hw/design_1_wrapper.xsa
TRACE::2026-01-09.09:29:31::SCWPlatform::DSA given H:/test/two/fpga_arm/vitis/zc706_md/hw/design_1_wrapper.xsa
TRACE::2026-01-09.09:29:31::SCWPlatform::DSA absoulate path H:/test/two/fpga_arm/vitis/zc706_md/hw/design_1_wrapper.xsa
TRACE::2026-01-09.09:29:31::SCWPlatform::DSA directory H:/test/two/fpga_arm/vitis/zc706_md/hw
TRACE::2026-01-09.09:29:31::SCWPlatform:: Platform Path H:/test/two/fpga_arm/vitis/zc706_md/hw/design_1_wrapper.xsa
TRACE::2026-01-09.09:29:31::SCWPlatform:: Unique name xilinx:zc706::0.0
TRACE::2026-01-09.09:29:31::SCWPlatform::Trying to set the existing hwdb with name design_1_wrapper
TRACE::2026-01-09.09:29:31::SCWPlatform::Opened existing hwdb design_1_wrapper
TRACE::2026-01-09.09:29:31::SCWPlatform::Found the Hw Db part of the input DSA
TRACE::2026-01-09.09:29:31::SCWReader::Boot application domain added for zynq_fsbl
TRACE::2026-01-09.09:29:31::SCWPlatform::Trying to open the hw design at H:/test/two/fpga_arm/vitis/zc706_md/hw/design_1_wrapper.xsa
TRACE::2026-01-09.09:29:31::SCWPlatform::DSA given H:/test/two/fpga_arm/vitis/zc706_md/hw/design_1_wrapper.xsa
TRACE::2026-01-09.09:29:31::SCWPlatform::DSA absoulate path H:/test/two/fpga_arm/vitis/zc706_md/hw/design_1_wrapper.xsa
TRACE::2026-01-09.09:29:31::SCWPlatform::DSA directory H:/test/two/fpga_arm/vitis/zc706_md/hw
TRACE::2026-01-09.09:29:31::SCWPlatform:: Platform Path H:/test/two/fpga_arm/vitis/zc706_md/hw/design_1_wrapper.xsa
TRACE::2026-01-09.09:29:31::SCWPlatform:: Unique name xilinx:zc706::0.0
TRACE::2026-01-09.09:29:31::SCWPlatform::Trying to set the existing hwdb with name design_1_wrapper
TRACE::2026-01-09.09:29:31::SCWPlatform::Opened existing hwdb design_1_wrapper
TRACE::2026-01-09.09:29:31::SCWPlatform::Found the Hw Db part of the input DSA
TRACE::2026-01-09.09:29:31::SCWMssOS::Checking the sw design at  H:/test/two/fpga_arm/vitis/zc706_md/zynq_fsbl/zynq_fsbl_bsp/system.mss
TRACE::2026-01-09.09:29:31::SCWMssOS::DEBUG:  swdes dump  
TRACE::2026-01-09.09:29:31::SCWMssOS::No sw design opened at  H:/test/two/fpga_arm/vitis/zc706_md/zynq_fsbl/zynq_fsbl_bsp/system.mss
TRACE::2026-01-09.09:29:31::SCWMssOS::mss exists loading the mss file  H:/test/two/fpga_arm/vitis/zc706_md/zynq_fsbl/zynq_fsbl_bsp/system.mss
TRACE::2026-01-09.09:29:31::SCWMssOS::Opened the sw design from mss  H:/test/two/fpga_arm/vitis/zc706_md/zynq_fsbl/zynq_fsbl_bsp/system.mss
TRACE::2026-01-09.09:29:31::SCWMssOS::Adding the swdes entry H:/test/two/fpga_arm/vitis/zc706_md/zynq_fsbl/zynq_fsbl_bsp/system.mss with des name system
TRACE::2026-01-09.09:29:31::SCWMssOS::updating the scw layer about changes
TRACE::2026-01-09.09:29:31::SCWMssOS::Opened the sw design.  H:/test/two/fpga_arm/vitis/zc706_md/zynq_fsbl/zynq_fsbl_bsp/system.mss
TRACE::2026-01-09.09:29:31::SCWPlatform::Trying to open the hw design at H:/test/two/fpga_arm/vitis/zc706_md/hw/design_1_wrapper.xsa
TRACE::2026-01-09.09:29:31::SCWPlatform::DSA given H:/test/two/fpga_arm/vitis/zc706_md/hw/design_1_wrapper.xsa
TRACE::2026-01-09.09:29:31::SCWPlatform::DSA absoulate path H:/test/two/fpga_arm/vitis/zc706_md/hw/design_1_wrapper.xsa
TRACE::2026-01-09.09:29:31::SCWPlatform::DSA directory H:/test/two/fpga_arm/vitis/zc706_md/hw
TRACE::2026-01-09.09:29:31::SCWPlatform:: Platform Path H:/test/two/fpga_arm/vitis/zc706_md/hw/design_1_wrapper.xsa
TRACE::2026-01-09.09:29:31::SCWPlatform:: Unique name xilinx:zc706::0.0
TRACE::2026-01-09.09:29:31::SCWPlatform::Trying to set the existing hwdb with name design_1_wrapper
TRACE::2026-01-09.09:29:31::SCWPlatform::Opened existing hwdb design_1_wrapper
TRACE::2026-01-09.09:29:31::SCWPlatform::Found the Hw Db part of the input DSA
TRACE::2026-01-09.09:29:31::SCWMssOS::Checking the sw design at  H:/test/two/fpga_arm/vitis/zc706_md/zynq_fsbl/zynq_fsbl_bsp/system.mss
TRACE::2026-01-09.09:29:31::SCWMssOS::DEBUG:  swdes dump  H:/test/two/fpga_arm/vitis/zc706_md/zynq_fsbl/zynq_fsbl_bsp/system.mss|system||

TRACE::2026-01-09.09:29:31::SCWMssOS::Sw design exists and opened at  H:/test/two/fpga_arm/vitis/zc706_md/zynq_fsbl/zynq_fsbl_bsp/system.mss
TRACE::2026-01-09.09:29:31::SCWMssOS:: library already available in sw design:  xilffs:4.6
TRACE::2026-01-09.09:29:31::SCWPlatform::Trying to open the hw design at H:/test/two/fpga_arm/vitis/zc706_md/hw/design_1_wrapper.xsa
TRACE::2026-01-09.09:29:31::SCWPlatform::DSA given H:/test/two/fpga_arm/vitis/zc706_md/hw/design_1_wrapper.xsa
TRACE::2026-01-09.09:29:31::SCWPlatform::DSA absoulate path H:/test/two/fpga_arm/vitis/zc706_md/hw/design_1_wrapper.xsa
TRACE::2026-01-09.09:29:31::SCWPlatform::DSA directory H:/test/two/fpga_arm/vitis/zc706_md/hw
TRACE::2026-01-09.09:29:31::SCWPlatform:: Platform Path H:/test/two/fpga_arm/vitis/zc706_md/hw/design_1_wrapper.xsa
TRACE::2026-01-09.09:29:31::SCWPlatform:: Unique name xilinx:zc706::0.0
TRACE::2026-01-09.09:29:31::SCWPlatform::Trying to set the existing hwdb with name design_1_wrapper
TRACE::2026-01-09.09:29:31::SCWPlatform::Opened existing hwdb design_1_wrapper
TRACE::2026-01-09.09:29:31::SCWPlatform::Found the Hw Db part of the input DSA
TRACE::2026-01-09.09:29:31::SCWMssOS::Checking the sw design at  H:/test/two/fpga_arm/vitis/zc706_md/zynq_fsbl/zynq_fsbl_bsp/system.mss
TRACE::2026-01-09.09:29:31::SCWMssOS::DEBUG:  swdes dump  H:/test/two/fpga_arm/vitis/zc706_md/zynq_fsbl/zynq_fsbl_bsp/system.mss|system||

TRACE::2026-01-09.09:29:31::SCWMssOS::Sw design exists and opened at  H:/test/two/fpga_arm/vitis/zc706_md/zynq_fsbl/zynq_fsbl_bsp/system.mss
TRACE::2026-01-09.09:29:31::SCWMssOS:: library already available in sw design:  xilrsa:1.6
TRACE::2026-01-09.09:29:31::SCWMssOS::Saving the mss changes H:/test/two/fpga_arm/vitis/zc706_md/zynq_fsbl/zynq_fsbl_bsp/system.mss
TRACE::2026-01-09.09:29:31::SCWMssOS::Found a swdesign opened with the mssfile.
TRACE::2026-01-09.09:29:31::SCWMssOS::Completed writemss as part of save.
TRACE::2026-01-09.09:29:31::SCWMssOS::Commit changes completed.
TRACE::2026-01-09.09:29:31::SCWReader::Adding prebuilt librarypaths as   
TRACE::2026-01-09.09:29:31::SCWReader::Adding prebuilt incpaths  as   
TRACE::2026-01-09.09:29:31::SCWPlatform::Trying to open the hw design at H:/test/two/fpga_arm/vitis/zc706_md/hw/design_1_wrapper.xsa
TRACE::2026-01-09.09:29:31::SCWPlatform::DSA given H:/test/two/fpga_arm/vitis/zc706_md/hw/design_1_wrapper.xsa
TRACE::2026-01-09.09:29:31::SCWPlatform::DSA absoulate path H:/test/two/fpga_arm/vitis/zc706_md/hw/design_1_wrapper.xsa
TRACE::2026-01-09.09:29:31::SCWPlatform::DSA directory H:/test/two/fpga_arm/vitis/zc706_md/hw
TRACE::2026-01-09.09:29:31::SCWPlatform:: Platform Path H:/test/two/fpga_arm/vitis/zc706_md/hw/design_1_wrapper.xsa
TRACE::2026-01-09.09:29:31::SCWPlatform:: Unique name xilinx:zc706::0.0
TRACE::2026-01-09.09:29:31::SCWPlatform::Trying to set the existing hwdb with name design_1_wrapper
TRACE::2026-01-09.09:29:31::SCWPlatform::Opened existing hwdb design_1_wrapper
TRACE::2026-01-09.09:29:31::SCWPlatform::Found the Hw Db part of the input DSA
TRACE::2026-01-09.09:29:31::SCWMssOS::Checking the sw design at  H:/test/two/fpga_arm/vitis/zc706_md/zynq_fsbl/zynq_fsbl_bsp/system.mss
TRACE::2026-01-09.09:29:31::SCWMssOS::DEBUG:  swdes dump  H:/test/two/fpga_arm/vitis/zc706_md/zynq_fsbl/zynq_fsbl_bsp/system.mss|system||

TRACE::2026-01-09.09:29:31::SCWMssOS::Sw design exists and opened at  H:/test/two/fpga_arm/vitis/zc706_md/zynq_fsbl/zynq_fsbl_bsp/system.mss
TRACE::2026-01-09.09:29:31::SCWReader::No isolation master present  
TRACE::2026-01-09.09:29:31::SCWDomain::checking for install qemu data   : 
TRACE::2026-01-09.09:29:31::SCWDomain:: Using the QEMU Data from install at  : E:/xilinx/Vitis/2021.2/data/emulation/platforms/zynq/sw/a9_standalone/qemu/
TRACE::2026-01-09.09:29:31::SCWDomain:: Using the QEMU args  from install at  : E:/xilinx/Vitis/2021.2/data/emulation/platforms/zynq/sw/a9_standalone/qemu/qemu_args.txt
TRACE::2026-01-09.09:29:31::SCWPlatform::Trying to open the hw design at H:/test/two/fpga_arm/vitis/zc706_md/hw/design_1_wrapper.xsa
TRACE::2026-01-09.09:29:31::SCWPlatform::DSA given H:/test/two/fpga_arm/vitis/zc706_md/hw/design_1_wrapper.xsa
TRACE::2026-01-09.09:29:31::SCWPlatform::DSA absoulate path H:/test/two/fpga_arm/vitis/zc706_md/hw/design_1_wrapper.xsa
TRACE::2026-01-09.09:29:31::SCWPlatform::DSA directory H:/test/two/fpga_arm/vitis/zc706_md/hw
TRACE::2026-01-09.09:29:31::SCWPlatform:: Platform Path H:/test/two/fpga_arm/vitis/zc706_md/hw/design_1_wrapper.xsa
TRACE::2026-01-09.09:29:31::SCWPlatform:: Unique name xilinx:zc706::0.0
TRACE::2026-01-09.09:29:31::SCWPlatform::Trying to set the existing hwdb with name design_1_wrapper
TRACE::2026-01-09.09:29:31::SCWPlatform::Opened existing hwdb design_1_wrapper
TRACE::2026-01-09.09:29:31::SCWPlatform::Found the Hw Db part of the input DSA
TRACE::2026-01-09.09:29:31::SCWPlatform::Trying to open the hw design at H:/test/two/fpga_arm/vitis/zc706_md/hw/design_1_wrapper.xsa
TRACE::2026-01-09.09:29:31::SCWPlatform::DSA given H:/test/two/fpga_arm/vitis/zc706_md/hw/design_1_wrapper.xsa
TRACE::2026-01-09.09:29:31::SCWPlatform::DSA absoulate path H:/test/two/fpga_arm/vitis/zc706_md/hw/design_1_wrapper.xsa
TRACE::2026-01-09.09:29:31::SCWPlatform::DSA directory H:/test/two/fpga_arm/vitis/zc706_md/hw
TRACE::2026-01-09.09:29:31::SCWPlatform:: Platform Path H:/test/two/fpga_arm/vitis/zc706_md/hw/design_1_wrapper.xsa
TRACE::2026-01-09.09:29:31::SCWPlatform:: Unique name xilinx:zc706::0.0
TRACE::2026-01-09.09:29:31::SCWPlatform::Trying to set the existing hwdb with name design_1_wrapper
TRACE::2026-01-09.09:29:31::SCWPlatform::Opened existing hwdb design_1_wrapper
TRACE::2026-01-09.09:29:31::SCWPlatform::Found the Hw Db part of the input DSA
TRACE::2026-01-09.09:29:31::SCWPlatform::Trying to open the hw design at H:/test/two/fpga_arm/vitis/zc706_md/hw/design_1_wrapper.xsa
TRACE::2026-01-09.09:29:31::SCWPlatform::DSA given H:/test/two/fpga_arm/vitis/zc706_md/hw/design_1_wrapper.xsa
TRACE::2026-01-09.09:29:31::SCWPlatform::DSA absoulate path H:/test/two/fpga_arm/vitis/zc706_md/hw/design_1_wrapper.xsa
TRACE::2026-01-09.09:29:31::SCWPlatform::DSA directory H:/test/two/fpga_arm/vitis/zc706_md/hw
TRACE::2026-01-09.09:29:31::SCWPlatform:: Platform Path H:/test/two/fpga_arm/vitis/zc706_md/hw/design_1_wrapper.xsa
TRACE::2026-01-09.09:29:31::SCWPlatform:: Unique name xilinx:zc706::0.0
TRACE::2026-01-09.09:29:31::SCWPlatform::Trying to set the existing hwdb with name design_1_wrapper
TRACE::2026-01-09.09:29:31::SCWPlatform::Opened existing hwdb design_1_wrapper
TRACE::2026-01-09.09:29:31::SCWPlatform::Found the Hw Db part of the input DSA
TRACE::2026-01-09.09:29:31::SCWMssOS::Checking the sw design at  H:/test/two/fpga_arm/vitis/zc706_md/ps7_cortexa9_0/standalone_ps7_cortexa9_0/bsp/system.mss
TRACE::2026-01-09.09:29:31::SCWMssOS::DEBUG:  swdes dump  H:/test/two/fpga_arm/vitis/zc706_md/zynq_fsbl/zynq_fsbl_bsp/system.mss|system||

TRACE::2026-01-09.09:29:31::SCWMssOS::No sw design opened at  H:/test/two/fpga_arm/vitis/zc706_md/ps7_cortexa9_0/standalone_ps7_cortexa9_0/bsp/system.mss
TRACE::2026-01-09.09:29:31::SCWMssOS::mss exists loading the mss file  H:/test/two/fpga_arm/vitis/zc706_md/ps7_cortexa9_0/standalone_ps7_cortexa9_0/bsp/system.mss
TRACE::2026-01-09.09:29:31::SCWMssOS::Opened the sw design from mss  H:/test/two/fpga_arm/vitis/zc706_md/ps7_cortexa9_0/standalone_ps7_cortexa9_0/bsp/system.mss
TRACE::2026-01-09.09:29:31::SCWMssOS::Adding the swdes entry H:/test/two/fpga_arm/vitis/zc706_md/ps7_cortexa9_0/standalone_ps7_cortexa9_0/bsp/system.mss with des name system_0
TRACE::2026-01-09.09:29:31::SCWMssOS::updating the scw layer about changes
TRACE::2026-01-09.09:29:31::SCWMssOS::Opened the sw design.  H:/test/two/fpga_arm/vitis/zc706_md/ps7_cortexa9_0/standalone_ps7_cortexa9_0/bsp/system.mss
TRACE::2026-01-09.09:29:31::SCWPlatform::Trying to open the hw design at H:/test/two/fpga_arm/vitis/zc706_md/hw/design_1_wrapper.xsa
TRACE::2026-01-09.09:29:31::SCWPlatform::DSA given H:/test/two/fpga_arm/vitis/zc706_md/hw/design_1_wrapper.xsa
TRACE::2026-01-09.09:29:31::SCWPlatform::DSA absoulate path H:/test/two/fpga_arm/vitis/zc706_md/hw/design_1_wrapper.xsa
TRACE::2026-01-09.09:29:31::SCWPlatform::DSA directory H:/test/two/fpga_arm/vitis/zc706_md/hw
TRACE::2026-01-09.09:29:31::SCWPlatform:: Platform Path H:/test/two/fpga_arm/vitis/zc706_md/hw/design_1_wrapper.xsa
TRACE::2026-01-09.09:29:31::SCWPlatform:: Unique name xilinx:zc706::0.0
TRACE::2026-01-09.09:29:31::SCWPlatform::Trying to set the existing hwdb with name design_1_wrapper
TRACE::2026-01-09.09:29:31::SCWPlatform::Opened existing hwdb design_1_wrapper
TRACE::2026-01-09.09:29:31::SCWPlatform::Found the Hw Db part of the input DSA
TRACE::2026-01-09.09:29:31::SCWMssOS::Checking the sw design at  H:/test/two/fpga_arm/vitis/zc706_md/ps7_cortexa9_0/standalone_ps7_cortexa9_0/bsp/system.mss
TRACE::2026-01-09.09:29:31::SCWMssOS::DEBUG:  swdes dump  H:/test/two/fpga_arm/vitis/zc706_md/ps7_cortexa9_0/standalone_ps7_cortexa9_0/bsp/system.mss|system_0||
H:/test/two/fpga_arm/vitis/zc706_md/zynq_fsbl/zynq_fsbl_bsp/system.mss|system||

TRACE::2026-01-09.09:29:31::SCWMssOS::Sw design exists and opened at  H:/test/two/fpga_arm/vitis/zc706_md/ps7_cortexa9_0/standalone_ps7_cortexa9_0/bsp/system.mss
TRACE::2026-01-09.09:29:31::SCWMssOS:: library already available in sw design:  lwip211:1.6
TRACE::2026-01-09.09:29:31::SCWPlatform::Trying to open the hw design at H:/test/two/fpga_arm/vitis/zc706_md/hw/design_1_wrapper.xsa
TRACE::2026-01-09.09:29:31::SCWPlatform::DSA given H:/test/two/fpga_arm/vitis/zc706_md/hw/design_1_wrapper.xsa
TRACE::2026-01-09.09:29:31::SCWPlatform::DSA absoulate path H:/test/two/fpga_arm/vitis/zc706_md/hw/design_1_wrapper.xsa
TRACE::2026-01-09.09:29:31::SCWPlatform::DSA directory H:/test/two/fpga_arm/vitis/zc706_md/hw
TRACE::2026-01-09.09:29:31::SCWPlatform:: Platform Path H:/test/two/fpga_arm/vitis/zc706_md/hw/design_1_wrapper.xsa
TRACE::2026-01-09.09:29:31::SCWPlatform:: Unique name xilinx:zc706::0.0
TRACE::2026-01-09.09:29:31::SCWPlatform::Trying to set the existing hwdb with name design_1_wrapper
TRACE::2026-01-09.09:29:31::SCWPlatform::Opened existing hwdb design_1_wrapper
TRACE::2026-01-09.09:29:31::SCWPlatform::Found the Hw Db part of the input DSA
TRACE::2026-01-09.09:29:31::SCWMssOS::Checking the sw design at  H:/test/two/fpga_arm/vitis/zc706_md/ps7_cortexa9_0/standalone_ps7_cortexa9_0/bsp/system.mss
TRACE::2026-01-09.09:29:31::SCWMssOS::DEBUG:  swdes dump  H:/test/two/fpga_arm/vitis/zc706_md/ps7_cortexa9_0/standalone_ps7_cortexa9_0/bsp/system.mss|system_0||
H:/test/two/fpga_arm/vitis/zc706_md/zynq_fsbl/zynq_fsbl_bsp/system.mss|system||

TRACE::2026-01-09.09:29:31::SCWMssOS::Sw design exists and opened at  H:/test/two/fpga_arm/vitis/zc706_md/ps7_cortexa9_0/standalone_ps7_cortexa9_0/bsp/system.mss
TRACE::2026-01-09.09:29:31::SCWMssOS:: library already available in sw design:  xilffs:4.6
TRACE::2026-01-09.09:29:31::SCWPlatform::Trying to open the hw design at H:/test/two/fpga_arm/vitis/zc706_md/hw/design_1_wrapper.xsa
TRACE::2026-01-09.09:29:31::SCWPlatform::DSA given H:/test/two/fpga_arm/vitis/zc706_md/hw/design_1_wrapper.xsa
TRACE::2026-01-09.09:29:31::SCWPlatform::DSA absoulate path H:/test/two/fpga_arm/vitis/zc706_md/hw/design_1_wrapper.xsa
TRACE::2026-01-09.09:29:31::SCWPlatform::DSA directory H:/test/two/fpga_arm/vitis/zc706_md/hw
TRACE::2026-01-09.09:29:31::SCWPlatform:: Platform Path H:/test/two/fpga_arm/vitis/zc706_md/hw/design_1_wrapper.xsa
TRACE::2026-01-09.09:29:31::SCWPlatform:: Unique name xilinx:zc706::0.0
TRACE::2026-01-09.09:29:31::SCWPlatform::Trying to set the existing hwdb with name design_1_wrapper
TRACE::2026-01-09.09:29:31::SCWPlatform::Opened existing hwdb design_1_wrapper
TRACE::2026-01-09.09:29:31::SCWPlatform::Found the Hw Db part of the input DSA
TRACE::2026-01-09.09:29:31::SCWMssOS::Checking the sw design at  H:/test/two/fpga_arm/vitis/zc706_md/ps7_cortexa9_0/standalone_ps7_cortexa9_0/bsp/system.mss
TRACE::2026-01-09.09:29:31::SCWMssOS::DEBUG:  swdes dump  H:/test/two/fpga_arm/vitis/zc706_md/ps7_cortexa9_0/standalone_ps7_cortexa9_0/bsp/system.mss|system_0||
H:/test/two/fpga_arm/vitis/zc706_md/zynq_fsbl/zynq_fsbl_bsp/system.mss|system||

TRACE::2026-01-09.09:29:31::SCWMssOS::Sw design exists and opened at  H:/test/two/fpga_arm/vitis/zc706_md/ps7_cortexa9_0/standalone_ps7_cortexa9_0/bsp/system.mss
TRACE::2026-01-09.09:29:31::SCWPlatform::Trying to open the hw design at H:/test/two/fpga_arm/vitis/zc706_md/hw/design_1_wrapper.xsa
TRACE::2026-01-09.09:29:31::SCWPlatform::DSA given H:/test/two/fpga_arm/vitis/zc706_md/hw/design_1_wrapper.xsa
TRACE::2026-01-09.09:29:31::SCWPlatform::DSA absoulate path H:/test/two/fpga_arm/vitis/zc706_md/hw/design_1_wrapper.xsa
TRACE::2026-01-09.09:29:31::SCWPlatform::DSA directory H:/test/two/fpga_arm/vitis/zc706_md/hw
TRACE::2026-01-09.09:29:31::SCWPlatform:: Platform Path H:/test/two/fpga_arm/vitis/zc706_md/hw/design_1_wrapper.xsa
TRACE::2026-01-09.09:29:31::SCWPlatform:: Unique name xilinx:zc706::0.0
TRACE::2026-01-09.09:29:31::SCWPlatform::Trying to set the existing hwdb with name design_1_wrapper
TRACE::2026-01-09.09:29:31::SCWPlatform::Opened existing hwdb design_1_wrapper
TRACE::2026-01-09.09:29:31::SCWPlatform::Found the Hw Db part of the input DSA
TRACE::2026-01-09.09:29:31::SCWMssOS::Checking the sw design at  H:/test/two/fpga_arm/vitis/zc706_md/ps7_cortexa9_0/standalone_ps7_cortexa9_0/bsp/system.mss
TRACE::2026-01-09.09:29:31::SCWMssOS::DEBUG:  swdes dump  H:/test/two/fpga_arm/vitis/zc706_md/ps7_cortexa9_0/standalone_ps7_cortexa9_0/bsp/system.mss|system_0||
H:/test/two/fpga_arm/vitis/zc706_md/zynq_fsbl/zynq_fsbl_bsp/system.mss|system||

TRACE::2026-01-09.09:29:31::SCWMssOS::Sw design exists and opened at  H:/test/two/fpga_arm/vitis/zc706_md/ps7_cortexa9_0/standalone_ps7_cortexa9_0/bsp/system.mss
TRACE::2026-01-09.09:29:31::SCWPlatform::Trying to open the hw design at H:/test/two/fpga_arm/vitis/zc706_md/hw/design_1_wrapper.xsa
TRACE::2026-01-09.09:29:31::SCWPlatform::DSA given H:/test/two/fpga_arm/vitis/zc706_md/hw/design_1_wrapper.xsa
TRACE::2026-01-09.09:29:31::SCWPlatform::DSA absoulate path H:/test/two/fpga_arm/vitis/zc706_md/hw/design_1_wrapper.xsa
TRACE::2026-01-09.09:29:31::SCWPlatform::DSA directory H:/test/two/fpga_arm/vitis/zc706_md/hw
TRACE::2026-01-09.09:29:31::SCWPlatform:: Platform Path H:/test/two/fpga_arm/vitis/zc706_md/hw/design_1_wrapper.xsa
TRACE::2026-01-09.09:29:31::SCWPlatform:: Unique name xilinx:zc706::0.0
TRACE::2026-01-09.09:29:31::SCWPlatform::Trying to set the existing hwdb with name design_1_wrapper
TRACE::2026-01-09.09:29:31::SCWPlatform::Opened existing hwdb design_1_wrapper
TRACE::2026-01-09.09:29:31::SCWPlatform::Found the Hw Db part of the input DSA
TRACE::2026-01-09.09:29:31::SCWMssOS::Checking the sw design at  H:/test/two/fpga_arm/vitis/zc706_md/ps7_cortexa9_0/standalone_ps7_cortexa9_0/bsp/system.mss
TRACE::2026-01-09.09:29:31::SCWMssOS::DEBUG:  swdes dump  H:/test/two/fpga_arm/vitis/zc706_md/ps7_cortexa9_0/standalone_ps7_cortexa9_0/bsp/system.mss|system_0||
H:/test/two/fpga_arm/vitis/zc706_md/zynq_fsbl/zynq_fsbl_bsp/system.mss|system||

TRACE::2026-01-09.09:29:31::SCWMssOS::Sw design exists and opened at  H:/test/two/fpga_arm/vitis/zc706_md/ps7_cortexa9_0/standalone_ps7_cortexa9_0/bsp/system.mss
TRACE::2026-01-09.09:29:31::SCWPlatform::Trying to open the hw design at H:/test/two/fpga_arm/vitis/zc706_md/hw/design_1_wrapper.xsa
TRACE::2026-01-09.09:29:31::SCWPlatform::DSA given H:/test/two/fpga_arm/vitis/zc706_md/hw/design_1_wrapper.xsa
TRACE::2026-01-09.09:29:31::SCWPlatform::DSA absoulate path H:/test/two/fpga_arm/vitis/zc706_md/hw/design_1_wrapper.xsa
TRACE::2026-01-09.09:29:31::SCWPlatform::DSA directory H:/test/two/fpga_arm/vitis/zc706_md/hw
TRACE::2026-01-09.09:29:31::SCWPlatform:: Platform Path H:/test/two/fpga_arm/vitis/zc706_md/hw/design_1_wrapper.xsa
TRACE::2026-01-09.09:29:31::SCWPlatform:: Unique name xilinx:zc706::0.0
TRACE::2026-01-09.09:29:31::SCWPlatform::Trying to set the existing hwdb with name design_1_wrapper
TRACE::2026-01-09.09:29:31::SCWPlatform::Opened existing hwdb design_1_wrapper
TRACE::2026-01-09.09:29:31::SCWPlatform::Found the Hw Db part of the input DSA
TRACE::2026-01-09.09:29:31::SCWMssOS::Checking the sw design at  H:/test/two/fpga_arm/vitis/zc706_md/ps7_cortexa9_0/standalone_ps7_cortexa9_0/bsp/system.mss
TRACE::2026-01-09.09:29:31::SCWMssOS::DEBUG:  swdes dump  H:/test/two/fpga_arm/vitis/zc706_md/ps7_cortexa9_0/standalone_ps7_cortexa9_0/bsp/system.mss|system_0||
H:/test/two/fpga_arm/vitis/zc706_md/zynq_fsbl/zynq_fsbl_bsp/system.mss|system||

TRACE::2026-01-09.09:29:31::SCWMssOS::Sw design exists and opened at  H:/test/two/fpga_arm/vitis/zc706_md/ps7_cortexa9_0/standalone_ps7_cortexa9_0/bsp/system.mss
TRACE::2026-01-09.09:29:31::SCWPlatform::Trying to open the hw design at H:/test/two/fpga_arm/vitis/zc706_md/hw/design_1_wrapper.xsa
TRACE::2026-01-09.09:29:31::SCWPlatform::DSA given H:/test/two/fpga_arm/vitis/zc706_md/hw/design_1_wrapper.xsa
TRACE::2026-01-09.09:29:31::SCWPlatform::DSA absoulate path H:/test/two/fpga_arm/vitis/zc706_md/hw/design_1_wrapper.xsa
TRACE::2026-01-09.09:29:31::SCWPlatform::DSA directory H:/test/two/fpga_arm/vitis/zc706_md/hw
TRACE::2026-01-09.09:29:31::SCWPlatform:: Platform Path H:/test/two/fpga_arm/vitis/zc706_md/hw/design_1_wrapper.xsa
TRACE::2026-01-09.09:29:31::SCWPlatform:: Unique name xilinx:zc706::0.0
TRACE::2026-01-09.09:29:31::SCWPlatform::Trying to set the existing hwdb with name design_1_wrapper
TRACE::2026-01-09.09:29:31::SCWPlatform::Opened existing hwdb design_1_wrapper
TRACE::2026-01-09.09:29:31::SCWPlatform::Found the Hw Db part of the input DSA
TRACE::2026-01-09.09:29:31::SCWMssOS::Checking the sw design at  H:/test/two/fpga_arm/vitis/zc706_md/ps7_cortexa9_0/standalone_ps7_cortexa9_0/bsp/system.mss
TRACE::2026-01-09.09:29:31::SCWMssOS::DEBUG:  swdes dump  H:/test/two/fpga_arm/vitis/zc706_md/ps7_cortexa9_0/standalone_ps7_cortexa9_0/bsp/system.mss|system_0||
H:/test/two/fpga_arm/vitis/zc706_md/zynq_fsbl/zynq_fsbl_bsp/system.mss|system||

TRACE::2026-01-09.09:29:31::SCWMssOS::Sw design exists and opened at  H:/test/two/fpga_arm/vitis/zc706_md/ps7_cortexa9_0/standalone_ps7_cortexa9_0/bsp/system.mss
TRACE::2026-01-09.09:29:31::SCWPlatform::Trying to open the hw design at H:/test/two/fpga_arm/vitis/zc706_md/hw/design_1_wrapper.xsa
TRACE::2026-01-09.09:29:31::SCWPlatform::DSA given H:/test/two/fpga_arm/vitis/zc706_md/hw/design_1_wrapper.xsa
TRACE::2026-01-09.09:29:31::SCWPlatform::DSA absoulate path H:/test/two/fpga_arm/vitis/zc706_md/hw/design_1_wrapper.xsa
TRACE::2026-01-09.09:29:31::SCWPlatform::DSA directory H:/test/two/fpga_arm/vitis/zc706_md/hw
TRACE::2026-01-09.09:29:31::SCWPlatform:: Platform Path H:/test/two/fpga_arm/vitis/zc706_md/hw/design_1_wrapper.xsa
TRACE::2026-01-09.09:29:31::SCWPlatform:: Unique name xilinx:zc706::0.0
TRACE::2026-01-09.09:29:31::SCWPlatform::Trying to set the existing hwdb with name design_1_wrapper
TRACE::2026-01-09.09:29:31::SCWPlatform::Opened existing hwdb design_1_wrapper
TRACE::2026-01-09.09:29:31::SCWPlatform::Found the Hw Db part of the input DSA
TRACE::2026-01-09.09:29:31::SCWMssOS::Checking the sw design at  H:/test/two/fpga_arm/vitis/zc706_md/ps7_cortexa9_0/standalone_ps7_cortexa9_0/bsp/system.mss
TRACE::2026-01-09.09:29:31::SCWMssOS::DEBUG:  swdes dump  H:/test/two/fpga_arm/vitis/zc706_md/ps7_cortexa9_0/standalone_ps7_cortexa9_0/bsp/system.mss|system_0||
H:/test/two/fpga_arm/vitis/zc706_md/zynq_fsbl/zynq_fsbl_bsp/system.mss|system||

TRACE::2026-01-09.09:29:31::SCWMssOS::Sw design exists and opened at  H:/test/two/fpga_arm/vitis/zc706_md/ps7_cortexa9_0/standalone_ps7_cortexa9_0/bsp/system.mss
TRACE::2026-01-09.09:29:31::SCWMssOS::Saving the mss changes H:/test/two/fpga_arm/vitis/zc706_md/ps7_cortexa9_0/standalone_ps7_cortexa9_0/bsp/system.mss
TRACE::2026-01-09.09:29:31::SCWMssOS::Found a swdesign opened with the mssfile.
TRACE::2026-01-09.09:29:31::SCWMssOS::Completed writemss as part of save.
TRACE::2026-01-09.09:29:31::SCWMssOS::Commit changes completed.
TRACE::2026-01-09.09:29:31::SCWReader::Adding prebuilt librarypaths as   
TRACE::2026-01-09.09:29:31::SCWReader::Adding prebuilt incpaths  as   
TRACE::2026-01-09.09:29:31::SCWPlatform::Trying to open the hw design at H:/test/two/fpga_arm/vitis/zc706_md/hw/design_1_wrapper.xsa
TRACE::2026-01-09.09:29:31::SCWPlatform::DSA given H:/test/two/fpga_arm/vitis/zc706_md/hw/design_1_wrapper.xsa
TRACE::2026-01-09.09:29:31::SCWPlatform::DSA absoulate path H:/test/two/fpga_arm/vitis/zc706_md/hw/design_1_wrapper.xsa
TRACE::2026-01-09.09:29:31::SCWPlatform::DSA directory H:/test/two/fpga_arm/vitis/zc706_md/hw
TRACE::2026-01-09.09:29:31::SCWPlatform:: Platform Path H:/test/two/fpga_arm/vitis/zc706_md/hw/design_1_wrapper.xsa
TRACE::2026-01-09.09:29:31::SCWPlatform:: Unique name xilinx:zc706::0.0
TRACE::2026-01-09.09:29:31::SCWPlatform::Trying to set the existing hwdb with name design_1_wrapper
TRACE::2026-01-09.09:29:31::SCWPlatform::Opened existing hwdb design_1_wrapper
TRACE::2026-01-09.09:29:31::SCWPlatform::Found the Hw Db part of the input DSA
TRACE::2026-01-09.09:29:31::SCWMssOS::Checking the sw design at  H:/test/two/fpga_arm/vitis/zc706_md/ps7_cortexa9_0/standalone_ps7_cortexa9_0/bsp/system.mss
TRACE::2026-01-09.09:29:31::SCWMssOS::DEBUG:  swdes dump  H:/test/two/fpga_arm/vitis/zc706_md/ps7_cortexa9_0/standalone_ps7_cortexa9_0/bsp/system.mss|system_0||
H:/test/two/fpga_arm/vitis/zc706_md/zynq_fsbl/zynq_fsbl_bsp/system.mss|system||

TRACE::2026-01-09.09:29:31::SCWMssOS::Sw design exists and opened at  H:/test/two/fpga_arm/vitis/zc706_md/ps7_cortexa9_0/standalone_ps7_cortexa9_0/bsp/system.mss
TRACE::2026-01-09.09:29:31::SCWReader::No isolation master present  
LOG::2026-01-09.09:29:31::SCWPlatform::Started generating the artifacts platform zc706_md
TRACE::2026-01-09.09:29:31::SCWPlatform::Sanity checking of platform is completed
LOG::2026-01-09.09:29:32::SCWPlatform::Started generating the artifacts for system configuration zc706_md
LOG::2026-01-09.09:29:32::SCWSystem::Checking the domain zynq_fsbl
LOG::2026-01-09.09:29:32::SCWSystem::Doing application build for :  zynq_fsbl
TRACE::2026-01-09.09:29:32::SCWBDomain::Not a forced makefile updation, No changes are present. 
TRACE::2026-01-09.09:29:32::SCWDomain::Building the domain as part of full build :  zynq_fsbl
TRACE::2026-01-09.09:29:32::SCWPlatform::Trying to open the hw design at H:/test/two/fpga_arm/vitis/zc706_md/hw/design_1_wrapper.xsa
TRACE::2026-01-09.09:29:32::SCWPlatform::DSA given H:/test/two/fpga_arm/vitis/zc706_md/hw/design_1_wrapper.xsa
TRACE::2026-01-09.09:29:32::SCWPlatform::DSA absoulate path H:/test/two/fpga_arm/vitis/zc706_md/hw/design_1_wrapper.xsa
TRACE::2026-01-09.09:29:32::SCWPlatform::DSA directory H:/test/two/fpga_arm/vitis/zc706_md/hw
TRACE::2026-01-09.09:29:32::SCWPlatform:: Platform Path H:/test/two/fpga_arm/vitis/zc706_md/hw/design_1_wrapper.xsa
TRACE::2026-01-09.09:29:32::SCWPlatform:: Unique name xilinx:zc706::0.0
TRACE::2026-01-09.09:29:32::SCWPlatform::Trying to set the existing hwdb with name design_1_wrapper
TRACE::2026-01-09.09:29:32::SCWPlatform::Opened existing hwdb design_1_wrapper
TRACE::2026-01-09.09:29:32::SCWPlatform::Found the Hw Db part of the input DSA
TRACE::2026-01-09.09:29:32::SCWMssOS::Checking the sw design at  H:/test/two/fpga_arm/vitis/zc706_md/zynq_fsbl/zynq_fsbl_bsp/system.mss
TRACE::2026-01-09.09:29:32::SCWMssOS::DEBUG:  swdes dump  H:/test/two/fpga_arm/vitis/zc706_md/ps7_cortexa9_0/standalone_ps7_cortexa9_0/bsp/system.mss|system_0||
H:/test/two/fpga_arm/vitis/zc706_md/zynq_fsbl/zynq_fsbl_bsp/system.mss|system||

TRACE::2026-01-09.09:29:32::SCWMssOS::Sw design exists and opened at  H:/test/two/fpga_arm/vitis/zc706_md/zynq_fsbl/zynq_fsbl_bsp/system.mss
TRACE::2026-01-09.09:29:32::SCWBDomain::Completed writing the mss file at H:/test/two/fpga_arm/vitis/zc706_md/zynq_fsbl/zynq_fsbl_bsp
TRACE::2026-01-09.09:29:32::SCWBDomain::bsp generated is upto date with the mss file. Skipping bsp generation.
TRACE::2026-01-09.09:29:32::SCWBDomain::Not a forced makefile updation, No changes are present. 
TRACE::2026-01-09.09:29:32::SCWBDomain::System Command Ran  H:&  cd  H:/test/two/fpga_arm/vitis/zc706_md/zynq_fsbl& make -C  zynq_fsbl_bsp & make 
TRACE::2026-01-09.09:29:32::SCWBDomain::make: Entering directory 'H:/test/two/fpga_arm/vitis/zc706_md/zynq_fsbl/zynq_fsbl_bsp'

TRACE::2026-01-09.09:29:32::SCWBDomain::make --no-print-directory seq_libs

TRACE::2026-01-09.09:29:33::SCWBDomain::"Running Make include in ps7_cortexa9_0/libsrc/axivdma_v6_10/src"

TRACE::2026-01-09.09:29:33::SCWBDomain::make -C ps7_cortexa9_0/libsrc/axivdma_v6_10/src -s include  "SHELL=CMD" "COMPILER=arm-none-eabi-gcc" "ASSEMBLER=arm-none-eabi-a
TRACE::2026-01-09.09:29:33::SCWBDomain::s" "ARCHIVER=arm-none-eabi-ar" "COMPILER_FLAGS=  -O2 -c" "EXTRA_COMPILER_FLAGS=-mcpu=cortex-a9 -mfpu=vfpv3 -mfloat-abi=hard -no
TRACE::2026-01-09.09:29:33::SCWBDomain::startfiles -g -Wall -Wextra -fno-tree-loop-distribute-patterns"

TRACE::2026-01-09.09:29:33::SCWBDomain::"Running Make include in ps7_cortexa9_0/libsrc/coresightps_dcc_v1_8/src"

TRACE::2026-01-09.09:29:33::SCWBDomain::make -C ps7_cortexa9_0/libsrc/coresightps_dcc_v1_8/src -s include  "SHELL=CMD" "COMPILER=arm-none-eabi-gcc" "ASSEMBLER=arm-none
TRACE::2026-01-09.09:29:33::SCWBDomain::-eabi-as" "ARCHIVER=arm-none-eabi-ar" "COMPILER_FLAGS=  -O2 -c" "EXTRA_COMPILER_FLAGS=-mcpu=cortex-a9 -mfpu=vfpv3 -mfloat-abi=h
TRACE::2026-01-09.09:29:33::SCWBDomain::ard -nostartfiles -g -Wall -Wextra -fno-tree-loop-distribute-patterns"

TRACE::2026-01-09.09:29:33::SCWBDomain::"Running Make include in ps7_cortexa9_0/libsrc/cpu_cortexa9_v2_11/src"

TRACE::2026-01-09.09:29:33::SCWBDomain::make -C ps7_cortexa9_0/libsrc/cpu_cortexa9_v2_11/src -s include  "SHELL=CMD" "COMPILER=arm-none-eabi-gcc" "ASSEMBLER=arm-none-e
TRACE::2026-01-09.09:29:33::SCWBDomain::abi-as" "ARCHIVER=arm-none-eabi-ar" "COMPILER_FLAGS=  -O2 -c" "EXTRA_COMPILER_FLAGS=-mcpu=cortex-a9 -mfpu=vfpv3 -mfloat-abi=har
TRACE::2026-01-09.09:29:33::SCWBDomain::d -nostartfiles -g -Wall -Wextra -fno-tree-loop-distribute-patterns"

TRACE::2026-01-09.09:29:33::SCWBDomain::"Running Make include in ps7_cortexa9_0/libsrc/ddrps_v1_2/src"

TRACE::2026-01-09.09:29:33::SCWBDomain::make -C ps7_cortexa9_0/libsrc/ddrps_v1_2/src -s include  "SHELL=CMD" "COMPILER=arm-none-eabi-gcc" "ASSEMBLER=arm-none-eabi-as" 
TRACE::2026-01-09.09:29:33::SCWBDomain::"ARCHIVER=arm-none-eabi-ar" "COMPILER_FLAGS=  -O2 -c" "EXTRA_COMPILER_FLAGS=-mcpu=cortex-a9 -mfpu=vfpv3 -mfloat-abi=hard -nosta
TRACE::2026-01-09.09:29:33::SCWBDomain::rtfiles -g -Wall -Wextra -fno-tree-loop-distribute-patterns"

TRACE::2026-01-09.09:29:33::SCWBDomain::"Running Make include in ps7_cortexa9_0/libsrc/devcfg_v3_7/src"

TRACE::2026-01-09.09:29:33::SCWBDomain::make -C ps7_cortexa9_0/libsrc/devcfg_v3_7/src -s include  "SHELL=CMD" "COMPILER=arm-none-eabi-gcc" "ASSEMBLER=arm-none-eabi-as"
TRACE::2026-01-09.09:29:33::SCWBDomain:: "ARCHIVER=arm-none-eabi-ar" "COMPILER_FLAGS=  -O2 -c" "EXTRA_COMPILER_FLAGS=-mcpu=cortex-a9 -mfpu=vfpv3 -mfloat-abi=hard -nost
TRACE::2026-01-09.09:29:33::SCWBDomain::artfiles -g -Wall -Wextra -fno-tree-loop-distribute-patterns"

TRACE::2026-01-09.09:29:33::SCWBDomain::"Running Make include in ps7_cortexa9_0/libsrc/dmaps_v2_8/src"

TRACE::2026-01-09.09:29:33::SCWBDomain::make -C ps7_cortexa9_0/libsrc/dmaps_v2_8/src -s include  "SHELL=CMD" "COMPILER=arm-none-eabi-gcc" "ASSEMBLER=arm-none-eabi-as" 
TRACE::2026-01-09.09:29:33::SCWBDomain::"ARCHIVER=arm-none-eabi-ar" "COMPILER_FLAGS=  -O2 -c" "EXTRA_COMPILER_FLAGS=-mcpu=cortex-a9 -mfpu=vfpv3 -mfloat-abi=hard -nosta
TRACE::2026-01-09.09:29:33::SCWBDomain::rtfiles -g -Wall -Wextra -fno-tree-loop-distribute-patterns"

TRACE::2026-01-09.09:29:34::SCWBDomain::"Running Make include in ps7_cortexa9_0/libsrc/emacps_v3_15/src"

TRACE::2026-01-09.09:29:34::SCWBDomain::make -C ps7_cortexa9_0/libsrc/emacps_v3_15/src -s include  "SHELL=CMD" "COMPILER=arm-none-eabi-gcc" "ASSEMBLER=arm-none-eabi-as
TRACE::2026-01-09.09:29:34::SCWBDomain::" "ARCHIVER=arm-none-eabi-ar" "COMPILER_FLAGS=  -O2 -c" "EXTRA_COMPILER_FLAGS=-mcpu=cortex-a9 -mfpu=vfpv3 -mfloat-abi=hard -nos
TRACE::2026-01-09.09:29:34::SCWBDomain::tartfiles -g -Wall -Wextra -fno-tree-loop-distribute-patterns"

TRACE::2026-01-09.09:29:34::SCWBDomain::"Running Make include in ps7_cortexa9_0/libsrc/gpiops_v3_9/src"

TRACE::2026-01-09.09:29:34::SCWBDomain::make -C ps7_cortexa9_0/libsrc/gpiops_v3_9/src -s include  "SHELL=CMD" "COMPILER=arm-none-eabi-gcc" "ASSEMBLER=arm-none-eabi-as"
TRACE::2026-01-09.09:29:34::SCWBDomain:: "ARCHIVER=arm-none-eabi-ar" "COMPILER_FLAGS=  -O2 -c" "EXTRA_COMPILER_FLAGS=-mcpu=cortex-a9 -mfpu=vfpv3 -mfloat-abi=hard -nost
TRACE::2026-01-09.09:29:34::SCWBDomain::artfiles -g -Wall -Wextra -fno-tree-loop-distribute-patterns"

TRACE::2026-01-09.09:29:34::SCWBDomain::"Running Make include in ps7_cortexa9_0/libsrc/iicps_v3_14/src"

TRACE::2026-01-09.09:29:34::SCWBDomain::make -C ps7_cortexa9_0/libsrc/iicps_v3_14/src -s include  "SHELL=CMD" "COMPILER=arm-none-eabi-gcc" "ASSEMBLER=arm-none-eabi-as"
TRACE::2026-01-09.09:29:34::SCWBDomain:: "ARCHIVER=arm-none-eabi-ar" "COMPILER_FLAGS=  -O2 -c" "EXTRA_COMPILER_FLAGS=-mcpu=cortex-a9 -mfpu=vfpv3 -mfloat-abi=hard -nost
TRACE::2026-01-09.09:29:34::SCWBDomain::artfiles -g -Wall -Wextra -fno-tree-loop-distribute-patterns"

TRACE::2026-01-09.09:29:34::SCWBDomain::"Running Make include in ps7_cortexa9_0/libsrc/qspips_v3_9/src"

TRACE::2026-01-09.09:29:34::SCWBDomain::make -C ps7_cortexa9_0/libsrc/qspips_v3_9/src -s include  "SHELL=CMD" "COMPILER=arm-none-eabi-gcc" "ASSEMBLER=arm-none-eabi-as"
TRACE::2026-01-09.09:29:34::SCWBDomain:: "ARCHIVER=arm-none-eabi-ar" "COMPILER_FLAGS=  -O2 -c" "EXTRA_COMPILER_FLAGS=-mcpu=cortex-a9 -mfpu=vfpv3 -mfloat-abi=hard -nost
TRACE::2026-01-09.09:29:34::SCWBDomain::artfiles -g -Wall -Wextra -fno-tree-loop-distribute-patterns"

TRACE::2026-01-09.09:29:35::SCWBDomain::"Running Make include in ps7_cortexa9_0/libsrc/scugic_v4_6/src"

TRACE::2026-01-09.09:29:35::SCWBDomain::make -C ps7_cortexa9_0/libsrc/scugic_v4_6/src -s include  "SHELL=CMD" "COMPILER=arm-none-eabi-gcc" "ASSEMBLER=arm-none-eabi-as"
TRACE::2026-01-09.09:29:35::SCWBDomain:: "ARCHIVER=arm-none-eabi-ar" "COMPILER_FLAGS=  -O2 -c" "EXTRA_COMPILER_FLAGS=-mcpu=cortex-a9 -mfpu=vfpv3 -mfloat-abi=hard -nost
TRACE::2026-01-09.09:29:35::SCWBDomain::artfiles -g -Wall -Wextra -fno-tree-loop-distribute-patterns"

TRACE::2026-01-09.09:29:35::SCWBDomain::"Running Make include in ps7_cortexa9_0/libsrc/scutimer_v2_3/src"

TRACE::2026-01-09.09:29:35::SCWBDomain::make -C ps7_cortexa9_0/libsrc/scutimer_v2_3/src -s include  "SHELL=CMD" "COMPILER=arm-none-eabi-gcc" "ASSEMBLER=arm-none-eabi-a
TRACE::2026-01-09.09:29:35::SCWBDomain::s" "ARCHIVER=arm-none-eabi-ar" "COMPILER_FLAGS=  -O2 -c" "EXTRA_COMPILER_FLAGS=-mcpu=cortex-a9 -mfpu=vfpv3 -mfloat-abi=hard -no
TRACE::2026-01-09.09:29:35::SCWBDomain::startfiles -g -Wall -Wextra -fno-tree-loop-distribute-patterns"

TRACE::2026-01-09.09:29:36::SCWBDomain::"Running Make include in ps7_cortexa9_0/libsrc/scuwdt_v2_4/src"

TRACE::2026-01-09.09:29:36::SCWBDomain::make -C ps7_cortexa9_0/libsrc/scuwdt_v2_4/src -s include  "SHELL=CMD" "COMPILER=arm-none-eabi-gcc" "ASSEMBLER=arm-none-eabi-as"
TRACE::2026-01-09.09:29:36::SCWBDomain:: "ARCHIVER=arm-none-eabi-ar" "COMPILER_FLAGS=  -O2 -c" "EXTRA_COMPILER_FLAGS=-mcpu=cortex-a9 -mfpu=vfpv3 -mfloat-abi=hard -nost
TRACE::2026-01-09.09:29:36::SCWBDomain::artfiles -g -Wall -Wextra -fno-tree-loop-distribute-patterns"

TRACE::2026-01-09.09:29:36::SCWBDomain::"Running Make include in ps7_cortexa9_0/libsrc/sdps_v3_13/src"

TRACE::2026-01-09.09:29:36::SCWBDomain::make -C ps7_cortexa9_0/libsrc/sdps_v3_13/src -s include  "SHELL=CMD" "COMPILER=arm-none-eabi-gcc" "ASSEMBLER=arm-none-eabi-as" 
TRACE::2026-01-09.09:29:36::SCWBDomain::"ARCHIVER=arm-none-eabi-ar" "COMPILER_FLAGS=  -O2 -c" "EXTRA_COMPILER_FLAGS=-mcpu=cortex-a9 -mfpu=vfpv3 -mfloat-abi=hard -nosta
TRACE::2026-01-09.09:29:36::SCWBDomain::rtfiles -g -Wall -Wextra -fno-tree-loop-distribute-patterns"

TRACE::2026-01-09.09:29:36::SCWBDomain::"Running Make include in ps7_cortexa9_0/libsrc/standalone_v7_6/src"

TRACE::2026-01-09.09:29:36::SCWBDomain::make -C ps7_cortexa9_0/libsrc/standalone_v7_6/src -s include  "SHELL=CMD" "COMPILER=arm-none-eabi-gcc" "ASSEMBLER=arm-none-eabi
TRACE::2026-01-09.09:29:36::SCWBDomain::-as" "ARCHIVER=arm-none-eabi-ar" "COMPILER_FLAGS=  -O2 -c" "EXTRA_COMPILER_FLAGS=-mcpu=cortex-a9 -mfpu=vfpv3 -mfloat-abi=hard -
TRACE::2026-01-09.09:29:36::SCWBDomain::nostartfiles -g -Wall -Wextra -fno-tree-loop-distribute-patterns"

TRACE::2026-01-09.09:29:38::SCWBDomain::"Running Make include in ps7_cortexa9_0/libsrc/ttcps_v3_14/src"

TRACE::2026-01-09.09:29:38::SCWBDomain::make -C ps7_cortexa9_0/libsrc/ttcps_v3_14/src -s include  "SHELL=CMD" "COMPILER=arm-none-eabi-gcc" "ASSEMBLER=arm-none-eabi-as"
TRACE::2026-01-09.09:29:38::SCWBDomain:: "ARCHIVER=arm-none-eabi-ar" "COMPILER_FLAGS=  -O2 -c" "EXTRA_COMPILER_FLAGS=-mcpu=cortex-a9 -mfpu=vfpv3 -mfloat-abi=hard -nost
TRACE::2026-01-09.09:29:38::SCWBDomain::artfiles -g -Wall -Wextra -fno-tree-loop-distribute-patterns"

TRACE::2026-01-09.09:29:38::SCWBDomain::"Running Make include in ps7_cortexa9_0/libsrc/uartps_v3_11/src"

TRACE::2026-01-09.09:29:38::SCWBDomain::make -C ps7_cortexa9_0/libsrc/uartps_v3_11/src -s include  "SHELL=CMD" "COMPILER=arm-none-eabi-gcc" "ASSEMBLER=arm-none-eabi-as
TRACE::2026-01-09.09:29:38::SCWBDomain::" "ARCHIVER=arm-none-eabi-ar" "COMPILER_FLAGS=  -O2 -c" "EXTRA_COMPILER_FLAGS=-mcpu=cortex-a9 -mfpu=vfpv3 -mfloat-abi=hard -nos
TRACE::2026-01-09.09:29:38::SCWBDomain::tartfiles -g -Wall -Wextra -fno-tree-loop-distribute-patterns"

TRACE::2026-01-09.09:29:38::SCWBDomain::"Running Make include in ps7_cortexa9_0/libsrc/usbps_v2_7/src"

TRACE::2026-01-09.09:29:38::SCWBDomain::make -C ps7_cortexa9_0/libsrc/usbps_v2_7/src -s include  "SHELL=CMD" "COMPILER=arm-none-eabi-gcc" "ASSEMBLER=arm-none-eabi-as" 
TRACE::2026-01-09.09:29:38::SCWBDomain::"ARCHIVER=arm-none-eabi-ar" "COMPILER_FLAGS=  -O2 -c" "EXTRA_COMPILER_FLAGS=-mcpu=cortex-a9 -mfpu=vfpv3 -mfloat-abi=hard -nosta
TRACE::2026-01-09.09:29:38::SCWBDomain::rtfiles -g -Wall -Wextra -fno-tree-loop-distribute-patterns"

TRACE::2026-01-09.09:29:38::SCWBDomain::"Running Make include in ps7_cortexa9_0/libsrc/xadcps_v2_6/src"

TRACE::2026-01-09.09:29:38::SCWBDomain::make -C ps7_cortexa9_0/libsrc/xadcps_v2_6/src -s include  "SHELL=CMD" "COMPILER=arm-none-eabi-gcc" "ASSEMBLER=arm-none-eabi-as"
TRACE::2026-01-09.09:29:38::SCWBDomain:: "ARCHIVER=arm-none-eabi-ar" "COMPILER_FLAGS=  -O2 -c" "EXTRA_COMPILER_FLAGS=-mcpu=cortex-a9 -mfpu=vfpv3 -mfloat-abi=hard -nost
TRACE::2026-01-09.09:29:38::SCWBDomain::artfiles -g -Wall -Wextra -fno-tree-loop-distribute-patterns"

TRACE::2026-01-09.09:29:38::SCWBDomain::"Running Make include in ps7_cortexa9_0/libsrc/xilffs_v4_6/src"

TRACE::2026-01-09.09:29:38::SCWBDomain::make -C ps7_cortexa9_0/libsrc/xilffs_v4_6/src -s include  "SHELL=CMD" "COMPILER=arm-none-eabi-gcc" "ASSEMBLER=arm-none-eabi-as"
TRACE::2026-01-09.09:29:38::SCWBDomain:: "ARCHIVER=arm-none-eabi-ar" "COMPILER_FLAGS=  -O2 -c" "EXTRA_COMPILER_FLAGS=-mcpu=cortex-a9 -mfpu=vfpv3 -mfloat-abi=hard -nost
TRACE::2026-01-09.09:29:38::SCWBDomain::artfiles -g -Wall -Wextra -fno-tree-loop-distribute-patterns"

TRACE::2026-01-09.09:29:39::SCWBDomain::"Running Make include in ps7_cortexa9_0/libsrc/xilrsa_v1_6/src"

TRACE::2026-01-09.09:29:39::SCWBDomain::make -C ps7_cortexa9_0/libsrc/xilrsa_v1_6/src -s include  "SHELL=CMD" "COMPILER=arm-none-eabi-gcc" "ASSEMBLER=arm-none-eabi-as"
TRACE::2026-01-09.09:29:39::SCWBDomain:: "ARCHIVER=arm-none-eabi-ar" "COMPILER_FLAGS=  -O2 -c" "EXTRA_COMPILER_FLAGS=-mcpu=cortex-a9 -mfpu=vfpv3 -mfloat-abi=hard -nost
TRACE::2026-01-09.09:29:39::SCWBDomain::artfiles -g -Wall -Wextra -fno-tree-loop-distribute-patterns"

TRACE::2026-01-09.09:29:39::SCWBDomain::"Running Make libs in ps7_cortexa9_0/libsrc/xilrsa_v1_6/src"

TRACE::2026-01-09.09:29:39::SCWBDomain::make -C ps7_cortexa9_0/libsrc/xilrsa_v1_6/src -s libs  "SHELL=CMD" "COMPILER=arm-none-eabi-gcc" "ASSEMBLER=arm-none-eabi-as" "A
TRACE::2026-01-09.09:29:39::SCWBDomain::RCHIVER=arm-none-eabi-ar" "COMPILER_FLAGS=  -O2 -c" "EXTRA_COMPILER_FLAGS=-mcpu=cortex-a9 -mfpu=vfpv3 -mfloat-abi=hard -nostart
TRACE::2026-01-09.09:29:39::SCWBDomain::files -g -Wall -Wextra -fno-tree-loop-distribute-patterns"

TRACE::2026-01-09.09:29:39::SCWBDomain::'Finished building libraries sequentially.'

TRACE::2026-01-09.09:29:39::SCWBDomain::make -j 14 --no-print-directory par_libs

TRACE::2026-01-09.09:29:39::SCWBDomain::"Running Make include in ps7_cortexa9_0/libsrc/axivdma_v6_10/src"

TRACE::2026-01-09.09:29:39::SCWBDomain::make -C ps7_cortexa9_0/libsrc/axivdma_v6_10/src -s include  "SHELL=CMD" "COMPILER=arm-none-eabi-gcc" "ASSEMBLER=arm-none-eabi-a
TRACE::2026-01-09.09:29:39::SCWBDomain::s" "ARCHIVER=arm-none-eabi-ar" "COMPILER_FLAGS=  -O2 -c" "EXTRA_COMPILER_FLAGS=-mcpu=cortex-a9 -mfpu=vfpv3 -mfloat-abi=hard -no
TRACE::2026-01-09.09:29:39::SCWBDomain::startfiles -g -Wall -Wextra -fno-tree-loop-distribute-patterns"

TRACE::2026-01-09.09:29:39::SCWBDomain::"Running Make include in ps7_cortexa9_0/libsrc/coresightps_dcc_v1_8/src"

TRACE::2026-01-09.09:29:39::SCWBDomain::"Running Make include in ps7_cortexa9_0/libsrc/cpu_cortexa9_v2_11/src"

TRACE::2026-01-09.09:29:39::SCWBDomain::make -C ps7_cortexa9_0/libsrc/coresightps_dcc_v1_8/src -s include  "SHELL=CMD" "COMPILER=arm-none-eabi-gcc" "ASSEMBLER=arm-none
TRACE::2026-01-09.09:29:39::SCWBDomain::-eabi-as" "ARCHIVER=arm-none-eabi-ar" "COMPILER_FLAGS=  -O2 -c" "EXTRA_COMPILER_FLAGS=-mcpu=cortex-a9 -mfpu=vfpv3 -mfloat-abi=h
TRACE::2026-01-09.09:29:39::SCWBDomain::ard -nostartfiles -g -Wall -Wextra -fno-tree-loop-distribute-patterns"

TRACE::2026-01-09.09:29:39::SCWBDomain::"Running Make include in ps7_cortexa9_0/libsrc/ddrps_v1_2/src"

TRACE::2026-01-09.09:29:39::SCWBDomain::make -C ps7_cortexa9_0/libsrc/cpu_cortexa9_v2_11/src -s include  "SHELL=CMD" "COMPILER=arm-none-eabi-gcc" "ASSEMBLER=arm-none-e
TRACE::2026-01-09.09:29:39::SCWBDomain::abi-as" "ARCHIVER=arm-none-eabi-ar" "COMPILER_FLAGS=  -O2 -c" "EXTRA_COMPILER_FLAGS=-mcpu=cortex-a9 -mfpu=vfpv3 -mfloat-abi=har
TRACE::2026-01-09.09:29:39::SCWBDomain::d -nostartfiles -g -Wall -Wextra -fno-tree-loop-distribute-patterns"

TRACE::2026-01-09.09:29:39::SCWBDomain::make -C ps7_cortexa9_0/libsrc/ddrps_v1_2/src -s include  "SHELL=CMD" "COMPILER=arm-none-eabi-gcc" "ASSEMBLER=arm-none-eabi-as" 
TRACE::2026-01-09.09:29:39::SCWBDomain::"ARCHIVER=arm-none-eabi-ar" "COMPILER_FLAGS=  -O2 -c" "EXTRA_COMPILER_FLAGS=-mcpu=cortex-a9 -mfpu=vfpv3 -mfloat-abi=hard -nosta
TRACE::2026-01-09.09:29:39::SCWBDomain::rtfiles -g -Wall -Wextra -fno-tree-loop-distribute-patterns"

TRACE::2026-01-09.09:29:40::SCWBDomain::"Running Make include in ps7_cortexa9_0/libsrc/devcfg_v3_7/src"

TRACE::2026-01-09.09:29:40::SCWBDomain::make -C ps7_cortexa9_0/libsrc/devcfg_v3_7/src -s include  "SHELL=CMD" "COMPILER=arm-none-eabi-gcc" "ASSEMBLER=arm-none-eabi-as"
TRACE::2026-01-09.09:29:40::SCWBDomain:: "ARCHIVER=arm-none-eabi-ar" "COMPILER_FLAGS=  -O2 -c" "EXTRA_COMPILER_FLAGS=-mcpu=cortex-a9 -mfpu=vfpv3 -mfloat-abi=hard -nost
TRACE::2026-01-09.09:29:40::SCWBDomain::artfiles -g -Wall -Wextra -fno-tree-loop-distribute-patterns"

TRACE::2026-01-09.09:29:40::SCWBDomain::"Running Make include in ps7_cortexa9_0/libsrc/dmaps_v2_8/src"

TRACE::2026-01-09.09:29:40::SCWBDomain::"Running Make include in ps7_cortexa9_0/libsrc/emacps_v3_15/src"

TRACE::2026-01-09.09:29:40::SCWBDomain::"Running Make include in ps7_cortexa9_0/libsrc/gpiops_v3_9/src"

TRACE::2026-01-09.09:29:40::SCWBDomain::"Running Make include in ps7_cortexa9_0/libsrc/iicps_v3_14/src"

TRACE::2026-01-09.09:29:40::SCWBDomain::"Running Make include in ps7_cortexa9_0/libsrc/qspips_v3_9/src"

TRACE::2026-01-09.09:29:40::SCWBDomain::make -C ps7_cortexa9_0/libsrc/dmaps_v2_8/src -s include  "SHELL=CMD" "COMPILER=arm-none-eabi-gcc" "ASSEMBLER=arm-none-eabi-as" 
TRACE::2026-01-09.09:29:40::SCWBDomain::"ARCHIVER=arm-none-eabi-ar" "COMPILER_FLAGS=  -O2 -c" "EXTRA_COMPILER_FLAGS=-mcpu=cortex-a9 -mfpu=vfpv3 -mfloat-abi=hard -nosta
TRACE::2026-01-09.09:29:40::SCWBDomain::rtfiles -g -Wall -Wextra -fno-tree-loop-distribute-patterns"

TRACE::2026-01-09.09:29:40::SCWBDomain::make -C ps7_cortexa9_0/libsrc/emacps_v3_15/src -s include  "SHELL=CMD" "COMPILER=arm-none-eabi-gcc" "ASSEMBLER=arm-none-eabi-as
TRACE::2026-01-09.09:29:40::SCWBDomain::" "ARCHIVER=arm-none-eabi-ar" "COMPILER_FLAGS=  -O2 -c" "EXTRA_COMPILER_FLAGS=-mcpu=cortex-a9 -mfpu=vfpv3 -mfloat-abi=hard -nos
TRACE::2026-01-09.09:29:40::SCWBDomain::tartfiles -g -Wall -Wextra -fno-tree-loop-distribute-patterns"

TRACE::2026-01-09.09:29:40::SCWBDomain::make -C ps7_cortexa9_0/libsrc/gpiops_v3_9/src -s include  "SHELL=CMD" "COMPILER=arm-none-eabi-gcc" "ASSEMBLER=arm-none-eabi-as"
TRACE::2026-01-09.09:29:40::SCWBDomain:: "ARCHIVER=arm-none-eabi-ar" "COMPILER_FLAGS=  -O2 -c" "EXTRA_COMPILER_FLAGS=-mcpu=cortex-a9 -mfpu=vfpv3 -mfloat-abi=hard -nost
TRACE::2026-01-09.09:29:40::SCWBDomain::artfiles -g -Wall -Wextra -fno-tree-loop-distribute-patterns"

TRACE::2026-01-09.09:29:40::SCWBDomain::"Running Make include in ps7_cortexa9_0/libsrc/scugic_v4_6/src"

TRACE::2026-01-09.09:29:40::SCWBDomain::make -C ps7_cortexa9_0/libsrc/iicps_v3_14/src -s include  "SHELL=CMD" "COMPILER=arm-none-eabi-gcc" "ASSEMBLER=arm-none-eabi-as"
TRACE::2026-01-09.09:29:40::SCWBDomain:: "ARCHIVER=arm-none-eabi-ar" "COMPILER_FLAGS=  -O2 -c" "EXTRA_COMPILER_FLAGS=-mcpu=cortex-a9 -mfpu=vfpv3 -mfloat-abi=hard -nost
TRACE::2026-01-09.09:29:40::SCWBDomain::artfiles -g -Wall -Wextra -fno-tree-loop-distribute-patterns"

TRACE::2026-01-09.09:29:40::SCWBDomain::"Running Make include in ps7_cortexa9_0/libsrc/scutimer_v2_3/src"

TRACE::2026-01-09.09:29:40::SCWBDomain::"Running Make include in ps7_cortexa9_0/libsrc/scuwdt_v2_4/src"

TRACE::2026-01-09.09:29:40::SCWBDomain::"Running Make include in ps7_cortexa9_0/libsrc/sdps_v3_13/src"

TRACE::2026-01-09.09:29:40::SCWBDomain::"Running Make include in ps7_cortexa9_0/libsrc/standalone_v7_6/src"

TRACE::2026-01-09.09:29:40::SCWBDomain::"Running Make include in ps7_cortexa9_0/libsrc/ttcps_v3_14/src"

TRACE::2026-01-09.09:29:40::SCWBDomain::"Running Make include in ps7_cortexa9_0/libsrc/uartps_v3_11/src"

TRACE::2026-01-09.09:29:40::SCWBDomain::"Running Make include in ps7_cortexa9_0/libsrc/usbps_v2_7/src"

TRACE::2026-01-09.09:29:40::SCWBDomain::"Running Make include in ps7_cortexa9_0/libsrc/xadcps_v2_6/src"

TRACE::2026-01-09.09:29:40::SCWBDomain::make -C ps7_cortexa9_0/libsrc/qspips_v3_9/src -s include  "SHELL=CMD" "COMPILER=arm-none-eabi-gcc" "ASSEMBLER=arm-none-eabi-as"
TRACE::2026-01-09.09:29:40::SCWBDomain:: "ARCHIVER=arm-none-eabi-ar" "COMPILER_FLAGS=  -O2 -c" "EXTRA_COMPILER_FLAGS=-mcpu=cortex-a9 -mfpu=vfpv3 -mfloat-abi=hard -nost
TRACE::2026-01-09.09:29:40::SCWBDomain::artfiles -g -Wall -Wextra -fno-tree-loop-distribute-patterns"

TRACE::2026-01-09.09:29:40::SCWBDomain::make -C ps7_cortexa9_0/libsrc/scugic_v4_6/src -s include  "SHELL=CMD" "COMPILER=arm-none-eabi-gcc" "ASSEMBLER=arm-none-eabi-as"
TRACE::2026-01-09.09:29:40::SCWBDomain:: "ARCHIVER=arm-none-eabi-ar" "COMPILER_FLAGS=  -O2 -c" "EXTRA_COMPILER_FLAGS=-mcpu=cortex-a9 -mfpu=vfpv3 -mfloat-abi=hard -nost
TRACE::2026-01-09.09:29:40::SCWBDomain::artfiles -g -Wall -Wextra -fno-tree-loop-distribute-patterns"

TRACE::2026-01-09.09:29:40::SCWBDomain::make -C ps7_cortexa9_0/libsrc/scutimer_v2_3/src -s include  "SHELL=CMD" "COMPILER=arm-none-eabi-gcc" "ASSEMBLER=arm-none-eabi-a
TRACE::2026-01-09.09:29:40::SCWBDomain::s" "ARCHIVER=arm-none-eabi-ar" "COMPILER_FLAGS=  -O2 -c" "EXTRA_COMPILER_FLAGS=-mcpu=cortex-a9 -mfpu=vfpv3 -mfloat-abi=hard -no
TRACE::2026-01-09.09:29:40::SCWBDomain::startfiles -g -Wall -Wextra -fno-tree-loop-distribute-patterns"

TRACE::2026-01-09.09:29:40::SCWBDomain::make -C ps7_cortexa9_0/libsrc/scuwdt_v2_4/src -s include  "SHELL=CMD" "COMPILER=arm-none-eabi-gcc" "ASSEMBLER=arm-none-eabi-as"
TRACE::2026-01-09.09:29:40::SCWBDomain:: "ARCHIVER=arm-none-eabi-ar" "COMPILER_FLAGS=  -O2 -c" "EXTRA_COMPILER_FLAGS=-mcpu=cortex-a9 -mfpu=vfpv3 -mfloat-abi=hard -nost
TRACE::2026-01-09.09:29:40::SCWBDomain::artfiles -g -Wall -Wextra -fno-tree-loop-distribute-patterns"

TRACE::2026-01-09.09:29:40::SCWBDomain::make -C ps7_cortexa9_0/libsrc/sdps_v3_13/src -s include  "SHELL=CMD" "COMPILER=arm-none-eabi-gcc" "ASSEMBLER=arm-none-eabi-as" 
TRACE::2026-01-09.09:29:40::SCWBDomain::"ARCHIVER=arm-none-eabi-ar" "COMPILER_FLAGS=  -O2 -c" "EXTRA_COMPILER_FLAGS=-mcpu=cortex-a9 -mfpu=vfpv3 -mfloat-abi=hard -nosta
TRACE::2026-01-09.09:29:40::SCWBDomain::rtfiles -g -Wall -Wextra -fno-tree-loop-distribute-patterns"

TRACE::2026-01-09.09:29:40::SCWBDomain::make -C ps7_cortexa9_0/libsrc/standalone_v7_6/src -s include  "SHELL=CMD" "COMPILER=arm-none-eabi-gcc" "ASSEMBLER=arm-none-eabi
TRACE::2026-01-09.09:29:40::SCWBDomain::-as" "ARCHIVER=arm-none-eabi-ar" "COMPILER_FLAGS=  -O2 -c" "EXTRA_COMPILER_FLAGS=-mcpu=cortex-a9 -mfpu=vfpv3 -mfloat-abi=hard -
TRACE::2026-01-09.09:29:40::SCWBDomain::nostartfiles -g -Wall -Wextra -fno-tree-loop-distribute-patterns"

TRACE::2026-01-09.09:29:40::SCWBDomain::make -C ps7_cortexa9_0/libsrc/ttcps_v3_14/src -s include  "SHELL=CMD" "COMPILER=arm-none-eabi-gcc" "ASSEMBLER=arm-none-eabi-as"
TRACE::2026-01-09.09:29:40::SCWBDomain:: "ARCHIVER=arm-none-eabi-ar" "COMPILER_FLAGS=  -O2 -c" "EXTRA_COMPILER_FLAGS=-mcpu=cortex-a9 -mfpu=vfpv3 -mfloat-abi=hard -nost
TRACE::2026-01-09.09:29:40::SCWBDomain::artfiles -g -Wall -Wextra -fno-tree-loop-distribute-patterns"

TRACE::2026-01-09.09:29:40::SCWBDomain::make -C ps7_cortexa9_0/libsrc/uartps_v3_11/src -s include  "SHELL=CMD" "COMPILER=arm-none-eabi-gcc" "ASSEMBLER=arm-none-eabi-as
TRACE::2026-01-09.09:29:40::SCWBDomain::" "ARCHIVER=arm-none-eabi-ar" "COMPILER_FLAGS=  -O2 -c" "EXTRA_COMPILER_FLAGS=-mcpu=cortex-a9 -mfpu=vfpv3 -mfloat-abi=hard -nos
TRACE::2026-01-09.09:29:40::SCWBDomain::tartfiles -g -Wall -Wextra -fno-tree-loop-distribute-patterns"

TRACE::2026-01-09.09:29:40::SCWBDomain::make -C ps7_cortexa9_0/libsrc/usbps_v2_7/src -s include  "SHELL=CMD" "COMPILER=arm-none-eabi-gcc" "ASSEMBLER=arm-none-eabi-as" 
TRACE::2026-01-09.09:29:40::SCWBDomain::"ARCHIVER=arm-none-eabi-ar" "COMPILER_FLAGS=  -O2 -c" "EXTRA_COMPILER_FLAGS=-mcpu=cortex-a9 -mfpu=vfpv3 -mfloat-abi=hard -nosta
TRACE::2026-01-09.09:29:40::SCWBDomain::rtfiles -g -Wall -Wextra -fno-tree-loop-distribute-patterns"

TRACE::2026-01-09.09:29:40::SCWBDomain::make -C ps7_cortexa9_0/libsrc/xadcps_v2_6/src -s include  "SHELL=CMD" "COMPILER=arm-none-eabi-gcc" "ASSEMBLER=arm-none-eabi-as"
TRACE::2026-01-09.09:29:40::SCWBDomain:: "ARCHIVER=arm-none-eabi-ar" "COMPILER_FLAGS=  -O2 -c" "EXTRA_COMPILER_FLAGS=-mcpu=cortex-a9 -mfpu=vfpv3 -mfloat-abi=hard -nost
TRACE::2026-01-09.09:29:40::SCWBDomain::artfiles -g -Wall -Wextra -fno-tree-loop-distribute-patterns"

TRACE::2026-01-09.09:29:40::SCWBDomain::"Running Make include in ps7_cortexa9_0/libsrc/xilffs_v4_6/src"

TRACE::2026-01-09.09:29:40::SCWBDomain::"Running Make include in ps7_cortexa9_0/libsrc/xilrsa_v1_6/src"

TRACE::2026-01-09.09:29:40::SCWBDomain::make -C ps7_cortexa9_0/libsrc/xilffs_v4_6/src -s include  "SHELL=CMD" "COMPILER=arm-none-eabi-gcc" "ASSEMBLER=arm-none-eabi-as"
TRACE::2026-01-09.09:29:40::SCWBDomain:: "ARCHIVER=arm-none-eabi-ar" "COMPILER_FLAGS=  -O2 -c" "EXTRA_COMPILER_FLAGS=-mcpu=cortex-a9 -mfpu=vfpv3 -mfloat-abi=hard -nost
TRACE::2026-01-09.09:29:40::SCWBDomain::artfiles -g -Wall -Wextra -fno-tree-loop-distribute-patterns"

TRACE::2026-01-09.09:29:40::SCWBDomain::make -C ps7_cortexa9_0/libsrc/xilrsa_v1_6/src -s include  "SHELL=CMD" "COMPILER=arm-none-eabi-gcc" "ASSEMBLER=arm-none-eabi-as"
TRACE::2026-01-09.09:29:40::SCWBDomain:: "ARCHIVER=arm-none-eabi-ar" "COMPILER_FLAGS=  -O2 -c" "EXTRA_COMPILER_FLAGS=-mcpu=cortex-a9 -mfpu=vfpv3 -mfloat-abi=hard -nost
TRACE::2026-01-09.09:29:40::SCWBDomain::artfiles -g -Wall -Wextra -fno-tree-loop-distribute-patterns"

TRACE::2026-01-09.09:29:41::SCWBDomain::"Running Make libs in ps7_cortexa9_0/libsrc/axivdma_v6_10/src"

TRACE::2026-01-09.09:29:41::SCWBDomain::"Running Make libs in ps7_cortexa9_0/libsrc/coresightps_dcc_v1_8/src"

TRACE::2026-01-09.09:29:41::SCWBDomain::"Running Make libs in ps7_cortexa9_0/libsrc/cpu_cortexa9_v2_11/src"

TRACE::2026-01-09.09:29:41::SCWBDomain::"Running Make libs in ps7_cortexa9_0/libsrc/ddrps_v1_2/src"

TRACE::2026-01-09.09:29:41::SCWBDomain::"Running Make libs in ps7_cortexa9_0/libsrc/devcfg_v3_7/src"

TRACE::2026-01-09.09:29:41::SCWBDomain::make -C ps7_cortexa9_0/libsrc/axivdma_v6_10/src -s libs  "SHELL=CMD" "COMPILER=arm-none-eabi-gcc" "ASSEMBLER=arm-none-eabi-as" 
TRACE::2026-01-09.09:29:41::SCWBDomain::"ARCHIVER=arm-none-eabi-ar" "COMPILER_FLAGS=  -O2 -c" "EXTRA_COMPILER_FLAGS=-mcpu=cortex-a9 -mfpu=vfpv3 -mfloat-abi=hard -nosta
TRACE::2026-01-09.09:29:41::SCWBDomain::rtfiles -g -Wall -Wextra -fno-tree-loop-distribute-patterns"

TRACE::2026-01-09.09:29:41::SCWBDomain::make -C ps7_cortexa9_0/libsrc/coresightps_dcc_v1_8/src -s libs  "SHELL=CMD" "COMPILER=arm-none-eabi-gcc" "ASSEMBLER=arm-none-ea
TRACE::2026-01-09.09:29:41::SCWBDomain::bi-as" "ARCHIVER=arm-none-eabi-ar" "COMPILER_FLAGS=  -O2 -c" "EXTRA_COMPILER_FLAGS=-mcpu=cortex-a9 -mfpu=vfpv3 -mfloat-abi=hard
TRACE::2026-01-09.09:29:41::SCWBDomain:: -nostartfiles -g -Wall -Wextra -fno-tree-loop-distribute-patterns"

TRACE::2026-01-09.09:29:41::SCWBDomain::make -C ps7_cortexa9_0/libsrc/cpu_cortexa9_v2_11/src -s libs  "SHELL=CMD" "COMPILER=arm-none-eabi-gcc" "ASSEMBLER=arm-none-eabi
TRACE::2026-01-09.09:29:41::SCWBDomain::-as" "ARCHIVER=arm-none-eabi-ar" "COMPILER_FLAGS=  -O2 -c" "EXTRA_COMPILER_FLAGS=-mcpu=cortex-a9 -mfpu=vfpv3 -mfloat-abi=hard -
TRACE::2026-01-09.09:29:41::SCWBDomain::nostartfiles -g -Wall -Wextra -fno-tree-loop-distribute-patterns"

TRACE::2026-01-09.09:29:41::SCWBDomain::make -C ps7_cortexa9_0/libsrc/ddrps_v1_2/src -s libs  "SHELL=CMD" "COMPILER=arm-none-eabi-gcc" "ASSEMBLER=arm-none-eabi-as" "AR
TRACE::2026-01-09.09:29:41::SCWBDomain::CHIVER=arm-none-eabi-ar" "COMPILER_FLAGS=  -O2 -c" "EXTRA_COMPILER_FLAGS=-mcpu=cortex-a9 -mfpu=vfpv3 -mfloat-abi=hard -nostartf
TRACE::2026-01-09.09:29:41::SCWBDomain::iles -g -Wall -Wextra -fno-tree-loop-distribute-patterns"

TRACE::2026-01-09.09:29:41::SCWBDomain::make -C ps7_cortexa9_0/libsrc/devcfg_v3_7/src -s libs  "SHELL=CMD" "COMPILER=arm-none-eabi-gcc" "ASSEMBLER=arm-none-eabi-as" "A
TRACE::2026-01-09.09:29:41::SCWBDomain::RCHIVER=arm-none-eabi-ar" "COMPILER_FLAGS=  -O2 -c" "EXTRA_COMPILER_FLAGS=-mcpu=cortex-a9 -mfpu=vfpv3 -mfloat-abi=hard -nostart
TRACE::2026-01-09.09:29:41::SCWBDomain::files -g -Wall -Wextra -fno-tree-loop-distribute-patterns"

TRACE::2026-01-09.09:29:41::SCWBDomain::"Running Make libs in ps7_cortexa9_0/libsrc/dmaps_v2_8/src"

TRACE::2026-01-09.09:29:41::SCWBDomain::"Running Make libs in ps7_cortexa9_0/libsrc/emacps_v3_15/src"

TRACE::2026-01-09.09:29:41::SCWBDomain::"Running Make libs in ps7_cortexa9_0/libsrc/gpiops_v3_9/src"

TRACE::2026-01-09.09:29:41::SCWBDomain::make -C ps7_cortexa9_0/libsrc/dmaps_v2_8/src -s libs  "SHELL=CMD" "COMPILER=arm-none-eabi-gcc" "ASSEMBLER=arm-none-eabi-as" "AR
TRACE::2026-01-09.09:29:41::SCWBDomain::CHIVER=arm-none-eabi-ar" "COMPILER_FLAGS=  -O2 -c" "EXTRA_COMPILER_FLAGS=-mcpu=cortex-a9 -mfpu=vfpv3 -mfloat-abi=hard -nostartf
TRACE::2026-01-09.09:29:41::SCWBDomain::iles -g -Wall -Wextra -fno-tree-loop-distribute-patterns"

TRACE::2026-01-09.09:29:41::SCWBDomain::make -C ps7_cortexa9_0/libsrc/emacps_v3_15/src -s libs  "SHELL=CMD" "COMPILER=arm-none-eabi-gcc" "ASSEMBLER=arm-none-eabi-as" "
TRACE::2026-01-09.09:29:41::SCWBDomain::ARCHIVER=arm-none-eabi-ar" "COMPILER_FLAGS=  -O2 -c" "EXTRA_COMPILER_FLAGS=-mcpu=cortex-a9 -mfpu=vfpv3 -mfloat-abi=hard -nostar
TRACE::2026-01-09.09:29:41::SCWBDomain::tfiles -g -Wall -Wextra -fno-tree-loop-distribute-patterns"

TRACE::2026-01-09.09:29:41::SCWBDomain::make -C ps7_cortexa9_0/libsrc/gpiops_v3_9/src -s libs  "SHELL=CMD" "COMPILER=arm-none-eabi-gcc" "ASSEMBLER=arm-none-eabi-as" "A
TRACE::2026-01-09.09:29:41::SCWBDomain::RCHIVER=arm-none-eabi-ar" "COMPILER_FLAGS=  -O2 -c" "EXTRA_COMPILER_FLAGS=-mcpu=cortex-a9 -mfpu=vfpv3 -mfloat-abi=hard -nostart
TRACE::2026-01-09.09:29:41::SCWBDomain::files -g -Wall -Wextra -fno-tree-loop-distribute-patterns"

TRACE::2026-01-09.09:29:41::SCWBDomain::"Running Make libs in ps7_cortexa9_0/libsrc/iicps_v3_14/src"

TRACE::2026-01-09.09:29:41::SCWBDomain::"Running Make libs in ps7_cortexa9_0/libsrc/qspips_v3_9/src"

TRACE::2026-01-09.09:29:41::SCWBDomain::"Running Make libs in ps7_cortexa9_0/libsrc/scugic_v4_6/src"

TRACE::2026-01-09.09:29:41::SCWBDomain::make -C ps7_cortexa9_0/libsrc/iicps_v3_14/src -s libs  "SHELL=CMD" "COMPILER=arm-none-eabi-gcc" "ASSEMBLER=arm-none-eabi-as" "A
TRACE::2026-01-09.09:29:41::SCWBDomain::RCHIVER=arm-none-eabi-ar" "COMPILER_FLAGS=  -O2 -c" "EXTRA_COMPILER_FLAGS=-mcpu=cortex-a9 -mfpu=vfpv3 -mfloat-abi=hard -nostart
TRACE::2026-01-09.09:29:41::SCWBDomain::files -g -Wall -Wextra -fno-tree-loop-distribute-patterns"

TRACE::2026-01-09.09:29:42::SCWBDomain::"Running Make libs in ps7_cortexa9_0/libsrc/scutimer_v2_3/src"

TRACE::2026-01-09.09:29:42::SCWBDomain::make -C ps7_cortexa9_0/libsrc/qspips_v3_9/src -s libs  "SHELL=CMD" "COMPILER=arm-none-eabi-gcc" "ASSEMBLER=arm-none-eabi-as" "A
TRACE::2026-01-09.09:29:42::SCWBDomain::RCHIVER=arm-none-eabi-ar" "COMPILER_FLAGS=  -O2 -c" "EXTRA_COMPILER_FLAGS=-mcpu=cortex-a9 -mfpu=vfpv3 -mfloat-abi=hard -nostart
TRACE::2026-01-09.09:29:42::SCWBDomain::files -g -Wall -Wextra -fno-tree-loop-distribute-patterns"

TRACE::2026-01-09.09:29:42::SCWBDomain::make -C ps7_cortexa9_0/libsrc/scugic_v4_6/src -s libs  "SHELL=CMD" "COMPILER=arm-none-eabi-gcc" "ASSEMBLER=arm-none-eabi-as" "A
TRACE::2026-01-09.09:29:42::SCWBDomain::RCHIVER=arm-none-eabi-ar" "COMPILER_FLAGS=  -O2 -c" "EXTRA_COMPILER_FLAGS=-mcpu=cortex-a9 -mfpu=vfpv3 -mfloat-abi=hard -nostart
TRACE::2026-01-09.09:29:42::SCWBDomain::files -g -Wall -Wextra -fno-tree-loop-distribute-patterns"

TRACE::2026-01-09.09:29:42::SCWBDomain::"Running Make libs in ps7_cortexa9_0/libsrc/scuwdt_v2_4/src"

TRACE::2026-01-09.09:29:42::SCWBDomain::"Running Make libs in ps7_cortexa9_0/libsrc/sdps_v3_13/src"

TRACE::2026-01-09.09:29:42::SCWBDomain::"Running Make libs in ps7_cortexa9_0/libsrc/standalone_v7_6/src"

TRACE::2026-01-09.09:29:42::SCWBDomain::"Running Make libs in ps7_cortexa9_0/libsrc/ttcps_v3_14/src"

TRACE::2026-01-09.09:29:42::SCWBDomain::"Running Make libs in ps7_cortexa9_0/libsrc/uartps_v3_11/src"

TRACE::2026-01-09.09:29:42::SCWBDomain::"Running Make libs in ps7_cortexa9_0/libsrc/usbps_v2_7/src"

TRACE::2026-01-09.09:29:42::SCWBDomain::"Running Make libs in ps7_cortexa9_0/libsrc/xadcps_v2_6/src"

TRACE::2026-01-09.09:29:42::SCWBDomain::"Running Make libs in ps7_cortexa9_0/libsrc/xilffs_v4_6/src"

TRACE::2026-01-09.09:29:42::SCWBDomain::make -C ps7_cortexa9_0/libsrc/scutimer_v2_3/src -s libs  "SHELL=CMD" "COMPILER=arm-none-eabi-gcc" "ASSEMBLER=arm-none-eabi-as" 
TRACE::2026-01-09.09:29:42::SCWBDomain::"ARCHIVER=arm-none-eabi-ar" "COMPILER_FLAGS=  -O2 -c" "EXTRA_COMPILER_FLAGS=-mcpu=cortex-a9 -mfpu=vfpv3 -mfloat-abi=hard -nosta
TRACE::2026-01-09.09:29:42::SCWBDomain::rtfiles -g -Wall -Wextra -fno-tree-loop-distribute-patterns"

TRACE::2026-01-09.09:29:42::SCWBDomain::make -C ps7_cortexa9_0/libsrc/scuwdt_v2_4/src -s libs  "SHELL=CMD" "COMPILER=arm-none-eabi-gcc" "ASSEMBLER=arm-none-eabi-as" "A
TRACE::2026-01-09.09:29:42::SCWBDomain::RCHIVER=arm-none-eabi-ar" "COMPILER_FLAGS=  -O2 -c" "EXTRA_COMPILER_FLAGS=-mcpu=cortex-a9 -mfpu=vfpv3 -mfloat-abi=hard -nostart
TRACE::2026-01-09.09:29:42::SCWBDomain::files -g -Wall -Wextra -fno-tree-loop-distribute-patterns"

TRACE::2026-01-09.09:29:42::SCWBDomain::make -C ps7_cortexa9_0/libsrc/sdps_v3_13/src -s libs  "SHELL=CMD" "COMPILER=arm-none-eabi-gcc" "ASSEMBLER=arm-none-eabi-as" "AR
TRACE::2026-01-09.09:29:42::SCWBDomain::CHIVER=arm-none-eabi-ar" "COMPILER_FLAGS=  -O2 -c" "EXTRA_COMPILER_FLAGS=-mcpu=cortex-a9 -mfpu=vfpv3 -mfloat-abi=hard -nostartf
TRACE::2026-01-09.09:29:42::SCWBDomain::iles -g -Wall -Wextra -fno-tree-loop-distribute-patterns"

TRACE::2026-01-09.09:29:42::SCWBDomain::make -C ps7_cortexa9_0/libsrc/standalone_v7_6/src -s libs  "SHELL=CMD" "COMPILER=arm-none-eabi-gcc" "ASSEMBLER=arm-none-eabi-as
TRACE::2026-01-09.09:29:42::SCWBDomain::" "ARCHIVER=arm-none-eabi-ar" "COMPILER_FLAGS=  -O2 -c" "EXTRA_COMPILER_FLAGS=-mcpu=cortex-a9 -mfpu=vfpv3 -mfloat-abi=hard -nos
TRACE::2026-01-09.09:29:42::SCWBDomain::tartfiles -g -Wall -Wextra -fno-tree-loop-distribute-patterns"

TRACE::2026-01-09.09:29:42::SCWBDomain::make -C ps7_cortexa9_0/libsrc/ttcps_v3_14/src -s libs  "SHELL=CMD" "COMPILER=arm-none-eabi-gcc" "ASSEMBLER=arm-none-eabi-as" "A
TRACE::2026-01-09.09:29:42::SCWBDomain::RCHIVER=arm-none-eabi-ar" "COMPILER_FLAGS=  -O2 -c" "EXTRA_COMPILER_FLAGS=-mcpu=cortex-a9 -mfpu=vfpv3 -mfloat-abi=hard -nostart
TRACE::2026-01-09.09:29:42::SCWBDomain::files -g -Wall -Wextra -fno-tree-loop-distribute-patterns"

TRACE::2026-01-09.09:29:42::SCWBDomain::make -C ps7_cortexa9_0/libsrc/uartps_v3_11/src -s libs  "SHELL=CMD" "COMPILER=arm-none-eabi-gcc" "ASSEMBLER=arm-none-eabi-as" "
TRACE::2026-01-09.09:29:42::SCWBDomain::ARCHIVER=arm-none-eabi-ar" "COMPILER_FLAGS=  -O2 -c" "EXTRA_COMPILER_FLAGS=-mcpu=cortex-a9 -mfpu=vfpv3 -mfloat-abi=hard -nostar
TRACE::2026-01-09.09:29:42::SCWBDomain::tfiles -g -Wall -Wextra -fno-tree-loop-distribute-patterns"

TRACE::2026-01-09.09:29:42::SCWBDomain::make -C ps7_cortexa9_0/libsrc/usbps_v2_7/src -s libs  "SHELL=CMD" "COMPILER=arm-none-eabi-gcc" "ASSEMBLER=arm-none-eabi-as" "AR
TRACE::2026-01-09.09:29:42::SCWBDomain::CHIVER=arm-none-eabi-ar" "COMPILER_FLAGS=  -O2 -c" "EXTRA_COMPILER_FLAGS=-mcpu=cortex-a9 -mfpu=vfpv3 -mfloat-abi=hard -nostartf
TRACE::2026-01-09.09:29:42::SCWBDomain::iles -g -Wall -Wextra -fno-tree-loop-distribute-patterns"

TRACE::2026-01-09.09:29:42::SCWBDomain::make -C ps7_cortexa9_0/libsrc/xilffs_v4_6/src -s libs  "SHELL=CMD" "COMPILER=arm-none-eabi-gcc" "ASSEMBLER=arm-none-eabi-as" "A
TRACE::2026-01-09.09:29:42::SCWBDomain::RCHIVER=arm-none-eabi-ar" "COMPILER_FLAGS=  -O2 -c" "EXTRA_COMPILER_FLAGS=-mcpu=cortex-a9 -mfpu=vfpv3 -mfloat-abi=hard -nostart
TRACE::2026-01-09.09:29:42::SCWBDomain::files -g -Wall -Wextra -fno-tree-loop-distribute-patterns"

TRACE::2026-01-09.09:29:42::SCWBDomain::make -C ps7_cortexa9_0/libsrc/xadcps_v2_6/src -s libs  "SHELL=CMD" "COMPILER=arm-none-eabi-gcc" "ASSEMBLER=arm-none-eabi-as" "A
TRACE::2026-01-09.09:29:42::SCWBDomain::RCHIVER=arm-none-eabi-ar" "COMPILER_FLAGS=  -O2 -c" "EXTRA_COMPILER_FLAGS=-mcpu=cortex-a9 -mfpu=vfpv3 -mfloat-abi=hard -nostart
TRACE::2026-01-09.09:29:42::SCWBDomain::files -g -Wall -Wextra -fno-tree-loop-distribute-patterns"

TRACE::2026-01-09.09:29:43::SCWBDomain::'Finished building libraries parallelly.'

TRACE::2026-01-09.09:29:43::SCWBDomain::make --no-print-directory archive

TRACE::2026-01-09.09:29:43::SCWBDomain::arm-none-eabi-ar -r  ps7_cortexa9_0/lib/libxil.a ps7_cortexa9_0/lib/xadcps_selftest.o ps7_cortexa9_0/lib/xplatform_info.o ps7_c
TRACE::2026-01-09.09:29:43::SCWBDomain::ortexa9_0/lib/xil_mem.o ps7_cortexa9_0/lib/_exit.o ps7_cortexa9_0/lib/xusbps_sinit.o ps7_cortexa9_0/lib/xdevcfg_hw.o ps7_cortex
TRACE::2026-01-09.09:29:43::SCWBDomain::a9_0/lib/xil_sleeptimer.o ps7_cortexa9_0/lib/xqspips_options.o ps7_cortexa9_0/lib/xdmaps_g.o ps7_cortexa9_0/lib/xscutimer_g.o p
TRACE::2026-01-09.09:29:43::SCWBDomain::s7_cortexa9_0/lib/xsdps_options.o ps7_cortexa9_0/lib/xil_misc_psreset_api.o ps7_cortexa9_0/lib/xdmaps_sinit.o ps7_cortexa9_0/li
TRACE::2026-01-09.09:29:43::SCWBDomain::b/xscutimer_sinit.o ps7_cortexa9_0/lib/xemacps_hw.o ps7_cortexa9_0/lib/inbyte.o ps7_cortexa9_0/lib/xdmaps_selftest.o ps7_cortex
TRACE::2026-01-09.09:29:43::SCWBDomain::a9_0/lib/xscutimer_selftest.o ps7_cortexa9_0/lib/putnum.o ps7_cortexa9_0/lib/xttcps_selftest.o ps7_cortexa9_0/lib/xqspips_hw.o 
TRACE::2026-01-09.09:29:43::SCWBDomain::ps7_cortexa9_0/lib/xgpiops_g.o ps7_cortexa9_0/lib/xsdps.o ps7_cortexa9_0/lib/close.o ps7_cortexa9_0/lib/xemacps_g.o ps7_cortexa
TRACE::2026-01-09.09:29:43::SCWBDomain::9_0/lib/xgpiops_sinit.o ps7_cortexa9_0/lib/xgpiops_selftest.o ps7_cortexa9_0/lib/xscuwdt.o ps7_cortexa9_0/lib/xaxivdma_g.o ps7_
TRACE::2026-01-09.09:29:43::SCWBDomain::cortexa9_0/lib/xil_clocking.o ps7_cortexa9_0/lib/xiicps_intr.o ps7_cortexa9_0/lib/xaxivdma_sinit.o ps7_cortexa9_0/lib/xuartps_s
TRACE::2026-01-09.09:29:43::SCWBDomain::init.o ps7_cortexa9_0/lib/time.o ps7_cortexa9_0/lib/xaxivdma_selftest.o ps7_cortexa9_0/lib/xiicps_slave.o ps7_cortexa9_0/lib/xi
TRACE::2026-01-09.09:29:43::SCWBDomain::l_printf.o ps7_cortexa9_0/lib/kill.o ps7_cortexa9_0/lib/xadcps.o ps7_cortexa9_0/lib/xiicps_options.o ps7_cortexa9_0/lib/xuartps
TRACE::2026-01-09.09:29:43::SCWBDomain::_selftest.o ps7_cortexa9_0/lib/xuartps_g.o ps7_cortexa9_0/lib/lseek.o ps7_cortexa9_0/lib/xgpiops.o ps7_cortexa9_0/lib/xl2cc_cou
TRACE::2026-01-09.09:29:43::SCWBDomain::nter.o ps7_cortexa9_0/lib/xiicps_hw.o ps7_cortexa9_0/lib/asm_vectors.o ps7_cortexa9_0/lib/usleep.o ps7_cortexa9_0/lib/abort.o p
TRACE::2026-01-09.09:29:43::SCWBDomain::s7_cortexa9_0/lib/xscugic_intr.o ps7_cortexa9_0/lib/getpid.o ps7_cortexa9_0/lib/xiicps_selftest.o ps7_cortexa9_0/lib/xil_testca
TRACE::2026-01-09.09:29:43::SCWBDomain::che.o ps7_cortexa9_0/lib/xdevcfg_sinit.o ps7_cortexa9_0/lib/xdmaps.o ps7_cortexa9_0/lib/xscutimer.o ps7_cortexa9_0/lib/xdevcfg_
TRACE::2026-01-09.09:29:43::SCWBDomain::selftest.o ps7_cortexa9_0/lib/xttcps.o ps7_cortexa9_0/lib/xpm_counter.o ps7_cortexa9_0/lib/xiicps.o ps7_cortexa9_0/lib/_sbrk.o 
TRACE::2026-01-09.09:29:43::SCWBDomain::ps7_cortexa9_0/lib/xiicps_master.o ps7_cortexa9_0/lib/xqspips_g.o ps7_cortexa9_0/lib/xemacps_bdring.o ps7_cortexa9_0/lib/xusbps
TRACE::2026-01-09.09:29:43::SCWBDomain::_endpoint.o ps7_cortexa9_0/lib/xusbps_g.o ps7_cortexa9_0/lib/xsdps_sinit.o ps7_cortexa9_0/lib/xqspips_selftest.o ps7_cortexa9_0
TRACE::2026-01-09.09:29:43::SCWBDomain::/lib/xil_exception.o ps7_cortexa9_0/lib/sbrk.o ps7_cortexa9_0/lib/xil_testmem.o ps7_cortexa9_0/lib/xaxivdma.o ps7_cortexa9_0/li
TRACE::2026-01-09.09:29:43::SCWBDomain::b/xemacps_control.o ps7_cortexa9_0/lib/open.o ps7_cortexa9_0/lib/xil_assert.o ps7_cortexa9_0/lib/xaxivdma_intr.o ps7_cortexa9_0
TRACE::2026-01-09.09:29:43::SCWBDomain::/lib/xusbps_intr.o ps7_cortexa9_0/lib/xsdps_host.o ps7_cortexa9_0/lib/xcoresightpsdcc.o ps7_cortexa9_0/lib/xiicps_xfer.o ps7_co
TRACE::2026-01-09.09:29:43::SCWBDomain::rtexa9_0/lib/xscugic_hw.o ps7_cortexa9_0/lib/sleep.o ps7_cortexa9_0/lib/cpputest_time.o ps7_cortexa9_0/lib/_open.o ps7_cortexa9
TRACE::2026-01-09.09:29:43::SCWBDomain::_0/lib/xttcps_options.o ps7_cortexa9_0/lib/print.o ps7_cortexa9_0/lib/read.o ps7_cortexa9_0/lib/xdevcfg.o ps7_cortexa9_0/lib/xa
TRACE::2026-01-09.09:29:43::SCWBDomain::dcps_intr.o ps7_cortexa9_0/lib/xqspips.o ps7_cortexa9_0/lib/xemacps.o ps7_cortexa9_0/lib/xil_cache.o ps7_cortexa9_0/lib/xil_tes
TRACE::2026-01-09.09:29:43::SCWBDomain::tio.o ps7_cortexa9_0/lib/unlink.o ps7_cortexa9_0/lib/xusbps.o ps7_cortexa9_0/lib/xil_spinlock.o ps7_cortexa9_0/lib/xiicps_g.o p
TRACE::2026-01-09.09:29:43::SCWBDomain::s7_cortexa9_0/lib/translation_table.o ps7_cortexa9_0/lib/xusbps_hw.o ps7_cortexa9_0/lib/write.o ps7_cortexa9_0/lib/xil_mmu.o ps
TRACE::2026-01-09.09:29:43::SCWBDomain::7_cortexa9_0/lib/boot.o ps7_cortexa9_0/lib/xaxivdma_channel.o ps7_cortexa9_0/lib/cpu_init.o ps7_cortexa9_0/lib/xil_sleepcommon.
TRACE::2026-01-09.09:29:43::SCWBDomain::o ps7_cortexa9_0/lib/xgpiops_intr.o ps7_cortexa9_0/lib/xscugic_sinit.o ps7_cortexa9_0/lib/fcntl.o ps7_cortexa9_0/lib/xdevcfg_g.
TRACE::2026-01-09.09:29:43::SCWBDomain::o ps7_cortexa9_0/lib/outbyte.o ps7_cortexa9_0/lib/xuartps_hw.o ps7_cortexa9_0/lib/xttcps_g.o ps7_cortexa9_0/lib/xtime_l.o ps7_c
TRACE::2026-01-09.09:29:43::SCWBDomain::ortexa9_0/lib/xemacps_sinit.o ps7_cortexa9_0/lib/xscugic_selftest.o ps7_cortexa9_0/lib/xil_util.o ps7_cortexa9_0/lib/xuartps_in
TRACE::2026-01-09.09:29:43::SCWBDomain::tr.o ps7_cortexa9_0/lib/xuartps.o ps7_cortexa9_0/lib/xsdps_card.o ps7_cortexa9_0/lib/xdmaps_hw.o ps7_cortexa9_0/lib/xttcps_sini
TRACE::2026-01-09.09:29:43::SCWBDomain::t.o ps7_cortexa9_0/lib/xgpiops_hw.o ps7_cortexa9_0/lib/xsdps_g.o ps7_cortexa9_0/lib/fstat.o ps7_cortexa9_0/lib/errno.o ps7_cort
TRACE::2026-01-09.09:29:43::SCWBDomain::exa9_0/lib/xdevcfg_intr.o ps7_cortexa9_0/lib/xuartps_options.o ps7_cortexa9_0/lib/vectors.o ps7_cortexa9_0/lib/xscuwdt_g.o ps7_
TRACE::2026-01-09.09:29:43::SCWBDomain::cortexa9_0/lib/xscuwdt_sinit.o ps7_cortexa9_0/lib/xemacps_intr.o ps7_cortexa9_0/lib/xscuwdt_selftest.o ps7_cortexa9_0/lib/xscug
TRACE::2026-01-09.09:29:43::SCWBDomain::ic_g.o ps7_cortexa9_0/lib/isatty.o ps7_cortexa9_0/lib/xil-crt0.o ps7_cortexa9_0/lib/xscugic.o ps7_cortexa9_0/lib/xiicps_sinit.o
TRACE::2026-01-09.09:29:43::SCWBDomain:: ps7_cortexa9_0/lib/xadcps_g.o ps7_cortexa9_0/lib/xqspips_sinit.o ps7_cortexa9_0/lib/xadcps_sinit.o

TRACE::2026-01-09.09:29:47::SCWBDomain::'Finished building libraries'

TRACE::2026-01-09.09:29:47::SCWBDomain::make: Leaving directory 'H:/test/two/fpga_arm/vitis/zc706_md/zynq_fsbl/zynq_fsbl_bsp'

TRACE::2026-01-09.09:29:47::SCWBDomain::arm-none-eabi-gcc -o fsbl.elf fsbl_handoff.o fsbl_hooks.o image_mover.o main.o md5.o nand.o nor.o pcap.o ps7_init.o qspi.o rsa.
TRACE::2026-01-09.09:29:47::SCWBDomain::o sd.o -MMD -MP       -mcpu=cortex-a9 -mfpu=vfpv3 -mfloat-abi=hard   -mcpu=cortex-a9 -mfpu=vfpv3 -mfloat-abi=hard -Wl,-build-id
TRACE::2026-01-09.09:29:47::SCWBDomain::=none -specs=Xilinx.spec  -lrsa -Wl,--start-group,-lxil,-lgcc,-lc,--end-group -Wl,--start-group,-lxilffs,-lxil,-lgcc,-lc,--end-
TRACE::2026-01-09.09:29:47::SCWBDomain::group -Wl,--start-group,-lrsa,-lxil,-lgcc,-lc,--end-group                                      -Wl,--gc-sections -Lzynq_fsbl_bs
TRACE::2026-01-09.09:29:47::SCWBDomain::p/ps7_cortexa9_0/lib -L./ -Tlscript.ld

LOG::2026-01-09.09:29:49::SCWSystem::Checking the domain standalone_ps7_cortexa9_0
LOG::2026-01-09.09:29:49::SCWSystem::Not a boot domain 
LOG::2026-01-09.09:29:49::SCWSystem::Started Processing the domain standalone_ps7_cortexa9_0
TRACE::2026-01-09.09:29:49::SCWDomain::Generating domain artifcats
TRACE::2026-01-09.09:29:49::SCWMssOS::Generating standalone artifcats
TRACE::2026-01-09.09:29:49::SCWMssOS::Copying the qemu file from  E:/xilinx/Vitis/2021.2/data/emulation/platforms/zynq/sw/a9_standalone/qemu/qemu_args.txt To H:/test/two/fpga_arm/vitis/zc706_md/export/zc706_md/sw/zc706_md/qemu/
TRACE::2026-01-09.09:29:49::SCWMssOS::Copying the qemu file from  E:/xilinx/Vitis/2021.2/data/emulation/platforms/zynq/sw/a9_standalone/qemu/qemu_args.txt To H:/test/two/fpga_arm/vitis/zc706_md/export/zc706_md/sw/zc706_md/standalone_ps7_cortexa9_0/qemu/
TRACE::2026-01-09.09:29:49::SCWMssOS:: Copying the user libraries. 
TRACE::2026-01-09.09:29:49::SCWPlatform::Trying to open the hw design at H:/test/two/fpga_arm/vitis/zc706_md/hw/design_1_wrapper.xsa
TRACE::2026-01-09.09:29:49::SCWPlatform::DSA given H:/test/two/fpga_arm/vitis/zc706_md/hw/design_1_wrapper.xsa
TRACE::2026-01-09.09:29:49::SCWPlatform::DSA absoulate path H:/test/two/fpga_arm/vitis/zc706_md/hw/design_1_wrapper.xsa
TRACE::2026-01-09.09:29:49::SCWPlatform::DSA directory H:/test/two/fpga_arm/vitis/zc706_md/hw
TRACE::2026-01-09.09:29:49::SCWPlatform:: Platform Path H:/test/two/fpga_arm/vitis/zc706_md/hw/design_1_wrapper.xsa
TRACE::2026-01-09.09:29:49::SCWPlatform:: Unique name xilinx:zc706::0.0
TRACE::2026-01-09.09:29:49::SCWPlatform::Trying to set the existing hwdb with name design_1_wrapper
TRACE::2026-01-09.09:29:49::SCWPlatform::Opened existing hwdb design_1_wrapper
TRACE::2026-01-09.09:29:49::SCWPlatform::Found the Hw Db part of the input DSA
TRACE::2026-01-09.09:29:49::SCWMssOS::Checking the sw design at  H:/test/two/fpga_arm/vitis/zc706_md/ps7_cortexa9_0/standalone_ps7_cortexa9_0/bsp/system.mss
TRACE::2026-01-09.09:29:49::SCWMssOS::DEBUG:  swdes dump  H:/test/two/fpga_arm/vitis/zc706_md/ps7_cortexa9_0/standalone_ps7_cortexa9_0/bsp/system.mss|system_0||
H:/test/two/fpga_arm/vitis/zc706_md/zynq_fsbl/zynq_fsbl_bsp/system.mss|system||

TRACE::2026-01-09.09:29:49::SCWMssOS::Sw design exists and opened at  H:/test/two/fpga_arm/vitis/zc706_md/ps7_cortexa9_0/standalone_ps7_cortexa9_0/bsp/system.mss
TRACE::2026-01-09.09:29:49::SCWMssOS::Completed writing the mss file at H:/test/two/fpga_arm/vitis/zc706_md/ps7_cortexa9_0/standalone_ps7_cortexa9_0/bsp
TRACE::2026-01-09.09:29:49::SCWMssOS::Mss edits present, copying mssfile into export location H:/test/two/fpga_arm/vitis/zc706_md/ps7_cortexa9_0/standalone_ps7_cortexa9_0/bsp/system.mss
TRACE::2026-01-09.09:29:49::SCWMssOS::bsp generated is upto date with the mss file. Skipping bsp generation.
TRACE::2026-01-09.09:29:49::SCWMssOS::BSP is already built. skipping the bsp build ... 
TRACE::2026-01-09.09:29:49::SCWDomain::Building the domain as part of full build :  standalone_ps7_cortexa9_0
TRACE::2026-01-09.09:29:49::SCWMssOS::doing bsp build ... 
TRACE::2026-01-09.09:29:49::SCWMssOS::System Command Ran  H: & cd  H:/test/two/fpga_arm/vitis/zc706_md/ps7_cortexa9_0/standalone_ps7_cortexa9_0/bsp & make 
TRACE::2026-01-09.09:29:49::SCWMssOS::make --no-print-directory seq_libs

TRACE::2026-01-09.09:29:49::SCWMssOS::"Running Make include in ps7_cortexa9_0/libsrc/axivdma_v6_10/src"

TRACE::2026-01-09.09:29:50::SCWMssOS::make -C ps7_cortexa9_0/libsrc/axivdma_v6_10/src -s include  "SHELL=CMD" "COMPILER=arm-none-eabi-gcc" "ASSEMBLER=arm-none-eabi-a
TRACE::2026-01-09.09:29:50::SCWMssOS::s" "ARCHIVER=arm-none-eabi-ar" "COMPILER_FLAGS=  -O2 -c" "EXTRA_COMPILER_FLAGS=-mcpu=cortex-a9 -mfpu=vfpv3 -mfloat-abi=hard -no
TRACE::2026-01-09.09:29:50::SCWMssOS::startfiles -g -Wall -Wextra -fno-tree-loop-distribute-patterns"

TRACE::2026-01-09.09:29:50::SCWMssOS::"Running Make include in ps7_cortexa9_0/libsrc/coresightps_dcc_v1_8/src"

TRACE::2026-01-09.09:29:50::SCWMssOS::make -C ps7_cortexa9_0/libsrc/coresightps_dcc_v1_8/src -s include  "SHELL=CMD" "COMPILER=arm-none-eabi-gcc" "ASSEMBLER=arm-none
TRACE::2026-01-09.09:29:50::SCWMssOS::-eabi-as" "ARCHIVER=arm-none-eabi-ar" "COMPILER_FLAGS=  -O2 -c" "EXTRA_COMPILER_FLAGS=-mcpu=cortex-a9 -mfpu=vfpv3 -mfloat-abi=h
TRACE::2026-01-09.09:29:50::SCWMssOS::ard -nostartfiles -g -Wall -Wextra -fno-tree-loop-distribute-patterns"

TRACE::2026-01-09.09:29:50::SCWMssOS::"Running Make include in ps7_cortexa9_0/libsrc/cpu_cortexa9_v2_11/src"

TRACE::2026-01-09.09:29:50::SCWMssOS::make -C ps7_cortexa9_0/libsrc/cpu_cortexa9_v2_11/src -s include  "SHELL=CMD" "COMPILER=arm-none-eabi-gcc" "ASSEMBLER=arm-none-e
TRACE::2026-01-09.09:29:50::SCWMssOS::abi-as" "ARCHIVER=arm-none-eabi-ar" "COMPILER_FLAGS=  -O2 -c" "EXTRA_COMPILER_FLAGS=-mcpu=cortex-a9 -mfpu=vfpv3 -mfloat-abi=har
TRACE::2026-01-09.09:29:50::SCWMssOS::d -nostartfiles -g -Wall -Wextra -fno-tree-loop-distribute-patterns"

TRACE::2026-01-09.09:29:50::SCWMssOS::"Running Make include in ps7_cortexa9_0/libsrc/ddrps_v1_2/src"

TRACE::2026-01-09.09:29:50::SCWMssOS::make -C ps7_cortexa9_0/libsrc/ddrps_v1_2/src -s include  "SHELL=CMD" "COMPILER=arm-none-eabi-gcc" "ASSEMBLER=arm-none-eabi-as" 
TRACE::2026-01-09.09:29:51::SCWMssOS::"ARCHIVER=arm-none-eabi-ar" "COMPILER_FLAGS=  -O2 -c" "EXTRA_COMPILER_FLAGS=-mcpu=cortex-a9 -mfpu=vfpv3 -mfloat-abi=hard -nosta
TRACE::2026-01-09.09:29:51::SCWMssOS::rtfiles -g -Wall -Wextra -fno-tree-loop-distribute-patterns"

TRACE::2026-01-09.09:29:51::SCWMssOS::"Running Make include in ps7_cortexa9_0/libsrc/devcfg_v3_7/src"

TRACE::2026-01-09.09:29:51::SCWMssOS::make -C ps7_cortexa9_0/libsrc/devcfg_v3_7/src -s include  "SHELL=CMD" "COMPILER=arm-none-eabi-gcc" "ASSEMBLER=arm-none-eabi-as"
TRACE::2026-01-09.09:29:51::SCWMssOS:: "ARCHIVER=arm-none-eabi-ar" "COMPILER_FLAGS=  -O2 -c" "EXTRA_COMPILER_FLAGS=-mcpu=cortex-a9 -mfpu=vfpv3 -mfloat-abi=hard -nost
TRACE::2026-01-09.09:29:51::SCWMssOS::artfiles -g -Wall -Wextra -fno-tree-loop-distribute-patterns"

TRACE::2026-01-09.09:29:52::SCWMssOS::"Running Make include in ps7_cortexa9_0/libsrc/dmaps_v2_8/src"

TRACE::2026-01-09.09:29:52::SCWMssOS::make -C ps7_cortexa9_0/libsrc/dmaps_v2_8/src -s include  "SHELL=CMD" "COMPILER=arm-none-eabi-gcc" "ASSEMBLER=arm-none-eabi-as" 
TRACE::2026-01-09.09:29:52::SCWMssOS::"ARCHIVER=arm-none-eabi-ar" "COMPILER_FLAGS=  -O2 -c" "EXTRA_COMPILER_FLAGS=-mcpu=cortex-a9 -mfpu=vfpv3 -mfloat-abi=hard -nosta
TRACE::2026-01-09.09:29:52::SCWMssOS::rtfiles -g -Wall -Wextra -fno-tree-loop-distribute-patterns"

TRACE::2026-01-09.09:29:52::SCWMssOS::"Running Make include in ps7_cortexa9_0/libsrc/emacps_v3_15/src"

TRACE::2026-01-09.09:29:52::SCWMssOS::make -C ps7_cortexa9_0/libsrc/emacps_v3_15/src -s include  "SHELL=CMD" "COMPILER=arm-none-eabi-gcc" "ASSEMBLER=arm-none-eabi-as
TRACE::2026-01-09.09:29:52::SCWMssOS::" "ARCHIVER=arm-none-eabi-ar" "COMPILER_FLAGS=  -O2 -c" "EXTRA_COMPILER_FLAGS=-mcpu=cortex-a9 -mfpu=vfpv3 -mfloat-abi=hard -nos
TRACE::2026-01-09.09:29:52::SCWMssOS::tartfiles -g -Wall -Wextra -fno-tree-loop-distribute-patterns"

TRACE::2026-01-09.09:29:52::SCWMssOS::"Running Make include in ps7_cortexa9_0/libsrc/gpiops_v3_9/src"

TRACE::2026-01-09.09:29:52::SCWMssOS::make -C ps7_cortexa9_0/libsrc/gpiops_v3_9/src -s include  "SHELL=CMD" "COMPILER=arm-none-eabi-gcc" "ASSEMBLER=arm-none-eabi-as"
TRACE::2026-01-09.09:29:52::SCWMssOS:: "ARCHIVER=arm-none-eabi-ar" "COMPILER_FLAGS=  -O2 -c" "EXTRA_COMPILER_FLAGS=-mcpu=cortex-a9 -mfpu=vfpv3 -mfloat-abi=hard -nost
TRACE::2026-01-09.09:29:52::SCWMssOS::artfiles -g -Wall -Wextra -fno-tree-loop-distribute-patterns"

TRACE::2026-01-09.09:29:52::SCWMssOS::"Running Make include in ps7_cortexa9_0/libsrc/iicps_v3_14/src"

TRACE::2026-01-09.09:29:52::SCWMssOS::make -C ps7_cortexa9_0/libsrc/iicps_v3_14/src -s include  "SHELL=CMD" "COMPILER=arm-none-eabi-gcc" "ASSEMBLER=arm-none-eabi-as"
TRACE::2026-01-09.09:29:52::SCWMssOS:: "ARCHIVER=arm-none-eabi-ar" "COMPILER_FLAGS=  -O2 -c" "EXTRA_COMPILER_FLAGS=-mcpu=cortex-a9 -mfpu=vfpv3 -mfloat-abi=hard -nost
TRACE::2026-01-09.09:29:52::SCWMssOS::artfiles -g -Wall -Wextra -fno-tree-loop-distribute-patterns"

TRACE::2026-01-09.09:29:53::SCWMssOS::"Running Make include in ps7_cortexa9_0/libsrc/lwip211_v1_6/src"

TRACE::2026-01-09.09:29:53::SCWMssOS::make -C ps7_cortexa9_0/libsrc/lwip211_v1_6/src -s include  "SHELL=CMD" "COMPILER=arm-none-eabi-gcc" "ASSEMBLER=arm-none-eabi-as
TRACE::2026-01-09.09:29:53::SCWMssOS::" "ARCHIVER=arm-none-eabi-ar" "COMPILER_FLAGS=  -O2 -c" "EXTRA_COMPILER_FLAGS=-mcpu=cortex-a9 -mfpu=vfpv3 -mfloat-abi=hard -nos
TRACE::2026-01-09.09:29:53::SCWMssOS::tartfiles -g -Wall -Wextra -fno-tree-loop-distribute-patterns"

TRACE::2026-01-09.09:30:00::SCWMssOS::"Running Make include in ps7_cortexa9_0/libsrc/qspips_v3_9/src"

TRACE::2026-01-09.09:30:00::SCWMssOS::make -C ps7_cortexa9_0/libsrc/qspips_v3_9/src -s include  "SHELL=CMD" "COMPILER=arm-none-eabi-gcc" "ASSEMBLER=arm-none-eabi-as"
TRACE::2026-01-09.09:30:00::SCWMssOS:: "ARCHIVER=arm-none-eabi-ar" "COMPILER_FLAGS=  -O2 -c" "EXTRA_COMPILER_FLAGS=-mcpu=cortex-a9 -mfpu=vfpv3 -mfloat-abi=hard -nost
TRACE::2026-01-09.09:30:00::SCWMssOS::artfiles -g -Wall -Wextra -fno-tree-loop-distribute-patterns"

TRACE::2026-01-09.09:30:00::SCWMssOS::"Running Make include in ps7_cortexa9_0/libsrc/scugic_v4_6/src"

TRACE::2026-01-09.09:30:01::SCWMssOS::make -C ps7_cortexa9_0/libsrc/scugic_v4_6/src -s include  "SHELL=CMD" "COMPILER=arm-none-eabi-gcc" "ASSEMBLER=arm-none-eabi-as"
TRACE::2026-01-09.09:30:01::SCWMssOS:: "ARCHIVER=arm-none-eabi-ar" "COMPILER_FLAGS=  -O2 -c" "EXTRA_COMPILER_FLAGS=-mcpu=cortex-a9 -mfpu=vfpv3 -mfloat-abi=hard -nost
TRACE::2026-01-09.09:30:01::SCWMssOS::artfiles -g -Wall -Wextra -fno-tree-loop-distribute-patterns"

TRACE::2026-01-09.09:30:01::SCWMssOS::"Running Make include in ps7_cortexa9_0/libsrc/scutimer_v2_3/src"

TRACE::2026-01-09.09:30:01::SCWMssOS::make -C ps7_cortexa9_0/libsrc/scutimer_v2_3/src -s include  "SHELL=CMD" "COMPILER=arm-none-eabi-gcc" "ASSEMBLER=arm-none-eabi-a
TRACE::2026-01-09.09:30:01::SCWMssOS::s" "ARCHIVER=arm-none-eabi-ar" "COMPILER_FLAGS=  -O2 -c" "EXTRA_COMPILER_FLAGS=-mcpu=cortex-a9 -mfpu=vfpv3 -mfloat-abi=hard -no
TRACE::2026-01-09.09:30:01::SCWMssOS::startfiles -g -Wall -Wextra -fno-tree-loop-distribute-patterns"

TRACE::2026-01-09.09:30:01::SCWMssOS::"Running Make include in ps7_cortexa9_0/libsrc/scuwdt_v2_4/src"

TRACE::2026-01-09.09:30:01::SCWMssOS::make -C ps7_cortexa9_0/libsrc/scuwdt_v2_4/src -s include  "SHELL=CMD" "COMPILER=arm-none-eabi-gcc" "ASSEMBLER=arm-none-eabi-as"
TRACE::2026-01-09.09:30:01::SCWMssOS:: "ARCHIVER=arm-none-eabi-ar" "COMPILER_FLAGS=  -O2 -c" "EXTRA_COMPILER_FLAGS=-mcpu=cortex-a9 -mfpu=vfpv3 -mfloat-abi=hard -nost
TRACE::2026-01-09.09:30:01::SCWMssOS::artfiles -g -Wall -Wextra -fno-tree-loop-distribute-patterns"

TRACE::2026-01-09.09:30:01::SCWMssOS::"Running Make include in ps7_cortexa9_0/libsrc/sdps_v3_13/src"

TRACE::2026-01-09.09:30:01::SCWMssOS::make -C ps7_cortexa9_0/libsrc/sdps_v3_13/src -s include  "SHELL=CMD" "COMPILER=arm-none-eabi-gcc" "ASSEMBLER=arm-none-eabi-as" 
TRACE::2026-01-09.09:30:01::SCWMssOS::"ARCHIVER=arm-none-eabi-ar" "COMPILER_FLAGS=  -O2 -c" "EXTRA_COMPILER_FLAGS=-mcpu=cortex-a9 -mfpu=vfpv3 -mfloat-abi=hard -nosta
TRACE::2026-01-09.09:30:01::SCWMssOS::rtfiles -g -Wall -Wextra -fno-tree-loop-distribute-patterns"

TRACE::2026-01-09.09:30:02::SCWMssOS::"Running Make include in ps7_cortexa9_0/libsrc/standalone_v7_6/src"

TRACE::2026-01-09.09:30:02::SCWMssOS::make -C ps7_cortexa9_0/libsrc/standalone_v7_6/src -s include  "SHELL=CMD" "COMPILER=arm-none-eabi-gcc" "ASSEMBLER=arm-none-eabi
TRACE::2026-01-09.09:30:02::SCWMssOS::-as" "ARCHIVER=arm-none-eabi-ar" "COMPILER_FLAGS=  -O2 -c" "EXTRA_COMPILER_FLAGS=-mcpu=cortex-a9 -mfpu=vfpv3 -mfloat-abi=hard -
TRACE::2026-01-09.09:30:02::SCWMssOS::nostartfiles -g -Wall -Wextra -fno-tree-loop-distribute-patterns"

TRACE::2026-01-09.09:30:02::SCWMssOS::"Running Make include in ps7_cortexa9_0/libsrc/ttcps_v3_14/src"

TRACE::2026-01-09.09:30:02::SCWMssOS::make -C ps7_cortexa9_0/libsrc/ttcps_v3_14/src -s include  "SHELL=CMD" "COMPILER=arm-none-eabi-gcc" "ASSEMBLER=arm-none-eabi-as"
TRACE::2026-01-09.09:30:02::SCWMssOS:: "ARCHIVER=arm-none-eabi-ar" "COMPILER_FLAGS=  -O2 -c" "EXTRA_COMPILER_FLAGS=-mcpu=cortex-a9 -mfpu=vfpv3 -mfloat-abi=hard -nost
TRACE::2026-01-09.09:30:02::SCWMssOS::artfiles -g -Wall -Wextra -fno-tree-loop-distribute-patterns"

TRACE::2026-01-09.09:30:03::SCWMssOS::"Running Make include in ps7_cortexa9_0/libsrc/uartps_v3_11/src"

TRACE::2026-01-09.09:30:03::SCWMssOS::make -C ps7_cortexa9_0/libsrc/uartps_v3_11/src -s include  "SHELL=CMD" "COMPILER=arm-none-eabi-gcc" "ASSEMBLER=arm-none-eabi-as
TRACE::2026-01-09.09:30:03::SCWMssOS::" "ARCHIVER=arm-none-eabi-ar" "COMPILER_FLAGS=  -O2 -c" "EXTRA_COMPILER_FLAGS=-mcpu=cortex-a9 -mfpu=vfpv3 -mfloat-abi=hard -nos
TRACE::2026-01-09.09:30:03::SCWMssOS::tartfiles -g -Wall -Wextra -fno-tree-loop-distribute-patterns"

TRACE::2026-01-09.09:30:03::SCWMssOS::"Running Make include in ps7_cortexa9_0/libsrc/usbps_v2_7/src"

TRACE::2026-01-09.09:30:04::SCWMssOS::make -C ps7_cortexa9_0/libsrc/usbps_v2_7/src -s include  "SHELL=CMD" "COMPILER=arm-none-eabi-gcc" "ASSEMBLER=arm-none-eabi-as" 
TRACE::2026-01-09.09:30:04::SCWMssOS::"ARCHIVER=arm-none-eabi-ar" "COMPILER_FLAGS=  -O2 -c" "EXTRA_COMPILER_FLAGS=-mcpu=cortex-a9 -mfpu=vfpv3 -mfloat-abi=hard -nosta
TRACE::2026-01-09.09:30:04::SCWMssOS::rtfiles -g -Wall -Wextra -fno-tree-loop-distribute-patterns"

TRACE::2026-01-09.09:30:04::SCWMssOS::"Running Make include in ps7_cortexa9_0/libsrc/xadcps_v2_6/src"

TRACE::2026-01-09.09:30:04::SCWMssOS::make -C ps7_cortexa9_0/libsrc/xadcps_v2_6/src -s include  "SHELL=CMD" "COMPILER=arm-none-eabi-gcc" "ASSEMBLER=arm-none-eabi-as"
TRACE::2026-01-09.09:30:04::SCWMssOS:: "ARCHIVER=arm-none-eabi-ar" "COMPILER_FLAGS=  -O2 -c" "EXTRA_COMPILER_FLAGS=-mcpu=cortex-a9 -mfpu=vfpv3 -mfloat-abi=hard -nost
TRACE::2026-01-09.09:30:04::SCWMssOS::artfiles -g -Wall -Wextra -fno-tree-loop-distribute-patterns"

TRACE::2026-01-09.09:30:04::SCWMssOS::"Running Make include in ps7_cortexa9_0/libsrc/xilffs_v4_6/src"

TRACE::2026-01-09.09:30:05::SCWMssOS::make -C ps7_cortexa9_0/libsrc/xilffs_v4_6/src -s include  "SHELL=CMD" "COMPILER=arm-none-eabi-gcc" "ASSEMBLER=arm-none-eabi-as"
TRACE::2026-01-09.09:30:05::SCWMssOS:: "ARCHIVER=arm-none-eabi-ar" "COMPILER_FLAGS=  -O2 -c" "EXTRA_COMPILER_FLAGS=-mcpu=cortex-a9 -mfpu=vfpv3 -mfloat-abi=hard -nost
TRACE::2026-01-09.09:30:05::SCWMssOS::artfiles -g -Wall -Wextra -fno-tree-loop-distribute-patterns"

TRACE::2026-01-09.09:30:05::SCWMssOS::"Running Make libs in ps7_cortexa9_0/libsrc/lwip211_v1_6/src"

TRACE::2026-01-09.09:30:05::SCWMssOS::make -C ps7_cortexa9_0/libsrc/lwip211_v1_6/src -s libs  "SHELL=CMD" "COMPILER=arm-none-eabi-gcc" "ASSEMBLER=arm-none-eabi-as" "
TRACE::2026-01-09.09:30:05::SCWMssOS::ARCHIVER=arm-none-eabi-ar" "COMPILER_FLAGS=  -O2 -c" "EXTRA_COMPILER_FLAGS=-mcpu=cortex-a9 -mfpu=vfpv3 -mfloat-abi=hard -nostar
TRACE::2026-01-09.09:30:05::SCWMssOS::tfiles -g -Wall -Wextra -fno-tree-loop-distribute-patterns"

TRACE::2026-01-09.09:30:05::SCWMssOS::"Compiling lwip src and adapter files"

TRACE::2026-01-09.09:30:07::SCWMssOS::'Finished building libraries sequentially.'

TRACE::2026-01-09.09:30:07::SCWMssOS::make -j 14 --no-print-directory par_libs

TRACE::2026-01-09.09:30:07::SCWMssOS::"Running Make include in ps7_cortexa9_0/libsrc/axivdma_v6_10/src"

TRACE::2026-01-09.09:30:07::SCWMssOS::"Running Make include in ps7_cortexa9_0/libsrc/coresightps_dcc_v1_8/src"

TRACE::2026-01-09.09:30:07::SCWMssOS::"Running Make include in ps7_cortexa9_0/libsrc/cpu_cortexa9_v2_11/src"

TRACE::2026-01-09.09:30:07::SCWMssOS::"Running Make include in ps7_cortexa9_0/libsrc/ddrps_v1_2/src"

TRACE::2026-01-09.09:30:07::SCWMssOS::make -C ps7_cortexa9_0/libsrc/axivdma_v6_10/src -s include  "SHELL=CMD" "COMPILER=arm-none-eabi-gcc" "ASSEMBLER=arm-none-eabi-a
TRACE::2026-01-09.09:30:07::SCWMssOS::s" "ARCHIVER=arm-none-eabi-ar" "COMPILER_FLAGS=  -O2 -c" "EXTRA_COMPILER_FLAGS=-mcpu=cortex-a9 -mfpu=vfpv3 -mfloat-abi=hard -no
TRACE::2026-01-09.09:30:07::SCWMssOS::startfiles -g -Wall -Wextra -fno-tree-loop-distribute-patterns"

TRACE::2026-01-09.09:30:07::SCWMssOS::make -C ps7_cortexa9_0/libsrc/coresightps_dcc_v1_8/src -s include  "SHELL=CMD" "COMPILER=arm-none-eabi-gcc" "ASSEMBLER=arm-none
TRACE::2026-01-09.09:30:07::SCWMssOS::-eabi-as" "ARCHIVER=arm-none-eabi-ar" "COMPILER_FLAGS=  -O2 -c" "EXTRA_COMPILER_FLAGS=-mcpu=cortex-a9 -mfpu=vfpv3 -mfloat-abi=h
TRACE::2026-01-09.09:30:07::SCWMssOS::ard -nostartfiles -g -Wall -Wextra -fno-tree-loop-distribute-patterns"

TRACE::2026-01-09.09:30:07::SCWMssOS::make -C ps7_cortexa9_0/libsrc/cpu_cortexa9_v2_11/src -s include  "SHELL=CMD" "COMPILER=arm-none-eabi-gcc" "ASSEMBLER=arm-none-e
TRACE::2026-01-09.09:30:07::SCWMssOS::abi-as" "ARCHIVER=arm-none-eabi-ar" "COMPILER_FLAGS=  -O2 -c" "EXTRA_COMPILER_FLAGS=-mcpu=cortex-a9 -mfpu=vfpv3 -mfloat-abi=har
TRACE::2026-01-09.09:30:07::SCWMssOS::d -nostartfiles -g -Wall -Wextra -fno-tree-loop-distribute-patterns"

TRACE::2026-01-09.09:30:07::SCWMssOS::"Running Make include in ps7_cortexa9_0/libsrc/devcfg_v3_7/src"

TRACE::2026-01-09.09:30:07::SCWMssOS::"Running Make include in ps7_cortexa9_0/libsrc/dmaps_v2_8/src"

TRACE::2026-01-09.09:30:07::SCWMssOS::"Running Make include in ps7_cortexa9_0/libsrc/emacps_v3_15/src"

TRACE::2026-01-09.09:30:07::SCWMssOS::"Running Make include in ps7_cortexa9_0/libsrc/gpiops_v3_9/src"

TRACE::2026-01-09.09:30:08::SCWMssOS::"Running Make include in ps7_cortexa9_0/libsrc/iicps_v3_14/src"

TRACE::2026-01-09.09:30:08::SCWMssOS::"Running Make include in ps7_cortexa9_0/libsrc/lwip211_v1_6/src"

TRACE::2026-01-09.09:30:08::SCWMssOS::"Running Make include in ps7_cortexa9_0/libsrc/qspips_v3_9/src"

TRACE::2026-01-09.09:30:08::SCWMssOS::"Running Make include in ps7_cortexa9_0/libsrc/scugic_v4_6/src"

TRACE::2026-01-09.09:30:08::SCWMssOS::"Running Make include in ps7_cortexa9_0/libsrc/scutimer_v2_3/src"

TRACE::2026-01-09.09:30:08::SCWMssOS::"Running Make include in ps7_cortexa9_0/libsrc/scuwdt_v2_4/src"

TRACE::2026-01-09.09:30:08::SCWMssOS::make -C ps7_cortexa9_0/libsrc/ddrps_v1_2/src -s include  "SHELL=CMD" "COMPILER=arm-none-eabi-gcc" "ASSEMBLER=arm-none-eabi-as" 
TRACE::2026-01-09.09:30:08::SCWMssOS::"ARCHIVER=arm-none-eabi-ar" "COMPILER_FLAGS=  -O2 -c" "EXTRA_COMPILER_FLAGS=-mcpu=cortex-a9 -mfpu=vfpv3 -mfloat-abi=hard -nosta
TRACE::2026-01-09.09:30:08::SCWMssOS::rtfiles -g -Wall -Wextra -fno-tree-loop-distribute-patterns"

TRACE::2026-01-09.09:30:08::SCWMssOS::make -C ps7_cortexa9_0/libsrc/devcfg_v3_7/src -s include  "SHELL=CMD" "COMPILER=arm-none-eabi-gcc" "ASSEMBLER=arm-none-eabi-as"
TRACE::2026-01-09.09:30:08::SCWMssOS:: "ARCHIVER=arm-none-eabi-ar" "COMPILER_FLAGS=  -O2 -c" "EXTRA_COMPILER_FLAGS=-mcpu=cortex-a9 -mfpu=vfpv3 -mfloat-abi=hard -nost
TRACE::2026-01-09.09:30:08::SCWMssOS::artfiles -g -Wall -Wextra -fno-tree-loop-distribute-patterns"

TRACE::2026-01-09.09:30:08::SCWMssOS::"Running Make include in ps7_cortexa9_0/libsrc/sdps_v3_13/src"

TRACE::2026-01-09.09:30:08::SCWMssOS::make -C ps7_cortexa9_0/libsrc/dmaps_v2_8/src -s include  "SHELL=CMD" "COMPILER=arm-none-eabi-gcc" "ASSEMBLER=arm-none-eabi-as" 
TRACE::2026-01-09.09:30:08::SCWMssOS::"ARCHIVER=arm-none-eabi-ar" "COMPILER_FLAGS=  -O2 -c" "EXTRA_COMPILER_FLAGS=-mcpu=cortex-a9 -mfpu=vfpv3 -mfloat-abi=hard -nosta
TRACE::2026-01-09.09:30:08::SCWMssOS::rtfiles -g -Wall -Wextra -fno-tree-loop-distribute-patterns"

TRACE::2026-01-09.09:30:08::SCWMssOS::make -C ps7_cortexa9_0/libsrc/emacps_v3_15/src -s include  "SHELL=CMD" "COMPILER=arm-none-eabi-gcc" "ASSEMBLER=arm-none-eabi-as
TRACE::2026-01-09.09:30:08::SCWMssOS::" "ARCHIVER=arm-none-eabi-ar" "COMPILER_FLAGS=  -O2 -c" "EXTRA_COMPILER_FLAGS=-mcpu=cortex-a9 -mfpu=vfpv3 -mfloat-abi=hard -nos
TRACE::2026-01-09.09:30:08::SCWMssOS::tartfiles -g -Wall -Wextra -fno-tree-loop-distribute-patterns"

TRACE::2026-01-09.09:30:08::SCWMssOS::make -C ps7_cortexa9_0/libsrc/gpiops_v3_9/src -s include  "SHELL=CMD" "COMPILER=arm-none-eabi-gcc" "ASSEMBLER=arm-none-eabi-as"
TRACE::2026-01-09.09:30:08::SCWMssOS:: "ARCHIVER=arm-none-eabi-ar" "COMPILER_FLAGS=  -O2 -c" "EXTRA_COMPILER_FLAGS=-mcpu=cortex-a9 -mfpu=vfpv3 -mfloat-abi=hard -nost
TRACE::2026-01-09.09:30:08::SCWMssOS::artfiles -g -Wall -Wextra -fno-tree-loop-distribute-patterns"

TRACE::2026-01-09.09:30:08::SCWMssOS::make -C ps7_cortexa9_0/libsrc/iicps_v3_14/src -s include  "SHELL=CMD" "COMPILER=arm-none-eabi-gcc" "ASSEMBLER=arm-none-eabi-as"
TRACE::2026-01-09.09:30:08::SCWMssOS:: "ARCHIVER=arm-none-eabi-ar" "COMPILER_FLAGS=  -O2 -c" "EXTRA_COMPILER_FLAGS=-mcpu=cortex-a9 -mfpu=vfpv3 -mfloat-abi=hard -nost
TRACE::2026-01-09.09:30:08::SCWMssOS::artfiles -g -Wall -Wextra -fno-tree-loop-distribute-patterns"

TRACE::2026-01-09.09:30:08::SCWMssOS::make -C ps7_cortexa9_0/libsrc/lwip211_v1_6/src -s include  "SHELL=CMD" "COMPILER=arm-none-eabi-gcc" "ASSEMBLER=arm-none-eabi-as
TRACE::2026-01-09.09:30:08::SCWMssOS::" "ARCHIVER=arm-none-eabi-ar" "COMPILER_FLAGS=  -O2 -c" "EXTRA_COMPILER_FLAGS=-mcpu=cortex-a9 -mfpu=vfpv3 -mfloat-abi=hard -nos
TRACE::2026-01-09.09:30:08::SCWMssOS::tartfiles -g -Wall -Wextra -fno-tree-loop-distribute-patterns"

TRACE::2026-01-09.09:30:08::SCWMssOS::make -C ps7_cortexa9_0/libsrc/qspips_v3_9/src -s include  "SHELL=CMD" "COMPILER=arm-none-eabi-gcc" "ASSEMBLER=arm-none-eabi-as"
TRACE::2026-01-09.09:30:08::SCWMssOS:: "ARCHIVER=arm-none-eabi-ar" "COMPILER_FLAGS=  -O2 -c" "EXTRA_COMPILER_FLAGS=-mcpu=cortex-a9 -mfpu=vfpv3 -mfloat-abi=hard -nost
TRACE::2026-01-09.09:30:08::SCWMssOS::artfiles -g -Wall -Wextra -fno-tree-loop-distribute-patterns"

TRACE::2026-01-09.09:30:08::SCWMssOS::make -C ps7_cortexa9_0/libsrc/scugic_v4_6/src -s include  "SHELL=CMD" "COMPILER=arm-none-eabi-gcc" "ASSEMBLER=arm-none-eabi-as"
TRACE::2026-01-09.09:30:08::SCWMssOS:: "ARCHIVER=arm-none-eabi-ar" "COMPILER_FLAGS=  -O2 -c" "EXTRA_COMPILER_FLAGS=-mcpu=cortex-a9 -mfpu=vfpv3 -mfloat-abi=hard -nost
TRACE::2026-01-09.09:30:08::SCWMssOS::artfiles -g -Wall -Wextra -fno-tree-loop-distribute-patterns"

TRACE::2026-01-09.09:30:08::SCWMssOS::make -C ps7_cortexa9_0/libsrc/scutimer_v2_3/src -s include  "SHELL=CMD" "COMPILER=arm-none-eabi-gcc" "ASSEMBLER=arm-none-eabi-a
TRACE::2026-01-09.09:30:08::SCWMssOS::s" "ARCHIVER=arm-none-eabi-ar" "COMPILER_FLAGS=  -O2 -c" "EXTRA_COMPILER_FLAGS=-mcpu=cortex-a9 -mfpu=vfpv3 -mfloat-abi=hard -no
TRACE::2026-01-09.09:30:08::SCWMssOS::startfiles -g -Wall -Wextra -fno-tree-loop-distribute-patterns"

TRACE::2026-01-09.09:30:08::SCWMssOS::make -C ps7_cortexa9_0/libsrc/scuwdt_v2_4/src -s include  "SHELL=CMD" "COMPILER=arm-none-eabi-gcc" "ASSEMBLER=arm-none-eabi-as"
TRACE::2026-01-09.09:30:08::SCWMssOS:: "ARCHIVER=arm-none-eabi-ar" "COMPILER_FLAGS=  -O2 -c" "EXTRA_COMPILER_FLAGS=-mcpu=cortex-a9 -mfpu=vfpv3 -mfloat-abi=hard -nost
TRACE::2026-01-09.09:30:08::SCWMssOS::artfiles -g -Wall -Wextra -fno-tree-loop-distribute-patterns"

TRACE::2026-01-09.09:30:08::SCWMssOS::make -C ps7_cortexa9_0/libsrc/sdps_v3_13/src -s include  "SHELL=CMD" "COMPILER=arm-none-eabi-gcc" "ASSEMBLER=arm-none-eabi-as" 
TRACE::2026-01-09.09:30:08::SCWMssOS::"ARCHIVER=arm-none-eabi-ar" "COMPILER_FLAGS=  -O2 -c" "EXTRA_COMPILER_FLAGS=-mcpu=cortex-a9 -mfpu=vfpv3 -mfloat-abi=hard -nosta
TRACE::2026-01-09.09:30:08::SCWMssOS::rtfiles -g -Wall -Wextra -fno-tree-loop-distribute-patterns"

TRACE::2026-01-09.09:30:08::SCWMssOS::"Running Make include in ps7_cortexa9_0/libsrc/standalone_v7_6/src"

TRACE::2026-01-09.09:30:08::SCWMssOS::"Running Make include in ps7_cortexa9_0/libsrc/ttcps_v3_14/src"

TRACE::2026-01-09.09:30:08::SCWMssOS::"Running Make include in ps7_cortexa9_0/libsrc/uartps_v3_11/src"

TRACE::2026-01-09.09:30:08::SCWMssOS::make -C ps7_cortexa9_0/libsrc/standalone_v7_6/src -s include  "SHELL=CMD" "COMPILER=arm-none-eabi-gcc" "ASSEMBLER=arm-none-eabi
TRACE::2026-01-09.09:30:08::SCWMssOS::-as" "ARCHIVER=arm-none-eabi-ar" "COMPILER_FLAGS=  -O2 -c" "EXTRA_COMPILER_FLAGS=-mcpu=cortex-a9 -mfpu=vfpv3 -mfloat-abi=hard -
TRACE::2026-01-09.09:30:08::SCWMssOS::nostartfiles -g -Wall -Wextra -fno-tree-loop-distribute-patterns"

TRACE::2026-01-09.09:30:08::SCWMssOS::make -C ps7_cortexa9_0/libsrc/ttcps_v3_14/src -s include  "SHELL=CMD" "COMPILER=arm-none-eabi-gcc" "ASSEMBLER=arm-none-eabi-as"
TRACE::2026-01-09.09:30:08::SCWMssOS:: "ARCHIVER=arm-none-eabi-ar" "COMPILER_FLAGS=  -O2 -c" "EXTRA_COMPILER_FLAGS=-mcpu=cortex-a9 -mfpu=vfpv3 -mfloat-abi=hard -nost
TRACE::2026-01-09.09:30:08::SCWMssOS::artfiles -g -Wall -Wextra -fno-tree-loop-distribute-patterns"

TRACE::2026-01-09.09:30:08::SCWMssOS::make -C ps7_cortexa9_0/libsrc/uartps_v3_11/src -s include  "SHELL=CMD" "COMPILER=arm-none-eabi-gcc" "ASSEMBLER=arm-none-eabi-as
TRACE::2026-01-09.09:30:08::SCWMssOS::" "ARCHIVER=arm-none-eabi-ar" "COMPILER_FLAGS=  -O2 -c" "EXTRA_COMPILER_FLAGS=-mcpu=cortex-a9 -mfpu=vfpv3 -mfloat-abi=hard -nos
TRACE::2026-01-09.09:30:08::SCWMssOS::tartfiles -g -Wall -Wextra -fno-tree-loop-distribute-patterns"

TRACE::2026-01-09.09:30:08::SCWMssOS::"Running Make include in ps7_cortexa9_0/libsrc/usbps_v2_7/src"

TRACE::2026-01-09.09:30:08::SCWMssOS::"Running Make include in ps7_cortexa9_0/libsrc/xadcps_v2_6/src"

TRACE::2026-01-09.09:30:08::SCWMssOS::"Running Make include in ps7_cortexa9_0/libsrc/xilffs_v4_6/src"

TRACE::2026-01-09.09:30:08::SCWMssOS::make -C ps7_cortexa9_0/libsrc/xadcps_v2_6/src -s include  "SHELL=CMD" "COMPILER=arm-none-eabi-gcc" "ASSEMBLER=arm-none-eabi-as"
TRACE::2026-01-09.09:30:08::SCWMssOS:: "ARCHIVER=arm-none-eabi-ar" "COMPILER_FLAGS=  -O2 -c" "EXTRA_COMPILER_FLAGS=-mcpu=cortex-a9 -mfpu=vfpv3 -mfloat-abi=hard -nost
TRACE::2026-01-09.09:30:08::SCWMssOS::artfiles -g -Wall -Wextra -fno-tree-loop-distribute-patterns"

TRACE::2026-01-09.09:30:08::SCWMssOS::make -C ps7_cortexa9_0/libsrc/usbps_v2_7/src -s include  "SHELL=CMD" "COMPILER=arm-none-eabi-gcc" "ASSEMBLER=arm-none-eabi-as" 
TRACE::2026-01-09.09:30:08::SCWMssOS::"ARCHIVER=arm-none-eabi-ar" "COMPILER_FLAGS=  -O2 -c" "EXTRA_COMPILER_FLAGS=-mcpu=cortex-a9 -mfpu=vfpv3 -mfloat-abi=hard -nosta
TRACE::2026-01-09.09:30:08::SCWMssOS::rtfiles -g -Wall -Wextra -fno-tree-loop-distribute-patterns"

TRACE::2026-01-09.09:30:08::SCWMssOS::make -C ps7_cortexa9_0/libsrc/xilffs_v4_6/src -s include  "SHELL=CMD" "COMPILER=arm-none-eabi-gcc" "ASSEMBLER=arm-none-eabi-as"
TRACE::2026-01-09.09:30:08::SCWMssOS:: "ARCHIVER=arm-none-eabi-ar" "COMPILER_FLAGS=  -O2 -c" "EXTRA_COMPILER_FLAGS=-mcpu=cortex-a9 -mfpu=vfpv3 -mfloat-abi=hard -nost
TRACE::2026-01-09.09:30:08::SCWMssOS::artfiles -g -Wall -Wextra -fno-tree-loop-distribute-patterns"

TRACE::2026-01-09.09:30:09::SCWMssOS::"Running Make libs in ps7_cortexa9_0/libsrc/axivdma_v6_10/src"

TRACE::2026-01-09.09:30:09::SCWMssOS::make -C ps7_cortexa9_0/libsrc/axivdma_v6_10/src -s libs  "SHELL=CMD" "COMPILER=arm-none-eabi-gcc" "ASSEMBLER=arm-none-eabi-as" 
TRACE::2026-01-09.09:30:09::SCWMssOS::"ARCHIVER=arm-none-eabi-ar" "COMPILER_FLAGS=  -O2 -c" "EXTRA_COMPILER_FLAGS=-mcpu=cortex-a9 -mfpu=vfpv3 -mfloat-abi=hard -nosta
TRACE::2026-01-09.09:30:09::SCWMssOS::rtfiles -g -Wall -Wextra -fno-tree-loop-distribute-patterns"

TRACE::2026-01-09.09:30:09::SCWMssOS::"Running Make libs in ps7_cortexa9_0/libsrc/coresightps_dcc_v1_8/src"

TRACE::2026-01-09.09:30:09::SCWMssOS::make -C ps7_cortexa9_0/libsrc/coresightps_dcc_v1_8/src -s libs  "SHELL=CMD" "COMPILER=arm-none-eabi-gcc" "ASSEMBLER=arm-none-ea
TRACE::2026-01-09.09:30:09::SCWMssOS::bi-as" "ARCHIVER=arm-none-eabi-ar" "COMPILER_FLAGS=  -O2 -c" "EXTRA_COMPILER_FLAGS=-mcpu=cortex-a9 -mfpu=vfpv3 -mfloat-abi=hard
TRACE::2026-01-09.09:30:09::SCWMssOS:: -nostartfiles -g -Wall -Wextra -fno-tree-loop-distribute-patterns"

TRACE::2026-01-09.09:30:09::SCWMssOS::"Running Make libs in ps7_cortexa9_0/libsrc/cpu_cortexa9_v2_11/src"

TRACE::2026-01-09.09:30:09::SCWMssOS::"Running Make libs in ps7_cortexa9_0/libsrc/ddrps_v1_2/src"

TRACE::2026-01-09.09:30:09::SCWMssOS::"Running Make libs in ps7_cortexa9_0/libsrc/devcfg_v3_7/src"

TRACE::2026-01-09.09:30:09::SCWMssOS::"Running Make libs in ps7_cortexa9_0/libsrc/dmaps_v2_8/src"

TRACE::2026-01-09.09:30:09::SCWMssOS::"Running Make libs in ps7_cortexa9_0/libsrc/emacps_v3_15/src"

TRACE::2026-01-09.09:30:09::SCWMssOS::"Running Make libs in ps7_cortexa9_0/libsrc/gpiops_v3_9/src"

TRACE::2026-01-09.09:30:09::SCWMssOS::"Running Make libs in ps7_cortexa9_0/libsrc/iicps_v3_14/src"

TRACE::2026-01-09.09:30:09::SCWMssOS::make -C ps7_cortexa9_0/libsrc/cpu_cortexa9_v2_11/src -s libs  "SHELL=CMD" "COMPILER=arm-none-eabi-gcc" "ASSEMBLER=arm-none-eabi
TRACE::2026-01-09.09:30:09::SCWMssOS::-as" "ARCHIVER=arm-none-eabi-ar" "COMPILER_FLAGS=  -O2 -c" "EXTRA_COMPILER_FLAGS=-mcpu=cortex-a9 -mfpu=vfpv3 -mfloat-abi=hard -
TRACE::2026-01-09.09:30:09::SCWMssOS::nostartfiles -g -Wall -Wextra -fno-tree-loop-distribute-patterns"

TRACE::2026-01-09.09:30:09::SCWMssOS::make -C ps7_cortexa9_0/libsrc/ddrps_v1_2/src -s libs  "SHELL=CMD" "COMPILER=arm-none-eabi-gcc" "ASSEMBLER=arm-none-eabi-as" "AR
TRACE::2026-01-09.09:30:09::SCWMssOS::CHIVER=arm-none-eabi-ar" "COMPILER_FLAGS=  -O2 -c" "EXTRA_COMPILER_FLAGS=-mcpu=cortex-a9 -mfpu=vfpv3 -mfloat-abi=hard -nostartf
TRACE::2026-01-09.09:30:09::SCWMssOS::iles -g -Wall -Wextra -fno-tree-loop-distribute-patterns"

TRACE::2026-01-09.09:30:09::SCWMssOS::make -C ps7_cortexa9_0/libsrc/devcfg_v3_7/src -s libs  "SHELL=CMD" "COMPILER=arm-none-eabi-gcc" "ASSEMBLER=arm-none-eabi-as" "A
TRACE::2026-01-09.09:30:09::SCWMssOS::RCHIVER=arm-none-eabi-ar" "COMPILER_FLAGS=  -O2 -c" "EXTRA_COMPILER_FLAGS=-mcpu=cortex-a9 -mfpu=vfpv3 -mfloat-abi=hard -nostart
TRACE::2026-01-09.09:30:09::SCWMssOS::files -g -Wall -Wextra -fno-tree-loop-distribute-patterns"

TRACE::2026-01-09.09:30:09::SCWMssOS::"Running Make libs in ps7_cortexa9_0/libsrc/qspips_v3_9/src"

TRACE::2026-01-09.09:30:09::SCWMssOS::make -C ps7_cortexa9_0/libsrc/dmaps_v2_8/src -s libs  "SHELL=CMD" "COMPILER=arm-none-eabi-gcc" "ASSEMBLER=arm-none-eabi-as" "AR
TRACE::2026-01-09.09:30:09::SCWMssOS::CHIVER=arm-none-eabi-ar" "COMPILER_FLAGS=  -O2 -c" "EXTRA_COMPILER_FLAGS=-mcpu=cortex-a9 -mfpu=vfpv3 -mfloat-abi=hard -nostartf
TRACE::2026-01-09.09:30:09::SCWMssOS::iles -g -Wall -Wextra -fno-tree-loop-distribute-patterns"

TRACE::2026-01-09.09:30:09::SCWMssOS::make -C ps7_cortexa9_0/libsrc/emacps_v3_15/src -s libs  "SHELL=CMD" "COMPILER=arm-none-eabi-gcc" "ASSEMBLER=arm-none-eabi-as" "
TRACE::2026-01-09.09:30:09::SCWMssOS::ARCHIVER=arm-none-eabi-ar" "COMPILER_FLAGS=  -O2 -c" "EXTRA_COMPILER_FLAGS=-mcpu=cortex-a9 -mfpu=vfpv3 -mfloat-abi=hard -nostar
TRACE::2026-01-09.09:30:09::SCWMssOS::tfiles -g -Wall -Wextra -fno-tree-loop-distribute-patterns"

TRACE::2026-01-09.09:30:09::SCWMssOS::make -C ps7_cortexa9_0/libsrc/gpiops_v3_9/src -s libs  "SHELL=CMD" "COMPILER=arm-none-eabi-gcc" "ASSEMBLER=arm-none-eabi-as" "A
TRACE::2026-01-09.09:30:09::SCWMssOS::RCHIVER=arm-none-eabi-ar" "COMPILER_FLAGS=  -O2 -c" "EXTRA_COMPILER_FLAGS=-mcpu=cortex-a9 -mfpu=vfpv3 -mfloat-abi=hard -nostart
TRACE::2026-01-09.09:30:09::SCWMssOS::files -g -Wall -Wextra -fno-tree-loop-distribute-patterns"

TRACE::2026-01-09.09:30:09::SCWMssOS::make -C ps7_cortexa9_0/libsrc/iicps_v3_14/src -s libs  "SHELL=CMD" "COMPILER=arm-none-eabi-gcc" "ASSEMBLER=arm-none-eabi-as" "A
TRACE::2026-01-09.09:30:09::SCWMssOS::RCHIVER=arm-none-eabi-ar" "COMPILER_FLAGS=  -O2 -c" "EXTRA_COMPILER_FLAGS=-mcpu=cortex-a9 -mfpu=vfpv3 -mfloat-abi=hard -nostart
TRACE::2026-01-09.09:30:09::SCWMssOS::files -g -Wall -Wextra -fno-tree-loop-distribute-patterns"

TRACE::2026-01-09.09:30:09::SCWMssOS::make -C ps7_cortexa9_0/libsrc/qspips_v3_9/src -s libs  "SHELL=CMD" "COMPILER=arm-none-eabi-gcc" "ASSEMBLER=arm-none-eabi-as" "A
TRACE::2026-01-09.09:30:09::SCWMssOS::RCHIVER=arm-none-eabi-ar" "COMPILER_FLAGS=  -O2 -c" "EXTRA_COMPILER_FLAGS=-mcpu=cortex-a9 -mfpu=vfpv3 -mfloat-abi=hard -nostart
TRACE::2026-01-09.09:30:09::SCWMssOS::files -g -Wall -Wextra -fno-tree-loop-distribute-patterns"

TRACE::2026-01-09.09:30:09::SCWMssOS::"Running Make libs in ps7_cortexa9_0/libsrc/scugic_v4_6/src"

TRACE::2026-01-09.09:30:09::SCWMssOS::"Running Make libs in ps7_cortexa9_0/libsrc/scutimer_v2_3/src"

TRACE::2026-01-09.09:30:09::SCWMssOS::"Running Make libs in ps7_cortexa9_0/libsrc/scuwdt_v2_4/src"

TRACE::2026-01-09.09:30:09::SCWMssOS::"Running Make libs in ps7_cortexa9_0/libsrc/sdps_v3_13/src"

TRACE::2026-01-09.09:30:09::SCWMssOS::"Running Make libs in ps7_cortexa9_0/libsrc/standalone_v7_6/src"

TRACE::2026-01-09.09:30:09::SCWMssOS::"Running Make libs in ps7_cortexa9_0/libsrc/ttcps_v3_14/src"

TRACE::2026-01-09.09:30:09::SCWMssOS::"Running Make libs in ps7_cortexa9_0/libsrc/uartps_v3_11/src"

TRACE::2026-01-09.09:30:09::SCWMssOS::make -C ps7_cortexa9_0/libsrc/scugic_v4_6/src -s libs  "SHELL=CMD" "COMPILER=arm-none-eabi-gcc" "ASSEMBLER=arm-none-eabi-as" "A
TRACE::2026-01-09.09:30:09::SCWMssOS::RCHIVER=arm-none-eabi-ar" "COMPILER_FLAGS=  -O2 -c" "EXTRA_COMPILER_FLAGS=-mcpu=cortex-a9 -mfpu=vfpv3 -mfloat-abi=hard -nostart
TRACE::2026-01-09.09:30:09::SCWMssOS::files -g -Wall -Wextra -fno-tree-loop-distribute-patterns"

TRACE::2026-01-09.09:30:09::SCWMssOS::make -C ps7_cortexa9_0/libsrc/scutimer_v2_3/src -s libs  "SHELL=CMD" "COMPILER=arm-none-eabi-gcc" "ASSEMBLER=arm-none-eabi-as" 
TRACE::2026-01-09.09:30:09::SCWMssOS::"ARCHIVER=arm-none-eabi-ar" "COMPILER_FLAGS=  -O2 -c" "EXTRA_COMPILER_FLAGS=-mcpu=cortex-a9 -mfpu=vfpv3 -mfloat-abi=hard -nosta
TRACE::2026-01-09.09:30:09::SCWMssOS::rtfiles -g -Wall -Wextra -fno-tree-loop-distribute-patterns"

TRACE::2026-01-09.09:30:09::SCWMssOS::make -C ps7_cortexa9_0/libsrc/scuwdt_v2_4/src -s libs  "SHELL=CMD" "COMPILER=arm-none-eabi-gcc" "ASSEMBLER=arm-none-eabi-as" "A
TRACE::2026-01-09.09:30:09::SCWMssOS::RCHIVER=arm-none-eabi-ar" "COMPILER_FLAGS=  -O2 -c" "EXTRA_COMPILER_FLAGS=-mcpu=cortex-a9 -mfpu=vfpv3 -mfloat-abi=hard -nostart
TRACE::2026-01-09.09:30:09::SCWMssOS::files -g -Wall -Wextra -fno-tree-loop-distribute-patterns"

TRACE::2026-01-09.09:30:09::SCWMssOS::make -C ps7_cortexa9_0/libsrc/sdps_v3_13/src -s libs  "SHELL=CMD" "COMPILER=arm-none-eabi-gcc" "ASSEMBLER=arm-none-eabi-as" "AR
TRACE::2026-01-09.09:30:09::SCWMssOS::CHIVER=arm-none-eabi-ar" "COMPILER_FLAGS=  -O2 -c" "EXTRA_COMPILER_FLAGS=-mcpu=cortex-a9 -mfpu=vfpv3 -mfloat-abi=hard -nostartf
TRACE::2026-01-09.09:30:09::SCWMssOS::iles -g -Wall -Wextra -fno-tree-loop-distribute-patterns"

TRACE::2026-01-09.09:30:09::SCWMssOS::make -C ps7_cortexa9_0/libsrc/standalone_v7_6/src -s libs  "SHELL=CMD" "COMPILER=arm-none-eabi-gcc" "ASSEMBLER=arm-none-eabi-as
TRACE::2026-01-09.09:30:09::SCWMssOS::" "ARCHIVER=arm-none-eabi-ar" "COMPILER_FLAGS=  -O2 -c" "EXTRA_COMPILER_FLAGS=-mcpu=cortex-a9 -mfpu=vfpv3 -mfloat-abi=hard -nos
TRACE::2026-01-09.09:30:09::SCWMssOS::tartfiles -g -Wall -Wextra -fno-tree-loop-distribute-patterns"

TRACE::2026-01-09.09:30:09::SCWMssOS::make -C ps7_cortexa9_0/libsrc/ttcps_v3_14/src -s libs  "SHELL=CMD" "COMPILER=arm-none-eabi-gcc" "ASSEMBLER=arm-none-eabi-as" "A
TRACE::2026-01-09.09:30:09::SCWMssOS::RCHIVER=arm-none-eabi-ar" "COMPILER_FLAGS=  -O2 -c" "EXTRA_COMPILER_FLAGS=-mcpu=cortex-a9 -mfpu=vfpv3 -mfloat-abi=hard -nostart
TRACE::2026-01-09.09:30:09::SCWMssOS::files -g -Wall -Wextra -fno-tree-loop-distribute-patterns"

TRACE::2026-01-09.09:30:09::SCWMssOS::"Running Make libs in ps7_cortexa9_0/libsrc/usbps_v2_7/src"

TRACE::2026-01-09.09:30:09::SCWMssOS::"Running Make libs in ps7_cortexa9_0/libsrc/xadcps_v2_6/src"

TRACE::2026-01-09.09:30:09::SCWMssOS::"Running Make libs in ps7_cortexa9_0/libsrc/xilffs_v4_6/src"

TRACE::2026-01-09.09:30:10::SCWMssOS::make -C ps7_cortexa9_0/libsrc/uartps_v3_11/src -s libs  "SHELL=CMD" "COMPILER=arm-none-eabi-gcc" "ASSEMBLER=arm-none-eabi-as" "
TRACE::2026-01-09.09:30:10::SCWMssOS::ARCHIVER=arm-none-eabi-ar" "COMPILER_FLAGS=  -O2 -c" "EXTRA_COMPILER_FLAGS=-mcpu=cortex-a9 -mfpu=vfpv3 -mfloat-abi=hard -nostar
TRACE::2026-01-09.09:30:10::SCWMssOS::tfiles -g -Wall -Wextra -fno-tree-loop-distribute-patterns"

TRACE::2026-01-09.09:30:10::SCWMssOS::make -C ps7_cortexa9_0/libsrc/usbps_v2_7/src -s libs  "SHELL=CMD" "COMPILER=arm-none-eabi-gcc" "ASSEMBLER=arm-none-eabi-as" "AR
TRACE::2026-01-09.09:30:10::SCWMssOS::CHIVER=arm-none-eabi-ar" "COMPILER_FLAGS=  -O2 -c" "EXTRA_COMPILER_FLAGS=-mcpu=cortex-a9 -mfpu=vfpv3 -mfloat-abi=hard -nostartf
TRACE::2026-01-09.09:30:10::SCWMssOS::iles -g -Wall -Wextra -fno-tree-loop-distribute-patterns"

TRACE::2026-01-09.09:30:10::SCWMssOS::make -C ps7_cortexa9_0/libsrc/xadcps_v2_6/src -s libs  "SHELL=CMD" "COMPILER=arm-none-eabi-gcc" "ASSEMBLER=arm-none-eabi-as" "A
TRACE::2026-01-09.09:30:10::SCWMssOS::RCHIVER=arm-none-eabi-ar" "COMPILER_FLAGS=  -O2 -c" "EXTRA_COMPILER_FLAGS=-mcpu=cortex-a9 -mfpu=vfpv3 -mfloat-abi=hard -nostart
TRACE::2026-01-09.09:30:10::SCWMssOS::files -g -Wall -Wextra -fno-tree-loop-distribute-patterns"

TRACE::2026-01-09.09:30:10::SCWMssOS::make -C ps7_cortexa9_0/libsrc/xilffs_v4_6/src -s libs  "SHELL=CMD" "COMPILER=arm-none-eabi-gcc" "ASSEMBLER=arm-none-eabi-as" "A
TRACE::2026-01-09.09:30:10::SCWMssOS::RCHIVER=arm-none-eabi-ar" "COMPILER_FLAGS=  -O2 -c" "EXTRA_COMPILER_FLAGS=-mcpu=cortex-a9 -mfpu=vfpv3 -mfloat-abi=hard -nostart
TRACE::2026-01-09.09:30:10::SCWMssOS::files -g -Wall -Wextra -fno-tree-loop-distribute-patterns"

TRACE::2026-01-09.09:30:10::SCWMssOS::'Finished building libraries parallelly.'

TRACE::2026-01-09.09:30:10::SCWMssOS::make --no-print-directory archive

TRACE::2026-01-09.09:30:10::SCWMssOS::arm-none-eabi-ar -r  ps7_cortexa9_0/lib/libxil.a ps7_cortexa9_0/lib/xadcps_selftest.o ps7_cortexa9_0/lib/xplatform_info.o ps7_c
TRACE::2026-01-09.09:30:10::SCWMssOS::ortexa9_0/lib/xil_mem.o ps7_cortexa9_0/lib/_exit.o ps7_cortexa9_0/lib/xusbps_sinit.o ps7_cortexa9_0/lib/xdevcfg_hw.o ps7_cortex
TRACE::2026-01-09.09:30:10::SCWMssOS::a9_0/lib/xil_sleeptimer.o ps7_cortexa9_0/lib/xqspips_options.o ps7_cortexa9_0/lib/xdmaps_g.o ps7_cortexa9_0/lib/xscutimer_g.o p
TRACE::2026-01-09.09:30:10::SCWMssOS::s7_cortexa9_0/lib/xsdps_options.o ps7_cortexa9_0/lib/xil_misc_psreset_api.o ps7_cortexa9_0/lib/xdmaps_sinit.o ps7_cortexa9_0/li
TRACE::2026-01-09.09:30:10::SCWMssOS::b/xscutimer_sinit.o ps7_cortexa9_0/lib/xemacps_hw.o ps7_cortexa9_0/lib/inbyte.o ps7_cortexa9_0/lib/xdmaps_selftest.o ps7_cortex
TRACE::2026-01-09.09:30:10::SCWMssOS::a9_0/lib/xscutimer_selftest.o ps7_cortexa9_0/lib/putnum.o ps7_cortexa9_0/lib/xttcps_selftest.o ps7_cortexa9_0/lib/xqspips_hw.o 
TRACE::2026-01-09.09:30:10::SCWMssOS::ps7_cortexa9_0/lib/xgpiops_g.o ps7_cortexa9_0/lib/xsdps.o ps7_cortexa9_0/lib/close.o ps7_cortexa9_0/lib/xemacps_g.o ps7_cortexa
TRACE::2026-01-09.09:30:10::SCWMssOS::9_0/lib/xgpiops_sinit.o ps7_cortexa9_0/lib/xgpiops_selftest.o ps7_cortexa9_0/lib/xscuwdt.o ps7_cortexa9_0/lib/xaxivdma_g.o ps7_
TRACE::2026-01-09.09:30:10::SCWMssOS::cortexa9_0/lib/xil_clocking.o ps7_cortexa9_0/lib/xiicps_intr.o ps7_cortexa9_0/lib/xaxivdma_sinit.o ps7_cortexa9_0/lib/xuartps_s
TRACE::2026-01-09.09:30:10::SCWMssOS::init.o ps7_cortexa9_0/lib/time.o ps7_cortexa9_0/lib/xaxivdma_selftest.o ps7_cortexa9_0/lib/xiicps_slave.o ps7_cortexa9_0/lib/xi
TRACE::2026-01-09.09:30:10::SCWMssOS::l_printf.o ps7_cortexa9_0/lib/kill.o ps7_cortexa9_0/lib/xadcps.o ps7_cortexa9_0/lib/xiicps_options.o ps7_cortexa9_0/lib/xuartps
TRACE::2026-01-09.09:30:10::SCWMssOS::_selftest.o ps7_cortexa9_0/lib/xuartps_g.o ps7_cortexa9_0/lib/lseek.o ps7_cortexa9_0/lib/xgpiops.o ps7_cortexa9_0/lib/xl2cc_cou
TRACE::2026-01-09.09:30:10::SCWMssOS::nter.o ps7_cortexa9_0/lib/xiicps_hw.o ps7_cortexa9_0/lib/asm_vectors.o ps7_cortexa9_0/lib/usleep.o ps7_cortexa9_0/lib/abort.o p
TRACE::2026-01-09.09:30:10::SCWMssOS::s7_cortexa9_0/lib/xscugic_intr.o ps7_cortexa9_0/lib/getpid.o ps7_cortexa9_0/lib/xiicps_selftest.o ps7_cortexa9_0/lib/xil_testca
TRACE::2026-01-09.09:30:10::SCWMssOS::che.o ps7_cortexa9_0/lib/xdevcfg_sinit.o ps7_cortexa9_0/lib/xdmaps.o ps7_cortexa9_0/lib/xscutimer.o ps7_cortexa9_0/lib/xdevcfg_
TRACE::2026-01-09.09:30:10::SCWMssOS::selftest.o ps7_cortexa9_0/lib/xttcps.o ps7_cortexa9_0/lib/xpm_counter.o ps7_cortexa9_0/lib/xiicps.o ps7_cortexa9_0/lib/_sbrk.o 
TRACE::2026-01-09.09:30:10::SCWMssOS::ps7_cortexa9_0/lib/xiicps_master.o ps7_cortexa9_0/lib/xqspips_g.o ps7_cortexa9_0/lib/xemacps_bdring.o ps7_cortexa9_0/lib/xusbps
TRACE::2026-01-09.09:30:10::SCWMssOS::_endpoint.o ps7_cortexa9_0/lib/xusbps_g.o ps7_cortexa9_0/lib/xsdps_sinit.o ps7_cortexa9_0/lib/xqspips_selftest.o ps7_cortexa9_0
TRACE::2026-01-09.09:30:10::SCWMssOS::/lib/xil_exception.o ps7_cortexa9_0/lib/sbrk.o ps7_cortexa9_0/lib/xil_testmem.o ps7_cortexa9_0/lib/xaxivdma.o ps7_cortexa9_0/li
TRACE::2026-01-09.09:30:10::SCWMssOS::b/xemacps_control.o ps7_cortexa9_0/lib/open.o ps7_cortexa9_0/lib/xil_assert.o ps7_cortexa9_0/lib/xaxivdma_intr.o ps7_cortexa9_0
TRACE::2026-01-09.09:30:10::SCWMssOS::/lib/xusbps_intr.o ps7_cortexa9_0/lib/xsdps_host.o ps7_cortexa9_0/lib/xcoresightpsdcc.o ps7_cortexa9_0/lib/xiicps_xfer.o ps7_co
TRACE::2026-01-09.09:30:10::SCWMssOS::rtexa9_0/lib/xscugic_hw.o ps7_cortexa9_0/lib/sleep.o ps7_cortexa9_0/lib/cpputest_time.o ps7_cortexa9_0/lib/_open.o ps7_cortexa9
TRACE::2026-01-09.09:30:10::SCWMssOS::_0/lib/xttcps_options.o ps7_cortexa9_0/lib/print.o ps7_cortexa9_0/lib/read.o ps7_cortexa9_0/lib/xdevcfg.o ps7_cortexa9_0/lib/xa
TRACE::2026-01-09.09:30:10::SCWMssOS::dcps_intr.o ps7_cortexa9_0/lib/xqspips.o ps7_cortexa9_0/lib/xemacps.o ps7_cortexa9_0/lib/xil_cache.o ps7_cortexa9_0/lib/xil_tes
TRACE::2026-01-09.09:30:10::SCWMssOS::tio.o ps7_cortexa9_0/lib/unlink.o ps7_cortexa9_0/lib/xusbps.o ps7_cortexa9_0/lib/xil_spinlock.o ps7_cortexa9_0/lib/xiicps_g.o p
TRACE::2026-01-09.09:30:10::SCWMssOS::s7_cortexa9_0/lib/translation_table.o ps7_cortexa9_0/lib/xusbps_hw.o ps7_cortexa9_0/lib/write.o ps7_cortexa9_0/lib/xil_mmu.o ps
TRACE::2026-01-09.09:30:10::SCWMssOS::7_cortexa9_0/lib/boot.o ps7_cortexa9_0/lib/xaxivdma_channel.o ps7_cortexa9_0/lib/cpu_init.o ps7_cortexa9_0/lib/xil_sleepcommon.
TRACE::2026-01-09.09:30:10::SCWMssOS::o ps7_cortexa9_0/lib/xgpiops_intr.o ps7_cortexa9_0/lib/xscugic_sinit.o ps7_cortexa9_0/lib/fcntl.o ps7_cortexa9_0/lib/xdevcfg_g.
TRACE::2026-01-09.09:30:10::SCWMssOS::o ps7_cortexa9_0/lib/outbyte.o ps7_cortexa9_0/lib/xuartps_hw.o ps7_cortexa9_0/lib/xttcps_g.o ps7_cortexa9_0/lib/xtime_l.o ps7_c
TRACE::2026-01-09.09:30:10::SCWMssOS::ortexa9_0/lib/xemacps_sinit.o ps7_cortexa9_0/lib/xscugic_selftest.o ps7_cortexa9_0/lib/xil_util.o ps7_cortexa9_0/lib/xuartps_in
TRACE::2026-01-09.09:30:10::SCWMssOS::tr.o ps7_cortexa9_0/lib/xuartps.o ps7_cortexa9_0/lib/xsdps_card.o ps7_cortexa9_0/lib/xdmaps_hw.o ps7_cortexa9_0/lib/xttcps_sini
TRACE::2026-01-09.09:30:10::SCWMssOS::t.o ps7_cortexa9_0/lib/xgpiops_hw.o ps7_cortexa9_0/lib/xsdps_g.o ps7_cortexa9_0/lib/fstat.o ps7_cortexa9_0/lib/errno.o ps7_cort
TRACE::2026-01-09.09:30:10::SCWMssOS::exa9_0/lib/xdevcfg_intr.o ps7_cortexa9_0/lib/xuartps_options.o ps7_cortexa9_0/lib/vectors.o ps7_cortexa9_0/lib/xscuwdt_g.o ps7_
TRACE::2026-01-09.09:30:10::SCWMssOS::cortexa9_0/lib/xscuwdt_sinit.o ps7_cortexa9_0/lib/xemacps_intr.o ps7_cortexa9_0/lib/xscuwdt_selftest.o ps7_cortexa9_0/lib/xscug
TRACE::2026-01-09.09:30:10::SCWMssOS::ic_g.o ps7_cortexa9_0/lib/isatty.o ps7_cortexa9_0/lib/xil-crt0.o ps7_cortexa9_0/lib/xscugic.o ps7_cortexa9_0/lib/xiicps_sinit.o
TRACE::2026-01-09.09:30:10::SCWMssOS:: ps7_cortexa9_0/lib/xadcps_g.o ps7_cortexa9_0/lib/xqspips_sinit.o ps7_cortexa9_0/lib/xadcps_sinit.o

TRACE::2026-01-09.09:30:14::SCWMssOS::'Finished building libraries'

TRACE::2026-01-09.09:30:16::SCWMssOS::Copying to export directory.
TRACE::2026-01-09.09:30:17::SCWMssOS:: Checking if to create the Supporting Applications
TRACE::2026-01-09.09:30:17::SCWMssOS:: No Linux domain exists, trying to generate FSBL 
LOG::2026-01-09.09:30:17::SCWSystem::Completed Processing the domain standalone_ps7_cortexa9_0
LOG::2026-01-09.09:30:17::SCWSystem::Completed Processing the sysconfig zc706_md
LOG::2026-01-09.09:30:17::SCWPlatform::Completed generating the artifacts for system configuration zc706_md
TRACE::2026-01-09.09:30:17::SCWPlatform::Started preparing the platform 
TRACE::2026-01-09.09:30:17::SCWSystem::Writing the bif file for system config zc706_md
TRACE::2026-01-09.09:30:17::SCWSystem::dir created 
TRACE::2026-01-09.09:30:17::SCWSystem::Writing the bif 
TRACE::2026-01-09.09:30:17::SCWPlatform::Started writing the spfm file 
TRACE::2026-01-09.09:30:17::SCWPlatform::Started writing the xpfm file 
TRACE::2026-01-09.09:30:17::SCWPlatform::Completed generating the platform
TRACE::2026-01-09.09:30:17::SCWMssOS::Saving the mss changes H:/test/two/fpga_arm/vitis/zc706_md/zynq_fsbl/zynq_fsbl_bsp/system.mss
TRACE::2026-01-09.09:30:17::SCWMssOS::Found a swdesign opened with the mssfile.
TRACE::2026-01-09.09:30:17::SCWMssOS::Completed writemss as part of save.
TRACE::2026-01-09.09:30:17::SCWMssOS::Commit changes completed.
TRACE::2026-01-09.09:30:17::SCWMssOS::Saving the mss changes H:/test/two/fpga_arm/vitis/zc706_md/ps7_cortexa9_0/standalone_ps7_cortexa9_0/bsp/system.mss
TRACE::2026-01-09.09:30:17::SCWMssOS::Found a swdesign opened with the mssfile.
TRACE::2026-01-09.09:30:17::SCWMssOS::Completed writemss as part of save.
TRACE::2026-01-09.09:30:17::SCWMssOS::Commit changes completed.
TRACE::2026-01-09.09:30:17::SCWPlatform::Trying to open the hw design at H:/test/two/fpga_arm/vitis/zc706_md/hw/design_1_wrapper.xsa
TRACE::2026-01-09.09:30:17::SCWPlatform::DSA given H:/test/two/fpga_arm/vitis/zc706_md/hw/design_1_wrapper.xsa
TRACE::2026-01-09.09:30:17::SCWPlatform::DSA absoulate path H:/test/two/fpga_arm/vitis/zc706_md/hw/design_1_wrapper.xsa
TRACE::2026-01-09.09:30:17::SCWPlatform::DSA directory H:/test/two/fpga_arm/vitis/zc706_md/hw
TRACE::2026-01-09.09:30:17::SCWPlatform:: Platform Path H:/test/two/fpga_arm/vitis/zc706_md/hw/design_1_wrapper.xsa
TRACE::2026-01-09.09:30:17::SCWPlatform:: Unique name xilinx:zc706::0.0
TRACE::2026-01-09.09:30:17::SCWPlatform::Trying to set the existing hwdb with name design_1_wrapper
TRACE::2026-01-09.09:30:17::SCWPlatform::Opened existing hwdb design_1_wrapper
TRACE::2026-01-09.09:30:17::SCWPlatform::Found the Hw Db part of the input DSA
TRACE::2026-01-09.09:30:17::SCWMssOS::Checking the sw design at  H:/test/two/fpga_arm/vitis/zc706_md/zynq_fsbl/zynq_fsbl_bsp/system.mss
TRACE::2026-01-09.09:30:17::SCWMssOS::DEBUG:  swdes dump  H:/test/two/fpga_arm/vitis/zc706_md/ps7_cortexa9_0/standalone_ps7_cortexa9_0/bsp/system.mss|system_0||
H:/test/two/fpga_arm/vitis/zc706_md/zynq_fsbl/zynq_fsbl_bsp/system.mss|system||

TRACE::2026-01-09.09:30:17::SCWMssOS::Sw design exists and opened at  H:/test/two/fpga_arm/vitis/zc706_md/zynq_fsbl/zynq_fsbl_bsp/system.mss
TRACE::2026-01-09.09:30:17::SCWPlatform::Trying to open the hw design at H:/test/two/fpga_arm/vitis/zc706_md/hw/design_1_wrapper.xsa
TRACE::2026-01-09.09:30:17::SCWPlatform::DSA given H:/test/two/fpga_arm/vitis/zc706_md/hw/design_1_wrapper.xsa
TRACE::2026-01-09.09:30:17::SCWPlatform::DSA absoulate path H:/test/two/fpga_arm/vitis/zc706_md/hw/design_1_wrapper.xsa
TRACE::2026-01-09.09:30:17::SCWPlatform::DSA directory H:/test/two/fpga_arm/vitis/zc706_md/hw
TRACE::2026-01-09.09:30:17::SCWPlatform:: Platform Path H:/test/two/fpga_arm/vitis/zc706_md/hw/design_1_wrapper.xsa
TRACE::2026-01-09.09:30:17::SCWPlatform:: Unique name xilinx:zc706::0.0
TRACE::2026-01-09.09:30:17::SCWPlatform::Trying to set the existing hwdb with name design_1_wrapper
TRACE::2026-01-09.09:30:17::SCWPlatform::Opened existing hwdb design_1_wrapper
TRACE::2026-01-09.09:30:17::SCWPlatform::Found the Hw Db part of the input DSA
TRACE::2026-01-09.09:30:17::SCWMssOS::Checking the sw design at  H:/test/two/fpga_arm/vitis/zc706_md/ps7_cortexa9_0/standalone_ps7_cortexa9_0/bsp/system.mss
TRACE::2026-01-09.09:30:17::SCWMssOS::DEBUG:  swdes dump  H:/test/two/fpga_arm/vitis/zc706_md/ps7_cortexa9_0/standalone_ps7_cortexa9_0/bsp/system.mss|system_0||
H:/test/two/fpga_arm/vitis/zc706_md/zynq_fsbl/zynq_fsbl_bsp/system.mss|system||

TRACE::2026-01-09.09:30:17::SCWMssOS::Sw design exists and opened at  H:/test/two/fpga_arm/vitis/zc706_md/ps7_cortexa9_0/standalone_ps7_cortexa9_0/bsp/system.mss
TRACE::2026-01-09.09:30:17::SCWWriter::formatted JSON is {
	"platformName":	"zc706_md",
	"sprVersion":	"2.0",
	"mode":	"gui",
	"dsaType":	"Fixed",
	"platformDesc":	"zc706_md",
	"platHandOff":	"H:/test/two/fpga_arm/design_1_wrapper.xsa",
	"platIntHandOff":	"<platformDir>/hw/design_1_wrapper.xsa",
	"deviceType":	"zynq",
	"platIsPrebuiltAutogen":	"false",
	"platIsNoBootBsp":	"false",
	"hasFsblMakeHasChanges":	"false",
	"hasPmufwMakeHasChanges":	"false",
	"fsblExtraCompilerFlags":	"-MMD -MP       -mcpu=cortex-a9 -mfpu=vfpv3 -mfloat-abi=hard ",
	"platPreBuiltFlag":	false,
	"platformSamplesDir":	"",
	"platActiveSys":	"zc706_md",
	"systems":	[{
			"systemName":	"zc706_md",
			"systemDesc":	"zc706_md",
			"sysIsBootAutoGen":	"true",
			"systemDispName":	"zc706_md",
			"sysActiveDom":	"zynq_fsbl",
			"sysDefaultDom":	"standalone_ps7_cortexa9_0",
			"domains":	[{
					"domainName":	"zynq_fsbl",
					"domainDispName":	"zynq_fsbl",
					"domainDesc":	"FSBL Application BSP - Auto Generated.",
					"processors":	"ps7_cortexa9_0",
					"os":	"standalone",
					"sdxOs":	"standalone",
					"debugEnable":	"",
					"domRuntimes":	["cpp"],
					"swRepo":	"",
					"mssOsVer":	"7.6",
					"mssFile":	"",
					"md5Digest":	"7cd591954aef16c446ad36e1353bac9a",
					"compatibleApp":	"zynq_fsbl",
					"domType":	"bootDomain",
					"arch":	"32-bit",
					"appSettings":	{
						"appCompilerFlags":	"",
						"appLinkerFlags":	""
					},
					"addedLibs":	["xilffs:4.6", "xilrsa:1.6"],
					"libOptions":	{
						"libsContainingOptions":	[]
					},
					"prebuiltLibs":	{
						"prebuiltIncPath":	[],
						"prebuiltLibPath":	[]
					},
					"isolation":	{
					}
				}, {
					"domainName":	"standalone_ps7_cortexa9_0",
					"domainDispName":	"standalone_ps7_cortexa9_0",
					"domainDesc":	"standalone_ps7_cortexa9_0",
					"processors":	"ps7_cortexa9_0",
					"os":	"standalone",
					"sdxOs":	"standalone",
					"qemuArgs":	"E:/xilinx/Vitis/2021.2/data/emulation/platforms/zynq/sw/a9_standalone/qemu/qemu_args.txt",
					"qemuData":	"E:/xilinx/Vitis/2021.2/data/emulation/platforms/zynq/sw/a9_standalone/qemu/",
					"debugEnable":	"False",
					"domRuntimes":	["cpp"],
					"swRepo":	"",
					"mssOsVer":	"7.6",
					"mssFile":	"",
					"md5Digest":	"62c9962af44135ffdbd239044094cdcd",
					"compatibleApp":	"",
					"domType":	"mssDomain",
					"arch":	"32-bit",
					"appSettings":	{
						"appCompilerFlags":	"",
						"appLinkerFlags":	""
					},
					"addedLibs":	["lwip211:1.6", "xilffs:4.6"],
					"libOptions":	{
						"lwip211":	{
							"dhcp_does_arp_check":	"true",
							"lwip_dhcp":	"true",
							"pbuf_pool_size":	"2048",
							"libOptionNames":	["dhcp_does_arp_check", "lwip_dhcp", "pbuf_pool_size"]
						},
						"libsContainingOptions":	["lwip211"]
					},
					"prebuiltLibs":	{
						"prebuiltIncPath":	[],
						"prebuiltLibPath":	[]
					},
					"isolation":	{
					}
				}]
		}]
}
KEYINFO::2026-01-09.09:30:17::SCWPlatform::updated the xpfm file.
TRACE::2026-01-09.09:30:17::SCWPlatform::Trying to open the hw design at H:/test/two/fpga_arm/vitis/zc706_md/hw/design_1_wrapper.xsa
TRACE::2026-01-09.09:30:17::SCWPlatform::DSA given H:/test/two/fpga_arm/vitis/zc706_md/hw/design_1_wrapper.xsa
TRACE::2026-01-09.09:30:17::SCWPlatform::DSA absoulate path H:/test/two/fpga_arm/vitis/zc706_md/hw/design_1_wrapper.xsa
TRACE::2026-01-09.09:30:17::SCWPlatform::DSA directory H:/test/two/fpga_arm/vitis/zc706_md/hw
TRACE::2026-01-09.09:30:17::SCWPlatform:: Platform Path H:/test/two/fpga_arm/vitis/zc706_md/hw/design_1_wrapper.xsa
TRACE::2026-01-09.09:30:17::SCWPlatform:: Unique name xilinx:zc706::0.0
TRACE::2026-01-09.09:30:17::SCWPlatform::Trying to set the existing hwdb with name design_1_wrapper
TRACE::2026-01-09.09:30:17::SCWPlatform::Opened existing hwdb design_1_wrapper
TRACE::2026-01-09.09:30:17::SCWPlatform::Found the Hw Db part of the input DSA
TRACE::2026-01-09.09:30:17::SCWMssOS::Checking the sw design at  H:/test/two/fpga_arm/vitis/zc706_md/ps7_cortexa9_0/standalone_ps7_cortexa9_0/bsp/system.mss
TRACE::2026-01-09.09:30:17::SCWMssOS::DEBUG:  swdes dump  H:/test/two/fpga_arm/vitis/zc706_md/ps7_cortexa9_0/standalone_ps7_cortexa9_0/bsp/system.mss|system_0||
H:/test/two/fpga_arm/vitis/zc706_md/zynq_fsbl/zynq_fsbl_bsp/system.mss|system||

TRACE::2026-01-09.09:30:17::SCWMssOS::Sw design exists and opened at  H:/test/two/fpga_arm/vitis/zc706_md/ps7_cortexa9_0/standalone_ps7_cortexa9_0/bsp/system.mss
TRACE::2026-01-09.10:09:45::SCWPlatform::Trying to open the hw design at H:/test/two/fpga_arm/vitis/zc706_md/hw/design_1_wrapper.xsa
TRACE::2026-01-09.10:09:45::SCWPlatform::DSA given H:/test/two/fpga_arm/vitis/zc706_md/hw/design_1_wrapper.xsa
TRACE::2026-01-09.10:09:45::SCWPlatform::DSA absoulate path H:/test/two/fpga_arm/vitis/zc706_md/hw/design_1_wrapper.xsa
TRACE::2026-01-09.10:09:45::SCWPlatform::DSA directory H:/test/two/fpga_arm/vitis/zc706_md/hw
TRACE::2026-01-09.10:09:45::SCWPlatform:: Platform Path H:/test/two/fpga_arm/vitis/zc706_md/hw/design_1_wrapper.xsa
TRACE::2026-01-09.10:09:45::SCWPlatform:: Unique name xilinx:zc706::0.0
TRACE::2026-01-09.10:09:45::SCWPlatform::Do not have an existing db opened. 
TRACE::2026-01-09.10:09:49::SCWPlatform::Opened new HwDB with name design_1_wrapper
TRACE::2026-01-09.10:09:49::SCWReader::Active system found as  zc706_md
TRACE::2026-01-09.10:09:49::SCWReader::Handling sysconfig zc706_md
TRACE::2026-01-09.10:09:49::SCWDomain::checking for install qemu data   : 
TRACE::2026-01-09.10:09:49::SCWDomain:: Using the QEMU Data from install at  : E:/xilinx/Vitis/2021.2/data/emulation/platforms/zynq/sw/a9_standalone/qemu/
TRACE::2026-01-09.10:09:49::SCWDomain:: Using the QEMU args  from install at  : E:/xilinx/Vitis/2021.2/data/emulation/platforms/zynq/sw/a9_standalone/qemu/qemu_args.txt
TRACE::2026-01-09.10:09:49::SCWPlatform::Trying to open the hw design at H:/test/two/fpga_arm/vitis/zc706_md/hw/design_1_wrapper.xsa
TRACE::2026-01-09.10:09:49::SCWPlatform::DSA given H:/test/two/fpga_arm/vitis/zc706_md/hw/design_1_wrapper.xsa
TRACE::2026-01-09.10:09:49::SCWPlatform::DSA absoulate path H:/test/two/fpga_arm/vitis/zc706_md/hw/design_1_wrapper.xsa
TRACE::2026-01-09.10:09:49::SCWPlatform::DSA directory H:/test/two/fpga_arm/vitis/zc706_md/hw
TRACE::2026-01-09.10:09:49::SCWPlatform:: Platform Path H:/test/two/fpga_arm/vitis/zc706_md/hw/design_1_wrapper.xsa
TRACE::2026-01-09.10:09:49::SCWPlatform:: Unique name xilinx:zc706::0.0
TRACE::2026-01-09.10:09:49::SCWPlatform::Trying to set the existing hwdb with name design_1_wrapper
TRACE::2026-01-09.10:09:49::SCWPlatform::Opened existing hwdb design_1_wrapper
TRACE::2026-01-09.10:09:49::SCWPlatform::Found the Hw Db part of the input DSA
TRACE::2026-01-09.10:09:49::SCWPlatform::Trying to open the hw design at H:/test/two/fpga_arm/vitis/zc706_md/hw/design_1_wrapper.xsa
TRACE::2026-01-09.10:09:49::SCWPlatform::DSA given H:/test/two/fpga_arm/vitis/zc706_md/hw/design_1_wrapper.xsa
TRACE::2026-01-09.10:09:49::SCWPlatform::DSA absoulate path H:/test/two/fpga_arm/vitis/zc706_md/hw/design_1_wrapper.xsa
TRACE::2026-01-09.10:09:49::SCWPlatform::DSA directory H:/test/two/fpga_arm/vitis/zc706_md/hw
TRACE::2026-01-09.10:09:49::SCWPlatform:: Platform Path H:/test/two/fpga_arm/vitis/zc706_md/hw/design_1_wrapper.xsa
TRACE::2026-01-09.10:09:49::SCWPlatform:: Unique name xilinx:zc706::0.0
TRACE::2026-01-09.10:09:49::SCWPlatform::Trying to set the existing hwdb with name design_1_wrapper
TRACE::2026-01-09.10:09:49::SCWPlatform::Opened existing hwdb design_1_wrapper
TRACE::2026-01-09.10:09:49::SCWPlatform::Found the Hw Db part of the input DSA
TRACE::2026-01-09.10:09:49::SCWPlatform::Trying to open the hw design at H:/test/two/fpga_arm/vitis/zc706_md/hw/design_1_wrapper.xsa
TRACE::2026-01-09.10:09:49::SCWPlatform::DSA given H:/test/two/fpga_arm/vitis/zc706_md/hw/design_1_wrapper.xsa
TRACE::2026-01-09.10:09:49::SCWPlatform::DSA absoulate path H:/test/two/fpga_arm/vitis/zc706_md/hw/design_1_wrapper.xsa
TRACE::2026-01-09.10:09:49::SCWPlatform::DSA directory H:/test/two/fpga_arm/vitis/zc706_md/hw
TRACE::2026-01-09.10:09:49::SCWPlatform:: Platform Path H:/test/two/fpga_arm/vitis/zc706_md/hw/design_1_wrapper.xsa
TRACE::2026-01-09.10:09:49::SCWPlatform:: Unique name xilinx:zc706::0.0
TRACE::2026-01-09.10:09:49::SCWPlatform::Trying to set the existing hwdb with name design_1_wrapper
TRACE::2026-01-09.10:09:49::SCWPlatform::Opened existing hwdb design_1_wrapper
TRACE::2026-01-09.10:09:49::SCWPlatform::Found the Hw Db part of the input DSA
TRACE::2026-01-09.10:09:49::SCWReader::Boot application domain added for zynq_fsbl
TRACE::2026-01-09.10:09:49::SCWPlatform::Trying to open the hw design at H:/test/two/fpga_arm/vitis/zc706_md/hw/design_1_wrapper.xsa
TRACE::2026-01-09.10:09:49::SCWPlatform::DSA given H:/test/two/fpga_arm/vitis/zc706_md/hw/design_1_wrapper.xsa
TRACE::2026-01-09.10:09:49::SCWPlatform::DSA absoulate path H:/test/two/fpga_arm/vitis/zc706_md/hw/design_1_wrapper.xsa
TRACE::2026-01-09.10:09:49::SCWPlatform::DSA directory H:/test/two/fpga_arm/vitis/zc706_md/hw
TRACE::2026-01-09.10:09:49::SCWPlatform:: Platform Path H:/test/two/fpga_arm/vitis/zc706_md/hw/design_1_wrapper.xsa
TRACE::2026-01-09.10:09:49::SCWPlatform:: Unique name xilinx:zc706::0.0
TRACE::2026-01-09.10:09:49::SCWPlatform::Trying to set the existing hwdb with name design_1_wrapper
TRACE::2026-01-09.10:09:49::SCWPlatform::Opened existing hwdb design_1_wrapper
TRACE::2026-01-09.10:09:49::SCWPlatform::Found the Hw Db part of the input DSA
TRACE::2026-01-09.10:09:49::SCWMssOS::Checking the sw design at  H:/test/two/fpga_arm/vitis/zc706_md/zynq_fsbl/zynq_fsbl_bsp/system.mss
TRACE::2026-01-09.10:09:49::SCWMssOS::DEBUG:  swdes dump  
TRACE::2026-01-09.10:09:49::SCWMssOS::No sw design opened at  H:/test/two/fpga_arm/vitis/zc706_md/zynq_fsbl/zynq_fsbl_bsp/system.mss
TRACE::2026-01-09.10:09:49::SCWMssOS::mss exists loading the mss file  H:/test/two/fpga_arm/vitis/zc706_md/zynq_fsbl/zynq_fsbl_bsp/system.mss
TRACE::2026-01-09.10:09:49::SCWMssOS::Opened the sw design from mss  H:/test/two/fpga_arm/vitis/zc706_md/zynq_fsbl/zynq_fsbl_bsp/system.mss
TRACE::2026-01-09.10:09:49::SCWMssOS::Adding the swdes entry H:/test/two/fpga_arm/vitis/zc706_md/zynq_fsbl/zynq_fsbl_bsp/system.mss with des name system
TRACE::2026-01-09.10:09:49::SCWMssOS::updating the scw layer about changes
TRACE::2026-01-09.10:09:49::SCWMssOS::Opened the sw design.  H:/test/two/fpga_arm/vitis/zc706_md/zynq_fsbl/zynq_fsbl_bsp/system.mss
TRACE::2026-01-09.10:09:49::SCWPlatform::Trying to open the hw design at H:/test/two/fpga_arm/vitis/zc706_md/hw/design_1_wrapper.xsa
TRACE::2026-01-09.10:09:49::SCWPlatform::DSA given H:/test/two/fpga_arm/vitis/zc706_md/hw/design_1_wrapper.xsa
TRACE::2026-01-09.10:09:49::SCWPlatform::DSA absoulate path H:/test/two/fpga_arm/vitis/zc706_md/hw/design_1_wrapper.xsa
TRACE::2026-01-09.10:09:49::SCWPlatform::DSA directory H:/test/two/fpga_arm/vitis/zc706_md/hw
TRACE::2026-01-09.10:09:49::SCWPlatform:: Platform Path H:/test/two/fpga_arm/vitis/zc706_md/hw/design_1_wrapper.xsa
TRACE::2026-01-09.10:09:49::SCWPlatform:: Unique name xilinx:zc706::0.0
TRACE::2026-01-09.10:09:49::SCWPlatform::Trying to set the existing hwdb with name design_1_wrapper
TRACE::2026-01-09.10:09:49::SCWPlatform::Opened existing hwdb design_1_wrapper
TRACE::2026-01-09.10:09:49::SCWPlatform::Found the Hw Db part of the input DSA
TRACE::2026-01-09.10:09:49::SCWMssOS::Checking the sw design at  H:/test/two/fpga_arm/vitis/zc706_md/zynq_fsbl/zynq_fsbl_bsp/system.mss
TRACE::2026-01-09.10:09:49::SCWMssOS::DEBUG:  swdes dump  H:/test/two/fpga_arm/vitis/zc706_md/zynq_fsbl/zynq_fsbl_bsp/system.mss|system||

TRACE::2026-01-09.10:09:49::SCWMssOS::Sw design exists and opened at  H:/test/two/fpga_arm/vitis/zc706_md/zynq_fsbl/zynq_fsbl_bsp/system.mss
TRACE::2026-01-09.10:09:49::SCWMssOS:: library already available in sw design:  xilffs:4.6
TRACE::2026-01-09.10:09:49::SCWPlatform::Trying to open the hw design at H:/test/two/fpga_arm/vitis/zc706_md/hw/design_1_wrapper.xsa
TRACE::2026-01-09.10:09:49::SCWPlatform::DSA given H:/test/two/fpga_arm/vitis/zc706_md/hw/design_1_wrapper.xsa
TRACE::2026-01-09.10:09:49::SCWPlatform::DSA absoulate path H:/test/two/fpga_arm/vitis/zc706_md/hw/design_1_wrapper.xsa
TRACE::2026-01-09.10:09:49::SCWPlatform::DSA directory H:/test/two/fpga_arm/vitis/zc706_md/hw
TRACE::2026-01-09.10:09:49::SCWPlatform:: Platform Path H:/test/two/fpga_arm/vitis/zc706_md/hw/design_1_wrapper.xsa
TRACE::2026-01-09.10:09:49::SCWPlatform:: Unique name xilinx:zc706::0.0
TRACE::2026-01-09.10:09:49::SCWPlatform::Trying to set the existing hwdb with name design_1_wrapper
TRACE::2026-01-09.10:09:49::SCWPlatform::Opened existing hwdb design_1_wrapper
TRACE::2026-01-09.10:09:49::SCWPlatform::Found the Hw Db part of the input DSA
TRACE::2026-01-09.10:09:49::SCWMssOS::Checking the sw design at  H:/test/two/fpga_arm/vitis/zc706_md/zynq_fsbl/zynq_fsbl_bsp/system.mss
TRACE::2026-01-09.10:09:49::SCWMssOS::DEBUG:  swdes dump  H:/test/two/fpga_arm/vitis/zc706_md/zynq_fsbl/zynq_fsbl_bsp/system.mss|system||

TRACE::2026-01-09.10:09:49::SCWMssOS::Sw design exists and opened at  H:/test/two/fpga_arm/vitis/zc706_md/zynq_fsbl/zynq_fsbl_bsp/system.mss
TRACE::2026-01-09.10:09:49::SCWMssOS:: library already available in sw design:  xilrsa:1.6
TRACE::2026-01-09.10:09:49::SCWMssOS::Saving the mss changes H:/test/two/fpga_arm/vitis/zc706_md/zynq_fsbl/zynq_fsbl_bsp/system.mss
TRACE::2026-01-09.10:09:49::SCWMssOS::Found a swdesign opened with the mssfile.
TRACE::2026-01-09.10:09:49::SCWMssOS::Completed writemss as part of save.
TRACE::2026-01-09.10:09:49::SCWMssOS::Commit changes completed.
TRACE::2026-01-09.10:09:49::SCWReader::Adding prebuilt librarypaths as   
TRACE::2026-01-09.10:09:49::SCWReader::Adding prebuilt incpaths  as   
TRACE::2026-01-09.10:09:49::SCWPlatform::Trying to open the hw design at H:/test/two/fpga_arm/vitis/zc706_md/hw/design_1_wrapper.xsa
TRACE::2026-01-09.10:09:49::SCWPlatform::DSA given H:/test/two/fpga_arm/vitis/zc706_md/hw/design_1_wrapper.xsa
TRACE::2026-01-09.10:09:49::SCWPlatform::DSA absoulate path H:/test/two/fpga_arm/vitis/zc706_md/hw/design_1_wrapper.xsa
TRACE::2026-01-09.10:09:49::SCWPlatform::DSA directory H:/test/two/fpga_arm/vitis/zc706_md/hw
TRACE::2026-01-09.10:09:49::SCWPlatform:: Platform Path H:/test/two/fpga_arm/vitis/zc706_md/hw/design_1_wrapper.xsa
TRACE::2026-01-09.10:09:49::SCWPlatform:: Unique name xilinx:zc706::0.0
TRACE::2026-01-09.10:09:49::SCWPlatform::Trying to set the existing hwdb with name design_1_wrapper
TRACE::2026-01-09.10:09:49::SCWPlatform::Opened existing hwdb design_1_wrapper
TRACE::2026-01-09.10:09:49::SCWPlatform::Found the Hw Db part of the input DSA
TRACE::2026-01-09.10:09:49::SCWMssOS::Checking the sw design at  H:/test/two/fpga_arm/vitis/zc706_md/zynq_fsbl/zynq_fsbl_bsp/system.mss
TRACE::2026-01-09.10:09:49::SCWMssOS::DEBUG:  swdes dump  H:/test/two/fpga_arm/vitis/zc706_md/zynq_fsbl/zynq_fsbl_bsp/system.mss|system||

TRACE::2026-01-09.10:09:49::SCWMssOS::Sw design exists and opened at  H:/test/two/fpga_arm/vitis/zc706_md/zynq_fsbl/zynq_fsbl_bsp/system.mss
TRACE::2026-01-09.10:09:49::SCWReader::No isolation master present  
TRACE::2026-01-09.10:09:49::SCWDomain::checking for install qemu data   : 
TRACE::2026-01-09.10:09:49::SCWDomain:: Using the QEMU Data from install at  : E:/xilinx/Vitis/2021.2/data/emulation/platforms/zynq/sw/a9_standalone/qemu/
TRACE::2026-01-09.10:09:49::SCWDomain:: Using the QEMU args  from install at  : E:/xilinx/Vitis/2021.2/data/emulation/platforms/zynq/sw/a9_standalone/qemu/qemu_args.txt
TRACE::2026-01-09.10:09:49::SCWPlatform::Trying to open the hw design at H:/test/two/fpga_arm/vitis/zc706_md/hw/design_1_wrapper.xsa
TRACE::2026-01-09.10:09:49::SCWPlatform::DSA given H:/test/two/fpga_arm/vitis/zc706_md/hw/design_1_wrapper.xsa
TRACE::2026-01-09.10:09:49::SCWPlatform::DSA absoulate path H:/test/two/fpga_arm/vitis/zc706_md/hw/design_1_wrapper.xsa
TRACE::2026-01-09.10:09:49::SCWPlatform::DSA directory H:/test/two/fpga_arm/vitis/zc706_md/hw
TRACE::2026-01-09.10:09:50::SCWPlatform:: Platform Path H:/test/two/fpga_arm/vitis/zc706_md/hw/design_1_wrapper.xsa
TRACE::2026-01-09.10:09:50::SCWPlatform:: Unique name xilinx:zc706::0.0
TRACE::2026-01-09.10:09:50::SCWPlatform::Trying to set the existing hwdb with name design_1_wrapper
TRACE::2026-01-09.10:09:50::SCWPlatform::Opened existing hwdb design_1_wrapper
TRACE::2026-01-09.10:09:50::SCWPlatform::Found the Hw Db part of the input DSA
TRACE::2026-01-09.10:09:50::SCWPlatform::Trying to open the hw design at H:/test/two/fpga_arm/vitis/zc706_md/hw/design_1_wrapper.xsa
TRACE::2026-01-09.10:09:50::SCWPlatform::DSA given H:/test/two/fpga_arm/vitis/zc706_md/hw/design_1_wrapper.xsa
TRACE::2026-01-09.10:09:50::SCWPlatform::DSA absoulate path H:/test/two/fpga_arm/vitis/zc706_md/hw/design_1_wrapper.xsa
TRACE::2026-01-09.10:09:50::SCWPlatform::DSA directory H:/test/two/fpga_arm/vitis/zc706_md/hw
TRACE::2026-01-09.10:09:50::SCWPlatform:: Platform Path H:/test/two/fpga_arm/vitis/zc706_md/hw/design_1_wrapper.xsa
TRACE::2026-01-09.10:09:50::SCWPlatform:: Unique name xilinx:zc706::0.0
TRACE::2026-01-09.10:09:50::SCWPlatform::Trying to set the existing hwdb with name design_1_wrapper
TRACE::2026-01-09.10:09:50::SCWPlatform::Opened existing hwdb design_1_wrapper
TRACE::2026-01-09.10:09:50::SCWPlatform::Found the Hw Db part of the input DSA
TRACE::2026-01-09.10:09:50::SCWPlatform::Trying to open the hw design at H:/test/two/fpga_arm/vitis/zc706_md/hw/design_1_wrapper.xsa
TRACE::2026-01-09.10:09:50::SCWPlatform::DSA given H:/test/two/fpga_arm/vitis/zc706_md/hw/design_1_wrapper.xsa
TRACE::2026-01-09.10:09:50::SCWPlatform::DSA absoulate path H:/test/two/fpga_arm/vitis/zc706_md/hw/design_1_wrapper.xsa
TRACE::2026-01-09.10:09:50::SCWPlatform::DSA directory H:/test/two/fpga_arm/vitis/zc706_md/hw
TRACE::2026-01-09.10:09:50::SCWPlatform:: Platform Path H:/test/two/fpga_arm/vitis/zc706_md/hw/design_1_wrapper.xsa
TRACE::2026-01-09.10:09:50::SCWPlatform:: Unique name xilinx:zc706::0.0
TRACE::2026-01-09.10:09:50::SCWPlatform::Trying to set the existing hwdb with name design_1_wrapper
TRACE::2026-01-09.10:09:50::SCWPlatform::Opened existing hwdb design_1_wrapper
TRACE::2026-01-09.10:09:50::SCWPlatform::Found the Hw Db part of the input DSA
TRACE::2026-01-09.10:09:50::SCWMssOS::Checking the sw design at  H:/test/two/fpga_arm/vitis/zc706_md/ps7_cortexa9_0/standalone_ps7_cortexa9_0/bsp/system.mss
TRACE::2026-01-09.10:09:50::SCWMssOS::DEBUG:  swdes dump  H:/test/two/fpga_arm/vitis/zc706_md/zynq_fsbl/zynq_fsbl_bsp/system.mss|system||

TRACE::2026-01-09.10:09:50::SCWMssOS::No sw design opened at  H:/test/two/fpga_arm/vitis/zc706_md/ps7_cortexa9_0/standalone_ps7_cortexa9_0/bsp/system.mss
TRACE::2026-01-09.10:09:50::SCWMssOS::mss exists loading the mss file  H:/test/two/fpga_arm/vitis/zc706_md/ps7_cortexa9_0/standalone_ps7_cortexa9_0/bsp/system.mss
TRACE::2026-01-09.10:09:50::SCWMssOS::Opened the sw design from mss  H:/test/two/fpga_arm/vitis/zc706_md/ps7_cortexa9_0/standalone_ps7_cortexa9_0/bsp/system.mss
TRACE::2026-01-09.10:09:50::SCWMssOS::Adding the swdes entry H:/test/two/fpga_arm/vitis/zc706_md/ps7_cortexa9_0/standalone_ps7_cortexa9_0/bsp/system.mss with des name system_0
TRACE::2026-01-09.10:09:50::SCWMssOS::updating the scw layer about changes
TRACE::2026-01-09.10:09:50::SCWMssOS::Opened the sw design.  H:/test/two/fpga_arm/vitis/zc706_md/ps7_cortexa9_0/standalone_ps7_cortexa9_0/bsp/system.mss
TRACE::2026-01-09.10:09:50::SCWPlatform::Trying to open the hw design at H:/test/two/fpga_arm/vitis/zc706_md/hw/design_1_wrapper.xsa
TRACE::2026-01-09.10:09:50::SCWPlatform::DSA given H:/test/two/fpga_arm/vitis/zc706_md/hw/design_1_wrapper.xsa
TRACE::2026-01-09.10:09:50::SCWPlatform::DSA absoulate path H:/test/two/fpga_arm/vitis/zc706_md/hw/design_1_wrapper.xsa
TRACE::2026-01-09.10:09:50::SCWPlatform::DSA directory H:/test/two/fpga_arm/vitis/zc706_md/hw
TRACE::2026-01-09.10:09:50::SCWPlatform:: Platform Path H:/test/two/fpga_arm/vitis/zc706_md/hw/design_1_wrapper.xsa
TRACE::2026-01-09.10:09:50::SCWPlatform:: Unique name xilinx:zc706::0.0
TRACE::2026-01-09.10:09:50::SCWPlatform::Trying to set the existing hwdb with name design_1_wrapper
TRACE::2026-01-09.10:09:50::SCWPlatform::Opened existing hwdb design_1_wrapper
TRACE::2026-01-09.10:09:50::SCWPlatform::Found the Hw Db part of the input DSA
TRACE::2026-01-09.10:09:50::SCWMssOS::Checking the sw design at  H:/test/two/fpga_arm/vitis/zc706_md/ps7_cortexa9_0/standalone_ps7_cortexa9_0/bsp/system.mss
TRACE::2026-01-09.10:09:50::SCWMssOS::DEBUG:  swdes dump  H:/test/two/fpga_arm/vitis/zc706_md/ps7_cortexa9_0/standalone_ps7_cortexa9_0/bsp/system.mss|system_0||
H:/test/two/fpga_arm/vitis/zc706_md/zynq_fsbl/zynq_fsbl_bsp/system.mss|system||

TRACE::2026-01-09.10:09:50::SCWMssOS::Sw design exists and opened at  H:/test/two/fpga_arm/vitis/zc706_md/ps7_cortexa9_0/standalone_ps7_cortexa9_0/bsp/system.mss
TRACE::2026-01-09.10:09:50::SCWMssOS:: library already available in sw design:  lwip211:1.6
TRACE::2026-01-09.10:09:50::SCWPlatform::Trying to open the hw design at H:/test/two/fpga_arm/vitis/zc706_md/hw/design_1_wrapper.xsa
TRACE::2026-01-09.10:09:50::SCWPlatform::DSA given H:/test/two/fpga_arm/vitis/zc706_md/hw/design_1_wrapper.xsa
TRACE::2026-01-09.10:09:50::SCWPlatform::DSA absoulate path H:/test/two/fpga_arm/vitis/zc706_md/hw/design_1_wrapper.xsa
TRACE::2026-01-09.10:09:50::SCWPlatform::DSA directory H:/test/two/fpga_arm/vitis/zc706_md/hw
TRACE::2026-01-09.10:09:50::SCWPlatform:: Platform Path H:/test/two/fpga_arm/vitis/zc706_md/hw/design_1_wrapper.xsa
TRACE::2026-01-09.10:09:50::SCWPlatform:: Unique name xilinx:zc706::0.0
TRACE::2026-01-09.10:09:50::SCWPlatform::Trying to set the existing hwdb with name design_1_wrapper
TRACE::2026-01-09.10:09:50::SCWPlatform::Opened existing hwdb design_1_wrapper
TRACE::2026-01-09.10:09:50::SCWPlatform::Found the Hw Db part of the input DSA
TRACE::2026-01-09.10:09:50::SCWMssOS::Checking the sw design at  H:/test/two/fpga_arm/vitis/zc706_md/ps7_cortexa9_0/standalone_ps7_cortexa9_0/bsp/system.mss
TRACE::2026-01-09.10:09:50::SCWMssOS::DEBUG:  swdes dump  H:/test/two/fpga_arm/vitis/zc706_md/ps7_cortexa9_0/standalone_ps7_cortexa9_0/bsp/system.mss|system_0||
H:/test/two/fpga_arm/vitis/zc706_md/zynq_fsbl/zynq_fsbl_bsp/system.mss|system||

TRACE::2026-01-09.10:09:50::SCWMssOS::Sw design exists and opened at  H:/test/two/fpga_arm/vitis/zc706_md/ps7_cortexa9_0/standalone_ps7_cortexa9_0/bsp/system.mss
TRACE::2026-01-09.10:09:50::SCWMssOS:: library already available in sw design:  xilffs:4.6
TRACE::2026-01-09.10:09:50::SCWPlatform::Trying to open the hw design at H:/test/two/fpga_arm/vitis/zc706_md/hw/design_1_wrapper.xsa
TRACE::2026-01-09.10:09:50::SCWPlatform::DSA given H:/test/two/fpga_arm/vitis/zc706_md/hw/design_1_wrapper.xsa
TRACE::2026-01-09.10:09:50::SCWPlatform::DSA absoulate path H:/test/two/fpga_arm/vitis/zc706_md/hw/design_1_wrapper.xsa
TRACE::2026-01-09.10:09:50::SCWPlatform::DSA directory H:/test/two/fpga_arm/vitis/zc706_md/hw
TRACE::2026-01-09.10:09:50::SCWPlatform:: Platform Path H:/test/two/fpga_arm/vitis/zc706_md/hw/design_1_wrapper.xsa
TRACE::2026-01-09.10:09:50::SCWPlatform:: Unique name xilinx:zc706::0.0
TRACE::2026-01-09.10:09:50::SCWPlatform::Trying to set the existing hwdb with name design_1_wrapper
TRACE::2026-01-09.10:09:50::SCWPlatform::Opened existing hwdb design_1_wrapper
TRACE::2026-01-09.10:09:50::SCWPlatform::Found the Hw Db part of the input DSA
TRACE::2026-01-09.10:09:50::SCWMssOS::Checking the sw design at  H:/test/two/fpga_arm/vitis/zc706_md/ps7_cortexa9_0/standalone_ps7_cortexa9_0/bsp/system.mss
TRACE::2026-01-09.10:09:50::SCWMssOS::DEBUG:  swdes dump  H:/test/two/fpga_arm/vitis/zc706_md/ps7_cortexa9_0/standalone_ps7_cortexa9_0/bsp/system.mss|system_0||
H:/test/two/fpga_arm/vitis/zc706_md/zynq_fsbl/zynq_fsbl_bsp/system.mss|system||

TRACE::2026-01-09.10:09:50::SCWMssOS::Sw design exists and opened at  H:/test/two/fpga_arm/vitis/zc706_md/ps7_cortexa9_0/standalone_ps7_cortexa9_0/bsp/system.mss
TRACE::2026-01-09.10:09:50::SCWPlatform::Trying to open the hw design at H:/test/two/fpga_arm/vitis/zc706_md/hw/design_1_wrapper.xsa
TRACE::2026-01-09.10:09:50::SCWPlatform::DSA given H:/test/two/fpga_arm/vitis/zc706_md/hw/design_1_wrapper.xsa
TRACE::2026-01-09.10:09:50::SCWPlatform::DSA absoulate path H:/test/two/fpga_arm/vitis/zc706_md/hw/design_1_wrapper.xsa
TRACE::2026-01-09.10:09:50::SCWPlatform::DSA directory H:/test/two/fpga_arm/vitis/zc706_md/hw
TRACE::2026-01-09.10:09:50::SCWPlatform:: Platform Path H:/test/two/fpga_arm/vitis/zc706_md/hw/design_1_wrapper.xsa
TRACE::2026-01-09.10:09:50::SCWPlatform:: Unique name xilinx:zc706::0.0
TRACE::2026-01-09.10:09:50::SCWPlatform::Trying to set the existing hwdb with name design_1_wrapper
TRACE::2026-01-09.10:09:50::SCWPlatform::Opened existing hwdb design_1_wrapper
TRACE::2026-01-09.10:09:50::SCWPlatform::Found the Hw Db part of the input DSA
TRACE::2026-01-09.10:09:50::SCWMssOS::Checking the sw design at  H:/test/two/fpga_arm/vitis/zc706_md/ps7_cortexa9_0/standalone_ps7_cortexa9_0/bsp/system.mss
TRACE::2026-01-09.10:09:50::SCWMssOS::DEBUG:  swdes dump  H:/test/two/fpga_arm/vitis/zc706_md/ps7_cortexa9_0/standalone_ps7_cortexa9_0/bsp/system.mss|system_0||
H:/test/two/fpga_arm/vitis/zc706_md/zynq_fsbl/zynq_fsbl_bsp/system.mss|system||

TRACE::2026-01-09.10:09:50::SCWMssOS::Sw design exists and opened at  H:/test/two/fpga_arm/vitis/zc706_md/ps7_cortexa9_0/standalone_ps7_cortexa9_0/bsp/system.mss
TRACE::2026-01-09.10:09:50::SCWPlatform::Trying to open the hw design at H:/test/two/fpga_arm/vitis/zc706_md/hw/design_1_wrapper.xsa
TRACE::2026-01-09.10:09:50::SCWPlatform::DSA given H:/test/two/fpga_arm/vitis/zc706_md/hw/design_1_wrapper.xsa
TRACE::2026-01-09.10:09:50::SCWPlatform::DSA absoulate path H:/test/two/fpga_arm/vitis/zc706_md/hw/design_1_wrapper.xsa
TRACE::2026-01-09.10:09:50::SCWPlatform::DSA directory H:/test/two/fpga_arm/vitis/zc706_md/hw
TRACE::2026-01-09.10:09:50::SCWPlatform:: Platform Path H:/test/two/fpga_arm/vitis/zc706_md/hw/design_1_wrapper.xsa
TRACE::2026-01-09.10:09:50::SCWPlatform:: Unique name xilinx:zc706::0.0
TRACE::2026-01-09.10:09:50::SCWPlatform::Trying to set the existing hwdb with name design_1_wrapper
TRACE::2026-01-09.10:09:50::SCWPlatform::Opened existing hwdb design_1_wrapper
TRACE::2026-01-09.10:09:50::SCWPlatform::Found the Hw Db part of the input DSA
TRACE::2026-01-09.10:09:50::SCWMssOS::Checking the sw design at  H:/test/two/fpga_arm/vitis/zc706_md/ps7_cortexa9_0/standalone_ps7_cortexa9_0/bsp/system.mss
TRACE::2026-01-09.10:09:50::SCWMssOS::DEBUG:  swdes dump  H:/test/two/fpga_arm/vitis/zc706_md/ps7_cortexa9_0/standalone_ps7_cortexa9_0/bsp/system.mss|system_0||
H:/test/two/fpga_arm/vitis/zc706_md/zynq_fsbl/zynq_fsbl_bsp/system.mss|system||

TRACE::2026-01-09.10:09:50::SCWMssOS::Sw design exists and opened at  H:/test/two/fpga_arm/vitis/zc706_md/ps7_cortexa9_0/standalone_ps7_cortexa9_0/bsp/system.mss
TRACE::2026-01-09.10:09:50::SCWPlatform::Trying to open the hw design at H:/test/two/fpga_arm/vitis/zc706_md/hw/design_1_wrapper.xsa
TRACE::2026-01-09.10:09:50::SCWPlatform::DSA given H:/test/two/fpga_arm/vitis/zc706_md/hw/design_1_wrapper.xsa
TRACE::2026-01-09.10:09:50::SCWPlatform::DSA absoulate path H:/test/two/fpga_arm/vitis/zc706_md/hw/design_1_wrapper.xsa
TRACE::2026-01-09.10:09:50::SCWPlatform::DSA directory H:/test/two/fpga_arm/vitis/zc706_md/hw
TRACE::2026-01-09.10:09:50::SCWPlatform:: Platform Path H:/test/two/fpga_arm/vitis/zc706_md/hw/design_1_wrapper.xsa
TRACE::2026-01-09.10:09:50::SCWPlatform:: Unique name xilinx:zc706::0.0
TRACE::2026-01-09.10:09:50::SCWPlatform::Trying to set the existing hwdb with name design_1_wrapper
TRACE::2026-01-09.10:09:50::SCWPlatform::Opened existing hwdb design_1_wrapper
TRACE::2026-01-09.10:09:50::SCWPlatform::Found the Hw Db part of the input DSA
TRACE::2026-01-09.10:09:50::SCWMssOS::Checking the sw design at  H:/test/two/fpga_arm/vitis/zc706_md/ps7_cortexa9_0/standalone_ps7_cortexa9_0/bsp/system.mss
TRACE::2026-01-09.10:09:50::SCWMssOS::DEBUG:  swdes dump  H:/test/two/fpga_arm/vitis/zc706_md/ps7_cortexa9_0/standalone_ps7_cortexa9_0/bsp/system.mss|system_0||
H:/test/two/fpga_arm/vitis/zc706_md/zynq_fsbl/zynq_fsbl_bsp/system.mss|system||

TRACE::2026-01-09.10:09:50::SCWMssOS::Sw design exists and opened at  H:/test/two/fpga_arm/vitis/zc706_md/ps7_cortexa9_0/standalone_ps7_cortexa9_0/bsp/system.mss
TRACE::2026-01-09.10:09:50::SCWPlatform::Trying to open the hw design at H:/test/two/fpga_arm/vitis/zc706_md/hw/design_1_wrapper.xsa
TRACE::2026-01-09.10:09:50::SCWPlatform::DSA given H:/test/two/fpga_arm/vitis/zc706_md/hw/design_1_wrapper.xsa
TRACE::2026-01-09.10:09:50::SCWPlatform::DSA absoulate path H:/test/two/fpga_arm/vitis/zc706_md/hw/design_1_wrapper.xsa
TRACE::2026-01-09.10:09:50::SCWPlatform::DSA directory H:/test/two/fpga_arm/vitis/zc706_md/hw
TRACE::2026-01-09.10:09:50::SCWPlatform:: Platform Path H:/test/two/fpga_arm/vitis/zc706_md/hw/design_1_wrapper.xsa
TRACE::2026-01-09.10:09:50::SCWPlatform:: Unique name xilinx:zc706::0.0
TRACE::2026-01-09.10:09:50::SCWPlatform::Trying to set the existing hwdb with name design_1_wrapper
TRACE::2026-01-09.10:09:50::SCWPlatform::Opened existing hwdb design_1_wrapper
TRACE::2026-01-09.10:09:50::SCWPlatform::Found the Hw Db part of the input DSA
TRACE::2026-01-09.10:09:50::SCWMssOS::Checking the sw design at  H:/test/two/fpga_arm/vitis/zc706_md/ps7_cortexa9_0/standalone_ps7_cortexa9_0/bsp/system.mss
TRACE::2026-01-09.10:09:50::SCWMssOS::DEBUG:  swdes dump  H:/test/two/fpga_arm/vitis/zc706_md/ps7_cortexa9_0/standalone_ps7_cortexa9_0/bsp/system.mss|system_0||
H:/test/two/fpga_arm/vitis/zc706_md/zynq_fsbl/zynq_fsbl_bsp/system.mss|system||

TRACE::2026-01-09.10:09:50::SCWMssOS::Sw design exists and opened at  H:/test/two/fpga_arm/vitis/zc706_md/ps7_cortexa9_0/standalone_ps7_cortexa9_0/bsp/system.mss
TRACE::2026-01-09.10:09:50::SCWPlatform::Trying to open the hw design at H:/test/two/fpga_arm/vitis/zc706_md/hw/design_1_wrapper.xsa
TRACE::2026-01-09.10:09:50::SCWPlatform::DSA given H:/test/two/fpga_arm/vitis/zc706_md/hw/design_1_wrapper.xsa
TRACE::2026-01-09.10:09:50::SCWPlatform::DSA absoulate path H:/test/two/fpga_arm/vitis/zc706_md/hw/design_1_wrapper.xsa
TRACE::2026-01-09.10:09:50::SCWPlatform::DSA directory H:/test/two/fpga_arm/vitis/zc706_md/hw
TRACE::2026-01-09.10:09:50::SCWPlatform:: Platform Path H:/test/two/fpga_arm/vitis/zc706_md/hw/design_1_wrapper.xsa
TRACE::2026-01-09.10:09:50::SCWPlatform:: Unique name xilinx:zc706::0.0
TRACE::2026-01-09.10:09:50::SCWPlatform::Trying to set the existing hwdb with name design_1_wrapper
TRACE::2026-01-09.10:09:50::SCWPlatform::Opened existing hwdb design_1_wrapper
TRACE::2026-01-09.10:09:50::SCWPlatform::Found the Hw Db part of the input DSA
TRACE::2026-01-09.10:09:50::SCWMssOS::Checking the sw design at  H:/test/two/fpga_arm/vitis/zc706_md/ps7_cortexa9_0/standalone_ps7_cortexa9_0/bsp/system.mss
TRACE::2026-01-09.10:09:50::SCWMssOS::DEBUG:  swdes dump  H:/test/two/fpga_arm/vitis/zc706_md/ps7_cortexa9_0/standalone_ps7_cortexa9_0/bsp/system.mss|system_0||
H:/test/two/fpga_arm/vitis/zc706_md/zynq_fsbl/zynq_fsbl_bsp/system.mss|system||

TRACE::2026-01-09.10:09:50::SCWMssOS::Sw design exists and opened at  H:/test/two/fpga_arm/vitis/zc706_md/ps7_cortexa9_0/standalone_ps7_cortexa9_0/bsp/system.mss
TRACE::2026-01-09.10:09:50::SCWMssOS::Saving the mss changes H:/test/two/fpga_arm/vitis/zc706_md/ps7_cortexa9_0/standalone_ps7_cortexa9_0/bsp/system.mss
TRACE::2026-01-09.10:09:50::SCWMssOS::Found a swdesign opened with the mssfile.
TRACE::2026-01-09.10:09:50::SCWMssOS::Completed writemss as part of save.
TRACE::2026-01-09.10:09:50::SCWMssOS::Commit changes completed.
TRACE::2026-01-09.10:09:50::SCWReader::Adding prebuilt librarypaths as   
TRACE::2026-01-09.10:09:50::SCWReader::Adding prebuilt incpaths  as   
TRACE::2026-01-09.10:09:50::SCWPlatform::Trying to open the hw design at H:/test/two/fpga_arm/vitis/zc706_md/hw/design_1_wrapper.xsa
TRACE::2026-01-09.10:09:50::SCWPlatform::DSA given H:/test/two/fpga_arm/vitis/zc706_md/hw/design_1_wrapper.xsa
TRACE::2026-01-09.10:09:50::SCWPlatform::DSA absoulate path H:/test/two/fpga_arm/vitis/zc706_md/hw/design_1_wrapper.xsa
TRACE::2026-01-09.10:09:50::SCWPlatform::DSA directory H:/test/two/fpga_arm/vitis/zc706_md/hw
TRACE::2026-01-09.10:09:50::SCWPlatform:: Platform Path H:/test/two/fpga_arm/vitis/zc706_md/hw/design_1_wrapper.xsa
TRACE::2026-01-09.10:09:50::SCWPlatform:: Unique name xilinx:zc706::0.0
TRACE::2026-01-09.10:09:50::SCWPlatform::Trying to set the existing hwdb with name design_1_wrapper
TRACE::2026-01-09.10:09:50::SCWPlatform::Opened existing hwdb design_1_wrapper
TRACE::2026-01-09.10:09:50::SCWPlatform::Found the Hw Db part of the input DSA
TRACE::2026-01-09.10:09:50::SCWMssOS::Checking the sw design at  H:/test/two/fpga_arm/vitis/zc706_md/ps7_cortexa9_0/standalone_ps7_cortexa9_0/bsp/system.mss
TRACE::2026-01-09.10:09:50::SCWMssOS::DEBUG:  swdes dump  H:/test/two/fpga_arm/vitis/zc706_md/ps7_cortexa9_0/standalone_ps7_cortexa9_0/bsp/system.mss|system_0||
H:/test/two/fpga_arm/vitis/zc706_md/zynq_fsbl/zynq_fsbl_bsp/system.mss|system||

TRACE::2026-01-09.10:09:50::SCWMssOS::Sw design exists and opened at  H:/test/two/fpga_arm/vitis/zc706_md/ps7_cortexa9_0/standalone_ps7_cortexa9_0/bsp/system.mss
TRACE::2026-01-09.10:09:50::SCWReader::No isolation master present  
LOG::2026-01-09.10:09:50::SCWPlatform::Started generating the artifacts platform zc706_md
TRACE::2026-01-09.10:09:50::SCWPlatform::Sanity checking of platform is completed
LOG::2026-01-09.10:09:50::SCWPlatform::Started generating the artifacts for system configuration zc706_md
LOG::2026-01-09.10:09:50::SCWSystem::Checking the domain zynq_fsbl
LOG::2026-01-09.10:09:50::SCWSystem::Doing application build for :  zynq_fsbl
TRACE::2026-01-09.10:09:50::SCWBDomain::Not a forced makefile updation, No changes are present. 
TRACE::2026-01-09.10:09:50::SCWDomain::Building the domain as part of full build :  zynq_fsbl
TRACE::2026-01-09.10:09:50::SCWPlatform::Trying to open the hw design at H:/test/two/fpga_arm/vitis/zc706_md/hw/design_1_wrapper.xsa
TRACE::2026-01-09.10:09:50::SCWPlatform::DSA given H:/test/two/fpga_arm/vitis/zc706_md/hw/design_1_wrapper.xsa
TRACE::2026-01-09.10:09:50::SCWPlatform::DSA absoulate path H:/test/two/fpga_arm/vitis/zc706_md/hw/design_1_wrapper.xsa
TRACE::2026-01-09.10:09:50::SCWPlatform::DSA directory H:/test/two/fpga_arm/vitis/zc706_md/hw
TRACE::2026-01-09.10:09:50::SCWPlatform:: Platform Path H:/test/two/fpga_arm/vitis/zc706_md/hw/design_1_wrapper.xsa
TRACE::2026-01-09.10:09:50::SCWPlatform:: Unique name xilinx:zc706::0.0
TRACE::2026-01-09.10:09:50::SCWPlatform::Trying to set the existing hwdb with name design_1_wrapper
TRACE::2026-01-09.10:09:50::SCWPlatform::Opened existing hwdb design_1_wrapper
TRACE::2026-01-09.10:09:50::SCWPlatform::Found the Hw Db part of the input DSA
TRACE::2026-01-09.10:09:50::SCWMssOS::Checking the sw design at  H:/test/two/fpga_arm/vitis/zc706_md/zynq_fsbl/zynq_fsbl_bsp/system.mss
TRACE::2026-01-09.10:09:50::SCWMssOS::DEBUG:  swdes dump  H:/test/two/fpga_arm/vitis/zc706_md/ps7_cortexa9_0/standalone_ps7_cortexa9_0/bsp/system.mss|system_0||
H:/test/two/fpga_arm/vitis/zc706_md/zynq_fsbl/zynq_fsbl_bsp/system.mss|system||

TRACE::2026-01-09.10:09:50::SCWMssOS::Sw design exists and opened at  H:/test/two/fpga_arm/vitis/zc706_md/zynq_fsbl/zynq_fsbl_bsp/system.mss
TRACE::2026-01-09.10:09:50::SCWBDomain::Completed writing the mss file at H:/test/two/fpga_arm/vitis/zc706_md/zynq_fsbl/zynq_fsbl_bsp
TRACE::2026-01-09.10:09:50::SCWBDomain::bsp generated is upto date with the mss file. Skipping bsp generation.
TRACE::2026-01-09.10:09:50::SCWBDomain::Not a forced makefile updation, No changes are present. 
TRACE::2026-01-09.10:09:50::SCWBDomain::System Command Ran  H:&  cd  H:/test/two/fpga_arm/vitis/zc706_md/zynq_fsbl& make -C  zynq_fsbl_bsp & make 
TRACE::2026-01-09.10:09:50::SCWBDomain::make: Entering directory 'H:/test/two/fpga_arm/vitis/zc706_md/zynq_fsbl/zynq_fsbl_bsp'

TRACE::2026-01-09.10:09:50::SCWBDomain::make --no-print-directory seq_libs

TRACE::2026-01-09.10:09:50::SCWBDomain::"Running Make include in ps7_cortexa9_0/libsrc/axivdma_v6_10/src"

TRACE::2026-01-09.10:09:50::SCWBDomain::make -C ps7_cortexa9_0/libsrc/axivdma_v6_10/src -s include  "SHELL=CMD" "COMPILER=arm-none-eabi-gcc" "ASSEMBLER=arm-none-eabi-a
TRACE::2026-01-09.10:09:50::SCWBDomain::s" "ARCHIVER=arm-none-eabi-ar" "COMPILER_FLAGS=  -O2 -c" "EXTRA_COMPILER_FLAGS=-mcpu=cortex-a9 -mfpu=vfpv3 -mfloat-abi=hard -no
TRACE::2026-01-09.10:09:50::SCWBDomain::startfiles -g -Wall -Wextra -fno-tree-loop-distribute-patterns"

TRACE::2026-01-09.10:09:50::SCWBDomain::"Running Make include in ps7_cortexa9_0/libsrc/coresightps_dcc_v1_8/src"

TRACE::2026-01-09.10:09:50::SCWBDomain::make -C ps7_cortexa9_0/libsrc/coresightps_dcc_v1_8/src -s include  "SHELL=CMD" "COMPILER=arm-none-eabi-gcc" "ASSEMBLER=arm-none
TRACE::2026-01-09.10:09:50::SCWBDomain::-eabi-as" "ARCHIVER=arm-none-eabi-ar" "COMPILER_FLAGS=  -O2 -c" "EXTRA_COMPILER_FLAGS=-mcpu=cortex-a9 -mfpu=vfpv3 -mfloat-abi=h
TRACE::2026-01-09.10:09:50::SCWBDomain::ard -nostartfiles -g -Wall -Wextra -fno-tree-loop-distribute-patterns"

TRACE::2026-01-09.10:09:51::SCWBDomain::"Running Make include in ps7_cortexa9_0/libsrc/cpu_cortexa9_v2_11/src"

TRACE::2026-01-09.10:09:51::SCWBDomain::make -C ps7_cortexa9_0/libsrc/cpu_cortexa9_v2_11/src -s include  "SHELL=CMD" "COMPILER=arm-none-eabi-gcc" "ASSEMBLER=arm-none-e
TRACE::2026-01-09.10:09:51::SCWBDomain::abi-as" "ARCHIVER=arm-none-eabi-ar" "COMPILER_FLAGS=  -O2 -c" "EXTRA_COMPILER_FLAGS=-mcpu=cortex-a9 -mfpu=vfpv3 -mfloat-abi=har
TRACE::2026-01-09.10:09:51::SCWBDomain::d -nostartfiles -g -Wall -Wextra -fno-tree-loop-distribute-patterns"

TRACE::2026-01-09.10:09:51::SCWBDomain::"Running Make include in ps7_cortexa9_0/libsrc/ddrps_v1_2/src"

TRACE::2026-01-09.10:09:51::SCWBDomain::make -C ps7_cortexa9_0/libsrc/ddrps_v1_2/src -s include  "SHELL=CMD" "COMPILER=arm-none-eabi-gcc" "ASSEMBLER=arm-none-eabi-as" 
TRACE::2026-01-09.10:09:51::SCWBDomain::"ARCHIVER=arm-none-eabi-ar" "COMPILER_FLAGS=  -O2 -c" "EXTRA_COMPILER_FLAGS=-mcpu=cortex-a9 -mfpu=vfpv3 -mfloat-abi=hard -nosta
TRACE::2026-01-09.10:09:51::SCWBDomain::rtfiles -g -Wall -Wextra -fno-tree-loop-distribute-patterns"

TRACE::2026-01-09.10:09:51::SCWBDomain::"Running Make include in ps7_cortexa9_0/libsrc/devcfg_v3_7/src"

TRACE::2026-01-09.10:09:51::SCWBDomain::make -C ps7_cortexa9_0/libsrc/devcfg_v3_7/src -s include  "SHELL=CMD" "COMPILER=arm-none-eabi-gcc" "ASSEMBLER=arm-none-eabi-as"
TRACE::2026-01-09.10:09:51::SCWBDomain:: "ARCHIVER=arm-none-eabi-ar" "COMPILER_FLAGS=  -O2 -c" "EXTRA_COMPILER_FLAGS=-mcpu=cortex-a9 -mfpu=vfpv3 -mfloat-abi=hard -nost
TRACE::2026-01-09.10:09:51::SCWBDomain::artfiles -g -Wall -Wextra -fno-tree-loop-distribute-patterns"

TRACE::2026-01-09.10:09:51::SCWBDomain::"Running Make include in ps7_cortexa9_0/libsrc/dmaps_v2_8/src"

TRACE::2026-01-09.10:09:51::SCWBDomain::make -C ps7_cortexa9_0/libsrc/dmaps_v2_8/src -s include  "SHELL=CMD" "COMPILER=arm-none-eabi-gcc" "ASSEMBLER=arm-none-eabi-as" 
TRACE::2026-01-09.10:09:51::SCWBDomain::"ARCHIVER=arm-none-eabi-ar" "COMPILER_FLAGS=  -O2 -c" "EXTRA_COMPILER_FLAGS=-mcpu=cortex-a9 -mfpu=vfpv3 -mfloat-abi=hard -nosta
TRACE::2026-01-09.10:09:51::SCWBDomain::rtfiles -g -Wall -Wextra -fno-tree-loop-distribute-patterns"

TRACE::2026-01-09.10:09:52::SCWBDomain::"Running Make include in ps7_cortexa9_0/libsrc/emacps_v3_15/src"

TRACE::2026-01-09.10:09:52::SCWBDomain::make -C ps7_cortexa9_0/libsrc/emacps_v3_15/src -s include  "SHELL=CMD" "COMPILER=arm-none-eabi-gcc" "ASSEMBLER=arm-none-eabi-as
TRACE::2026-01-09.10:09:52::SCWBDomain::" "ARCHIVER=arm-none-eabi-ar" "COMPILER_FLAGS=  -O2 -c" "EXTRA_COMPILER_FLAGS=-mcpu=cortex-a9 -mfpu=vfpv3 -mfloat-abi=hard -nos
TRACE::2026-01-09.10:09:52::SCWBDomain::tartfiles -g -Wall -Wextra -fno-tree-loop-distribute-patterns"

TRACE::2026-01-09.10:09:52::SCWBDomain::"Running Make include in ps7_cortexa9_0/libsrc/gpiops_v3_9/src"

TRACE::2026-01-09.10:09:52::SCWBDomain::make -C ps7_cortexa9_0/libsrc/gpiops_v3_9/src -s include  "SHELL=CMD" "COMPILER=arm-none-eabi-gcc" "ASSEMBLER=arm-none-eabi-as"
TRACE::2026-01-09.10:09:52::SCWBDomain:: "ARCHIVER=arm-none-eabi-ar" "COMPILER_FLAGS=  -O2 -c" "EXTRA_COMPILER_FLAGS=-mcpu=cortex-a9 -mfpu=vfpv3 -mfloat-abi=hard -nost
TRACE::2026-01-09.10:09:52::SCWBDomain::artfiles -g -Wall -Wextra -fno-tree-loop-distribute-patterns"

TRACE::2026-01-09.10:09:52::SCWBDomain::"Running Make include in ps7_cortexa9_0/libsrc/iicps_v3_14/src"

TRACE::2026-01-09.10:09:52::SCWBDomain::make -C ps7_cortexa9_0/libsrc/iicps_v3_14/src -s include  "SHELL=CMD" "COMPILER=arm-none-eabi-gcc" "ASSEMBLER=arm-none-eabi-as"
TRACE::2026-01-09.10:09:52::SCWBDomain:: "ARCHIVER=arm-none-eabi-ar" "COMPILER_FLAGS=  -O2 -c" "EXTRA_COMPILER_FLAGS=-mcpu=cortex-a9 -mfpu=vfpv3 -mfloat-abi=hard -nost
TRACE::2026-01-09.10:09:52::SCWBDomain::artfiles -g -Wall -Wextra -fno-tree-loop-distribute-patterns"

TRACE::2026-01-09.10:09:53::SCWBDomain::"Running Make include in ps7_cortexa9_0/libsrc/qspips_v3_9/src"

TRACE::2026-01-09.10:09:53::SCWBDomain::make -C ps7_cortexa9_0/libsrc/qspips_v3_9/src -s include  "SHELL=CMD" "COMPILER=arm-none-eabi-gcc" "ASSEMBLER=arm-none-eabi-as"
TRACE::2026-01-09.10:09:53::SCWBDomain:: "ARCHIVER=arm-none-eabi-ar" "COMPILER_FLAGS=  -O2 -c" "EXTRA_COMPILER_FLAGS=-mcpu=cortex-a9 -mfpu=vfpv3 -mfloat-abi=hard -nost
TRACE::2026-01-09.10:09:53::SCWBDomain::artfiles -g -Wall -Wextra -fno-tree-loop-distribute-patterns"

TRACE::2026-01-09.10:09:53::SCWBDomain::"Running Make include in ps7_cortexa9_0/libsrc/scugic_v4_6/src"

TRACE::2026-01-09.10:09:53::SCWBDomain::make -C ps7_cortexa9_0/libsrc/scugic_v4_6/src -s include  "SHELL=CMD" "COMPILER=arm-none-eabi-gcc" "ASSEMBLER=arm-none-eabi-as"
TRACE::2026-01-09.10:09:53::SCWBDomain:: "ARCHIVER=arm-none-eabi-ar" "COMPILER_FLAGS=  -O2 -c" "EXTRA_COMPILER_FLAGS=-mcpu=cortex-a9 -mfpu=vfpv3 -mfloat-abi=hard -nost
TRACE::2026-01-09.10:09:53::SCWBDomain::artfiles -g -Wall -Wextra -fno-tree-loop-distribute-patterns"

TRACE::2026-01-09.10:09:53::SCWBDomain::"Running Make include in ps7_cortexa9_0/libsrc/scutimer_v2_3/src"

TRACE::2026-01-09.10:09:53::SCWBDomain::make -C ps7_cortexa9_0/libsrc/scutimer_v2_3/src -s include  "SHELL=CMD" "COMPILER=arm-none-eabi-gcc" "ASSEMBLER=arm-none-eabi-a
TRACE::2026-01-09.10:09:53::SCWBDomain::s" "ARCHIVER=arm-none-eabi-ar" "COMPILER_FLAGS=  -O2 -c" "EXTRA_COMPILER_FLAGS=-mcpu=cortex-a9 -mfpu=vfpv3 -mfloat-abi=hard -no
TRACE::2026-01-09.10:09:53::SCWBDomain::startfiles -g -Wall -Wextra -fno-tree-loop-distribute-patterns"

TRACE::2026-01-09.10:09:53::SCWBDomain::"Running Make include in ps7_cortexa9_0/libsrc/scuwdt_v2_4/src"

TRACE::2026-01-09.10:09:53::SCWBDomain::make -C ps7_cortexa9_0/libsrc/scuwdt_v2_4/src -s include  "SHELL=CMD" "COMPILER=arm-none-eabi-gcc" "ASSEMBLER=arm-none-eabi-as"
TRACE::2026-01-09.10:09:53::SCWBDomain:: "ARCHIVER=arm-none-eabi-ar" "COMPILER_FLAGS=  -O2 -c" "EXTRA_COMPILER_FLAGS=-mcpu=cortex-a9 -mfpu=vfpv3 -mfloat-abi=hard -nost
TRACE::2026-01-09.10:09:53::SCWBDomain::artfiles -g -Wall -Wextra -fno-tree-loop-distribute-patterns"

TRACE::2026-01-09.10:09:53::SCWBDomain::"Running Make include in ps7_cortexa9_0/libsrc/sdps_v3_13/src"

TRACE::2026-01-09.10:09:53::SCWBDomain::make -C ps7_cortexa9_0/libsrc/sdps_v3_13/src -s include  "SHELL=CMD" "COMPILER=arm-none-eabi-gcc" "ASSEMBLER=arm-none-eabi-as" 
TRACE::2026-01-09.10:09:53::SCWBDomain::"ARCHIVER=arm-none-eabi-ar" "COMPILER_FLAGS=  -O2 -c" "EXTRA_COMPILER_FLAGS=-mcpu=cortex-a9 -mfpu=vfpv3 -mfloat-abi=hard -nosta
TRACE::2026-01-09.10:09:53::SCWBDomain::rtfiles -g -Wall -Wextra -fno-tree-loop-distribute-patterns"

TRACE::2026-01-09.10:09:53::SCWBDomain::"Running Make include in ps7_cortexa9_0/libsrc/standalone_v7_6/src"

TRACE::2026-01-09.10:09:54::SCWBDomain::make -C ps7_cortexa9_0/libsrc/standalone_v7_6/src -s include  "SHELL=CMD" "COMPILER=arm-none-eabi-gcc" "ASSEMBLER=arm-none-eabi
TRACE::2026-01-09.10:09:54::SCWBDomain::-as" "ARCHIVER=arm-none-eabi-ar" "COMPILER_FLAGS=  -O2 -c" "EXTRA_COMPILER_FLAGS=-mcpu=cortex-a9 -mfpu=vfpv3 -mfloat-abi=hard -
TRACE::2026-01-09.10:09:54::SCWBDomain::nostartfiles -g -Wall -Wextra -fno-tree-loop-distribute-patterns"

TRACE::2026-01-09.10:09:54::SCWBDomain::"Running Make include in ps7_cortexa9_0/libsrc/ttcps_v3_14/src"

TRACE::2026-01-09.10:09:54::SCWBDomain::make -C ps7_cortexa9_0/libsrc/ttcps_v3_14/src -s include  "SHELL=CMD" "COMPILER=arm-none-eabi-gcc" "ASSEMBLER=arm-none-eabi-as"
TRACE::2026-01-09.10:09:54::SCWBDomain:: "ARCHIVER=arm-none-eabi-ar" "COMPILER_FLAGS=  -O2 -c" "EXTRA_COMPILER_FLAGS=-mcpu=cortex-a9 -mfpu=vfpv3 -mfloat-abi=hard -nost
TRACE::2026-01-09.10:09:54::SCWBDomain::artfiles -g -Wall -Wextra -fno-tree-loop-distribute-patterns"

TRACE::2026-01-09.10:09:54::SCWBDomain::"Running Make include in ps7_cortexa9_0/libsrc/uartps_v3_11/src"

TRACE::2026-01-09.10:09:54::SCWBDomain::make -C ps7_cortexa9_0/libsrc/uartps_v3_11/src -s include  "SHELL=CMD" "COMPILER=arm-none-eabi-gcc" "ASSEMBLER=arm-none-eabi-as
TRACE::2026-01-09.10:09:54::SCWBDomain::" "ARCHIVER=arm-none-eabi-ar" "COMPILER_FLAGS=  -O2 -c" "EXTRA_COMPILER_FLAGS=-mcpu=cortex-a9 -mfpu=vfpv3 -mfloat-abi=hard -nos
TRACE::2026-01-09.10:09:54::SCWBDomain::tartfiles -g -Wall -Wextra -fno-tree-loop-distribute-patterns"

TRACE::2026-01-09.10:09:55::SCWBDomain::"Running Make include in ps7_cortexa9_0/libsrc/usbps_v2_7/src"

TRACE::2026-01-09.10:09:55::SCWBDomain::make -C ps7_cortexa9_0/libsrc/usbps_v2_7/src -s include  "SHELL=CMD" "COMPILER=arm-none-eabi-gcc" "ASSEMBLER=arm-none-eabi-as" 
TRACE::2026-01-09.10:09:55::SCWBDomain::"ARCHIVER=arm-none-eabi-ar" "COMPILER_FLAGS=  -O2 -c" "EXTRA_COMPILER_FLAGS=-mcpu=cortex-a9 -mfpu=vfpv3 -mfloat-abi=hard -nosta
TRACE::2026-01-09.10:09:55::SCWBDomain::rtfiles -g -Wall -Wextra -fno-tree-loop-distribute-patterns"

TRACE::2026-01-09.10:09:55::SCWBDomain::"Running Make include in ps7_cortexa9_0/libsrc/xadcps_v2_6/src"

TRACE::2026-01-09.10:09:55::SCWBDomain::make -C ps7_cortexa9_0/libsrc/xadcps_v2_6/src -s include  "SHELL=CMD" "COMPILER=arm-none-eabi-gcc" "ASSEMBLER=arm-none-eabi-as"
TRACE::2026-01-09.10:09:55::SCWBDomain:: "ARCHIVER=arm-none-eabi-ar" "COMPILER_FLAGS=  -O2 -c" "EXTRA_COMPILER_FLAGS=-mcpu=cortex-a9 -mfpu=vfpv3 -mfloat-abi=hard -nost
TRACE::2026-01-09.10:09:55::SCWBDomain::artfiles -g -Wall -Wextra -fno-tree-loop-distribute-patterns"

TRACE::2026-01-09.10:09:56::SCWBDomain::"Running Make include in ps7_cortexa9_0/libsrc/xilffs_v4_6/src"

TRACE::2026-01-09.10:09:56::SCWBDomain::make -C ps7_cortexa9_0/libsrc/xilffs_v4_6/src -s include  "SHELL=CMD" "COMPILER=arm-none-eabi-gcc" "ASSEMBLER=arm-none-eabi-as"
TRACE::2026-01-09.10:09:56::SCWBDomain:: "ARCHIVER=arm-none-eabi-ar" "COMPILER_FLAGS=  -O2 -c" "EXTRA_COMPILER_FLAGS=-mcpu=cortex-a9 -mfpu=vfpv3 -mfloat-abi=hard -nost
TRACE::2026-01-09.10:09:56::SCWBDomain::artfiles -g -Wall -Wextra -fno-tree-loop-distribute-patterns"

TRACE::2026-01-09.10:09:56::SCWBDomain::"Running Make include in ps7_cortexa9_0/libsrc/xilrsa_v1_6/src"

TRACE::2026-01-09.10:09:56::SCWBDomain::make -C ps7_cortexa9_0/libsrc/xilrsa_v1_6/src -s include  "SHELL=CMD" "COMPILER=arm-none-eabi-gcc" "ASSEMBLER=arm-none-eabi-as"
TRACE::2026-01-09.10:09:56::SCWBDomain:: "ARCHIVER=arm-none-eabi-ar" "COMPILER_FLAGS=  -O2 -c" "EXTRA_COMPILER_FLAGS=-mcpu=cortex-a9 -mfpu=vfpv3 -mfloat-abi=hard -nost
TRACE::2026-01-09.10:09:56::SCWBDomain::artfiles -g -Wall -Wextra -fno-tree-loop-distribute-patterns"

TRACE::2026-01-09.10:09:56::SCWBDomain::"Running Make libs in ps7_cortexa9_0/libsrc/xilrsa_v1_6/src"

TRACE::2026-01-09.10:09:56::SCWBDomain::make -C ps7_cortexa9_0/libsrc/xilrsa_v1_6/src -s libs  "SHELL=CMD" "COMPILER=arm-none-eabi-gcc" "ASSEMBLER=arm-none-eabi-as" "A
TRACE::2026-01-09.10:09:56::SCWBDomain::RCHIVER=arm-none-eabi-ar" "COMPILER_FLAGS=  -O2 -c" "EXTRA_COMPILER_FLAGS=-mcpu=cortex-a9 -mfpu=vfpv3 -mfloat-abi=hard -nostart
TRACE::2026-01-09.10:09:56::SCWBDomain::files -g -Wall -Wextra -fno-tree-loop-distribute-patterns"

TRACE::2026-01-09.10:09:56::SCWBDomain::'Finished building libraries sequentially.'

TRACE::2026-01-09.10:09:57::SCWBDomain::make -j 14 --no-print-directory par_libs

TRACE::2026-01-09.10:09:57::SCWBDomain::"Running Make include in ps7_cortexa9_0/libsrc/axivdma_v6_10/src"

TRACE::2026-01-09.10:09:57::SCWBDomain::"Running Make include in ps7_cortexa9_0/libsrc/coresightps_dcc_v1_8/src"

TRACE::2026-01-09.10:09:57::SCWBDomain::"Running Make include in ps7_cortexa9_0/libsrc/cpu_cortexa9_v2_11/src"

TRACE::2026-01-09.10:09:57::SCWBDomain::"Running Make include in ps7_cortexa9_0/libsrc/ddrps_v1_2/src"

TRACE::2026-01-09.10:09:57::SCWBDomain::make -C ps7_cortexa9_0/libsrc/axivdma_v6_10/src -s include  "SHELL=CMD" "COMPILER=arm-none-eabi-gcc" "ASSEMBLER=arm-none-eabi-a
TRACE::2026-01-09.10:09:57::SCWBDomain::s" "ARCHIVER=arm-none-eabi-ar" "COMPILER_FLAGS=  -O2 -c" "EXTRA_COMPILER_FLAGS=-mcpu=cortex-a9 -mfpu=vfpv3 -mfloat-abi=hard -no
TRACE::2026-01-09.10:09:57::SCWBDomain::startfiles -g -Wall -Wextra -fno-tree-loop-distribute-patterns"

TRACE::2026-01-09.10:09:57::SCWBDomain::make -C ps7_cortexa9_0/libsrc/coresightps_dcc_v1_8/src -s include  "SHELL=CMD" "COMPILER=arm-none-eabi-gcc" "ASSEMBLER=arm-none
TRACE::2026-01-09.10:09:57::SCWBDomain::-eabi-as" "ARCHIVER=arm-none-eabi-ar" "COMPILER_FLAGS=  -O2 -c" "EXTRA_COMPILER_FLAGS=-mcpu=cortex-a9 -mfpu=vfpv3 -mfloat-abi=h
TRACE::2026-01-09.10:09:57::SCWBDomain::ard -nostartfiles -g -Wall -Wextra -fno-tree-loop-distribute-patterns"

TRACE::2026-01-09.10:09:57::SCWBDomain::"Running Make include in ps7_cortexa9_0/libsrc/devcfg_v3_7/src"

TRACE::2026-01-09.10:09:57::SCWBDomain::make -C ps7_cortexa9_0/libsrc/cpu_cortexa9_v2_11/src -s include  "SHELL=CMD" "COMPILER=arm-none-eabi-gcc" "ASSEMBLER=arm-none-e
TRACE::2026-01-09.10:09:57::SCWBDomain::abi-as" "ARCHIVER=arm-none-eabi-ar" "COMPILER_FLAGS=  -O2 -c" "EXTRA_COMPILER_FLAGS=-mcpu=cortex-a9 -mfpu=vfpv3 -mfloat-abi=har
TRACE::2026-01-09.10:09:57::SCWBDomain::d -nostartfiles -g -Wall -Wextra -fno-tree-loop-distribute-patterns"

TRACE::2026-01-09.10:09:57::SCWBDomain::make -C ps7_cortexa9_0/libsrc/ddrps_v1_2/src -s include  "SHELL=CMD" "COMPILER=arm-none-eabi-gcc" "ASSEMBLER=arm-none-eabi-as" 
TRACE::2026-01-09.10:09:57::SCWBDomain::"ARCHIVER=arm-none-eabi-ar" "COMPILER_FLAGS=  -O2 -c" "EXTRA_COMPILER_FLAGS=-mcpu=cortex-a9 -mfpu=vfpv3 -mfloat-abi=hard -nosta
TRACE::2026-01-09.10:09:57::SCWBDomain::rtfiles -g -Wall -Wextra -fno-tree-loop-distribute-patterns"

TRACE::2026-01-09.10:09:57::SCWBDomain::"Running Make include in ps7_cortexa9_0/libsrc/dmaps_v2_8/src"

TRACE::2026-01-09.10:09:57::SCWBDomain::"Running Make include in ps7_cortexa9_0/libsrc/emacps_v3_15/src"

TRACE::2026-01-09.10:09:57::SCWBDomain::"Running Make include in ps7_cortexa9_0/libsrc/gpiops_v3_9/src"

TRACE::2026-01-09.10:09:57::SCWBDomain::"Running Make include in ps7_cortexa9_0/libsrc/iicps_v3_14/src"

TRACE::2026-01-09.10:09:57::SCWBDomain::"Running Make include in ps7_cortexa9_0/libsrc/qspips_v3_9/src"

TRACE::2026-01-09.10:09:57::SCWBDomain::"Running Make include in ps7_cortexa9_0/libsrc/scugic_v4_6/src"

TRACE::2026-01-09.10:09:57::SCWBDomain::make -C ps7_cortexa9_0/libsrc/devcfg_v3_7/src -s include  "SHELL=CMD" "COMPILER=arm-none-eabi-gcc" "ASSEMBLER=arm-none-eabi-as"
TRACE::2026-01-09.10:09:57::SCWBDomain:: "ARCHIVER=arm-none-eabi-ar" "COMPILER_FLAGS=  -O2 -c" "EXTRA_COMPILER_FLAGS=-mcpu=cortex-a9 -mfpu=vfpv3 -mfloat-abi=hard -nost
TRACE::2026-01-09.10:09:57::SCWBDomain::artfiles -g -Wall -Wextra -fno-tree-loop-distribute-patterns"

TRACE::2026-01-09.10:09:57::SCWBDomain::make -C ps7_cortexa9_0/libsrc/dmaps_v2_8/src -s include  "SHELL=CMD" "COMPILER=arm-none-eabi-gcc" "ASSEMBLER=arm-none-eabi-as" 
TRACE::2026-01-09.10:09:57::SCWBDomain::"ARCHIVER=arm-none-eabi-ar" "COMPILER_FLAGS=  -O2 -c" "EXTRA_COMPILER_FLAGS=-mcpu=cortex-a9 -mfpu=vfpv3 -mfloat-abi=hard -nosta
TRACE::2026-01-09.10:09:57::SCWBDomain::rtfiles -g -Wall -Wextra -fno-tree-loop-distribute-patterns"

TRACE::2026-01-09.10:09:57::SCWBDomain::make -C ps7_cortexa9_0/libsrc/emacps_v3_15/src -s include  "SHELL=CMD" "COMPILER=arm-none-eabi-gcc" "ASSEMBLER=arm-none-eabi-as
TRACE::2026-01-09.10:09:57::SCWBDomain::" "ARCHIVER=arm-none-eabi-ar" "COMPILER_FLAGS=  -O2 -c" "EXTRA_COMPILER_FLAGS=-mcpu=cortex-a9 -mfpu=vfpv3 -mfloat-abi=hard -nos
TRACE::2026-01-09.10:09:57::SCWBDomain::tartfiles -g -Wall -Wextra -fno-tree-loop-distribute-patterns"

TRACE::2026-01-09.10:09:57::SCWBDomain::"Running Make include in ps7_cortexa9_0/libsrc/scutimer_v2_3/src"

TRACE::2026-01-09.10:09:57::SCWBDomain::make -C ps7_cortexa9_0/libsrc/gpiops_v3_9/src -s include  "SHELL=CMD" "COMPILER=arm-none-eabi-gcc" "ASSEMBLER=arm-none-eabi-as"
TRACE::2026-01-09.10:09:57::SCWBDomain:: "ARCHIVER=arm-none-eabi-ar" "COMPILER_FLAGS=  -O2 -c" "EXTRA_COMPILER_FLAGS=-mcpu=cortex-a9 -mfpu=vfpv3 -mfloat-abi=hard -nost
TRACE::2026-01-09.10:09:57::SCWBDomain::artfiles -g -Wall -Wextra -fno-tree-loop-distribute-patterns"

TRACE::2026-01-09.10:09:57::SCWBDomain::make -C ps7_cortexa9_0/libsrc/iicps_v3_14/src -s include  "SHELL=CMD" "COMPILER=arm-none-eabi-gcc" "ASSEMBLER=arm-none-eabi-as"
TRACE::2026-01-09.10:09:57::SCWBDomain:: "ARCHIVER=arm-none-eabi-ar" "COMPILER_FLAGS=  -O2 -c" "EXTRA_COMPILER_FLAGS=-mcpu=cortex-a9 -mfpu=vfpv3 -mfloat-abi=hard -nost
TRACE::2026-01-09.10:09:57::SCWBDomain::artfiles -g -Wall -Wextra -fno-tree-loop-distribute-patterns"

TRACE::2026-01-09.10:09:57::SCWBDomain::make -C ps7_cortexa9_0/libsrc/qspips_v3_9/src -s include  "SHELL=CMD" "COMPILER=arm-none-eabi-gcc" "ASSEMBLER=arm-none-eabi-as"
TRACE::2026-01-09.10:09:57::SCWBDomain:: "ARCHIVER=arm-none-eabi-ar" "COMPILER_FLAGS=  -O2 -c" "EXTRA_COMPILER_FLAGS=-mcpu=cortex-a9 -mfpu=vfpv3 -mfloat-abi=hard -nost
TRACE::2026-01-09.10:09:57::SCWBDomain::artfiles -g -Wall -Wextra -fno-tree-loop-distribute-patterns"

TRACE::2026-01-09.10:09:57::SCWBDomain::"Running Make include in ps7_cortexa9_0/libsrc/scuwdt_v2_4/src"

TRACE::2026-01-09.10:09:57::SCWBDomain::"Running Make include in ps7_cortexa9_0/libsrc/sdps_v3_13/src"

TRACE::2026-01-09.10:09:57::SCWBDomain::"Running Make include in ps7_cortexa9_0/libsrc/standalone_v7_6/src"

TRACE::2026-01-09.10:09:57::SCWBDomain::"Running Make include in ps7_cortexa9_0/libsrc/ttcps_v3_14/src"

TRACE::2026-01-09.10:09:57::SCWBDomain::"Running Make include in ps7_cortexa9_0/libsrc/uartps_v3_11/src"

TRACE::2026-01-09.10:09:57::SCWBDomain::"Running Make include in ps7_cortexa9_0/libsrc/usbps_v2_7/src"

TRACE::2026-01-09.10:09:57::SCWBDomain::make -C ps7_cortexa9_0/libsrc/scugic_v4_6/src -s include  "SHELL=CMD" "COMPILER=arm-none-eabi-gcc" "ASSEMBLER=arm-none-eabi-as"
TRACE::2026-01-09.10:09:57::SCWBDomain:: "ARCHIVER=arm-none-eabi-ar" "COMPILER_FLAGS=  -O2 -c" "EXTRA_COMPILER_FLAGS=-mcpu=cortex-a9 -mfpu=vfpv3 -mfloat-abi=hard -nost
TRACE::2026-01-09.10:09:57::SCWBDomain::artfiles -g -Wall -Wextra -fno-tree-loop-distribute-patterns"

TRACE::2026-01-09.10:09:57::SCWBDomain::make -C ps7_cortexa9_0/libsrc/scutimer_v2_3/src -s include  "SHELL=CMD" "COMPILER=arm-none-eabi-gcc" "ASSEMBLER=arm-none-eabi-a
TRACE::2026-01-09.10:09:57::SCWBDomain::s" "ARCHIVER=arm-none-eabi-ar" "COMPILER_FLAGS=  -O2 -c" "EXTRA_COMPILER_FLAGS=-mcpu=cortex-a9 -mfpu=vfpv3 -mfloat-abi=hard -no
TRACE::2026-01-09.10:09:57::SCWBDomain::startfiles -g -Wall -Wextra -fno-tree-loop-distribute-patterns"

TRACE::2026-01-09.10:09:57::SCWBDomain::make -C ps7_cortexa9_0/libsrc/scuwdt_v2_4/src -s include  "SHELL=CMD" "COMPILER=arm-none-eabi-gcc" "ASSEMBLER=arm-none-eabi-as"
TRACE::2026-01-09.10:09:57::SCWBDomain:: "ARCHIVER=arm-none-eabi-ar" "COMPILER_FLAGS=  -O2 -c" "EXTRA_COMPILER_FLAGS=-mcpu=cortex-a9 -mfpu=vfpv3 -mfloat-abi=hard -nost
TRACE::2026-01-09.10:09:57::SCWBDomain::artfiles -g -Wall -Wextra -fno-tree-loop-distribute-patterns"

TRACE::2026-01-09.10:09:57::SCWBDomain::make -C ps7_cortexa9_0/libsrc/sdps_v3_13/src -s include  "SHELL=CMD" "COMPILER=arm-none-eabi-gcc" "ASSEMBLER=arm-none-eabi-as" 
TRACE::2026-01-09.10:09:57::SCWBDomain::"ARCHIVER=arm-none-eabi-ar" "COMPILER_FLAGS=  -O2 -c" "EXTRA_COMPILER_FLAGS=-mcpu=cortex-a9 -mfpu=vfpv3 -mfloat-abi=hard -nosta
TRACE::2026-01-09.10:09:57::SCWBDomain::rtfiles -g -Wall -Wextra -fno-tree-loop-distribute-patterns"

TRACE::2026-01-09.10:09:57::SCWBDomain::make -C ps7_cortexa9_0/libsrc/standalone_v7_6/src -s include  "SHELL=CMD" "COMPILER=arm-none-eabi-gcc" "ASSEMBLER=arm-none-eabi
TRACE::2026-01-09.10:09:57::SCWBDomain::-as" "ARCHIVER=arm-none-eabi-ar" "COMPILER_FLAGS=  -O2 -c" "EXTRA_COMPILER_FLAGS=-mcpu=cortex-a9 -mfpu=vfpv3 -mfloat-abi=hard -
TRACE::2026-01-09.10:09:57::SCWBDomain::nostartfiles -g -Wall -Wextra -fno-tree-loop-distribute-patterns"

TRACE::2026-01-09.10:09:57::SCWBDomain::make -C ps7_cortexa9_0/libsrc/ttcps_v3_14/src -s include  "SHELL=CMD" "COMPILER=arm-none-eabi-gcc" "ASSEMBLER=arm-none-eabi-as"
TRACE::2026-01-09.10:09:57::SCWBDomain:: "ARCHIVER=arm-none-eabi-ar" "COMPILER_FLAGS=  -O2 -c" "EXTRA_COMPILER_FLAGS=-mcpu=cortex-a9 -mfpu=vfpv3 -mfloat-abi=hard -nost
TRACE::2026-01-09.10:09:57::SCWBDomain::artfiles -g -Wall -Wextra -fno-tree-loop-distribute-patterns"

TRACE::2026-01-09.10:09:57::SCWBDomain::make -C ps7_cortexa9_0/libsrc/uartps_v3_11/src -s include  "SHELL=CMD" "COMPILER=arm-none-eabi-gcc" "ASSEMBLER=arm-none-eabi-as
TRACE::2026-01-09.10:09:57::SCWBDomain::" "ARCHIVER=arm-none-eabi-ar" "COMPILER_FLAGS=  -O2 -c" "EXTRA_COMPILER_FLAGS=-mcpu=cortex-a9 -mfpu=vfpv3 -mfloat-abi=hard -nos
TRACE::2026-01-09.10:09:57::SCWBDomain::tartfiles -g -Wall -Wextra -fno-tree-loop-distribute-patterns"

TRACE::2026-01-09.10:09:57::SCWBDomain::make -C ps7_cortexa9_0/libsrc/usbps_v2_7/src -s include  "SHELL=CMD" "COMPILER=arm-none-eabi-gcc" "ASSEMBLER=arm-none-eabi-as" 
TRACE::2026-01-09.10:09:57::SCWBDomain::"ARCHIVER=arm-none-eabi-ar" "COMPILER_FLAGS=  -O2 -c" "EXTRA_COMPILER_FLAGS=-mcpu=cortex-a9 -mfpu=vfpv3 -mfloat-abi=hard -nosta
TRACE::2026-01-09.10:09:57::SCWBDomain::rtfiles -g -Wall -Wextra -fno-tree-loop-distribute-patterns"

TRACE::2026-01-09.10:09:57::SCWBDomain::"Running Make include in ps7_cortexa9_0/libsrc/xadcps_v2_6/src"

TRACE::2026-01-09.10:09:57::SCWBDomain::"Running Make include in ps7_cortexa9_0/libsrc/xilffs_v4_6/src"

TRACE::2026-01-09.10:09:57::SCWBDomain::make -C ps7_cortexa9_0/libsrc/xadcps_v2_6/src -s include  "SHELL=CMD" "COMPILER=arm-none-eabi-gcc" "ASSEMBLER=arm-none-eabi-as"
TRACE::2026-01-09.10:09:57::SCWBDomain:: "ARCHIVER=arm-none-eabi-ar" "COMPILER_FLAGS=  -O2 -c" "EXTRA_COMPILER_FLAGS=-mcpu=cortex-a9 -mfpu=vfpv3 -mfloat-abi=hard -nost
TRACE::2026-01-09.10:09:57::SCWBDomain::artfiles -g -Wall -Wextra -fno-tree-loop-distribute-patterns"

TRACE::2026-01-09.10:09:57::SCWBDomain::make -C ps7_cortexa9_0/libsrc/xilffs_v4_6/src -s include  "SHELL=CMD" "COMPILER=arm-none-eabi-gcc" "ASSEMBLER=arm-none-eabi-as"
TRACE::2026-01-09.10:09:57::SCWBDomain:: "ARCHIVER=arm-none-eabi-ar" "COMPILER_FLAGS=  -O2 -c" "EXTRA_COMPILER_FLAGS=-mcpu=cortex-a9 -mfpu=vfpv3 -mfloat-abi=hard -nost
TRACE::2026-01-09.10:09:57::SCWBDomain::artfiles -g -Wall -Wextra -fno-tree-loop-distribute-patterns"

TRACE::2026-01-09.10:09:57::SCWBDomain::"Running Make include in ps7_cortexa9_0/libsrc/xilrsa_v1_6/src"

TRACE::2026-01-09.10:09:57::SCWBDomain::make -C ps7_cortexa9_0/libsrc/xilrsa_v1_6/src -s include  "SHELL=CMD" "COMPILER=arm-none-eabi-gcc" "ASSEMBLER=arm-none-eabi-as"
TRACE::2026-01-09.10:09:58::SCWBDomain:: "ARCHIVER=arm-none-eabi-ar" "COMPILER_FLAGS=  -O2 -c" "EXTRA_COMPILER_FLAGS=-mcpu=cortex-a9 -mfpu=vfpv3 -mfloat-abi=hard -nost
TRACE::2026-01-09.10:09:58::SCWBDomain::artfiles -g -Wall -Wextra -fno-tree-loop-distribute-patterns"

TRACE::2026-01-09.10:09:58::SCWBDomain::"Running Make libs in ps7_cortexa9_0/libsrc/axivdma_v6_10/src"

TRACE::2026-01-09.10:09:58::SCWBDomain::make -C ps7_cortexa9_0/libsrc/axivdma_v6_10/src -s libs  "SHELL=CMD" "COMPILER=arm-none-eabi-gcc" "ASSEMBLER=arm-none-eabi-as" 
TRACE::2026-01-09.10:09:58::SCWBDomain::"ARCHIVER=arm-none-eabi-ar" "COMPILER_FLAGS=  -O2 -c" "EXTRA_COMPILER_FLAGS=-mcpu=cortex-a9 -mfpu=vfpv3 -mfloat-abi=hard -nosta
TRACE::2026-01-09.10:09:58::SCWBDomain::rtfiles -g -Wall -Wextra -fno-tree-loop-distribute-patterns"

TRACE::2026-01-09.10:09:58::SCWBDomain::"Running Make libs in ps7_cortexa9_0/libsrc/coresightps_dcc_v1_8/src"

TRACE::2026-01-09.10:09:58::SCWBDomain::make -C ps7_cortexa9_0/libsrc/coresightps_dcc_v1_8/src -s libs  "SHELL=CMD" "COMPILER=arm-none-eabi-gcc" "ASSEMBLER=arm-none-ea
TRACE::2026-01-09.10:09:58::SCWBDomain::bi-as" "ARCHIVER=arm-none-eabi-ar" "COMPILER_FLAGS=  -O2 -c" "EXTRA_COMPILER_FLAGS=-mcpu=cortex-a9 -mfpu=vfpv3 -mfloat-abi=hard
TRACE::2026-01-09.10:09:58::SCWBDomain:: -nostartfiles -g -Wall -Wextra -fno-tree-loop-distribute-patterns"

TRACE::2026-01-09.10:09:58::SCWBDomain::"Running Make libs in ps7_cortexa9_0/libsrc/cpu_cortexa9_v2_11/src"

TRACE::2026-01-09.10:09:58::SCWBDomain::make -C ps7_cortexa9_0/libsrc/cpu_cortexa9_v2_11/src -s libs  "SHELL=CMD" "COMPILER=arm-none-eabi-gcc" "ASSEMBLER=arm-none-eabi
TRACE::2026-01-09.10:09:58::SCWBDomain::-as" "ARCHIVER=arm-none-eabi-ar" "COMPILER_FLAGS=  -O2 -c" "EXTRA_COMPILER_FLAGS=-mcpu=cortex-a9 -mfpu=vfpv3 -mfloat-abi=hard -
TRACE::2026-01-09.10:09:58::SCWBDomain::nostartfiles -g -Wall -Wextra -fno-tree-loop-distribute-patterns"

TRACE::2026-01-09.10:09:58::SCWBDomain::"Running Make libs in ps7_cortexa9_0/libsrc/ddrps_v1_2/src"

TRACE::2026-01-09.10:09:58::SCWBDomain::make -C ps7_cortexa9_0/libsrc/ddrps_v1_2/src -s libs  "SHELL=CMD" "COMPILER=arm-none-eabi-gcc" "ASSEMBLER=arm-none-eabi-as" "AR
TRACE::2026-01-09.10:09:58::SCWBDomain::CHIVER=arm-none-eabi-ar" "COMPILER_FLAGS=  -O2 -c" "EXTRA_COMPILER_FLAGS=-mcpu=cortex-a9 -mfpu=vfpv3 -mfloat-abi=hard -nostartf
TRACE::2026-01-09.10:09:58::SCWBDomain::iles -g -Wall -Wextra -fno-tree-loop-distribute-patterns"

TRACE::2026-01-09.10:09:58::SCWBDomain::"Running Make libs in ps7_cortexa9_0/libsrc/devcfg_v3_7/src"

TRACE::2026-01-09.10:09:58::SCWBDomain::make -C ps7_cortexa9_0/libsrc/devcfg_v3_7/src -s libs  "SHELL=CMD" "COMPILER=arm-none-eabi-gcc" "ASSEMBLER=arm-none-eabi-as" "A
TRACE::2026-01-09.10:09:58::SCWBDomain::RCHIVER=arm-none-eabi-ar" "COMPILER_FLAGS=  -O2 -c" "EXTRA_COMPILER_FLAGS=-mcpu=cortex-a9 -mfpu=vfpv3 -mfloat-abi=hard -nostart
TRACE::2026-01-09.10:09:58::SCWBDomain::files -g -Wall -Wextra -fno-tree-loop-distribute-patterns"

TRACE::2026-01-09.10:09:58::SCWBDomain::"Running Make libs in ps7_cortexa9_0/libsrc/dmaps_v2_8/src"

TRACE::2026-01-09.10:09:58::SCWBDomain::make -C ps7_cortexa9_0/libsrc/dmaps_v2_8/src -s libs  "SHELL=CMD" "COMPILER=arm-none-eabi-gcc" "ASSEMBLER=arm-none-eabi-as" "AR
TRACE::2026-01-09.10:09:58::SCWBDomain::CHIVER=arm-none-eabi-ar" "COMPILER_FLAGS=  -O2 -c" "EXTRA_COMPILER_FLAGS=-mcpu=cortex-a9 -mfpu=vfpv3 -mfloat-abi=hard -nostartf
TRACE::2026-01-09.10:09:58::SCWBDomain::iles -g -Wall -Wextra -fno-tree-loop-distribute-patterns"

TRACE::2026-01-09.10:09:58::SCWBDomain::"Running Make libs in ps7_cortexa9_0/libsrc/emacps_v3_15/src"

TRACE::2026-01-09.10:09:58::SCWBDomain::make -C ps7_cortexa9_0/libsrc/emacps_v3_15/src -s libs  "SHELL=CMD" "COMPILER=arm-none-eabi-gcc" "ASSEMBLER=arm-none-eabi-as" "
TRACE::2026-01-09.10:09:58::SCWBDomain::ARCHIVER=arm-none-eabi-ar" "COMPILER_FLAGS=  -O2 -c" "EXTRA_COMPILER_FLAGS=-mcpu=cortex-a9 -mfpu=vfpv3 -mfloat-abi=hard -nostar
TRACE::2026-01-09.10:09:58::SCWBDomain::tfiles -g -Wall -Wextra -fno-tree-loop-distribute-patterns"

TRACE::2026-01-09.10:09:58::SCWBDomain::"Running Make libs in ps7_cortexa9_0/libsrc/gpiops_v3_9/src"

TRACE::2026-01-09.10:09:58::SCWBDomain::"Running Make libs in ps7_cortexa9_0/libsrc/iicps_v3_14/src"

TRACE::2026-01-09.10:09:58::SCWBDomain::"Running Make libs in ps7_cortexa9_0/libsrc/qspips_v3_9/src"

TRACE::2026-01-09.10:09:58::SCWBDomain::"Running Make libs in ps7_cortexa9_0/libsrc/scugic_v4_6/src"

TRACE::2026-01-09.10:09:58::SCWBDomain::make -C ps7_cortexa9_0/libsrc/gpiops_v3_9/src -s libs  "SHELL=CMD" "COMPILER=arm-none-eabi-gcc" "ASSEMBLER=arm-none-eabi-as" "A
TRACE::2026-01-09.10:09:58::SCWBDomain::RCHIVER=arm-none-eabi-ar" "COMPILER_FLAGS=  -O2 -c" "EXTRA_COMPILER_FLAGS=-mcpu=cortex-a9 -mfpu=vfpv3 -mfloat-abi=hard -nostart
TRACE::2026-01-09.10:09:58::SCWBDomain::files -g -Wall -Wextra -fno-tree-loop-distribute-patterns"

TRACE::2026-01-09.10:09:58::SCWBDomain::make -C ps7_cortexa9_0/libsrc/iicps_v3_14/src -s libs  "SHELL=CMD" "COMPILER=arm-none-eabi-gcc" "ASSEMBLER=arm-none-eabi-as" "A
TRACE::2026-01-09.10:09:58::SCWBDomain::RCHIVER=arm-none-eabi-ar" "COMPILER_FLAGS=  -O2 -c" "EXTRA_COMPILER_FLAGS=-mcpu=cortex-a9 -mfpu=vfpv3 -mfloat-abi=hard -nostart
TRACE::2026-01-09.10:09:58::SCWBDomain::files -g -Wall -Wextra -fno-tree-loop-distribute-patterns"

TRACE::2026-01-09.10:09:58::SCWBDomain::"Running Make libs in ps7_cortexa9_0/libsrc/scutimer_v2_3/src"

TRACE::2026-01-09.10:09:58::SCWBDomain::make -C ps7_cortexa9_0/libsrc/qspips_v3_9/src -s libs  "SHELL=CMD" "COMPILER=arm-none-eabi-gcc" "ASSEMBLER=arm-none-eabi-as" "A
TRACE::2026-01-09.10:09:58::SCWBDomain::RCHIVER=arm-none-eabi-ar" "COMPILER_FLAGS=  -O2 -c" "EXTRA_COMPILER_FLAGS=-mcpu=cortex-a9 -mfpu=vfpv3 -mfloat-abi=hard -nostart
TRACE::2026-01-09.10:09:58::SCWBDomain::files -g -Wall -Wextra -fno-tree-loop-distribute-patterns"

TRACE::2026-01-09.10:09:58::SCWBDomain::make -C ps7_cortexa9_0/libsrc/scugic_v4_6/src -s libs  "SHELL=CMD" "COMPILER=arm-none-eabi-gcc" "ASSEMBLER=arm-none-eabi-as" "A
TRACE::2026-01-09.10:09:58::SCWBDomain::RCHIVER=arm-none-eabi-ar" "COMPILER_FLAGS=  -O2 -c" "EXTRA_COMPILER_FLAGS=-mcpu=cortex-a9 -mfpu=vfpv3 -mfloat-abi=hard -nostart
TRACE::2026-01-09.10:09:58::SCWBDomain::files -g -Wall -Wextra -fno-tree-loop-distribute-patterns"

TRACE::2026-01-09.10:09:58::SCWBDomain::"Running Make libs in ps7_cortexa9_0/libsrc/scuwdt_v2_4/src"

TRACE::2026-01-09.10:09:58::SCWBDomain::"Running Make libs in ps7_cortexa9_0/libsrc/sdps_v3_13/src"

TRACE::2026-01-09.10:09:58::SCWBDomain::make -C ps7_cortexa9_0/libsrc/scutimer_v2_3/src -s libs  "SHELL=CMD" "COMPILER=arm-none-eabi-gcc" "ASSEMBLER=arm-none-eabi-as" 
TRACE::2026-01-09.10:09:58::SCWBDomain::"ARCHIVER=arm-none-eabi-ar" "COMPILER_FLAGS=  -O2 -c" "EXTRA_COMPILER_FLAGS=-mcpu=cortex-a9 -mfpu=vfpv3 -mfloat-abi=hard -nosta
TRACE::2026-01-09.10:09:58::SCWBDomain::rtfiles -g -Wall -Wextra -fno-tree-loop-distribute-patterns"

TRACE::2026-01-09.10:09:58::SCWBDomain::make -C ps7_cortexa9_0/libsrc/scuwdt_v2_4/src -s libs  "SHELL=CMD" "COMPILER=arm-none-eabi-gcc" "ASSEMBLER=arm-none-eabi-as" "A
TRACE::2026-01-09.10:09:58::SCWBDomain::RCHIVER=arm-none-eabi-ar" "COMPILER_FLAGS=  -O2 -c" "EXTRA_COMPILER_FLAGS=-mcpu=cortex-a9 -mfpu=vfpv3 -mfloat-abi=hard -nostart
TRACE::2026-01-09.10:09:58::SCWBDomain::files -g -Wall -Wextra -fno-tree-loop-distribute-patterns"

TRACE::2026-01-09.10:09:58::SCWBDomain::make -C ps7_cortexa9_0/libsrc/sdps_v3_13/src -s libs  "SHELL=CMD" "COMPILER=arm-none-eabi-gcc" "ASSEMBLER=arm-none-eabi-as" "AR
TRACE::2026-01-09.10:09:58::SCWBDomain::CHIVER=arm-none-eabi-ar" "COMPILER_FLAGS=  -O2 -c" "EXTRA_COMPILER_FLAGS=-mcpu=cortex-a9 -mfpu=vfpv3 -mfloat-abi=hard -nostartf
TRACE::2026-01-09.10:09:58::SCWBDomain::iles -g -Wall -Wextra -fno-tree-loop-distribute-patterns"

TRACE::2026-01-09.10:09:58::SCWBDomain::"Running Make libs in ps7_cortexa9_0/libsrc/standalone_v7_6/src"

TRACE::2026-01-09.10:09:58::SCWBDomain::"Running Make libs in ps7_cortexa9_0/libsrc/ttcps_v3_14/src"

TRACE::2026-01-09.10:09:58::SCWBDomain::"Running Make libs in ps7_cortexa9_0/libsrc/uartps_v3_11/src"

TRACE::2026-01-09.10:09:58::SCWBDomain::"Running Make libs in ps7_cortexa9_0/libsrc/usbps_v2_7/src"

TRACE::2026-01-09.10:09:59::SCWBDomain::make -C ps7_cortexa9_0/libsrc/standalone_v7_6/src -s libs  "SHELL=CMD" "COMPILER=arm-none-eabi-gcc" "ASSEMBLER=arm-none-eabi-as
TRACE::2026-01-09.10:09:59::SCWBDomain::" "ARCHIVER=arm-none-eabi-ar" "COMPILER_FLAGS=  -O2 -c" "EXTRA_COMPILER_FLAGS=-mcpu=cortex-a9 -mfpu=vfpv3 -mfloat-abi=hard -nos
TRACE::2026-01-09.10:09:59::SCWBDomain::tartfiles -g -Wall -Wextra -fno-tree-loop-distribute-patterns"

TRACE::2026-01-09.10:09:59::SCWBDomain::make -C ps7_cortexa9_0/libsrc/ttcps_v3_14/src -s libs  "SHELL=CMD" "COMPILER=arm-none-eabi-gcc" "ASSEMBLER=arm-none-eabi-as" "A
TRACE::2026-01-09.10:09:59::SCWBDomain::RCHIVER=arm-none-eabi-ar" "COMPILER_FLAGS=  -O2 -c" "EXTRA_COMPILER_FLAGS=-mcpu=cortex-a9 -mfpu=vfpv3 -mfloat-abi=hard -nostart
TRACE::2026-01-09.10:09:59::SCWBDomain::files -g -Wall -Wextra -fno-tree-loop-distribute-patterns"

TRACE::2026-01-09.10:09:59::SCWBDomain::make -C ps7_cortexa9_0/libsrc/uartps_v3_11/src -s libs  "SHELL=CMD" "COMPILER=arm-none-eabi-gcc" "ASSEMBLER=arm-none-eabi-as" "
TRACE::2026-01-09.10:09:59::SCWBDomain::ARCHIVER=arm-none-eabi-ar" "COMPILER_FLAGS=  -O2 -c" "EXTRA_COMPILER_FLAGS=-mcpu=cortex-a9 -mfpu=vfpv3 -mfloat-abi=hard -nostar
TRACE::2026-01-09.10:09:59::SCWBDomain::tfiles -g -Wall -Wextra -fno-tree-loop-distribute-patterns"

TRACE::2026-01-09.10:09:59::SCWBDomain::"Running Make libs in ps7_cortexa9_0/libsrc/xadcps_v2_6/src"

TRACE::2026-01-09.10:09:59::SCWBDomain::make -C ps7_cortexa9_0/libsrc/usbps_v2_7/src -s libs  "SHELL=CMD" "COMPILER=arm-none-eabi-gcc" "ASSEMBLER=arm-none-eabi-as" "AR
TRACE::2026-01-09.10:09:59::SCWBDomain::CHIVER=arm-none-eabi-ar" "COMPILER_FLAGS=  -O2 -c" "EXTRA_COMPILER_FLAGS=-mcpu=cortex-a9 -mfpu=vfpv3 -mfloat-abi=hard -nostartf
TRACE::2026-01-09.10:09:59::SCWBDomain::iles -g -Wall -Wextra -fno-tree-loop-distribute-patterns"

TRACE::2026-01-09.10:09:59::SCWBDomain::make -C ps7_cortexa9_0/libsrc/xadcps_v2_6/src -s libs  "SHELL=CMD" "COMPILER=arm-none-eabi-gcc" "ASSEMBLER=arm-none-eabi-as" "A
TRACE::2026-01-09.10:09:59::SCWBDomain::RCHIVER=arm-none-eabi-ar" "COMPILER_FLAGS=  -O2 -c" "EXTRA_COMPILER_FLAGS=-mcpu=cortex-a9 -mfpu=vfpv3 -mfloat-abi=hard -nostart
TRACE::2026-01-09.10:09:59::SCWBDomain::files -g -Wall -Wextra -fno-tree-loop-distribute-patterns"

TRACE::2026-01-09.10:09:59::SCWBDomain::"Running Make libs in ps7_cortexa9_0/libsrc/xilffs_v4_6/src"

TRACE::2026-01-09.10:09:59::SCWBDomain::make -C ps7_cortexa9_0/libsrc/xilffs_v4_6/src -s libs  "SHELL=CMD" "COMPILER=arm-none-eabi-gcc" "ASSEMBLER=arm-none-eabi-as" "A
TRACE::2026-01-09.10:09:59::SCWBDomain::RCHIVER=arm-none-eabi-ar" "COMPILER_FLAGS=  -O2 -c" "EXTRA_COMPILER_FLAGS=-mcpu=cortex-a9 -mfpu=vfpv3 -mfloat-abi=hard -nostart
TRACE::2026-01-09.10:09:59::SCWBDomain::files -g -Wall -Wextra -fno-tree-loop-distribute-patterns"

TRACE::2026-01-09.10:09:59::SCWBDomain::'Finished building libraries parallelly.'

TRACE::2026-01-09.10:09:59::SCWBDomain::make --no-print-directory archive

TRACE::2026-01-09.10:09:59::SCWBDomain::arm-none-eabi-ar -r  ps7_cortexa9_0/lib/libxil.a ps7_cortexa9_0/lib/xadcps_selftest.o ps7_cortexa9_0/lib/xplatform_info.o ps7_c
TRACE::2026-01-09.10:09:59::SCWBDomain::ortexa9_0/lib/xil_mem.o ps7_cortexa9_0/lib/_exit.o ps7_cortexa9_0/lib/xusbps_sinit.o ps7_cortexa9_0/lib/xdevcfg_hw.o ps7_cortex
TRACE::2026-01-09.10:09:59::SCWBDomain::a9_0/lib/xil_sleeptimer.o ps7_cortexa9_0/lib/xqspips_options.o ps7_cortexa9_0/lib/xdmaps_g.o ps7_cortexa9_0/lib/xscutimer_g.o p
TRACE::2026-01-09.10:09:59::SCWBDomain::s7_cortexa9_0/lib/xsdps_options.o ps7_cortexa9_0/lib/xil_misc_psreset_api.o ps7_cortexa9_0/lib/xdmaps_sinit.o ps7_cortexa9_0/li
TRACE::2026-01-09.10:09:59::SCWBDomain::b/xscutimer_sinit.o ps7_cortexa9_0/lib/xemacps_hw.o ps7_cortexa9_0/lib/inbyte.o ps7_cortexa9_0/lib/xdmaps_selftest.o ps7_cortex
TRACE::2026-01-09.10:09:59::SCWBDomain::a9_0/lib/xscutimer_selftest.o ps7_cortexa9_0/lib/putnum.o ps7_cortexa9_0/lib/xttcps_selftest.o ps7_cortexa9_0/lib/xqspips_hw.o 
TRACE::2026-01-09.10:09:59::SCWBDomain::ps7_cortexa9_0/lib/xgpiops_g.o ps7_cortexa9_0/lib/xsdps.o ps7_cortexa9_0/lib/close.o ps7_cortexa9_0/lib/xemacps_g.o ps7_cortexa
TRACE::2026-01-09.10:09:59::SCWBDomain::9_0/lib/xgpiops_sinit.o ps7_cortexa9_0/lib/xgpiops_selftest.o ps7_cortexa9_0/lib/xscuwdt.o ps7_cortexa9_0/lib/xaxivdma_g.o ps7_
TRACE::2026-01-09.10:09:59::SCWBDomain::cortexa9_0/lib/xil_clocking.o ps7_cortexa9_0/lib/xiicps_intr.o ps7_cortexa9_0/lib/xaxivdma_sinit.o ps7_cortexa9_0/lib/xuartps_s
TRACE::2026-01-09.10:09:59::SCWBDomain::init.o ps7_cortexa9_0/lib/time.o ps7_cortexa9_0/lib/xaxivdma_selftest.o ps7_cortexa9_0/lib/xiicps_slave.o ps7_cortexa9_0/lib/xi
TRACE::2026-01-09.10:09:59::SCWBDomain::l_printf.o ps7_cortexa9_0/lib/kill.o ps7_cortexa9_0/lib/xadcps.o ps7_cortexa9_0/lib/xiicps_options.o ps7_cortexa9_0/lib/xuartps
TRACE::2026-01-09.10:09:59::SCWBDomain::_selftest.o ps7_cortexa9_0/lib/xuartps_g.o ps7_cortexa9_0/lib/lseek.o ps7_cortexa9_0/lib/xgpiops.o ps7_cortexa9_0/lib/xl2cc_cou
TRACE::2026-01-09.10:09:59::SCWBDomain::nter.o ps7_cortexa9_0/lib/xiicps_hw.o ps7_cortexa9_0/lib/asm_vectors.o ps7_cortexa9_0/lib/usleep.o ps7_cortexa9_0/lib/abort.o p
TRACE::2026-01-09.10:09:59::SCWBDomain::s7_cortexa9_0/lib/xscugic_intr.o ps7_cortexa9_0/lib/getpid.o ps7_cortexa9_0/lib/xiicps_selftest.o ps7_cortexa9_0/lib/xil_testca
TRACE::2026-01-09.10:09:59::SCWBDomain::che.o ps7_cortexa9_0/lib/xdevcfg_sinit.o ps7_cortexa9_0/lib/xdmaps.o ps7_cortexa9_0/lib/xscutimer.o ps7_cortexa9_0/lib/xdevcfg_
TRACE::2026-01-09.10:09:59::SCWBDomain::selftest.o ps7_cortexa9_0/lib/xttcps.o ps7_cortexa9_0/lib/xpm_counter.o ps7_cortexa9_0/lib/xiicps.o ps7_cortexa9_0/lib/_sbrk.o 
TRACE::2026-01-09.10:09:59::SCWBDomain::ps7_cortexa9_0/lib/xiicps_master.o ps7_cortexa9_0/lib/xqspips_g.o ps7_cortexa9_0/lib/xemacps_bdring.o ps7_cortexa9_0/lib/xusbps
TRACE::2026-01-09.10:09:59::SCWBDomain::_endpoint.o ps7_cortexa9_0/lib/xusbps_g.o ps7_cortexa9_0/lib/xsdps_sinit.o ps7_cortexa9_0/lib/xqspips_selftest.o ps7_cortexa9_0
TRACE::2026-01-09.10:09:59::SCWBDomain::/lib/xil_exception.o ps7_cortexa9_0/lib/sbrk.o ps7_cortexa9_0/lib/xil_testmem.o ps7_cortexa9_0/lib/xaxivdma.o ps7_cortexa9_0/li
TRACE::2026-01-09.10:09:59::SCWBDomain::b/xemacps_control.o ps7_cortexa9_0/lib/open.o ps7_cortexa9_0/lib/xil_assert.o ps7_cortexa9_0/lib/xaxivdma_intr.o ps7_cortexa9_0
TRACE::2026-01-09.10:09:59::SCWBDomain::/lib/xusbps_intr.o ps7_cortexa9_0/lib/xsdps_host.o ps7_cortexa9_0/lib/xcoresightpsdcc.o ps7_cortexa9_0/lib/xiicps_xfer.o ps7_co
TRACE::2026-01-09.10:09:59::SCWBDomain::rtexa9_0/lib/xscugic_hw.o ps7_cortexa9_0/lib/sleep.o ps7_cortexa9_0/lib/cpputest_time.o ps7_cortexa9_0/lib/_open.o ps7_cortexa9
TRACE::2026-01-09.10:09:59::SCWBDomain::_0/lib/xttcps_options.o ps7_cortexa9_0/lib/print.o ps7_cortexa9_0/lib/read.o ps7_cortexa9_0/lib/xdevcfg.o ps7_cortexa9_0/lib/xa
TRACE::2026-01-09.10:09:59::SCWBDomain::dcps_intr.o ps7_cortexa9_0/lib/xqspips.o ps7_cortexa9_0/lib/xemacps.o ps7_cortexa9_0/lib/xil_cache.o ps7_cortexa9_0/lib/xil_tes
TRACE::2026-01-09.10:09:59::SCWBDomain::tio.o ps7_cortexa9_0/lib/unlink.o ps7_cortexa9_0/lib/xusbps.o ps7_cortexa9_0/lib/xil_spinlock.o ps7_cortexa9_0/lib/xiicps_g.o p
TRACE::2026-01-09.10:09:59::SCWBDomain::s7_cortexa9_0/lib/translation_table.o ps7_cortexa9_0/lib/xusbps_hw.o ps7_cortexa9_0/lib/write.o ps7_cortexa9_0/lib/xil_mmu.o ps
TRACE::2026-01-09.10:09:59::SCWBDomain::7_cortexa9_0/lib/boot.o ps7_cortexa9_0/lib/xaxivdma_channel.o ps7_cortexa9_0/lib/cpu_init.o ps7_cortexa9_0/lib/xil_sleepcommon.
TRACE::2026-01-09.10:09:59::SCWBDomain::o ps7_cortexa9_0/lib/xgpiops_intr.o ps7_cortexa9_0/lib/xscugic_sinit.o ps7_cortexa9_0/lib/fcntl.o ps7_cortexa9_0/lib/xdevcfg_g.
TRACE::2026-01-09.10:09:59::SCWBDomain::o ps7_cortexa9_0/lib/outbyte.o ps7_cortexa9_0/lib/xuartps_hw.o ps7_cortexa9_0/lib/xttcps_g.o ps7_cortexa9_0/lib/xtime_l.o ps7_c
TRACE::2026-01-09.10:09:59::SCWBDomain::ortexa9_0/lib/xemacps_sinit.o ps7_cortexa9_0/lib/xscugic_selftest.o ps7_cortexa9_0/lib/xil_util.o ps7_cortexa9_0/lib/xuartps_in
TRACE::2026-01-09.10:09:59::SCWBDomain::tr.o ps7_cortexa9_0/lib/xuartps.o ps7_cortexa9_0/lib/xsdps_card.o ps7_cortexa9_0/lib/xdmaps_hw.o ps7_cortexa9_0/lib/xttcps_sini
TRACE::2026-01-09.10:09:59::SCWBDomain::t.o ps7_cortexa9_0/lib/xgpiops_hw.o ps7_cortexa9_0/lib/xsdps_g.o ps7_cortexa9_0/lib/fstat.o ps7_cortexa9_0/lib/errno.o ps7_cort
TRACE::2026-01-09.10:09:59::SCWBDomain::exa9_0/lib/xdevcfg_intr.o ps7_cortexa9_0/lib/xuartps_options.o ps7_cortexa9_0/lib/vectors.o ps7_cortexa9_0/lib/xscuwdt_g.o ps7_
TRACE::2026-01-09.10:09:59::SCWBDomain::cortexa9_0/lib/xscuwdt_sinit.o ps7_cortexa9_0/lib/xemacps_intr.o ps7_cortexa9_0/lib/xscuwdt_selftest.o ps7_cortexa9_0/lib/xscug
TRACE::2026-01-09.10:09:59::SCWBDomain::ic_g.o ps7_cortexa9_0/lib/isatty.o ps7_cortexa9_0/lib/xil-crt0.o ps7_cortexa9_0/lib/xscugic.o ps7_cortexa9_0/lib/xiicps_sinit.o
TRACE::2026-01-09.10:09:59::SCWBDomain:: ps7_cortexa9_0/lib/xadcps_g.o ps7_cortexa9_0/lib/xqspips_sinit.o ps7_cortexa9_0/lib/xadcps_sinit.o

TRACE::2026-01-09.10:10:02::SCWBDomain::'Finished building libraries'

TRACE::2026-01-09.10:10:02::SCWBDomain::make: Leaving directory 'H:/test/two/fpga_arm/vitis/zc706_md/zynq_fsbl/zynq_fsbl_bsp'

TRACE::2026-01-09.10:10:02::SCWBDomain::arm-none-eabi-gcc -o fsbl.elf fsbl_handoff.o fsbl_hooks.o image_mover.o main.o md5.o nand.o nor.o pcap.o ps7_init.o qspi.o rsa.
TRACE::2026-01-09.10:10:02::SCWBDomain::o sd.o -MMD -MP       -mcpu=cortex-a9 -mfpu=vfpv3 -mfloat-abi=hard   -mcpu=cortex-a9 -mfpu=vfpv3 -mfloat-abi=hard -Wl,-build-id
TRACE::2026-01-09.10:10:02::SCWBDomain::=none -specs=Xilinx.spec  -lrsa -Wl,--start-group,-lxil,-lgcc,-lc,--end-group -Wl,--start-group,-lxilffs,-lxil,-lgcc,-lc,--end-
TRACE::2026-01-09.10:10:02::SCWBDomain::group -Wl,--start-group,-lrsa,-lxil,-lgcc,-lc,--end-group                                      -Wl,--gc-sections -Lzynq_fsbl_bs
TRACE::2026-01-09.10:10:02::SCWBDomain::p/ps7_cortexa9_0/lib -L./ -Tlscript.ld

LOG::2026-01-09.10:10:02::SCWSystem::Checking the domain standalone_ps7_cortexa9_0
LOG::2026-01-09.10:10:02::SCWSystem::Not a boot domain 
LOG::2026-01-09.10:10:02::SCWSystem::Started Processing the domain standalone_ps7_cortexa9_0
TRACE::2026-01-09.10:10:02::SCWDomain::Generating domain artifcats
TRACE::2026-01-09.10:10:02::SCWMssOS::Generating standalone artifcats
TRACE::2026-01-09.10:10:02::SCWMssOS::Copying the qemu file from  E:/xilinx/Vitis/2021.2/data/emulation/platforms/zynq/sw/a9_standalone/qemu/qemu_args.txt To H:/test/two/fpga_arm/vitis/zc706_md/export/zc706_md/sw/zc706_md/qemu/
TRACE::2026-01-09.10:10:02::SCWMssOS::Copying the qemu file from  E:/xilinx/Vitis/2021.2/data/emulation/platforms/zynq/sw/a9_standalone/qemu/qemu_args.txt To H:/test/two/fpga_arm/vitis/zc706_md/export/zc706_md/sw/zc706_md/standalone_ps7_cortexa9_0/qemu/
TRACE::2026-01-09.10:10:02::SCWMssOS:: Copying the user libraries. 
TRACE::2026-01-09.10:10:02::SCWPlatform::Trying to open the hw design at H:/test/two/fpga_arm/vitis/zc706_md/hw/design_1_wrapper.xsa
TRACE::2026-01-09.10:10:02::SCWPlatform::DSA given H:/test/two/fpga_arm/vitis/zc706_md/hw/design_1_wrapper.xsa
TRACE::2026-01-09.10:10:02::SCWPlatform::DSA absoulate path H:/test/two/fpga_arm/vitis/zc706_md/hw/design_1_wrapper.xsa
TRACE::2026-01-09.10:10:02::SCWPlatform::DSA directory H:/test/two/fpga_arm/vitis/zc706_md/hw
TRACE::2026-01-09.10:10:02::SCWPlatform:: Platform Path H:/test/two/fpga_arm/vitis/zc706_md/hw/design_1_wrapper.xsa
TRACE::2026-01-09.10:10:02::SCWPlatform:: Unique name xilinx:zc706::0.0
TRACE::2026-01-09.10:10:02::SCWPlatform::Trying to set the existing hwdb with name design_1_wrapper
TRACE::2026-01-09.10:10:02::SCWPlatform::Opened existing hwdb design_1_wrapper
TRACE::2026-01-09.10:10:02::SCWPlatform::Found the Hw Db part of the input DSA
TRACE::2026-01-09.10:10:02::SCWMssOS::Checking the sw design at  H:/test/two/fpga_arm/vitis/zc706_md/ps7_cortexa9_0/standalone_ps7_cortexa9_0/bsp/system.mss
TRACE::2026-01-09.10:10:02::SCWMssOS::DEBUG:  swdes dump  H:/test/two/fpga_arm/vitis/zc706_md/ps7_cortexa9_0/standalone_ps7_cortexa9_0/bsp/system.mss|system_0||
H:/test/two/fpga_arm/vitis/zc706_md/zynq_fsbl/zynq_fsbl_bsp/system.mss|system||

TRACE::2026-01-09.10:10:02::SCWMssOS::Sw design exists and opened at  H:/test/two/fpga_arm/vitis/zc706_md/ps7_cortexa9_0/standalone_ps7_cortexa9_0/bsp/system.mss
TRACE::2026-01-09.10:10:02::SCWMssOS::Completed writing the mss file at H:/test/two/fpga_arm/vitis/zc706_md/ps7_cortexa9_0/standalone_ps7_cortexa9_0/bsp
TRACE::2026-01-09.10:10:02::SCWMssOS::Mss edits present, copying mssfile into export location H:/test/two/fpga_arm/vitis/zc706_md/ps7_cortexa9_0/standalone_ps7_cortexa9_0/bsp/system.mss
TRACE::2026-01-09.10:10:02::SCWMssOS::bsp generated is upto date with the mss file. Skipping bsp generation.
TRACE::2026-01-09.10:10:02::SCWMssOS::BSP is already built. skipping the bsp build ... 
TRACE::2026-01-09.10:10:02::SCWDomain::Building the domain as part of full build :  standalone_ps7_cortexa9_0
TRACE::2026-01-09.10:10:02::SCWMssOS::doing bsp build ... 
TRACE::2026-01-09.10:10:02::SCWMssOS::System Command Ran  H: & cd  H:/test/two/fpga_arm/vitis/zc706_md/ps7_cortexa9_0/standalone_ps7_cortexa9_0/bsp & make 
TRACE::2026-01-09.10:10:02::SCWMssOS::make --no-print-directory seq_libs

TRACE::2026-01-09.10:10:02::SCWMssOS::"Running Make include in ps7_cortexa9_0/libsrc/axivdma_v6_10/src"

TRACE::2026-01-09.10:10:02::SCWMssOS::make -C ps7_cortexa9_0/libsrc/axivdma_v6_10/src -s include  "SHELL=CMD" "COMPILER=arm-none-eabi-gcc" "ASSEMBLER=arm-none-eabi-a
TRACE::2026-01-09.10:10:02::SCWMssOS::s" "ARCHIVER=arm-none-eabi-ar" "COMPILER_FLAGS=  -O2 -c" "EXTRA_COMPILER_FLAGS=-mcpu=cortex-a9 -mfpu=vfpv3 -mfloat-abi=hard -no
TRACE::2026-01-09.10:10:02::SCWMssOS::startfiles -g -Wall -Wextra -fno-tree-loop-distribute-patterns"

TRACE::2026-01-09.10:10:02::SCWMssOS::"Running Make include in ps7_cortexa9_0/libsrc/coresightps_dcc_v1_8/src"

TRACE::2026-01-09.10:10:02::SCWMssOS::make -C ps7_cortexa9_0/libsrc/coresightps_dcc_v1_8/src -s include  "SHELL=CMD" "COMPILER=arm-none-eabi-gcc" "ASSEMBLER=arm-none
TRACE::2026-01-09.10:10:02::SCWMssOS::-eabi-as" "ARCHIVER=arm-none-eabi-ar" "COMPILER_FLAGS=  -O2 -c" "EXTRA_COMPILER_FLAGS=-mcpu=cortex-a9 -mfpu=vfpv3 -mfloat-abi=h
TRACE::2026-01-09.10:10:02::SCWMssOS::ard -nostartfiles -g -Wall -Wextra -fno-tree-loop-distribute-patterns"

TRACE::2026-01-09.10:10:02::SCWMssOS::"Running Make include in ps7_cortexa9_0/libsrc/cpu_cortexa9_v2_11/src"

TRACE::2026-01-09.10:10:02::SCWMssOS::make -C ps7_cortexa9_0/libsrc/cpu_cortexa9_v2_11/src -s include  "SHELL=CMD" "COMPILER=arm-none-eabi-gcc" "ASSEMBLER=arm-none-e
TRACE::2026-01-09.10:10:02::SCWMssOS::abi-as" "ARCHIVER=arm-none-eabi-ar" "COMPILER_FLAGS=  -O2 -c" "EXTRA_COMPILER_FLAGS=-mcpu=cortex-a9 -mfpu=vfpv3 -mfloat-abi=har
TRACE::2026-01-09.10:10:02::SCWMssOS::d -nostartfiles -g -Wall -Wextra -fno-tree-loop-distribute-patterns"

TRACE::2026-01-09.10:10:03::SCWMssOS::"Running Make include in ps7_cortexa9_0/libsrc/ddrps_v1_2/src"

TRACE::2026-01-09.10:10:03::SCWMssOS::make -C ps7_cortexa9_0/libsrc/ddrps_v1_2/src -s include  "SHELL=CMD" "COMPILER=arm-none-eabi-gcc" "ASSEMBLER=arm-none-eabi-as" 
TRACE::2026-01-09.10:10:03::SCWMssOS::"ARCHIVER=arm-none-eabi-ar" "COMPILER_FLAGS=  -O2 -c" "EXTRA_COMPILER_FLAGS=-mcpu=cortex-a9 -mfpu=vfpv3 -mfloat-abi=hard -nosta
TRACE::2026-01-09.10:10:03::SCWMssOS::rtfiles -g -Wall -Wextra -fno-tree-loop-distribute-patterns"

TRACE::2026-01-09.10:10:03::SCWMssOS::"Running Make include in ps7_cortexa9_0/libsrc/devcfg_v3_7/src"

TRACE::2026-01-09.10:10:03::SCWMssOS::make -C ps7_cortexa9_0/libsrc/devcfg_v3_7/src -s include  "SHELL=CMD" "COMPILER=arm-none-eabi-gcc" "ASSEMBLER=arm-none-eabi-as"
TRACE::2026-01-09.10:10:03::SCWMssOS:: "ARCHIVER=arm-none-eabi-ar" "COMPILER_FLAGS=  -O2 -c" "EXTRA_COMPILER_FLAGS=-mcpu=cortex-a9 -mfpu=vfpv3 -mfloat-abi=hard -nost
TRACE::2026-01-09.10:10:03::SCWMssOS::artfiles -g -Wall -Wextra -fno-tree-loop-distribute-patterns"

TRACE::2026-01-09.10:10:03::SCWMssOS::"Running Make include in ps7_cortexa9_0/libsrc/dmaps_v2_8/src"

TRACE::2026-01-09.10:10:03::SCWMssOS::make -C ps7_cortexa9_0/libsrc/dmaps_v2_8/src -s include  "SHELL=CMD" "COMPILER=arm-none-eabi-gcc" "ASSEMBLER=arm-none-eabi-as" 
TRACE::2026-01-09.10:10:03::SCWMssOS::"ARCHIVER=arm-none-eabi-ar" "COMPILER_FLAGS=  -O2 -c" "EXTRA_COMPILER_FLAGS=-mcpu=cortex-a9 -mfpu=vfpv3 -mfloat-abi=hard -nosta
TRACE::2026-01-09.10:10:03::SCWMssOS::rtfiles -g -Wall -Wextra -fno-tree-loop-distribute-patterns"

TRACE::2026-01-09.10:10:03::SCWMssOS::"Running Make include in ps7_cortexa9_0/libsrc/emacps_v3_15/src"

TRACE::2026-01-09.10:10:03::SCWMssOS::make -C ps7_cortexa9_0/libsrc/emacps_v3_15/src -s include  "SHELL=CMD" "COMPILER=arm-none-eabi-gcc" "ASSEMBLER=arm-none-eabi-as
TRACE::2026-01-09.10:10:03::SCWMssOS::" "ARCHIVER=arm-none-eabi-ar" "COMPILER_FLAGS=  -O2 -c" "EXTRA_COMPILER_FLAGS=-mcpu=cortex-a9 -mfpu=vfpv3 -mfloat-abi=hard -nos
TRACE::2026-01-09.10:10:03::SCWMssOS::tartfiles -g -Wall -Wextra -fno-tree-loop-distribute-patterns"

TRACE::2026-01-09.10:10:03::SCWMssOS::"Running Make include in ps7_cortexa9_0/libsrc/gpiops_v3_9/src"

TRACE::2026-01-09.10:10:03::SCWMssOS::make -C ps7_cortexa9_0/libsrc/gpiops_v3_9/src -s include  "SHELL=CMD" "COMPILER=arm-none-eabi-gcc" "ASSEMBLER=arm-none-eabi-as"
TRACE::2026-01-09.10:10:03::SCWMssOS:: "ARCHIVER=arm-none-eabi-ar" "COMPILER_FLAGS=  -O2 -c" "EXTRA_COMPILER_FLAGS=-mcpu=cortex-a9 -mfpu=vfpv3 -mfloat-abi=hard -nost
TRACE::2026-01-09.10:10:03::SCWMssOS::artfiles -g -Wall -Wextra -fno-tree-loop-distribute-patterns"

TRACE::2026-01-09.10:10:03::SCWMssOS::"Running Make include in ps7_cortexa9_0/libsrc/iicps_v3_14/src"

TRACE::2026-01-09.10:10:03::SCWMssOS::make -C ps7_cortexa9_0/libsrc/iicps_v3_14/src -s include  "SHELL=CMD" "COMPILER=arm-none-eabi-gcc" "ASSEMBLER=arm-none-eabi-as"
TRACE::2026-01-09.10:10:03::SCWMssOS:: "ARCHIVER=arm-none-eabi-ar" "COMPILER_FLAGS=  -O2 -c" "EXTRA_COMPILER_FLAGS=-mcpu=cortex-a9 -mfpu=vfpv3 -mfloat-abi=hard -nost
TRACE::2026-01-09.10:10:03::SCWMssOS::artfiles -g -Wall -Wextra -fno-tree-loop-distribute-patterns"

TRACE::2026-01-09.10:10:03::SCWMssOS::"Running Make include in ps7_cortexa9_0/libsrc/lwip211_v1_6/src"

TRACE::2026-01-09.10:10:03::SCWMssOS::make -C ps7_cortexa9_0/libsrc/lwip211_v1_6/src -s include  "SHELL=CMD" "COMPILER=arm-none-eabi-gcc" "ASSEMBLER=arm-none-eabi-as
TRACE::2026-01-09.10:10:03::SCWMssOS::" "ARCHIVER=arm-none-eabi-ar" "COMPILER_FLAGS=  -O2 -c" "EXTRA_COMPILER_FLAGS=-mcpu=cortex-a9 -mfpu=vfpv3 -mfloat-abi=hard -nos
TRACE::2026-01-09.10:10:03::SCWMssOS::tartfiles -g -Wall -Wextra -fno-tree-loop-distribute-patterns"

TRACE::2026-01-09.10:10:07::SCWMssOS::"Running Make include in ps7_cortexa9_0/libsrc/qspips_v3_9/src"

TRACE::2026-01-09.10:10:07::SCWMssOS::make -C ps7_cortexa9_0/libsrc/qspips_v3_9/src -s include  "SHELL=CMD" "COMPILER=arm-none-eabi-gcc" "ASSEMBLER=arm-none-eabi-as"
TRACE::2026-01-09.10:10:07::SCWMssOS:: "ARCHIVER=arm-none-eabi-ar" "COMPILER_FLAGS=  -O2 -c" "EXTRA_COMPILER_FLAGS=-mcpu=cortex-a9 -mfpu=vfpv3 -mfloat-abi=hard -nost
TRACE::2026-01-09.10:10:07::SCWMssOS::artfiles -g -Wall -Wextra -fno-tree-loop-distribute-patterns"

TRACE::2026-01-09.10:10:08::SCWMssOS::"Running Make include in ps7_cortexa9_0/libsrc/scugic_v4_6/src"

TRACE::2026-01-09.10:10:08::SCWMssOS::make -C ps7_cortexa9_0/libsrc/scugic_v4_6/src -s include  "SHELL=CMD" "COMPILER=arm-none-eabi-gcc" "ASSEMBLER=arm-none-eabi-as"
TRACE::2026-01-09.10:10:08::SCWMssOS:: "ARCHIVER=arm-none-eabi-ar" "COMPILER_FLAGS=  -O2 -c" "EXTRA_COMPILER_FLAGS=-mcpu=cortex-a9 -mfpu=vfpv3 -mfloat-abi=hard -nost
TRACE::2026-01-09.10:10:08::SCWMssOS::artfiles -g -Wall -Wextra -fno-tree-loop-distribute-patterns"

TRACE::2026-01-09.10:10:08::SCWMssOS::"Running Make include in ps7_cortexa9_0/libsrc/scutimer_v2_3/src"

TRACE::2026-01-09.10:10:08::SCWMssOS::make -C ps7_cortexa9_0/libsrc/scutimer_v2_3/src -s include  "SHELL=CMD" "COMPILER=arm-none-eabi-gcc" "ASSEMBLER=arm-none-eabi-a
TRACE::2026-01-09.10:10:08::SCWMssOS::s" "ARCHIVER=arm-none-eabi-ar" "COMPILER_FLAGS=  -O2 -c" "EXTRA_COMPILER_FLAGS=-mcpu=cortex-a9 -mfpu=vfpv3 -mfloat-abi=hard -no
TRACE::2026-01-09.10:10:08::SCWMssOS::startfiles -g -Wall -Wextra -fno-tree-loop-distribute-patterns"

TRACE::2026-01-09.10:10:08::SCWMssOS::"Running Make include in ps7_cortexa9_0/libsrc/scuwdt_v2_4/src"

TRACE::2026-01-09.10:10:08::SCWMssOS::make -C ps7_cortexa9_0/libsrc/scuwdt_v2_4/src -s include  "SHELL=CMD" "COMPILER=arm-none-eabi-gcc" "ASSEMBLER=arm-none-eabi-as"
TRACE::2026-01-09.10:10:08::SCWMssOS:: "ARCHIVER=arm-none-eabi-ar" "COMPILER_FLAGS=  -O2 -c" "EXTRA_COMPILER_FLAGS=-mcpu=cortex-a9 -mfpu=vfpv3 -mfloat-abi=hard -nost
TRACE::2026-01-09.10:10:08::SCWMssOS::artfiles -g -Wall -Wextra -fno-tree-loop-distribute-patterns"

TRACE::2026-01-09.10:10:08::SCWMssOS::"Running Make include in ps7_cortexa9_0/libsrc/sdps_v3_13/src"

TRACE::2026-01-09.10:10:08::SCWMssOS::make -C ps7_cortexa9_0/libsrc/sdps_v3_13/src -s include  "SHELL=CMD" "COMPILER=arm-none-eabi-gcc" "ASSEMBLER=arm-none-eabi-as" 
TRACE::2026-01-09.10:10:08::SCWMssOS::"ARCHIVER=arm-none-eabi-ar" "COMPILER_FLAGS=  -O2 -c" "EXTRA_COMPILER_FLAGS=-mcpu=cortex-a9 -mfpu=vfpv3 -mfloat-abi=hard -nosta
TRACE::2026-01-09.10:10:08::SCWMssOS::rtfiles -g -Wall -Wextra -fno-tree-loop-distribute-patterns"

TRACE::2026-01-09.10:10:08::SCWMssOS::"Running Make include in ps7_cortexa9_0/libsrc/standalone_v7_6/src"

TRACE::2026-01-09.10:10:08::SCWMssOS::make -C ps7_cortexa9_0/libsrc/standalone_v7_6/src -s include  "SHELL=CMD" "COMPILER=arm-none-eabi-gcc" "ASSEMBLER=arm-none-eabi
TRACE::2026-01-09.10:10:08::SCWMssOS::-as" "ARCHIVER=arm-none-eabi-ar" "COMPILER_FLAGS=  -O2 -c" "EXTRA_COMPILER_FLAGS=-mcpu=cortex-a9 -mfpu=vfpv3 -mfloat-abi=hard -
TRACE::2026-01-09.10:10:08::SCWMssOS::nostartfiles -g -Wall -Wextra -fno-tree-loop-distribute-patterns"

TRACE::2026-01-09.10:10:08::SCWMssOS::"Running Make include in ps7_cortexa9_0/libsrc/ttcps_v3_14/src"

TRACE::2026-01-09.10:10:08::SCWMssOS::make -C ps7_cortexa9_0/libsrc/ttcps_v3_14/src -s include  "SHELL=CMD" "COMPILER=arm-none-eabi-gcc" "ASSEMBLER=arm-none-eabi-as"
TRACE::2026-01-09.10:10:08::SCWMssOS:: "ARCHIVER=arm-none-eabi-ar" "COMPILER_FLAGS=  -O2 -c" "EXTRA_COMPILER_FLAGS=-mcpu=cortex-a9 -mfpu=vfpv3 -mfloat-abi=hard -nost
TRACE::2026-01-09.10:10:08::SCWMssOS::artfiles -g -Wall -Wextra -fno-tree-loop-distribute-patterns"

TRACE::2026-01-09.10:10:09::SCWMssOS::"Running Make include in ps7_cortexa9_0/libsrc/uartps_v3_11/src"

TRACE::2026-01-09.10:10:09::SCWMssOS::make -C ps7_cortexa9_0/libsrc/uartps_v3_11/src -s include  "SHELL=CMD" "COMPILER=arm-none-eabi-gcc" "ASSEMBLER=arm-none-eabi-as
TRACE::2026-01-09.10:10:09::SCWMssOS::" "ARCHIVER=arm-none-eabi-ar" "COMPILER_FLAGS=  -O2 -c" "EXTRA_COMPILER_FLAGS=-mcpu=cortex-a9 -mfpu=vfpv3 -mfloat-abi=hard -nos
TRACE::2026-01-09.10:10:09::SCWMssOS::tartfiles -g -Wall -Wextra -fno-tree-loop-distribute-patterns"

TRACE::2026-01-09.10:10:09::SCWMssOS::"Running Make include in ps7_cortexa9_0/libsrc/usbps_v2_7/src"

TRACE::2026-01-09.10:10:09::SCWMssOS::make -C ps7_cortexa9_0/libsrc/usbps_v2_7/src -s include  "SHELL=CMD" "COMPILER=arm-none-eabi-gcc" "ASSEMBLER=arm-none-eabi-as" 
TRACE::2026-01-09.10:10:09::SCWMssOS::"ARCHIVER=arm-none-eabi-ar" "COMPILER_FLAGS=  -O2 -c" "EXTRA_COMPILER_FLAGS=-mcpu=cortex-a9 -mfpu=vfpv3 -mfloat-abi=hard -nosta
TRACE::2026-01-09.10:10:09::SCWMssOS::rtfiles -g -Wall -Wextra -fno-tree-loop-distribute-patterns"

TRACE::2026-01-09.10:10:09::SCWMssOS::"Running Make include in ps7_cortexa9_0/libsrc/xadcps_v2_6/src"

TRACE::2026-01-09.10:10:09::SCWMssOS::make -C ps7_cortexa9_0/libsrc/xadcps_v2_6/src -s include  "SHELL=CMD" "COMPILER=arm-none-eabi-gcc" "ASSEMBLER=arm-none-eabi-as"
TRACE::2026-01-09.10:10:09::SCWMssOS:: "ARCHIVER=arm-none-eabi-ar" "COMPILER_FLAGS=  -O2 -c" "EXTRA_COMPILER_FLAGS=-mcpu=cortex-a9 -mfpu=vfpv3 -mfloat-abi=hard -nost
TRACE::2026-01-09.10:10:09::SCWMssOS::artfiles -g -Wall -Wextra -fno-tree-loop-distribute-patterns"

TRACE::2026-01-09.10:10:09::SCWMssOS::"Running Make include in ps7_cortexa9_0/libsrc/xilffs_v4_6/src"

TRACE::2026-01-09.10:10:09::SCWMssOS::make -C ps7_cortexa9_0/libsrc/xilffs_v4_6/src -s include  "SHELL=CMD" "COMPILER=arm-none-eabi-gcc" "ASSEMBLER=arm-none-eabi-as"
TRACE::2026-01-09.10:10:09::SCWMssOS:: "ARCHIVER=arm-none-eabi-ar" "COMPILER_FLAGS=  -O2 -c" "EXTRA_COMPILER_FLAGS=-mcpu=cortex-a9 -mfpu=vfpv3 -mfloat-abi=hard -nost
TRACE::2026-01-09.10:10:09::SCWMssOS::artfiles -g -Wall -Wextra -fno-tree-loop-distribute-patterns"

TRACE::2026-01-09.10:10:09::SCWMssOS::"Running Make libs in ps7_cortexa9_0/libsrc/lwip211_v1_6/src"

TRACE::2026-01-09.10:10:09::SCWMssOS::make -C ps7_cortexa9_0/libsrc/lwip211_v1_6/src -s libs  "SHELL=CMD" "COMPILER=arm-none-eabi-gcc" "ASSEMBLER=arm-none-eabi-as" "
TRACE::2026-01-09.10:10:09::SCWMssOS::ARCHIVER=arm-none-eabi-ar" "COMPILER_FLAGS=  -O2 -c" "EXTRA_COMPILER_FLAGS=-mcpu=cortex-a9 -mfpu=vfpv3 -mfloat-abi=hard -nostar
TRACE::2026-01-09.10:10:09::SCWMssOS::tfiles -g -Wall -Wextra -fno-tree-loop-distribute-patterns"

TRACE::2026-01-09.10:10:09::SCWMssOS::"Compiling lwip src and adapter files"

TRACE::2026-01-09.10:10:10::SCWMssOS::'Finished building libraries sequentially.'

TRACE::2026-01-09.10:10:10::SCWMssOS::make -j 14 --no-print-directory par_libs

TRACE::2026-01-09.10:10:10::SCWMssOS::"Running Make include in ps7_cortexa9_0/libsrc/axivdma_v6_10/src"

TRACE::2026-01-09.10:10:10::SCWMssOS::make -C ps7_cortexa9_0/libsrc/axivdma_v6_10/src -s include  "SHELL=CMD" "COMPILER=arm-none-eabi-gcc" "ASSEMBLER=arm-none-eabi-a
TRACE::2026-01-09.10:10:10::SCWMssOS::s" "ARCHIVER=arm-none-eabi-ar" "COMPILER_FLAGS=  -O2 -c" "EXTRA_COMPILER_FLAGS=-mcpu=cortex-a9 -mfpu=vfpv3 -mfloat-abi=hard -no
TRACE::2026-01-09.10:10:10::SCWMssOS::startfiles -g -Wall -Wextra -fno-tree-loop-distribute-patterns"

TRACE::2026-01-09.10:10:10::SCWMssOS::"Running Make include in ps7_cortexa9_0/libsrc/coresightps_dcc_v1_8/src"

TRACE::2026-01-09.10:10:10::SCWMssOS::make -C ps7_cortexa9_0/libsrc/coresightps_dcc_v1_8/src -s include  "SHELL=CMD" "COMPILER=arm-none-eabi-gcc" "ASSEMBLER=arm-none
TRACE::2026-01-09.10:10:10::SCWMssOS::-eabi-as" "ARCHIVER=arm-none-eabi-ar" "COMPILER_FLAGS=  -O2 -c" "EXTRA_COMPILER_FLAGS=-mcpu=cortex-a9 -mfpu=vfpv3 -mfloat-abi=h
TRACE::2026-01-09.10:10:10::SCWMssOS::ard -nostartfiles -g -Wall -Wextra -fno-tree-loop-distribute-patterns"

TRACE::2026-01-09.10:10:10::SCWMssOS::"Running Make include in ps7_cortexa9_0/libsrc/cpu_cortexa9_v2_11/src"

TRACE::2026-01-09.10:10:10::SCWMssOS::make -C ps7_cortexa9_0/libsrc/cpu_cortexa9_v2_11/src -s include  "SHELL=CMD" "COMPILER=arm-none-eabi-gcc" "ASSEMBLER=arm-none-e
TRACE::2026-01-09.10:10:10::SCWMssOS::abi-as" "ARCHIVER=arm-none-eabi-ar" "COMPILER_FLAGS=  -O2 -c" "EXTRA_COMPILER_FLAGS=-mcpu=cortex-a9 -mfpu=vfpv3 -mfloat-abi=har
TRACE::2026-01-09.10:10:10::SCWMssOS::d -nostartfiles -g -Wall -Wextra -fno-tree-loop-distribute-patterns"

TRACE::2026-01-09.10:10:11::SCWMssOS::"Running Make include in ps7_cortexa9_0/libsrc/ddrps_v1_2/src"

TRACE::2026-01-09.10:10:11::SCWMssOS::make -C ps7_cortexa9_0/libsrc/ddrps_v1_2/src -s include  "SHELL=CMD" "COMPILER=arm-none-eabi-gcc" "ASSEMBLER=arm-none-eabi-as" 
TRACE::2026-01-09.10:10:11::SCWMssOS::"ARCHIVER=arm-none-eabi-ar" "COMPILER_FLAGS=  -O2 -c" "EXTRA_COMPILER_FLAGS=-mcpu=cortex-a9 -mfpu=vfpv3 -mfloat-abi=hard -nosta
TRACE::2026-01-09.10:10:11::SCWMssOS::rtfiles -g -Wall -Wextra -fno-tree-loop-distribute-patterns"

TRACE::2026-01-09.10:10:11::SCWMssOS::"Running Make include in ps7_cortexa9_0/libsrc/devcfg_v3_7/src"

TRACE::2026-01-09.10:10:11::SCWMssOS::make -C ps7_cortexa9_0/libsrc/devcfg_v3_7/src -s include  "SHELL=CMD" "COMPILER=arm-none-eabi-gcc" "ASSEMBLER=arm-none-eabi-as"
TRACE::2026-01-09.10:10:11::SCWMssOS:: "ARCHIVER=arm-none-eabi-ar" "COMPILER_FLAGS=  -O2 -c" "EXTRA_COMPILER_FLAGS=-mcpu=cortex-a9 -mfpu=vfpv3 -mfloat-abi=hard -nost
TRACE::2026-01-09.10:10:11::SCWMssOS::artfiles -g -Wall -Wextra -fno-tree-loop-distribute-patterns"

TRACE::2026-01-09.10:10:11::SCWMssOS::"Running Make include in ps7_cortexa9_0/libsrc/dmaps_v2_8/src"

TRACE::2026-01-09.10:10:11::SCWMssOS::make -C ps7_cortexa9_0/libsrc/dmaps_v2_8/src -s include  "SHELL=CMD" "COMPILER=arm-none-eabi-gcc" "ASSEMBLER=arm-none-eabi-as" 
TRACE::2026-01-09.10:10:11::SCWMssOS::"ARCHIVER=arm-none-eabi-ar" "COMPILER_FLAGS=  -O2 -c" "EXTRA_COMPILER_FLAGS=-mcpu=cortex-a9 -mfpu=vfpv3 -mfloat-abi=hard -nosta
TRACE::2026-01-09.10:10:11::SCWMssOS::rtfiles -g -Wall -Wextra -fno-tree-loop-distribute-patterns"

TRACE::2026-01-09.10:10:11::SCWMssOS::"Running Make include in ps7_cortexa9_0/libsrc/emacps_v3_15/src"

TRACE::2026-01-09.10:10:11::SCWMssOS::make -C ps7_cortexa9_0/libsrc/emacps_v3_15/src -s include  "SHELL=CMD" "COMPILER=arm-none-eabi-gcc" "ASSEMBLER=arm-none-eabi-as
TRACE::2026-01-09.10:10:11::SCWMssOS::" "ARCHIVER=arm-none-eabi-ar" "COMPILER_FLAGS=  -O2 -c" "EXTRA_COMPILER_FLAGS=-mcpu=cortex-a9 -mfpu=vfpv3 -mfloat-abi=hard -nos
TRACE::2026-01-09.10:10:11::SCWMssOS::tartfiles -g -Wall -Wextra -fno-tree-loop-distribute-patterns"

TRACE::2026-01-09.10:10:11::SCWMssOS::"Running Make include in ps7_cortexa9_0/libsrc/gpiops_v3_9/src"

TRACE::2026-01-09.10:10:11::SCWMssOS::make -C ps7_cortexa9_0/libsrc/gpiops_v3_9/src -s include  "SHELL=CMD" "COMPILER=arm-none-eabi-gcc" "ASSEMBLER=arm-none-eabi-as"
TRACE::2026-01-09.10:10:11::SCWMssOS:: "ARCHIVER=arm-none-eabi-ar" "COMPILER_FLAGS=  -O2 -c" "EXTRA_COMPILER_FLAGS=-mcpu=cortex-a9 -mfpu=vfpv3 -mfloat-abi=hard -nost
TRACE::2026-01-09.10:10:11::SCWMssOS::artfiles -g -Wall -Wextra -fno-tree-loop-distribute-patterns"

TRACE::2026-01-09.10:10:11::SCWMssOS::"Running Make include in ps7_cortexa9_0/libsrc/iicps_v3_14/src"

TRACE::2026-01-09.10:10:11::SCWMssOS::make -C ps7_cortexa9_0/libsrc/iicps_v3_14/src -s include  "SHELL=CMD" "COMPILER=arm-none-eabi-gcc" "ASSEMBLER=arm-none-eabi-as"
TRACE::2026-01-09.10:10:11::SCWMssOS:: "ARCHIVER=arm-none-eabi-ar" "COMPILER_FLAGS=  -O2 -c" "EXTRA_COMPILER_FLAGS=-mcpu=cortex-a9 -mfpu=vfpv3 -mfloat-abi=hard -nost
TRACE::2026-01-09.10:10:11::SCWMssOS::artfiles -g -Wall -Wextra -fno-tree-loop-distribute-patterns"

TRACE::2026-01-09.10:10:11::SCWMssOS::"Running Make include in ps7_cortexa9_0/libsrc/lwip211_v1_6/src"

TRACE::2026-01-09.10:10:11::SCWMssOS::make -C ps7_cortexa9_0/libsrc/lwip211_v1_6/src -s include  "SHELL=CMD" "COMPILER=arm-none-eabi-gcc" "ASSEMBLER=arm-none-eabi-as
TRACE::2026-01-09.10:10:11::SCWMssOS::" "ARCHIVER=arm-none-eabi-ar" "COMPILER_FLAGS=  -O2 -c" "EXTRA_COMPILER_FLAGS=-mcpu=cortex-a9 -mfpu=vfpv3 -mfloat-abi=hard -nos
TRACE::2026-01-09.10:10:11::SCWMssOS::tartfiles -g -Wall -Wextra -fno-tree-loop-distribute-patterns"

TRACE::2026-01-09.10:10:11::SCWMssOS::"Running Make include in ps7_cortexa9_0/libsrc/qspips_v3_9/src"

TRACE::2026-01-09.10:10:11::SCWMssOS::make -C ps7_cortexa9_0/libsrc/qspips_v3_9/src -s include  "SHELL=CMD" "COMPILER=arm-none-eabi-gcc" "ASSEMBLER=arm-none-eabi-as"
TRACE::2026-01-09.10:10:11::SCWMssOS:: "ARCHIVER=arm-none-eabi-ar" "COMPILER_FLAGS=  -O2 -c" "EXTRA_COMPILER_FLAGS=-mcpu=cortex-a9 -mfpu=vfpv3 -mfloat-abi=hard -nost
TRACE::2026-01-09.10:10:11::SCWMssOS::artfiles -g -Wall -Wextra -fno-tree-loop-distribute-patterns"

TRACE::2026-01-09.10:10:11::SCWMssOS::"Running Make include in ps7_cortexa9_0/libsrc/scugic_v4_6/src"

TRACE::2026-01-09.10:10:11::SCWMssOS::make -C ps7_cortexa9_0/libsrc/scugic_v4_6/src -s include  "SHELL=CMD" "COMPILER=arm-none-eabi-gcc" "ASSEMBLER=arm-none-eabi-as"
TRACE::2026-01-09.10:10:11::SCWMssOS:: "ARCHIVER=arm-none-eabi-ar" "COMPILER_FLAGS=  -O2 -c" "EXTRA_COMPILER_FLAGS=-mcpu=cortex-a9 -mfpu=vfpv3 -mfloat-abi=hard -nost
TRACE::2026-01-09.10:10:11::SCWMssOS::artfiles -g -Wall -Wextra -fno-tree-loop-distribute-patterns"

TRACE::2026-01-09.10:10:11::SCWMssOS::"Running Make include in ps7_cortexa9_0/libsrc/scutimer_v2_3/src"

TRACE::2026-01-09.10:10:11::SCWMssOS::make -C ps7_cortexa9_0/libsrc/scutimer_v2_3/src -s include  "SHELL=CMD" "COMPILER=arm-none-eabi-gcc" "ASSEMBLER=arm-none-eabi-a
TRACE::2026-01-09.10:10:11::SCWMssOS::s" "ARCHIVER=arm-none-eabi-ar" "COMPILER_FLAGS=  -O2 -c" "EXTRA_COMPILER_FLAGS=-mcpu=cortex-a9 -mfpu=vfpv3 -mfloat-abi=hard -no
TRACE::2026-01-09.10:10:11::SCWMssOS::startfiles -g -Wall -Wextra -fno-tree-loop-distribute-patterns"

TRACE::2026-01-09.10:10:11::SCWMssOS::"Running Make include in ps7_cortexa9_0/libsrc/scuwdt_v2_4/src"

TRACE::2026-01-09.10:10:11::SCWMssOS::make -C ps7_cortexa9_0/libsrc/scuwdt_v2_4/src -s include  "SHELL=CMD" "COMPILER=arm-none-eabi-gcc" "ASSEMBLER=arm-none-eabi-as"
TRACE::2026-01-09.10:10:11::SCWMssOS:: "ARCHIVER=arm-none-eabi-ar" "COMPILER_FLAGS=  -O2 -c" "EXTRA_COMPILER_FLAGS=-mcpu=cortex-a9 -mfpu=vfpv3 -mfloat-abi=hard -nost
TRACE::2026-01-09.10:10:11::SCWMssOS::artfiles -g -Wall -Wextra -fno-tree-loop-distribute-patterns"

TRACE::2026-01-09.10:10:11::SCWMssOS::"Running Make include in ps7_cortexa9_0/libsrc/sdps_v3_13/src"

TRACE::2026-01-09.10:10:11::SCWMssOS::make -C ps7_cortexa9_0/libsrc/sdps_v3_13/src -s include  "SHELL=CMD" "COMPILER=arm-none-eabi-gcc" "ASSEMBLER=arm-none-eabi-as" 
TRACE::2026-01-09.10:10:11::SCWMssOS::"ARCHIVER=arm-none-eabi-ar" "COMPILER_FLAGS=  -O2 -c" "EXTRA_COMPILER_FLAGS=-mcpu=cortex-a9 -mfpu=vfpv3 -mfloat-abi=hard -nosta
TRACE::2026-01-09.10:10:11::SCWMssOS::rtfiles -g -Wall -Wextra -fno-tree-loop-distribute-patterns"

TRACE::2026-01-09.10:10:11::SCWMssOS::"Running Make include in ps7_cortexa9_0/libsrc/standalone_v7_6/src"

TRACE::2026-01-09.10:10:11::SCWMssOS::make -C ps7_cortexa9_0/libsrc/standalone_v7_6/src -s include  "SHELL=CMD" "COMPILER=arm-none-eabi-gcc" "ASSEMBLER=arm-none-eabi
TRACE::2026-01-09.10:10:11::SCWMssOS::-as" "ARCHIVER=arm-none-eabi-ar" "COMPILER_FLAGS=  -O2 -c" "EXTRA_COMPILER_FLAGS=-mcpu=cortex-a9 -mfpu=vfpv3 -mfloat-abi=hard -
TRACE::2026-01-09.10:10:11::SCWMssOS::nostartfiles -g -Wall -Wextra -fno-tree-loop-distribute-patterns"

TRACE::2026-01-09.10:10:11::SCWMssOS::"Running Make include in ps7_cortexa9_0/libsrc/ttcps_v3_14/src"

TRACE::2026-01-09.10:10:11::SCWMssOS::make -C ps7_cortexa9_0/libsrc/ttcps_v3_14/src -s include  "SHELL=CMD" "COMPILER=arm-none-eabi-gcc" "ASSEMBLER=arm-none-eabi-as"
TRACE::2026-01-09.10:10:11::SCWMssOS:: "ARCHIVER=arm-none-eabi-ar" "COMPILER_FLAGS=  -O2 -c" "EXTRA_COMPILER_FLAGS=-mcpu=cortex-a9 -mfpu=vfpv3 -mfloat-abi=hard -nost
TRACE::2026-01-09.10:10:11::SCWMssOS::artfiles -g -Wall -Wextra -fno-tree-loop-distribute-patterns"

TRACE::2026-01-09.10:10:11::SCWMssOS::"Running Make include in ps7_cortexa9_0/libsrc/uartps_v3_11/src"

TRACE::2026-01-09.10:10:11::SCWMssOS::make -C ps7_cortexa9_0/libsrc/uartps_v3_11/src -s include  "SHELL=CMD" "COMPILER=arm-none-eabi-gcc" "ASSEMBLER=arm-none-eabi-as
TRACE::2026-01-09.10:10:11::SCWMssOS::" "ARCHIVER=arm-none-eabi-ar" "COMPILER_FLAGS=  -O2 -c" "EXTRA_COMPILER_FLAGS=-mcpu=cortex-a9 -mfpu=vfpv3 -mfloat-abi=hard -nos
TRACE::2026-01-09.10:10:11::SCWMssOS::tartfiles -g -Wall -Wextra -fno-tree-loop-distribute-patterns"

TRACE::2026-01-09.10:10:11::SCWMssOS::"Running Make include in ps7_cortexa9_0/libsrc/usbps_v2_7/src"

TRACE::2026-01-09.10:10:11::SCWMssOS::make -C ps7_cortexa9_0/libsrc/usbps_v2_7/src -s include  "SHELL=CMD" "COMPILER=arm-none-eabi-gcc" "ASSEMBLER=arm-none-eabi-as" 
TRACE::2026-01-09.10:10:11::SCWMssOS::"ARCHIVER=arm-none-eabi-ar" "COMPILER_FLAGS=  -O2 -c" "EXTRA_COMPILER_FLAGS=-mcpu=cortex-a9 -mfpu=vfpv3 -mfloat-abi=hard -nosta
TRACE::2026-01-09.10:10:11::SCWMssOS::rtfiles -g -Wall -Wextra -fno-tree-loop-distribute-patterns"

TRACE::2026-01-09.10:10:11::SCWMssOS::"Running Make include in ps7_cortexa9_0/libsrc/xadcps_v2_6/src"

TRACE::2026-01-09.10:10:11::SCWMssOS::make -C ps7_cortexa9_0/libsrc/xadcps_v2_6/src -s include  "SHELL=CMD" "COMPILER=arm-none-eabi-gcc" "ASSEMBLER=arm-none-eabi-as"
TRACE::2026-01-09.10:10:11::SCWMssOS:: "ARCHIVER=arm-none-eabi-ar" "COMPILER_FLAGS=  -O2 -c" "EXTRA_COMPILER_FLAGS=-mcpu=cortex-a9 -mfpu=vfpv3 -mfloat-abi=hard -nost
TRACE::2026-01-09.10:10:11::SCWMssOS::artfiles -g -Wall -Wextra -fno-tree-loop-distribute-patterns"

TRACE::2026-01-09.10:10:11::SCWMssOS::"Running Make include in ps7_cortexa9_0/libsrc/xilffs_v4_6/src"

TRACE::2026-01-09.10:10:11::SCWMssOS::make -C ps7_cortexa9_0/libsrc/xilffs_v4_6/src -s include  "SHELL=CMD" "COMPILER=arm-none-eabi-gcc" "ASSEMBLER=arm-none-eabi-as"
TRACE::2026-01-09.10:10:11::SCWMssOS:: "ARCHIVER=arm-none-eabi-ar" "COMPILER_FLAGS=  -O2 -c" "EXTRA_COMPILER_FLAGS=-mcpu=cortex-a9 -mfpu=vfpv3 -mfloat-abi=hard -nost
TRACE::2026-01-09.10:10:11::SCWMssOS::artfiles -g -Wall -Wextra -fno-tree-loop-distribute-patterns"

TRACE::2026-01-09.10:10:11::SCWMssOS::"Running Make libs in ps7_cortexa9_0/libsrc/axivdma_v6_10/src"

TRACE::2026-01-09.10:10:11::SCWMssOS::make -C ps7_cortexa9_0/libsrc/axivdma_v6_10/src -s libs  "SHELL=CMD" "COMPILER=arm-none-eabi-gcc" "ASSEMBLER=arm-none-eabi-as" 
TRACE::2026-01-09.10:10:11::SCWMssOS::"ARCHIVER=arm-none-eabi-ar" "COMPILER_FLAGS=  -O2 -c" "EXTRA_COMPILER_FLAGS=-mcpu=cortex-a9 -mfpu=vfpv3 -mfloat-abi=hard -nosta
TRACE::2026-01-09.10:10:11::SCWMssOS::rtfiles -g -Wall -Wextra -fno-tree-loop-distribute-patterns"

TRACE::2026-01-09.10:10:11::SCWMssOS::"Running Make libs in ps7_cortexa9_0/libsrc/coresightps_dcc_v1_8/src"

TRACE::2026-01-09.10:10:11::SCWMssOS::make -C ps7_cortexa9_0/libsrc/coresightps_dcc_v1_8/src -s libs  "SHELL=CMD" "COMPILER=arm-none-eabi-gcc" "ASSEMBLER=arm-none-ea
TRACE::2026-01-09.10:10:11::SCWMssOS::bi-as" "ARCHIVER=arm-none-eabi-ar" "COMPILER_FLAGS=  -O2 -c" "EXTRA_COMPILER_FLAGS=-mcpu=cortex-a9 -mfpu=vfpv3 -mfloat-abi=hard
TRACE::2026-01-09.10:10:11::SCWMssOS:: -nostartfiles -g -Wall -Wextra -fno-tree-loop-distribute-patterns"

TRACE::2026-01-09.10:10:11::SCWMssOS::"Running Make libs in ps7_cortexa9_0/libsrc/cpu_cortexa9_v2_11/src"

TRACE::2026-01-09.10:10:11::SCWMssOS::make -C ps7_cortexa9_0/libsrc/cpu_cortexa9_v2_11/src -s libs  "SHELL=CMD" "COMPILER=arm-none-eabi-gcc" "ASSEMBLER=arm-none-eabi
TRACE::2026-01-09.10:10:11::SCWMssOS::-as" "ARCHIVER=arm-none-eabi-ar" "COMPILER_FLAGS=  -O2 -c" "EXTRA_COMPILER_FLAGS=-mcpu=cortex-a9 -mfpu=vfpv3 -mfloat-abi=hard -
TRACE::2026-01-09.10:10:11::SCWMssOS::nostartfiles -g -Wall -Wextra -fno-tree-loop-distribute-patterns"

TRACE::2026-01-09.10:10:11::SCWMssOS::"Running Make libs in ps7_cortexa9_0/libsrc/ddrps_v1_2/src"

TRACE::2026-01-09.10:10:11::SCWMssOS::make -C ps7_cortexa9_0/libsrc/ddrps_v1_2/src -s libs  "SHELL=CMD" "COMPILER=arm-none-eabi-gcc" "ASSEMBLER=arm-none-eabi-as" "AR
TRACE::2026-01-09.10:10:11::SCWMssOS::CHIVER=arm-none-eabi-ar" "COMPILER_FLAGS=  -O2 -c" "EXTRA_COMPILER_FLAGS=-mcpu=cortex-a9 -mfpu=vfpv3 -mfloat-abi=hard -nostartf
TRACE::2026-01-09.10:10:11::SCWMssOS::iles -g -Wall -Wextra -fno-tree-loop-distribute-patterns"

TRACE::2026-01-09.10:10:11::SCWMssOS::"Running Make libs in ps7_cortexa9_0/libsrc/devcfg_v3_7/src"

TRACE::2026-01-09.10:10:11::SCWMssOS::make -C ps7_cortexa9_0/libsrc/devcfg_v3_7/src -s libs  "SHELL=CMD" "COMPILER=arm-none-eabi-gcc" "ASSEMBLER=arm-none-eabi-as" "A
TRACE::2026-01-09.10:10:11::SCWMssOS::RCHIVER=arm-none-eabi-ar" "COMPILER_FLAGS=  -O2 -c" "EXTRA_COMPILER_FLAGS=-mcpu=cortex-a9 -mfpu=vfpv3 -mfloat-abi=hard -nostart
TRACE::2026-01-09.10:10:11::SCWMssOS::files -g -Wall -Wextra -fno-tree-loop-distribute-patterns"

TRACE::2026-01-09.10:10:11::SCWMssOS::"Running Make libs in ps7_cortexa9_0/libsrc/dmaps_v2_8/src"

TRACE::2026-01-09.10:10:11::SCWMssOS::make -C ps7_cortexa9_0/libsrc/dmaps_v2_8/src -s libs  "SHELL=CMD" "COMPILER=arm-none-eabi-gcc" "ASSEMBLER=arm-none-eabi-as" "AR
TRACE::2026-01-09.10:10:11::SCWMssOS::CHIVER=arm-none-eabi-ar" "COMPILER_FLAGS=  -O2 -c" "EXTRA_COMPILER_FLAGS=-mcpu=cortex-a9 -mfpu=vfpv3 -mfloat-abi=hard -nostartf
TRACE::2026-01-09.10:10:11::SCWMssOS::iles -g -Wall -Wextra -fno-tree-loop-distribute-patterns"

TRACE::2026-01-09.10:10:11::SCWMssOS::"Running Make libs in ps7_cortexa9_0/libsrc/emacps_v3_15/src"

TRACE::2026-01-09.10:10:11::SCWMssOS::make -C ps7_cortexa9_0/libsrc/emacps_v3_15/src -s libs  "SHELL=CMD" "COMPILER=arm-none-eabi-gcc" "ASSEMBLER=arm-none-eabi-as" "
TRACE::2026-01-09.10:10:11::SCWMssOS::ARCHIVER=arm-none-eabi-ar" "COMPILER_FLAGS=  -O2 -c" "EXTRA_COMPILER_FLAGS=-mcpu=cortex-a9 -mfpu=vfpv3 -mfloat-abi=hard -nostar
TRACE::2026-01-09.10:10:11::SCWMssOS::tfiles -g -Wall -Wextra -fno-tree-loop-distribute-patterns"

TRACE::2026-01-09.10:10:11::SCWMssOS::"Running Make libs in ps7_cortexa9_0/libsrc/gpiops_v3_9/src"

TRACE::2026-01-09.10:10:11::SCWMssOS::make -C ps7_cortexa9_0/libsrc/gpiops_v3_9/src -s libs  "SHELL=CMD" "COMPILER=arm-none-eabi-gcc" "ASSEMBLER=arm-none-eabi-as" "A
TRACE::2026-01-09.10:10:11::SCWMssOS::RCHIVER=arm-none-eabi-ar" "COMPILER_FLAGS=  -O2 -c" "EXTRA_COMPILER_FLAGS=-mcpu=cortex-a9 -mfpu=vfpv3 -mfloat-abi=hard -nostart
TRACE::2026-01-09.10:10:11::SCWMssOS::files -g -Wall -Wextra -fno-tree-loop-distribute-patterns"

TRACE::2026-01-09.10:10:11::SCWMssOS::"Running Make libs in ps7_cortexa9_0/libsrc/iicps_v3_14/src"

TRACE::2026-01-09.10:10:11::SCWMssOS::make -C ps7_cortexa9_0/libsrc/iicps_v3_14/src -s libs  "SHELL=CMD" "COMPILER=arm-none-eabi-gcc" "ASSEMBLER=arm-none-eabi-as" "A
TRACE::2026-01-09.10:10:11::SCWMssOS::RCHIVER=arm-none-eabi-ar" "COMPILER_FLAGS=  -O2 -c" "EXTRA_COMPILER_FLAGS=-mcpu=cortex-a9 -mfpu=vfpv3 -mfloat-abi=hard -nostart
TRACE::2026-01-09.10:10:11::SCWMssOS::files -g -Wall -Wextra -fno-tree-loop-distribute-patterns"

TRACE::2026-01-09.10:10:12::SCWMssOS::"Running Make libs in ps7_cortexa9_0/libsrc/qspips_v3_9/src"

TRACE::2026-01-09.10:10:12::SCWMssOS::make -C ps7_cortexa9_0/libsrc/qspips_v3_9/src -s libs  "SHELL=CMD" "COMPILER=arm-none-eabi-gcc" "ASSEMBLER=arm-none-eabi-as" "A
TRACE::2026-01-09.10:10:12::SCWMssOS::RCHIVER=arm-none-eabi-ar" "COMPILER_FLAGS=  -O2 -c" "EXTRA_COMPILER_FLAGS=-mcpu=cortex-a9 -mfpu=vfpv3 -mfloat-abi=hard -nostart
TRACE::2026-01-09.10:10:12::SCWMssOS::files -g -Wall -Wextra -fno-tree-loop-distribute-patterns"

TRACE::2026-01-09.10:10:12::SCWMssOS::"Running Make libs in ps7_cortexa9_0/libsrc/scugic_v4_6/src"

TRACE::2026-01-09.10:10:12::SCWMssOS::make -C ps7_cortexa9_0/libsrc/scugic_v4_6/src -s libs  "SHELL=CMD" "COMPILER=arm-none-eabi-gcc" "ASSEMBLER=arm-none-eabi-as" "A
TRACE::2026-01-09.10:10:12::SCWMssOS::RCHIVER=arm-none-eabi-ar" "COMPILER_FLAGS=  -O2 -c" "EXTRA_COMPILER_FLAGS=-mcpu=cortex-a9 -mfpu=vfpv3 -mfloat-abi=hard -nostart
TRACE::2026-01-09.10:10:12::SCWMssOS::files -g -Wall -Wextra -fno-tree-loop-distribute-patterns"

TRACE::2026-01-09.10:10:12::SCWMssOS::"Running Make libs in ps7_cortexa9_0/libsrc/scutimer_v2_3/src"

TRACE::2026-01-09.10:10:12::SCWMssOS::make -C ps7_cortexa9_0/libsrc/scutimer_v2_3/src -s libs  "SHELL=CMD" "COMPILER=arm-none-eabi-gcc" "ASSEMBLER=arm-none-eabi-as" 
TRACE::2026-01-09.10:10:12::SCWMssOS::"ARCHIVER=arm-none-eabi-ar" "COMPILER_FLAGS=  -O2 -c" "EXTRA_COMPILER_FLAGS=-mcpu=cortex-a9 -mfpu=vfpv3 -mfloat-abi=hard -nosta
TRACE::2026-01-09.10:10:12::SCWMssOS::rtfiles -g -Wall -Wextra -fno-tree-loop-distribute-patterns"

TRACE::2026-01-09.10:10:12::SCWMssOS::"Running Make libs in ps7_cortexa9_0/libsrc/scuwdt_v2_4/src"

TRACE::2026-01-09.10:10:12::SCWMssOS::make -C ps7_cortexa9_0/libsrc/scuwdt_v2_4/src -s libs  "SHELL=CMD" "COMPILER=arm-none-eabi-gcc" "ASSEMBLER=arm-none-eabi-as" "A
TRACE::2026-01-09.10:10:12::SCWMssOS::RCHIVER=arm-none-eabi-ar" "COMPILER_FLAGS=  -O2 -c" "EXTRA_COMPILER_FLAGS=-mcpu=cortex-a9 -mfpu=vfpv3 -mfloat-abi=hard -nostart
TRACE::2026-01-09.10:10:12::SCWMssOS::files -g -Wall -Wextra -fno-tree-loop-distribute-patterns"

TRACE::2026-01-09.10:10:12::SCWMssOS::"Running Make libs in ps7_cortexa9_0/libsrc/sdps_v3_13/src"

TRACE::2026-01-09.10:10:12::SCWMssOS::make -C ps7_cortexa9_0/libsrc/sdps_v3_13/src -s libs  "SHELL=CMD" "COMPILER=arm-none-eabi-gcc" "ASSEMBLER=arm-none-eabi-as" "AR
TRACE::2026-01-09.10:10:12::SCWMssOS::CHIVER=arm-none-eabi-ar" "COMPILER_FLAGS=  -O2 -c" "EXTRA_COMPILER_FLAGS=-mcpu=cortex-a9 -mfpu=vfpv3 -mfloat-abi=hard -nostartf
TRACE::2026-01-09.10:10:12::SCWMssOS::iles -g -Wall -Wextra -fno-tree-loop-distribute-patterns"

TRACE::2026-01-09.10:10:12::SCWMssOS::"Running Make libs in ps7_cortexa9_0/libsrc/standalone_v7_6/src"

TRACE::2026-01-09.10:10:12::SCWMssOS::make -C ps7_cortexa9_0/libsrc/standalone_v7_6/src -s libs  "SHELL=CMD" "COMPILER=arm-none-eabi-gcc" "ASSEMBLER=arm-none-eabi-as
TRACE::2026-01-09.10:10:12::SCWMssOS::" "ARCHIVER=arm-none-eabi-ar" "COMPILER_FLAGS=  -O2 -c" "EXTRA_COMPILER_FLAGS=-mcpu=cortex-a9 -mfpu=vfpv3 -mfloat-abi=hard -nos
TRACE::2026-01-09.10:10:12::SCWMssOS::tartfiles -g -Wall -Wextra -fno-tree-loop-distribute-patterns"

TRACE::2026-01-09.10:10:12::SCWMssOS::"Running Make libs in ps7_cortexa9_0/libsrc/ttcps_v3_14/src"

TRACE::2026-01-09.10:10:12::SCWMssOS::make -C ps7_cortexa9_0/libsrc/ttcps_v3_14/src -s libs  "SHELL=CMD" "COMPILER=arm-none-eabi-gcc" "ASSEMBLER=arm-none-eabi-as" "A
TRACE::2026-01-09.10:10:12::SCWMssOS::RCHIVER=arm-none-eabi-ar" "COMPILER_FLAGS=  -O2 -c" "EXTRA_COMPILER_FLAGS=-mcpu=cortex-a9 -mfpu=vfpv3 -mfloat-abi=hard -nostart
TRACE::2026-01-09.10:10:12::SCWMssOS::files -g -Wall -Wextra -fno-tree-loop-distribute-patterns"

TRACE::2026-01-09.10:10:12::SCWMssOS::"Running Make libs in ps7_cortexa9_0/libsrc/uartps_v3_11/src"

TRACE::2026-01-09.10:10:12::SCWMssOS::make -C ps7_cortexa9_0/libsrc/uartps_v3_11/src -s libs  "SHELL=CMD" "COMPILER=arm-none-eabi-gcc" "ASSEMBLER=arm-none-eabi-as" "
TRACE::2026-01-09.10:10:12::SCWMssOS::ARCHIVER=arm-none-eabi-ar" "COMPILER_FLAGS=  -O2 -c" "EXTRA_COMPILER_FLAGS=-mcpu=cortex-a9 -mfpu=vfpv3 -mfloat-abi=hard -nostar
TRACE::2026-01-09.10:10:12::SCWMssOS::tfiles -g -Wall -Wextra -fno-tree-loop-distribute-patterns"

TRACE::2026-01-09.10:10:12::SCWMssOS::"Running Make libs in ps7_cortexa9_0/libsrc/usbps_v2_7/src"

TRACE::2026-01-09.10:10:12::SCWMssOS::make -C ps7_cortexa9_0/libsrc/usbps_v2_7/src -s libs  "SHELL=CMD" "COMPILER=arm-none-eabi-gcc" "ASSEMBLER=arm-none-eabi-as" "AR
TRACE::2026-01-09.10:10:12::SCWMssOS::CHIVER=arm-none-eabi-ar" "COMPILER_FLAGS=  -O2 -c" "EXTRA_COMPILER_FLAGS=-mcpu=cortex-a9 -mfpu=vfpv3 -mfloat-abi=hard -nostartf
TRACE::2026-01-09.10:10:12::SCWMssOS::iles -g -Wall -Wextra -fno-tree-loop-distribute-patterns"

TRACE::2026-01-09.10:10:12::SCWMssOS::"Running Make libs in ps7_cortexa9_0/libsrc/xadcps_v2_6/src"

TRACE::2026-01-09.10:10:12::SCWMssOS::make -C ps7_cortexa9_0/libsrc/xadcps_v2_6/src -s libs  "SHELL=CMD" "COMPILER=arm-none-eabi-gcc" "ASSEMBLER=arm-none-eabi-as" "A
TRACE::2026-01-09.10:10:12::SCWMssOS::RCHIVER=arm-none-eabi-ar" "COMPILER_FLAGS=  -O2 -c" "EXTRA_COMPILER_FLAGS=-mcpu=cortex-a9 -mfpu=vfpv3 -mfloat-abi=hard -nostart
TRACE::2026-01-09.10:10:12::SCWMssOS::files -g -Wall -Wextra -fno-tree-loop-distribute-patterns"

TRACE::2026-01-09.10:10:12::SCWMssOS::"Running Make libs in ps7_cortexa9_0/libsrc/xilffs_v4_6/src"

TRACE::2026-01-09.10:10:12::SCWMssOS::make -C ps7_cortexa9_0/libsrc/xilffs_v4_6/src -s libs  "SHELL=CMD" "COMPILER=arm-none-eabi-gcc" "ASSEMBLER=arm-none-eabi-as" "A
TRACE::2026-01-09.10:10:12::SCWMssOS::RCHIVER=arm-none-eabi-ar" "COMPILER_FLAGS=  -O2 -c" "EXTRA_COMPILER_FLAGS=-mcpu=cortex-a9 -mfpu=vfpv3 -mfloat-abi=hard -nostart
TRACE::2026-01-09.10:10:12::SCWMssOS::files -g -Wall -Wextra -fno-tree-loop-distribute-patterns"

TRACE::2026-01-09.10:10:12::SCWMssOS::'Finished building libraries parallelly.'

TRACE::2026-01-09.10:10:12::SCWMssOS::make --no-print-directory archive

TRACE::2026-01-09.10:10:12::SCWMssOS::arm-none-eabi-ar -r  ps7_cortexa9_0/lib/libxil.a ps7_cortexa9_0/lib/xadcps_selftest.o ps7_cortexa9_0/lib/xplatform_info.o ps7_c
TRACE::2026-01-09.10:10:12::SCWMssOS::ortexa9_0/lib/xil_mem.o ps7_cortexa9_0/lib/_exit.o ps7_cortexa9_0/lib/xusbps_sinit.o ps7_cortexa9_0/lib/xdevcfg_hw.o ps7_cortex
TRACE::2026-01-09.10:10:12::SCWMssOS::a9_0/lib/xil_sleeptimer.o ps7_cortexa9_0/lib/xqspips_options.o ps7_cortexa9_0/lib/xdmaps_g.o ps7_cortexa9_0/lib/xscutimer_g.o p
TRACE::2026-01-09.10:10:12::SCWMssOS::s7_cortexa9_0/lib/xsdps_options.o ps7_cortexa9_0/lib/xil_misc_psreset_api.o ps7_cortexa9_0/lib/xdmaps_sinit.o ps7_cortexa9_0/li
TRACE::2026-01-09.10:10:12::SCWMssOS::b/xscutimer_sinit.o ps7_cortexa9_0/lib/xemacps_hw.o ps7_cortexa9_0/lib/inbyte.o ps7_cortexa9_0/lib/xdmaps_selftest.o ps7_cortex
TRACE::2026-01-09.10:10:12::SCWMssOS::a9_0/lib/xscutimer_selftest.o ps7_cortexa9_0/lib/putnum.o ps7_cortexa9_0/lib/xttcps_selftest.o ps7_cortexa9_0/lib/xqspips_hw.o 
TRACE::2026-01-09.10:10:12::SCWMssOS::ps7_cortexa9_0/lib/xgpiops_g.o ps7_cortexa9_0/lib/xsdps.o ps7_cortexa9_0/lib/close.o ps7_cortexa9_0/lib/xemacps_g.o ps7_cortexa
TRACE::2026-01-09.10:10:12::SCWMssOS::9_0/lib/xgpiops_sinit.o ps7_cortexa9_0/lib/xgpiops_selftest.o ps7_cortexa9_0/lib/xscuwdt.o ps7_cortexa9_0/lib/xaxivdma_g.o ps7_
TRACE::2026-01-09.10:10:12::SCWMssOS::cortexa9_0/lib/xil_clocking.o ps7_cortexa9_0/lib/xiicps_intr.o ps7_cortexa9_0/lib/xaxivdma_sinit.o ps7_cortexa9_0/lib/xuartps_s
TRACE::2026-01-09.10:10:12::SCWMssOS::init.o ps7_cortexa9_0/lib/time.o ps7_cortexa9_0/lib/xaxivdma_selftest.o ps7_cortexa9_0/lib/xiicps_slave.o ps7_cortexa9_0/lib/xi
TRACE::2026-01-09.10:10:12::SCWMssOS::l_printf.o ps7_cortexa9_0/lib/kill.o ps7_cortexa9_0/lib/xadcps.o ps7_cortexa9_0/lib/xiicps_options.o ps7_cortexa9_0/lib/xuartps
TRACE::2026-01-09.10:10:12::SCWMssOS::_selftest.o ps7_cortexa9_0/lib/xuartps_g.o ps7_cortexa9_0/lib/lseek.o ps7_cortexa9_0/lib/xgpiops.o ps7_cortexa9_0/lib/xl2cc_cou
TRACE::2026-01-09.10:10:12::SCWMssOS::nter.o ps7_cortexa9_0/lib/xiicps_hw.o ps7_cortexa9_0/lib/asm_vectors.o ps7_cortexa9_0/lib/usleep.o ps7_cortexa9_0/lib/abort.o p
TRACE::2026-01-09.10:10:12::SCWMssOS::s7_cortexa9_0/lib/xscugic_intr.o ps7_cortexa9_0/lib/getpid.o ps7_cortexa9_0/lib/xiicps_selftest.o ps7_cortexa9_0/lib/xil_testca
TRACE::2026-01-09.10:10:12::SCWMssOS::che.o ps7_cortexa9_0/lib/xdevcfg_sinit.o ps7_cortexa9_0/lib/xdmaps.o ps7_cortexa9_0/lib/xscutimer.o ps7_cortexa9_0/lib/xdevcfg_
TRACE::2026-01-09.10:10:12::SCWMssOS::selftest.o ps7_cortexa9_0/lib/xttcps.o ps7_cortexa9_0/lib/xpm_counter.o ps7_cortexa9_0/lib/xiicps.o ps7_cortexa9_0/lib/_sbrk.o 
TRACE::2026-01-09.10:10:12::SCWMssOS::ps7_cortexa9_0/lib/xiicps_master.o ps7_cortexa9_0/lib/xqspips_g.o ps7_cortexa9_0/lib/xemacps_bdring.o ps7_cortexa9_0/lib/xusbps
TRACE::2026-01-09.10:10:12::SCWMssOS::_endpoint.o ps7_cortexa9_0/lib/xusbps_g.o ps7_cortexa9_0/lib/xsdps_sinit.o ps7_cortexa9_0/lib/xqspips_selftest.o ps7_cortexa9_0
TRACE::2026-01-09.10:10:12::SCWMssOS::/lib/xil_exception.o ps7_cortexa9_0/lib/sbrk.o ps7_cortexa9_0/lib/xil_testmem.o ps7_cortexa9_0/lib/xaxivdma.o ps7_cortexa9_0/li
TRACE::2026-01-09.10:10:12::SCWMssOS::b/xemacps_control.o ps7_cortexa9_0/lib/open.o ps7_cortexa9_0/lib/xil_assert.o ps7_cortexa9_0/lib/xaxivdma_intr.o ps7_cortexa9_0
TRACE::2026-01-09.10:10:12::SCWMssOS::/lib/xusbps_intr.o ps7_cortexa9_0/lib/xsdps_host.o ps7_cortexa9_0/lib/xcoresightpsdcc.o ps7_cortexa9_0/lib/xiicps_xfer.o ps7_co
TRACE::2026-01-09.10:10:12::SCWMssOS::rtexa9_0/lib/xscugic_hw.o ps7_cortexa9_0/lib/sleep.o ps7_cortexa9_0/lib/cpputest_time.o ps7_cortexa9_0/lib/_open.o ps7_cortexa9
TRACE::2026-01-09.10:10:12::SCWMssOS::_0/lib/xttcps_options.o ps7_cortexa9_0/lib/print.o ps7_cortexa9_0/lib/read.o ps7_cortexa9_0/lib/xdevcfg.o ps7_cortexa9_0/lib/xa
TRACE::2026-01-09.10:10:12::SCWMssOS::dcps_intr.o ps7_cortexa9_0/lib/xqspips.o ps7_cortexa9_0/lib/xemacps.o ps7_cortexa9_0/lib/xil_cache.o ps7_cortexa9_0/lib/xil_tes
TRACE::2026-01-09.10:10:12::SCWMssOS::tio.o ps7_cortexa9_0/lib/unlink.o ps7_cortexa9_0/lib/xusbps.o ps7_cortexa9_0/lib/xil_spinlock.o ps7_cortexa9_0/lib/xiicps_g.o p
TRACE::2026-01-09.10:10:12::SCWMssOS::s7_cortexa9_0/lib/translation_table.o ps7_cortexa9_0/lib/xusbps_hw.o ps7_cortexa9_0/lib/write.o ps7_cortexa9_0/lib/xil_mmu.o ps
TRACE::2026-01-09.10:10:12::SCWMssOS::7_cortexa9_0/lib/boot.o ps7_cortexa9_0/lib/xaxivdma_channel.o ps7_cortexa9_0/lib/cpu_init.o ps7_cortexa9_0/lib/xil_sleepcommon.
TRACE::2026-01-09.10:10:12::SCWMssOS::o ps7_cortexa9_0/lib/xgpiops_intr.o ps7_cortexa9_0/lib/xscugic_sinit.o ps7_cortexa9_0/lib/fcntl.o ps7_cortexa9_0/lib/xdevcfg_g.
TRACE::2026-01-09.10:10:12::SCWMssOS::o ps7_cortexa9_0/lib/outbyte.o ps7_cortexa9_0/lib/xuartps_hw.o ps7_cortexa9_0/lib/xttcps_g.o ps7_cortexa9_0/lib/xtime_l.o ps7_c
TRACE::2026-01-09.10:10:12::SCWMssOS::ortexa9_0/lib/xemacps_sinit.o ps7_cortexa9_0/lib/xscugic_selftest.o ps7_cortexa9_0/lib/xil_util.o ps7_cortexa9_0/lib/xuartps_in
TRACE::2026-01-09.10:10:12::SCWMssOS::tr.o ps7_cortexa9_0/lib/xuartps.o ps7_cortexa9_0/lib/xsdps_card.o ps7_cortexa9_0/lib/xdmaps_hw.o ps7_cortexa9_0/lib/xttcps_sini
TRACE::2026-01-09.10:10:12::SCWMssOS::t.o ps7_cortexa9_0/lib/xgpiops_hw.o ps7_cortexa9_0/lib/xsdps_g.o ps7_cortexa9_0/lib/fstat.o ps7_cortexa9_0/lib/errno.o ps7_cort
TRACE::2026-01-09.10:10:12::SCWMssOS::exa9_0/lib/xdevcfg_intr.o ps7_cortexa9_0/lib/xuartps_options.o ps7_cortexa9_0/lib/vectors.o ps7_cortexa9_0/lib/xscuwdt_g.o ps7_
TRACE::2026-01-09.10:10:12::SCWMssOS::cortexa9_0/lib/xscuwdt_sinit.o ps7_cortexa9_0/lib/xemacps_intr.o ps7_cortexa9_0/lib/xscuwdt_selftest.o ps7_cortexa9_0/lib/xscug
TRACE::2026-01-09.10:10:12::SCWMssOS::ic_g.o ps7_cortexa9_0/lib/isatty.o ps7_cortexa9_0/lib/xil-crt0.o ps7_cortexa9_0/lib/xscugic.o ps7_cortexa9_0/lib/xiicps_sinit.o
TRACE::2026-01-09.10:10:12::SCWMssOS:: ps7_cortexa9_0/lib/xadcps_g.o ps7_cortexa9_0/lib/xqspips_sinit.o ps7_cortexa9_0/lib/xadcps_sinit.o

TRACE::2026-01-09.10:10:15::SCWMssOS::'Finished building libraries'

TRACE::2026-01-09.10:10:17::SCWMssOS::Copying to export directory.
TRACE::2026-01-09.10:10:18::SCWMssOS:: Checking if to create the Supporting Applications
TRACE::2026-01-09.10:10:18::SCWMssOS:: No Linux domain exists, trying to generate FSBL 
LOG::2026-01-09.10:10:18::SCWSystem::Completed Processing the domain standalone_ps7_cortexa9_0
LOG::2026-01-09.10:10:18::SCWSystem::Completed Processing the sysconfig zc706_md
LOG::2026-01-09.10:10:18::SCWPlatform::Completed generating the artifacts for system configuration zc706_md
TRACE::2026-01-09.10:10:18::SCWPlatform::Started preparing the platform 
TRACE::2026-01-09.10:10:18::SCWSystem::Writing the bif file for system config zc706_md
TRACE::2026-01-09.10:10:18::SCWSystem::dir created 
TRACE::2026-01-09.10:10:18::SCWSystem::Writing the bif 
TRACE::2026-01-09.10:10:18::SCWPlatform::Started writing the spfm file 
TRACE::2026-01-09.10:10:18::SCWPlatform::Started writing the xpfm file 
TRACE::2026-01-09.10:10:18::SCWPlatform::Completed generating the platform
TRACE::2026-01-09.10:10:18::SCWMssOS::Saving the mss changes H:/test/two/fpga_arm/vitis/zc706_md/zynq_fsbl/zynq_fsbl_bsp/system.mss
TRACE::2026-01-09.10:10:18::SCWMssOS::Found a swdesign opened with the mssfile.
TRACE::2026-01-09.10:10:18::SCWMssOS::Completed writemss as part of save.
TRACE::2026-01-09.10:10:18::SCWMssOS::Commit changes completed.
TRACE::2026-01-09.10:10:18::SCWMssOS::Saving the mss changes H:/test/two/fpga_arm/vitis/zc706_md/ps7_cortexa9_0/standalone_ps7_cortexa9_0/bsp/system.mss
TRACE::2026-01-09.10:10:18::SCWMssOS::Found a swdesign opened with the mssfile.
TRACE::2026-01-09.10:10:18::SCWMssOS::Completed writemss as part of save.
TRACE::2026-01-09.10:10:18::SCWMssOS::Commit changes completed.
TRACE::2026-01-09.10:10:18::SCWPlatform::Trying to open the hw design at H:/test/two/fpga_arm/vitis/zc706_md/hw/design_1_wrapper.xsa
TRACE::2026-01-09.10:10:18::SCWPlatform::DSA given H:/test/two/fpga_arm/vitis/zc706_md/hw/design_1_wrapper.xsa
TRACE::2026-01-09.10:10:18::SCWPlatform::DSA absoulate path H:/test/two/fpga_arm/vitis/zc706_md/hw/design_1_wrapper.xsa
TRACE::2026-01-09.10:10:18::SCWPlatform::DSA directory H:/test/two/fpga_arm/vitis/zc706_md/hw
TRACE::2026-01-09.10:10:18::SCWPlatform:: Platform Path H:/test/two/fpga_arm/vitis/zc706_md/hw/design_1_wrapper.xsa
TRACE::2026-01-09.10:10:18::SCWPlatform:: Unique name xilinx:zc706::0.0
TRACE::2026-01-09.10:10:18::SCWPlatform::Trying to set the existing hwdb with name design_1_wrapper
TRACE::2026-01-09.10:10:18::SCWPlatform::Opened existing hwdb design_1_wrapper
TRACE::2026-01-09.10:10:18::SCWPlatform::Found the Hw Db part of the input DSA
TRACE::2026-01-09.10:10:18::SCWMssOS::Checking the sw design at  H:/test/two/fpga_arm/vitis/zc706_md/zynq_fsbl/zynq_fsbl_bsp/system.mss
TRACE::2026-01-09.10:10:18::SCWMssOS::DEBUG:  swdes dump  H:/test/two/fpga_arm/vitis/zc706_md/ps7_cortexa9_0/standalone_ps7_cortexa9_0/bsp/system.mss|system_0||
H:/test/two/fpga_arm/vitis/zc706_md/zynq_fsbl/zynq_fsbl_bsp/system.mss|system||

TRACE::2026-01-09.10:10:18::SCWMssOS::Sw design exists and opened at  H:/test/two/fpga_arm/vitis/zc706_md/zynq_fsbl/zynq_fsbl_bsp/system.mss
TRACE::2026-01-09.10:10:18::SCWPlatform::Trying to open the hw design at H:/test/two/fpga_arm/vitis/zc706_md/hw/design_1_wrapper.xsa
TRACE::2026-01-09.10:10:18::SCWPlatform::DSA given H:/test/two/fpga_arm/vitis/zc706_md/hw/design_1_wrapper.xsa
TRACE::2026-01-09.10:10:18::SCWPlatform::DSA absoulate path H:/test/two/fpga_arm/vitis/zc706_md/hw/design_1_wrapper.xsa
TRACE::2026-01-09.10:10:18::SCWPlatform::DSA directory H:/test/two/fpga_arm/vitis/zc706_md/hw
TRACE::2026-01-09.10:10:18::SCWPlatform:: Platform Path H:/test/two/fpga_arm/vitis/zc706_md/hw/design_1_wrapper.xsa
TRACE::2026-01-09.10:10:18::SCWPlatform:: Unique name xilinx:zc706::0.0
TRACE::2026-01-09.10:10:18::SCWPlatform::Trying to set the existing hwdb with name design_1_wrapper
TRACE::2026-01-09.10:10:18::SCWPlatform::Opened existing hwdb design_1_wrapper
TRACE::2026-01-09.10:10:18::SCWPlatform::Found the Hw Db part of the input DSA
TRACE::2026-01-09.10:10:18::SCWMssOS::Checking the sw design at  H:/test/two/fpga_arm/vitis/zc706_md/ps7_cortexa9_0/standalone_ps7_cortexa9_0/bsp/system.mss
TRACE::2026-01-09.10:10:18::SCWMssOS::DEBUG:  swdes dump  H:/test/two/fpga_arm/vitis/zc706_md/ps7_cortexa9_0/standalone_ps7_cortexa9_0/bsp/system.mss|system_0||
H:/test/two/fpga_arm/vitis/zc706_md/zynq_fsbl/zynq_fsbl_bsp/system.mss|system||

TRACE::2026-01-09.10:10:18::SCWMssOS::Sw design exists and opened at  H:/test/two/fpga_arm/vitis/zc706_md/ps7_cortexa9_0/standalone_ps7_cortexa9_0/bsp/system.mss
TRACE::2026-01-09.10:10:18::SCWWriter::formatted JSON is {
	"platformName":	"zc706_md",
	"sprVersion":	"2.0",
	"mode":	"gui",
	"dsaType":	"Fixed",
	"platformDesc":	"zc706_md",
	"platHandOff":	"H:/test/two/fpga_arm/design_1_wrapper.xsa",
	"platIntHandOff":	"<platformDir>/hw/design_1_wrapper.xsa",
	"deviceType":	"zynq",
	"platIsPrebuiltAutogen":	"false",
	"platIsNoBootBsp":	"false",
	"hasFsblMakeHasChanges":	"false",
	"hasPmufwMakeHasChanges":	"false",
	"fsblExtraCompilerFlags":	"-MMD -MP       -mcpu=cortex-a9 -mfpu=vfpv3 -mfloat-abi=hard ",
	"platPreBuiltFlag":	false,
	"platformSamplesDir":	"",
	"platActiveSys":	"zc706_md",
	"systems":	[{
			"systemName":	"zc706_md",
			"systemDesc":	"zc706_md",
			"sysIsBootAutoGen":	"true",
			"systemDispName":	"zc706_md",
			"sysActiveDom":	"zynq_fsbl",
			"sysDefaultDom":	"standalone_ps7_cortexa9_0",
			"domains":	[{
					"domainName":	"zynq_fsbl",
					"domainDispName":	"zynq_fsbl",
					"domainDesc":	"FSBL Application BSP - Auto Generated.",
					"processors":	"ps7_cortexa9_0",
					"os":	"standalone",
					"sdxOs":	"standalone",
					"debugEnable":	"",
					"domRuntimes":	["cpp"],
					"swRepo":	"",
					"mssOsVer":	"7.6",
					"mssFile":	"",
					"md5Digest":	"7cd591954aef16c446ad36e1353bac9a",
					"compatibleApp":	"zynq_fsbl",
					"domType":	"bootDomain",
					"arch":	"32-bit",
					"appSettings":	{
						"appCompilerFlags":	"",
						"appLinkerFlags":	""
					},
					"addedLibs":	["xilffs:4.6", "xilrsa:1.6"],
					"libOptions":	{
						"libsContainingOptions":	[]
					},
					"prebuiltLibs":	{
						"prebuiltIncPath":	[],
						"prebuiltLibPath":	[]
					},
					"isolation":	{
					}
				}, {
					"domainName":	"standalone_ps7_cortexa9_0",
					"domainDispName":	"standalone_ps7_cortexa9_0",
					"domainDesc":	"standalone_ps7_cortexa9_0",
					"processors":	"ps7_cortexa9_0",
					"os":	"standalone",
					"sdxOs":	"standalone",
					"qemuArgs":	"E:/xilinx/Vitis/2021.2/data/emulation/platforms/zynq/sw/a9_standalone/qemu/qemu_args.txt",
					"qemuData":	"E:/xilinx/Vitis/2021.2/data/emulation/platforms/zynq/sw/a9_standalone/qemu/",
					"debugEnable":	"False",
					"domRuntimes":	["cpp"],
					"swRepo":	"",
					"mssOsVer":	"7.6",
					"mssFile":	"",
					"md5Digest":	"62c9962af44135ffdbd239044094cdcd",
					"compatibleApp":	"",
					"domType":	"mssDomain",
					"arch":	"32-bit",
					"appSettings":	{
						"appCompilerFlags":	"",
						"appLinkerFlags":	""
					},
					"addedLibs":	["lwip211:1.6", "xilffs:4.6"],
					"libOptions":	{
						"lwip211":	{
							"dhcp_does_arp_check":	"true",
							"lwip_dhcp":	"true",
							"pbuf_pool_size":	"2048",
							"libOptionNames":	["dhcp_does_arp_check", "lwip_dhcp", "pbuf_pool_size"]
						},
						"libsContainingOptions":	["lwip211"]
					},
					"prebuiltLibs":	{
						"prebuiltIncPath":	[],
						"prebuiltLibPath":	[]
					},
					"isolation":	{
					}
				}]
		}]
}
KEYINFO::2026-01-09.10:10:18::SCWPlatform::updated the xpfm file.
TRACE::2026-01-09.10:10:18::SCWPlatform::Trying to open the hw design at H:/test/two/fpga_arm/vitis/zc706_md/hw/design_1_wrapper.xsa
TRACE::2026-01-09.10:10:18::SCWPlatform::DSA given H:/test/two/fpga_arm/vitis/zc706_md/hw/design_1_wrapper.xsa
TRACE::2026-01-09.10:10:18::SCWPlatform::DSA absoulate path H:/test/two/fpga_arm/vitis/zc706_md/hw/design_1_wrapper.xsa
TRACE::2026-01-09.10:10:18::SCWPlatform::DSA directory H:/test/two/fpga_arm/vitis/zc706_md/hw
TRACE::2026-01-09.10:10:18::SCWPlatform:: Platform Path H:/test/two/fpga_arm/vitis/zc706_md/hw/design_1_wrapper.xsa
TRACE::2026-01-09.10:10:18::SCWPlatform:: Unique name xilinx:zc706::0.0
TRACE::2026-01-09.10:10:18::SCWPlatform::Trying to set the existing hwdb with name design_1_wrapper
TRACE::2026-01-09.10:10:18::SCWPlatform::Opened existing hwdb design_1_wrapper
TRACE::2026-01-09.10:10:18::SCWPlatform::Found the Hw Db part of the input DSA
TRACE::2026-01-09.10:10:18::SCWMssOS::Checking the sw design at  H:/test/two/fpga_arm/vitis/zc706_md/ps7_cortexa9_0/standalone_ps7_cortexa9_0/bsp/system.mss
TRACE::2026-01-09.10:10:18::SCWMssOS::DEBUG:  swdes dump  H:/test/two/fpga_arm/vitis/zc706_md/ps7_cortexa9_0/standalone_ps7_cortexa9_0/bsp/system.mss|system_0||
H:/test/two/fpga_arm/vitis/zc706_md/zynq_fsbl/zynq_fsbl_bsp/system.mss|system||

TRACE::2026-01-09.10:10:18::SCWMssOS::Sw design exists and opened at  H:/test/two/fpga_arm/vitis/zc706_md/ps7_cortexa9_0/standalone_ps7_cortexa9_0/bsp/system.mss
